#
# A fatal error has been detected by the Java Runtime Environment:
#
#  SIGSEGV (0xb) at pc=0x000078cd8b946c46, pid=506266, tid=506267
#
# JRE version: OpenJDK Runtime Environment (21.0.9) (build 21.0.9-internal-adhoc.talzuss.openjdk-mmtk)
# Java VM: OpenJDK 64-Bit Server VM (21.0.9-internal-adhoc.talzuss.openjdk-mmtk, mixed mode, sharing, tiered, compressed oops, compressed class ptrs, third-party gc, linux-amd64)
# Problematic frame:
# V  [libjvm.so+0xf46c46]  Symbol::as_klass_external_name() const+0x16
#
# No core dump will be written. Core dumps have been disabled. To enable core dumping, try "ulimit -c unlimited" before starting Java again
#
# If you would like to submit a bug report, please visit:
#   https://bugreport.java.com/bugreport/crash.jsp
#

---------------  S U M M A R Y ------------

Command Line: -XX:+UseThirdPartyHeap -Xms512m -Xmx512m /mydata/dacapo/dacapo-23.11/dacapo-23.11-MR2-chopin.jar luindex -n 3

Host: AMD EPYC 7302P 16-Core Processor, 32 cores, 125G, Ubuntu 24.04.4 LTS
Time: Tue Jul  7 22:46:01 2026 MDT elapsed time: 29.735754 seconds (0d 0h 0m 29s)

---------------  T H R E A D  ---------------

Current thread (0x000078cd8402b240):  JavaThread "main"             [_thread_in_vm, id=506267, stack(0x000078cd8a900000,0x000078cd8aa00000) (1024K)]

Stack: [0x000078cd8a900000,0x000078cd8aa00000],  sp=0x000078cd8a9fc3c0,  free space=1008k
Native frames: (J=compiled Java code, j=interpreted, Vv=VM code, C=native code)
V  [libjvm.so+0xf46c46]  Symbol::as_klass_external_name() const+0x16  (symbol.hpp:140)
V  [libjvm.so+0xde84b3]  SharedRuntime::generate_class_cast_message(Klass*, Klass*, Symbol*)+0x23  (sharedRuntime.cpp:2179)
V  [libjvm.so+0xdeb170]  SharedRuntime::generate_class_cast_message(JavaThread*, Klass*)+0xf0  (sharedRuntime.cpp:2171)
V  [libjvm.so+0x92115f]  InterpreterRuntime::throw_ClassCastException(JavaThread*, oopDesc*)+0x6f  (interpreterRuntime.cpp:447)
j  org.apache.lucene.store.ByteBuffersDataOutput.size()J+34
j  org.apache.lucene.store.ByteBuffersDataOutput.toArrayCopy()[B+15
J 3179 c2 org.apache.lucene.codecs.lucene90.blocktree.Lucene90BlockTreeTermsWriter$PendingBlock.compileIndex(Ljava/util/List;Lorg/apache/lucene/store/ByteBuffersDataOutput;Lorg/apache/lucene/util/IntsRefBuilder;)V (474 bytes) @ 0x000078cd7472ad2c [0x000078cd7472a7e0+0x000000000000054c]
J 2412 c2 org.apache.lucene.codecs.lucene90.blocktree.Lucene90BlockTreeTermsWriter$TermsWriter.writeBlocks(II)V (576 bytes) @ 0x000078cd7453f988 [0x000078cd7453f260+0x0000000000000728]
J 3227 c2 org.apache.lucene.codecs.lucene90.blocktree.Lucene90BlockTreeTermsWriter$TermsWriter.write(Lorg/apache/lucene/util/BytesRef;Lorg/apache/lucene/index/TermsEnum;Lorg/apache/lucene/codecs/NormsProducer;)V (188 bytes) @ 0x000078cd7476fdfc [0x000078cd7476f540+0x00000000000008bc]
J 3235% c2 org.apache.lucene.codecs.lucene90.blocktree.Lucene90BlockTreeTermsWriter.write(Lorg/apache/lucene/index/Fields;Lorg/apache/lucene/codecs/NormsProducer;)V (139 bytes) @ 0x000078cd747ab678 [0x000078cd747ab4a0+0x00000000000001d8]
j  org.apache.lucene.codecs.perfield.PerFieldPostingsFormat$FieldsWriter.write(Lorg/apache/lucene/index/Fields;Lorg/apache/lucene/codecs/NormsProducer;)V+110
j  org.apache.lucene.index.FreqProxTermsWriter.flush(Ljava/util/Map;Lorg/apache/lucene/index/SegmentWriteState;Lorg/apache/lucene/index/Sorter$DocMap;Lorg/apache/lucene/codecs/NormsProducer;)V+220
j  org.apache.lucene.index.IndexingChain.flush(Lorg/apache/lucene/index/SegmentWriteState;)Lorg/apache/lucene/index/Sorter$DocMap;+444
j  org.apache.lucene.index.DocumentsWriterPerThread.flush(Lorg/apache/lucene/index/DocumentsWriter$FlushNotifications;)Lorg/apache/lucene/index/DocumentsWriterPerThread$FlushedSegment;+344
j  org.apache.lucene.index.DocumentsWriter.doFlush(Lorg/apache/lucene/index/DocumentsWriterPerThread;)Z+135
J 3364 c2 org.apache.lucene.index.IndexWriter.updateDocuments(Lorg/apache/lucene/index/DocumentsWriterDeleteQueue$Node;Ljava/lang/Iterable;)J (113 bytes) @ 0x000078cd7482011c [0x000078cd7481ef20+0x00000000000011fc]
J 3371 c2 org.apache.lucene.index.IndexWriter.updateDocument(Lorg/apache/lucene/index/Term;Ljava/lang/Iterable;)J (21 bytes) @ 0x000078cd74825b80 [0x000078cd74825aa0+0x00000000000000e0]
J 3363 c2 org.apache.lucene.index.IndexWriter.addDocument(Ljava/lang/Iterable;)J (7 bytes) @ 0x000078cd748145e4 [0x000078cd748145a0+0x0000000000000044]
j  org.dacapo.luindex.Index.indexLineDoc(Ljava/io/File;[Ljava/lang/String;)V+183
j  java.lang.invoke.LambdaForm$DMH+0x00006c2050013400.invokeVirtual(Ljava/lang/Object;Ljava/lang/Object;Ljava/lang/Object;Ljava/lang/Object;)V+14 java.base@21.0.9-internal
j  java.lang.invoke.LambdaForm$MH+0x00006c2050018800.invoke(Ljava/lang/Object;Ljava/lang/Object;Ljava/lang/Object;Ljava/lang/Object;)Ljava/lang/Object;+73 java.base@21.0.9-internal
j  java.lang.invoke.LambdaForm$MH+0x00006c2050010400.invokeExact_MT(Ljava/lang/Object;Ljava/lang/Object;Ljava/lang/Object;Ljava/lang/Object;Ljava/lang/Object;)Ljava/lang/Object;+22 java.base@21.0.9-internal
j  jdk.internal.reflect.DirectMethodHandleAccessor.invokeImpl(Ljava/lang/Object;[Ljava/lang/Object;)Ljava/lang/Object;+72 java.base@21.0.9-internal
j  jdk.internal.reflect.DirectMethodHandleAccessor.invoke(Ljava/lang/Object;[Ljava/lang/Object;)Ljava/lang/Object;+23 java.base@21.0.9-internal
j  java.lang.reflect.Method.invoke(Ljava/lang/Object;[Ljava/lang/Object;)Ljava/lang/Object;+102 java.base@21.0.9-internal
j  org.dacapo.harness.Luindex.iterate(Ljava/lang/String;)V+197
j  org.dacapo.harness.Benchmark.run(Lorg/dacapo/harness/Callback;Ljava/lang/String;)Z+82
j  org.dacapo.harness.TestHarness.runBenchmark(Ljava/io/File;Ljava/io/File;Ljava/lang/String;Lorg/dacapo/harness/TestHarness;)V+109
j  org.dacapo.harness.TestHarness.main([Ljava/lang/String;)V+720
j  java.lang.invoke.LambdaForm$DMH+0x00006c2050001800.invokeStatic(Ljava/lang/Object;Ljava/lang/Object;)V+10 java.base@21.0.9-internal
j  java.lang.invoke.LambdaForm$MH+0x00006c2050002c00.invoke(Ljava/lang/Object;Ljava/lang/Object;Ljava/lang/Object;)Ljava/lang/Object;+33 java.base@21.0.9-internal
j  java.lang.invoke.Invokers$Holder.invokeExact_MT(Ljava/lang/Object;Ljava/lang/Object;Ljava/lang/Object;Ljava/lang/Object;)Ljava/lang/Object;+20 java.base@21.0.9-internal
j  jdk.internal.reflect.DirectMethodHandleAccessor.invokeImpl(Ljava/lang/Object;[Ljava/lang/Object;)Ljava/lang/Object;+55 java.base@21.0.9-internal
j  jdk.internal.reflect.DirectMethodHandleAccessor.invoke(Ljava/lang/Object;[Ljava/lang/Object;)Ljava/lang/Object;+23 java.base@21.0.9-internal
j  java.lang.reflect.Method.invoke(Ljava/lang/Object;[Ljava/lang/Object;)Ljava/lang/Object;+102 java.base@21.0.9-internal
j  Harness.main([Ljava/lang/String;)V+44
v  ~StubRoutines::call_stub 0x000078cd73c17cc6
V  [libjvm.so+0x92b2fa]  JavaCalls::call_helper(JavaValue*, methodHandle const&, JavaCallArguments*, JavaThread*)+0x2da  (javaCalls.cpp:415)
V  [libjvm.so+0x9d1a3d]  jni_invoke_static(JNIEnv_*, JavaValue*, _jobject*, JNICallType, _jmethodID*, JNI_ArgumentPusher*, JavaThread*) [clone .constprop.1]+0x36d  (jni.cpp:888)
V  [libjvm.so+0x9d3faf]  jni_CallStaticVoidMethod+0x12f  (jni.cpp:1717)
C  [libjli.so+0x574e]  JavaMain+0xfde  (java.c:560)
C  [libjli.so+0x85ad]  ThreadJavaMain+0xd  (java_md.c:642)
C  [libc.so.6+0x9caa4]
Java frames: (J=compiled Java code, j=interpreted, Vv=VM code)
j  org.apache.lucene.store.ByteBuffersDataOutput.size()J+34
j  org.apache.lucene.store.ByteBuffersDataOutput.toArrayCopy()[B+15
J 3179 c2 org.apache.lucene.codecs.lucene90.blocktree.Lucene90BlockTreeTermsWriter$PendingBlock.compileIndex(Ljava/util/List;Lorg/apache/lucene/store/ByteBuffersDataOutput;Lorg/apache/lucene/util/IntsRefBuilder;)V (474 bytes) @ 0x000078cd7472ad2c [0x000078cd7472a7e0+0x000000000000054c]
J 2412 c2 org.apache.lucene.codecs.lucene90.blocktree.Lucene90BlockTreeTermsWriter$TermsWriter.writeBlocks(II)V (576 bytes) @ 0x000078cd7453f988 [0x000078cd7453f260+0x0000000000000728]
J 3227 c2 org.apache.lucene.codecs.lucene90.blocktree.Lucene90BlockTreeTermsWriter$TermsWriter.write(Lorg/apache/lucene/util/BytesRef;Lorg/apache/lucene/index/TermsEnum;Lorg/apache/lucene/codecs/NormsProducer;)V (188 bytes) @ 0x000078cd7476fdfc [0x000078cd7476f540+0x00000000000008bc]
J 3235% c2 org.apache.lucene.codecs.lucene90.blocktree.Lucene90BlockTreeTermsWriter.write(Lorg/apache/lucene/index/Fields;Lorg/apache/lucene/codecs/NormsProducer;)V (139 bytes) @ 0x000078cd747ab678 [0x000078cd747ab4a0+0x00000000000001d8]
j  org.apache.lucene.codecs.perfield.PerFieldPostingsFormat$FieldsWriter.write(Lorg/apache/lucene/index/Fields;Lorg/apache/lucene/codecs/NormsProducer;)V+110
j  org.apache.lucene.index.FreqProxTermsWriter.flush(Ljava/util/Map;Lorg/apache/lucene/index/SegmentWriteState;Lorg/apache/lucene/index/Sorter$DocMap;Lorg/apache/lucene/codecs/NormsProducer;)V+220
j  org.apache.lucene.index.IndexingChain.flush(Lorg/apache/lucene/index/SegmentWriteState;)Lorg/apache/lucene/index/Sorter$DocMap;+444
j  org.apache.lucene.index.DocumentsWriterPerThread.flush(Lorg/apache/lucene/index/DocumentsWriter$FlushNotifications;)Lorg/apache/lucene/index/DocumentsWriterPerThread$FlushedSegment;+344
j  org.apache.lucene.index.DocumentsWriter.doFlush(Lorg/apache/lucene/index/DocumentsWriterPerThread;)Z+135
J 3364 c2 org.apache.lucene.index.IndexWriter.updateDocuments(Lorg/apache/lucene/index/DocumentsWriterDeleteQueue$Node;Ljava/lang/Iterable;)J (113 bytes) @ 0x000078cd7482011c [0x000078cd7481ef20+0x00000000000011fc]
J 3371 c2 org.apache.lucene.index.IndexWriter.updateDocument(Lorg/apache/lucene/index/Term;Ljava/lang/Iterable;)J (21 bytes) @ 0x000078cd74825b80 [0x000078cd74825aa0+0x00000000000000e0]
J 3363 c2 org.apache.lucene.index.IndexWriter.addDocument(Ljava/lang/Iterable;)J (7 bytes) @ 0x000078cd748145e4 [0x000078cd748145a0+0x0000000000000044]
j  org.dacapo.luindex.Index.indexLineDoc(Ljava/io/File;[Ljava/lang/String;)V+183
j  java.lang.invoke.LambdaForm$DMH+0x00006c2050013400.invokeVirtual(Ljava/lang/Object;Ljava/lang/Object;Ljava/lang/Object;Ljava/lang/Object;)V+14 java.base@21.0.9-internal
j  java.lang.invoke.LambdaForm$MH+0x00006c2050018800.invoke(Ljava/lang/Object;Ljava/lang/Object;Ljava/lang/Object;Ljava/lang/Object;)Ljava/lang/Object;+73 java.base@21.0.9-internal
j  java.lang.invoke.LambdaForm$MH+0x00006c2050010400.invokeExact_MT(Ljava/lang/Object;Ljava/lang/Object;Ljava/lang/Object;Ljava/lang/Object;Ljava/lang/Object;)Ljava/lang/Object;+22 java.base@21.0.9-internal
j  jdk.internal.reflect.DirectMethodHandleAccessor.invokeImpl(Ljava/lang/Object;[Ljava/lang/Object;)Ljava/lang/Object;+72 java.base@21.0.9-internal
j  jdk.internal.reflect.DirectMethodHandleAccessor.invoke(Ljava/lang/Object;[Ljava/lang/Object;)Ljava/lang/Object;+23 java.base@21.0.9-internal
j  java.lang.reflect.Method.invoke(Ljava/lang/Object;[Ljava/lang/Object;)Ljava/lang/Object;+102 java.base@21.0.9-internal
j  org.dacapo.harness.Luindex.iterate(Ljava/lang/String;)V+197
j  org.dacapo.harness.Benchmark.run(Lorg/dacapo/harness/Callback;Ljava/lang/String;)Z+82
j  org.dacapo.harness.TestHarness.runBenchmark(Ljava/io/File;Ljava/io/File;Ljava/lang/String;Lorg/dacapo/harness/TestHarness;)V+109
j  org.dacapo.harness.TestHarness.main([Ljava/lang/String;)V+720
j  java.lang.invoke.LambdaForm$DMH+0x00006c2050001800.invokeStatic(Ljava/lang/Object;Ljava/lang/Object;)V+10 java.base@21.0.9-internal
j  java.lang.invoke.LambdaForm$MH+0x00006c2050002c00.invoke(Ljava/lang/Object;Ljava/lang/Object;Ljava/lang/Object;)Ljava/lang/Object;+33 java.base@21.0.9-internal
j  java.lang.invoke.Invokers$Holder.invokeExact_MT(Ljava/lang/Object;Ljava/lang/Object;Ljava/lang/Object;Ljava/lang/Object;)Ljava/lang/Object;+20 java.base@21.0.9-internal
j  jdk.internal.reflect.DirectMethodHandleAccessor.invokeImpl(Ljava/lang/Object;[Ljava/lang/Object;)Ljava/lang/Object;+55 java.base@21.0.9-internal
j  jdk.internal.reflect.DirectMethodHandleAccessor.invoke(Ljava/lang/Object;[Ljava/lang/Object;)Ljava/lang/Object;+23 java.base@21.0.9-internal
j  java.lang.reflect.Method.invoke(Ljava/lang/Object;[Ljava/lang/Object;)Ljava/lang/Object;+102 java.base@21.0.9-internal
j  Harness.main([Ljava/lang/String;)V+44
v  ~StubRoutines::call_stub 0x000078cd73c17cc6

siginfo: si_signo: 11 (SIGSEGV), si_code: 128 (SI_KERNEL), si_addr: 0x0000000000000000

Registers:
RAX=0x0000000058000000, RBX=0x00006c204f0c15f0, RCX=0x00006c20446fcebb, RDX=0x0000000000000000
RSP=0x000078cd8a9fc3c0, RBP=0x000078cd8a9fc3e0, RSI=0x0000000000000000, RDI=0x2000006c204f0000
R8 =0x000078cd73c1e790, R9 =0x000078cd73c1e780, R10=0x000078cd8bff0000, R11=0x4fce81e43b91ca17
R12=0x2000006c204f0000, R13=0x0000000000000000, R14=0x000078cd8a9fc450, R15=0x00006c204f0c15f0
RIP=0x000078cd8b946c46, EFLAGS=0x0000000000010206, CSGSFS=0x002b000000000033, ERR=0x0000000000000000
  TRAPNO=0x000000000000000d

XMM[0]=0x000078cd8402b240 0x00006c20446fd0f8
XMM[1]=0x0000000000000000 0x000078cd8402b240
XMM[2]=0x0000000000000000 0x000078cd73c22104
XMM[3]=0x0000000000000000 0x00000000000000ff
XMM[4]=0x0000000000000000 0x000078cd8402b240
XMM[5]=0x000078cd8a9fd848 0x0000780000000000
XMM[6]=0x000078cd8a9fd8e0 0x0000780000000000
XMM[7]=0x0000000000000000 0x000078cd73c1e790
XMM[8]=0x0000000000000000 0x0000000000000000
XMM[9]=0x0000000000000000 0x2631c72212f98035
XMM[10]=0x0000000000000000 0x00000000ecc7b913
XMM[11]=0x0000000000000000 0x5a4f074a6d48877f
XMM[12]=0x0000000000000000 0x0000000012f98035
XMM[13]=0x0000000000000000 0x0000000000000000
XMM[14]=0x0000000000000000 0x0000000000000000
XMM[15]=0x0000000000000000 0x0000000000000000
  MXCSR=0x00001fa3


Register to memory mapping:

RAX=
[error occurred during error reporting (printing register info), id 0xe0000000, Internal Error (/mydata/mmtk-openjdk/openjdk/share/mmtkHeap.cpp:444)]
RBX=
[error occurred during error reporting (printing register info, attempt 2), id 0xe0000000, Internal Error (/mydata/mmtk-openjdk/openjdk/share/mmtkHeap.cpp:444)]
RCX=
[error occurred during error reporting (printing register info, attempt 3), id 0xe0000000, Internal Error (/mydata/mmtk-openjdk/openjdk/share/mmtkHeap.cpp:444)]
Top of Stack: (sp=0x000078cd8a9fc3c0)
0x000078cd8a9fc3c0:   00006c204f0c15f0 00006c204f0c15f0
0x000078cd8a9fc3d0:   00006c204f000001 0000000000000000
0x000078cd8a9fc3e0:   000078cd8a9fc440 000078cd8b7e84b3
0x000078cd8a9fc3f0:   000078cd8402b240 0000000000000000
0x000078cd8a9fc400:   00010101ffffffff 000078cd8b895be1
0x000078cd8a9fc410:   000078cd8a9fc460 00006c204f000001
0x000078cd8a9fc420:   000078cd8bf2bde0 00006c20446ff71a
0x000078cd8a9fc430:   000078cd8a9fc450 00006c204f0c15f0
0x000078cd8a9fc440:   000078cd8a9fd780 000078cd8b7eb170
0x000078cd8a9fc450:   00006c20446fd0f8 000078cd8402b240
0x000078cd8a9fc460:   000078cd8a9fd800 000078cd73c22104
0x000078cd8a9fc470:   000078cd73c1e790 0000000000000000
0x000078cd8a9fc480:   0000780000000000 000078cd8a9fd848
0x000078cd8a9fc490:   000078cd8a9fd800 000078cd8402b240
0x000078cd8a9fc4a0:   0000000000000001 000078cd84639228
0x000078cd8a9fc4b0:   000078cd8a9f8ce0 d34e472c160ee700
0x000078cd8a9fc4c0:   000078cd8402b240 000078cd8402b240
0x000078cd8a9fc4d0:   00006c205011a4f0 000078cd8a9f8e90
0x000078cd8a9fc4e0:   00006c2044840298 000078cd8a9f8d40
0x000078cd8a9fc4f0:   000078cd8a9f8e60 000078cd8b599e80
0x000078cd8a9fc500:   000078cd00000001 d34e472c160ee700
0x000078cd8a9fc510:   000078cd8a9f8d20 000078cd8a9f8ed0
0x000078cd8a9fc520:   0000000000000001 000078cd8a9f8ed0
0x000078cd8a9fc530:   000078cd8402b240 00006c205011a4f0
0x000078cd8a9fc540:   000078cd8a9f8e40 000078cd8b59cd9a
0x000078cd8a9fc550:   00006c2044840298 000078cd8402b240
0x000078cd8a9fc560:   0000000000000000 000078cd8bb69c78
0x000078cd8a9fc570:   000078cd8402ce60 000078cd8402ce70
0x000078cd8a9fc580:   000078cd8402ce60 0000000000000000
0x000078cd8a9fc590:   00006c204f00f500 000078cd8a9f9210
0x000078cd8a9fc5a0:   000078cd8a9fb750 000078cd8a9fb750
0x000078cd8a9fc5b0:   000078cd8a9f8e70 000078cd8a9f8de0 

Instructions: (pc=0x000078cd8b946c46)
0x000078cd8b946b46:   ee 04 48 c1 e6 04 0f 1f 40 00 f3 0f 6f 44 11 06
0x000078cd8b946b56:   0f 11 04 13 48 83 c2 10 48 39 d6 75 ed 89 c2 83
0x000078cd8b946b66:   e2 f0 89 d6 39 d0 0f 84 a0 00 00 00 89 c7 29 d7
0x000078cd8b946b76:   44 8d 47 ff 41 83 f8 06 76 15 4c 8b 44 31 06 4c
0x000078cd8b946b86:   89 04 33 89 fe 83 e6 f8 01 f2 83 e7 07 74 7d 48
0x000078cd8b946b96:   63 f2 0f b6 7c 31 06 40 88 3c 33 8d 72 01 39 f0
0x000078cd8b946ba6:   7e 6a 48 63 f6 0f b6 7c 31 06 40 88 3c 33 8d 72
0x000078cd8b946bb6:   02 39 f0 7e 57 48 63 f6 0f b6 7c 31 06 40 88 3c
0x000078cd8b946bc6:   33 8d 72 03 39 f0 7e 44 48 63 f6 0f b6 7c 31 06
0x000078cd8b946bd6:   40 88 3c 33 8d 72 04 39 f0 7e 31 48 63 f6 0f b6
0x000078cd8b946be6:   7c 31 06 40 88 3c 33 8d 72 05 39 f0 7e 1e 48 63
0x000078cd8b946bf6:   f6 83 c2 06 0f b6 7c 31 06 40 88 3c 33 39 d0 7e
0x000078cd8b946c06:   0b 48 63 d2 0f b6 4c 11 06 88 0c 13 48 63 d0 e9
0x000078cd8b946c16:   e0 fe ff ff 31 f6 31 d2 e9 5d ff ff ff 90 66 66
0x000078cd8b946c26:   2e 0f 1f 84 00 00 00 00 00 90 f3 0f 1e fa 55 31
0x000078cd8b946c36:   f6 48 89 e5 41 55 41 54 49 89 fc 53 48 83 ec 08
0x000078cd8b946c46:   44 0f b7 6f 04 41 8d 7d 01 48 63 ff e8 29 6e e8
0x000078cd8b946c56:   ff 48 89 c3 41 0f b7 44 24 04 44 39 e8 41 0f 4f
0x000078cd8b946c66:   c5 31 d2 85 c0 74 35 8d 50 ff 89 c6 83 fa 06 76
0x000078cd8b946c76:   11 49 8d 7c 24 07 48 89 d9 48 29 f9 48 83 f9 0e
0x000078cd8b946c86:   77 58 48 63 d0 31 c0 0f 1f 00 41 0f b6 4c 04 06
0x000078cd8b946c96:   88 0c 03 48 83 c0 01 48 39 d0 75 ee c6 04 13 00
0x000078cd8b946ca6:   48 89 df e8 f2 28 36 ff 85 c0 7e 1f 83 e8 01 48
0x000078cd8b946cb6:   89 da 48 8d 44 03 01 0f 1f 00 80 3a 2f 75 03 c6
0x000078cd8b946cc6:   02 2e 48 83 c2 01 48 39 d0 75 ef 48 83 c4 08 48
0x000078cd8b946cd6:   89 d8 5b 41 5c 41 5d 5d c3 90 83 fa 0e 0f 86 e3
0x000078cd8b946ce6:   00 00 00 89 c1 31 d2 c1 e9 04 48 c1 e1 04 0f 1f
0x000078cd8b946cf6:   40 00 f3 41 0f 6f 44 14 06 0f 11 04 13 48 83 c2
0x000078cd8b946d06:   10 48 39 d1 75 ec 89 c2 83 e2 f0 89 d1 39 d0 0f
0x000078cd8b946d16:   84 a9 00 00 00 89 c6 29 d6 8d 7e ff 83 ff 06 76
0x000078cd8b946d26:   19 49 8b 7c 0c 06 48 89 3c 0b 89 f1 83 e1 f8 01
0x000078cd8b946d36:   ca 83 e6 07 0f 84 84 00 00 00 48 63 ca 41 0f b6 


Stack slot to memory mapping:

stack at sp + 0 slots: 
[error occurred during error reporting (inspecting top of stack), id 0xe0000000, Internal Error (/mydata/mmtk-openjdk/openjdk/share/mmtkHeap.cpp:444)]
stack at sp + 1 slots: 
[error occurred during error reporting (inspecting top of stack, attempt 2), id 0xe0000000, Internal Error (/mydata/mmtk-openjdk/openjdk/share/mmtkHeap.cpp:444)]
stack at sp + 2 slots: 
[error occurred during error reporting (inspecting top of stack, attempt 3), id 0xe0000000, Internal Error (/mydata/mmtk-openjdk/openjdk/share/mmtkHeap.cpp:444)]

Compiled method (c2) 31501 3179       4       org.apache.lucene.codecs.lucene90.blocktree.Lucene90BlockTreeTermsWriter$PendingBlock::compileIndex (474 bytes)
 total in heap  [0x000078cd7472a310,0x000078cd7472fa18] = 22280
 relocation     [0x000078cd7472a468,0x000078cd7472a7c0] = 856
 constants      [0x000078cd7472a7c0,0x000078cd7472a7e0] = 32
 main code      [0x000078cd7472a7e0,0x000078cd7472d380] = 11168
 stub code      [0x000078cd7472d380,0x000078cd7472d420] = 160
 oops           [0x000078cd7472d420,0x000078cd7472d458] = 56
 metadata       [0x000078cd7472d458,0x000078cd7472d660] = 520
 scopes data    [0x000078cd7472d660,0x000078cd7472ecc0] = 5728
 scopes pcs     [0x000078cd7472ecc0,0x000078cd7472f660] = 2464
 dependencies   [0x000078cd7472f660,0x000078cd7472f6c0] = 96
 handler table  [0x000078cd7472f6c0,0x000078cd7472f888] = 456
 nul chk table  [0x000078cd7472f888,0x000078cd7472fa18] = 400


[Constant Pool]
             Address          hex4                    hex8      
  0x000078cd7472a7c0:   0x3f800000      0xf4f4f4f43f800000      
  0x000078cd7472a7c4:   0xf4f4f4f4                              
  0x000078cd7472a7c8:   0xf4f4f4f4      0xf4f4f4f4f4f4f4f4      
  0x000078cd7472a7cc:   0xf4f4f4f4                              
  0x000078cd7472a7d0:   0xf4f4f4f4      0xf4f4f4f4f4f4f4f4      
  0x000078cd7472a7d4:   0xf4f4f4f4                              
  0x000078cd7472a7d8:   0xf4f4f4f4      0xf4f4f4f4f4f4f4f4      
  0x000078cd7472a7dc:   0xf4f4f4f4                              

[MachCode]
[Entry Point]
  # {method} {0x00006c204482e090} 'compileIndex' '(Ljava/util/List;Lorg/apache/lucene/store/ByteBuffersDataOutput;Lorg/apache/lucene/util/IntsRefBuilder;)V' in 'org/apache/lucene/codecs/lucene90/blocktree/Lucene90BlockTreeTermsWriter$PendingBlock'
  # this:     rsi:rsi   = 'org/apache/lucene/codecs/lucene90/blocktree/Lucene90BlockTreeTermsWriter$PendingBlock'
  # parm0:    rdx:rdx   = 'java/util/List'
  # parm1:    rcx:rcx   = 'org/apache/lucene/store/ByteBuffersDataOutput'
  # parm2:    r8:r8     = 'org/apache/lucene/util/IntsRefBuilder'
  #           [sp+0xc0]  (sp of caller)
  0x000078cd7472a7e0: ;   {no_reloc}
  0x000078cd7472a7e0: 448b 5608 | 49bb 0000 | 004f 206c | 0000 4d03 | d349 3bc2 

  0x000078cd7472a7f4: ;   {runtime_call ic_miss_stub}
  0x000078cd7472a7f4: 0f85 86a5 | 53ff 6690 | 0f1f 4000 
[Verified Entry Point]
  0x000078cd7472a800: 8984 2400 | c0fe ff55 | 4881 ecb0 | 0000 0090 | 4181 7f20 | 0100 0000 | 0f85 582b | 0000 4c89 
  0x000078cd7472a820: 4424 3848 | 8954 2428 | 4889 7424 | 4844 0fb6 | 560d 4585 | d20f 845a | 1100 0041 | bb02 0000 
  0x000078cd7472a840: 004c 0fb6 | 560e 4c8b | 4610 4d63 | db49 c1e0 | 024d 0bc3 | 4d0b c24c | 8be9 4885 | c90f 849d 
  0x000078cd7472a860: 1400 004d | 85c0 0f8c | 001c 0000 | 49f7 c080 | ffff ff0f | 8492 0000 | 000f 1f80 | 0000 0000 
  0x000078cd7472a880: 458b 4d2c 

  0x000078cd7472a884: ; implicit exception: dispatches to 0x000078cd7472d1f0
  0x000078cd7472a884: 418b 4918 | 458b 591c | 4d8b d049 | 83e2 7f49 | 81ca 8000 | 0000 418b | fa44 0fbe | d741 3bcb 
  0x000078cd7472a8a4: 0f8d 060f | 0000 458b 

  0x000078cd7472a8ac: ;   {metadata('java/nio/HeapByteBuffer')}
  0x000078cd7472a8ac: 5908 4181 | fb60 191c | 000f 85ed | 1e00 0049 | 8bc9 8b59 | 1844 8b59 | 1c44 8b49 | 3041 3bdb 
  0x000078cd7472a8cc: 0f8d 1221 | 0000 448b | db44 0359 | 28ff c389 | 5918 418b | 590c 443b | db0f 8371 | 1e00 0043 
  0x000078cd7472a8ec: 887c 1910 | 4d8b 9f70 | 0700 0049 

  0x000078cd7472a8f8: ; ImmutableOopMap {r13=Oop [40]=Oop [56]=Oop [72]=Oop }
                      ;*goto {reexecute=1 rethrow=0 return_oop=0}
                      ; - (reexecute) org.apache.lucene.store.DataOutput::writeSignedVLong@30 (line 247)
                      ; - org.apache.lucene.store.DataOutput::writeVLong@22 (line 240)
                      ; - org.apache.lucene.codecs.lucene90.blocktree.Lucene90BlockTreeTermsWriter$PendingBlock::compileIndex@122 (line 477)
                      ;   {poll}
  0x000078cd7472a8f8: c1e8 0741 | 8503 49f7 | c080 ffff | ff0f 8575 | ffff ff41 | 8b5d 2c8b | 4b18 448b | 5b1c 418b 
  0x000078cd7472a918: d00f beea | 413b cb0f | 8d6d 0d00 | 0044 8b5b 

  0x000078cd7472a928: ;   {metadata('java/nio/HeapByteBuffer')}
  0x000078cd7472a928: 0841 81fb | 6019 1c00 | 0f85 9e14 | 0000 4c8b | c341 8b78 | 1845 8b48 | 3045 8b50 | 1c41 3bfa 
  0x000078cd7472a948: 0f8d 521b | 0000 458b | 5828 4403 | dfff c741 | 8978 1841 | 8b49 0c44 | 3bd9 0f83 | b013 0000 
  0x000078cd7472a968: 4388 5419 | 104c 8b54 | 2448 450f | b65a 0e45 | 85db 0f84 | 9b00 0000 | 4c8b 7424 | 2845 8b5e 
  0x000078cd7472a988: ;   {metadata('java/util/ArrayList')}
  0x000078cd7472a988: 0841 81fb | 68b7 0b00 | 0f85 921e | 0000 4d8b | de41 8b4b | 10ff c9f7 | c180 ffff | ff0f 852d 
  0x000078cd7472a9a8: 0f00 0044 | 8b43 188b | 7b1c 440f | bed1 443b | c70f 8d47 | 0e00 0044 

  0x000078cd7472a9c0: ;   {metadata('java/nio/HeapByteBuffer')}
  0x000078cd7472a9c0: 8b43 0841 | 81f8 6019 | 1c00 0f85 | 841e 0000 | 488b fb44 | 8b47 188b | 5f30 8b6f | 1c44 3bc5 
  0x000078cd7472a9e0: 0f8d 4e20 | 0000 448b | 4f28 4503 | c841 ffc0 | 4489 4718 

  0x000078cd7472a9f4: ; implicit exception: dispatches to 0x000078cd7472d240
  0x000078cd7472a9f4: 448b 430c | 453b c80f | 83eb 1d00 | 0042 884c | 0b10 418b | 4b10 83f9 | 010f 8edf | 0100 0041 
  0x000078cd7472aa14: b801 0000 | 00eb 0d4c | 8b74 2428 | e9cd 0100 | 0045 8bc2 | 85c9 0f8c | 1418 0000 | 443b c10f 
  0x000078cd7472aa34: 8313 1700 | 0045 8b4b | 1445 8bd0 

  0x000078cd7472aa40: ; implicit exception: dispatches to 0x000078cd7472d0d4
  0x000078cd7472aa40: 418b 590c | 443b d30f | 833b 1700 | 0043 8b7c | 9110 448b 

  0x000078cd7472aa54: ;   {metadata('org/apache/lucene/codecs/lucene90/blocktree/Lucene90BlockTreeTermsWriter$PendingBlock')}
  0x000078cd7472aa54: 4f08 4181 | f910 8411 | 010f 85e1 | 2100 0041 | 8b4d 2c44 | 8b49 188b | 591c 8b57 | 180f beea 
  0x000078cd7472aa74: 443b cb0f | 8d55 0c00 | 0044 8b41 

  0x000078cd7472aa80: ;   {metadata('java/nio/HeapByteBuffer')}
  0x000078cd7472aa80: 0841 81f8 | 6019 1c00 | 0f85 f217 | 0000 4c8b | c941 8b59 | 1841 8b49 | 1c45 8b41 | 303b d90f 
  0x000078cd7472aaa0: 8de3 1d00 | 0041 8b49 | 2803 cbff | c341 8959 | 1841 8b70 | 0c3b ce0f | 8303 1700 | 0041 8854 
  0x000078cd7472aac0: 0810 488b | 4f10 4c8b | 4424 4849 | 2b48 104c | 0fb6 470d | 48d1 e149 | 0bc8 4885 | c90f 8ced 
  0x000078cd7472aae0: 1d00 0048 | f7c1 80ff | ffff 0f84 | 8800 0000 | 418b 552c 

  0x000078cd7472aaf4: ; implicit exception: dispatches to 0x000078cd7472d260
  0x000078cd7472aaf4: 448b 4a18 | 8b5a 1c4c | 8bc1 4983 | e07f 4981 | c880 0000 | 0041 8bf8 | 440f bec7 | 443b cb0f 
  0x000078cd7472ab14: 8d4d 0d00 | 0044 8b4a 

  0x000078cd7472ab1c: ;   {metadata('java/nio/HeapByteBuffer')}
  0x000078cd7472ab1c: 0841 81f9 | 6019 1c00 | 0f85 761e | 0000 4c8b | ca41 8b41 | 1841 8b51 | 1c41 8b59 | 303b c20f 
  0x000078cd7472ab3c: 8d2f 1f00 | 0041 8b51 | 2803 d0ff | c041 8941 | 188b 730c | 3bd6 0f83 | fc1d 0000 | 4088 7c13 
  0x000078cd7472ab5c: 104d 8b8f | 7007 0000 

  0x000078cd7472ab64: ; ImmutableOopMap {r11=Oop r13=Oop r14=Oop [56]=Oop [72]=Oop }
                      ;*goto {reexecute=1 rethrow=0 return_oop=0}
                      ; - (reexecute) org.apache.lucene.store.DataOutput::writeSignedVLong@30 (line 247)
                      ; - org.apache.lucene.store.DataOutput::writeVLong@22 (line 240)
                      ; - org.apache.lucene.codecs.lucene90.blocktree.Lucene90BlockTreeTermsWriter$PendingBlock::compileIndex@259 (line 489)
  0x000078cd7472ab64: 48c1 e907 

  0x000078cd7472ab68: ;   {poll}
  0x000078cd7472ab68: 4185 0148 | f7c1 80ff | ffff 0f85 | 78ff ffff | 458b 452c 

  0x000078cd7472ab7c: ; implicit exception: dispatches to 0x000078cd7472d144
  0x000078cd7472ab7c: 458b 4818 | 418b 581c | 8bc9 0fbe | e944 3bcb | 0f8d b20b | 0000 458b 

  0x000078cd7472ab94: ;   {metadata('java/nio/HeapByteBuffer')}
  0x000078cd7472ab94: 4808 4181 | f960 191c | 000f 8515 | 1700 0049 | 8bf8 8b5f | 1844 8b47 | 1c44 8b4f | 3041 3bd8 
  0x000078cd7472abb4: 0f8d 561d | 0000 448b | 4728 4403 | c3ff c389 | 5f18 418b | 590c 443b | c30f 8331 | 1600 0043 
  0x000078cd7472abd4: 884c 0110 | 4d8b 8770 | 0700 0041 

  0x000078cd7472abe0: ; ImmutableOopMap {r11=Oop r13=Oop r14=Oop [56]=Oop [72]=Oop }
                      ;*goto {reexecute=1 rethrow=0 return_oop=0}
                      ; - (reexecute) org.apache.lucene.codecs.lucene90.blocktree.Lucene90BlockTreeTermsWriter$PendingBlock::compileIndex@265 (line 480)
                      ;   {poll}
  0x000078cd7472abe0: ffc2 4185 | 0041 8b4b | 1044 3bd1 | 0f8c 33fe | ffff 498b | 9fb8 0400 | 004c 8bd3 | 4983 c278 
  0x000078cd7472ac00: 4d3b 97c0 | 0400 000f | 83df 0e00 | 004d 8997 | b804 0000 | 488b fb48 | 83c7 104c | 8bd3 4d8b 
  0x000078cd7472ac20: da49 c1eb | 0649 b800 | 0040 c820 | 6c00 004d | 03d8 49c1 | ea03 450f | b60b 4983 | e207 458b 
  0x000078cd7472ac40: d2b9 0100 | 0000 c462 | 29f7 c145 | 0bc8 4588 | 0b48 c703 | 0100 0000 

  0x000078cd7472ac58: ;   {metadata('org/apache/lucene/util/fst/FSTCompiler')}
  0x000078cd7472ac58: c743 08c8 | 9111 0144 | 8963 0cb9 | 0d00 0000 | c5fd efc0 | e90d 0000 | 00c5 fe7f | 07c5 fe7f 
  0x000078cd7472ac78: 4720 4883 | c740 4883 | e908 7ded | 4883 c104 | 7c0c c5fe | 7f07 4883 | c720 4883 | e904 4883 
  0x000078cd7472ac98: c104 7e10 | 48ff c9c5 | f9d6 0748 | 83c7 0848 | ffc9 7df3 | 4c89 6c24 | 284c 8974 | 2430 4889 
  0x000078cd7472acb8: ;   {section_word}
  0x000078cd7472acb8: 5c24 50c5 | fa10 05fd 

  0x000078cd7472acc0: ;   {oop(a 'org/apache/lucene/util/fst/FST$INPUT_TYPE'{0x0000000040abf358})}
  0x000078cd7472acc0: faff ff48 | ba58 f3ab | 4000 0000 | 0048 8bf3 | 33c9 4533 | c041 b901 | 0000 0033 | ff41 bbff 
  0x000078cd7472ace0: ffff 7f44 

  0x000078cd7472ace4: ;   {oop(a 'org/apache/lucene/util/fst/ByteSequenceOutputs'{0x0000000040ab9cf0})}
  0x000078cd7472ace4: 891c 2449 | baf0 9cab | 4000 0000 | 004c 8954 | 2408 41ba | 0100 0000 | 4489 5424 | 1041 bb0f 
  0x000078cd7472ad04: 0000 0044 | 895c 2418 

  0x000078cd7472ad0c: ;   {optimized virtual_call}
  0x000078cd7472ad0c: c5f8 77e8 

  0x000078cd7472ad10: ; ImmutableOopMap {[40]=Oop [48]=Oop [56]=Oop [72]=Oop [80]=Oop }
                      ;*invokespecial <init> {reexecute=0 rethrow=0 return_oop=0}
                      ; - org.apache.lucene.util.fst.FSTCompiler$Builder::build@44 (line 272)
                      ; - org.apache.lucene.codecs.lucene90.blocktree.Lucene90BlockTreeTermsWriter$PendingBlock::compileIndex@289 (line 497)
  0x000078cd7472ad10: ac03 e5ff 

  0x000078cd7472ad14: ;   {other}
  0x000078cd7472ad14: 0f1f 8400 | 040a 0003 | 488b 7424 | 2866 6690 

  0x000078cd7472ad24: ;   {optimized virtual_call}
  0x000078cd7472ad24: c5f8 77e8 

  0x000078cd7472ad28: ; ImmutableOopMap {[40]=Oop [48]=Oop [56]=Oop [72]=Oop [80]=Oop }
                      ;*invokevirtual toArrayCopy {reexecute=0 rethrow=0 return_oop=1}
                      ; - org.apache.lucene.codecs.lucene90.blocktree.Lucene90BlockTreeTermsWriter$PendingBlock::compileIndex@295 (line 502)
  0x000078cd7472ad28: d4ac f7ff 

  0x000078cd7472ad2c: ;   {other}
  0x000078cd7472ad2c: 0f1f 8400 | 1c0a 0004 | 4889 4424 | 404c 8b44 | 2438 418b | 780c 85ff | 0f84 0210 | 0000 4489 
  0x000078cd7472ad4c: 6710 4c8b | 4c24 4841 | 8b59 1c44 | 8b5b 1045 | 85db 0f8e | 7800 0000 | 488b c333 | d20f 1f80 
  0x000078cd7472ad6c: 0000 0000 | 448b d244 | 0353 0c44 | 8b5b 1441 | 8b7b 0c44 | 3bd7 0f83 | 480e 0000 | 418b 780c 
  0x000078cd7472ad8c: ; implicit exception: dispatches to 0x000078cd7472cd90
  0x000078cd7472ad8c: 8b4f 148b | 690c 470f | b65c 1310 | 8b77 10ff | c63b ee0f | 8c38 0700 | 0089 4f14 | 8b4f 1444 
  0x000078cd7472adac: 8b57 1041 | 8d6a 0189 | 6f10 8b69 | 0c44 3bd5 | 0f83 560e | 0000 4689 | 5c91 104d | 8b9f 7007 
  0x000078cd7472adcc: ; ImmutableOopMap {r8=Oop r9=Oop rbx=NarrowOop rdi=NarrowOop rax=Oop [40]=Oop [48]=Oop [64]=Oop [80]=Oop }
                      ;*goto {reexecute=1 rethrow=0 return_oop=0}
                      ; - (reexecute) org.apache.lucene.util.fst.Util::toIntsRef@36 (line 787)
                      ; - org.apache.lucene.codecs.lucene90.blocktree.Lucene90BlockTreeTermsWriter$PendingBlock::compileIndex@327 (line 504)
  0x000078cd7472adcc: 0000 ffc2 

  0x000078cd7472add0: ;   {poll}
  0x000078cd7472add0: 4185 0344 | 8b5b 1041 | 3bd3 7c94 | 498b 8fb8 | 0400 004c | 8bd1 4983 | c218 4d3b | 97c0 0400 
  0x000078cd7472adf0: 000f 8321 | 0d00 004d | 8997 b804 | 0000 4c8b | d14d 8bda | 49c1 eb06 | 48bb 0000 | 40c8 206c 
  0x000078cd7472ae10: 0000 4c03 | db49 c1ea | 0341 0fb6 | 1349 83e2 | 0745 8bd2 | bb01 0000 | 00c4 6229 | f7d3 410b 
  0x000078cd7472ae30: d241 8813 | 48c7 0101 

  0x000078cd7472ae38: ;   {metadata('org/apache/lucene/util/BytesRef')}
  0x000078cd7472ae38: 0000 00c7 | 4108 80c8 | 0801 4489 | 610c 4c89 | 6110 4c8b | 5424 4045 | 8b5a 0c4c | 8944 2440 
  0x000078cd7472ae58: 4c89 4c24 | 3844 8959 | 1044 8951 | 1448 8bd7 | 488b 7424 | 5066 6690 

  0x000078cd7472ae70: ;   {optimized virtual_call}
  0x000078cd7472ae70: c5f8 77e8 

  0x000078cd7472ae74: ; ImmutableOopMap {[40]=Oop [48]=Oop [56]=Oop [64]=Oop [80]=Oop }
                      ;*invokevirtual add {reexecute=0 rethrow=0 return_oop=0}
                      ; - org.apache.lucene.codecs.lucene90.blocktree.Lucene90BlockTreeTermsWriter$PendingBlock::compileIndex@343 (line 504)
  0x000078cd7472ae74: 2809 faff 

  0x000078cd7472ae78: ;   {other}
  0x000078cd7472ae78: 0f1f 8400 | 680b 0006 | 488b 6c24 | 288b 7d24 

  0x000078cd7472ae88: ;   {oop(a 'org/apache/lucene/store/ByteBuffersDataOutput$$Lambda+0x00006c20500b0228'{0x0000000040cfc9a0})}
  0x000078cd7472ae88: 81ff a0c9 | cf40 0f84 | 4416 0000 | 8b55 2844 | 8b5a 0c44 | 8b57 0844 | 8b4a 1444 | 8b42 1045 
  0x000078cd7472aea8: 3bd8 0f8f | fe0b 0000 | 418b c841 

  0x000078cd7472aeb4: ;   {metadata('org/apache/lucene/store/ByteBuffersDataOutput$$Lambda+0x00006c20500b08a8')}
  0x000078cd7472aeb4: 8b59 0c41 | 81fa a808 | 0b01 0f85 | 300f 0000 | 488b f748 | 8bc2 458b | d044 3bd9 | 0f8d 0301 
  0x000078cd7472aed4: 0000 443b | db0f 831d | 1100 0048 | 8944 2470 | 895c 242c | 894c 241c | 4489 4424 | 6489 5424 
  0x000078cd7472aef4: 5889 7c24 | 2848 896c | 2448 4889 | 7424 6848 | 8bee 478b | 5499 1044 | 894c 2460 | 4489 5c24 
  0x000078cd7472af14: 5c44 8b46 | 0c45 8b4a 

  0x000078cd7472af1c: ;   {metadata('java/nio/HeapByteBuffer')}
  0x000078cd7472af1c: 0841 81f9 | 6019 1c00 | 0f85 8e1d | 0000 4d8b | ca41 8b48 | 0c41 c741 | 0cff ffff | ff45 8961 
  0x000078cd7472af3c: 188b 5914 | 8b79 1044 | 8b5b 0c41 | 3bfb 0f83 | 0411 0000 | 448b 5308 

  0x000078cd7472af54: ;   {metadata('java/lang/Object'[])}
  0x000078cd7472af54: 4181 fa88 | 1200 000f | 856f 1100 | 0044 8d57 | 0145 3bd3 | 0f8d 5c07 | 0000 4489 | 5110 448b 
  0x000078cd7472af74: 410c 8b54 | 2460 4c8b | da4c 895c | 2420 4489 | 4cbb 1045 | 3bc2 0f84 | e809 0000 | 4d8b 8770 
  0x000078cd7472af94: 0700 0044 | 8b5c 2458 | 458b 5310 | 448b 5c24 

  0x000078cd7472afa4: ; ImmutableOopMap {rbp=Oop [32]=Oop [40]=NarrowOop [48]=Oop [56]=Oop [64]=Oop [72]=Oop [80]=Oop [88]=NarrowOop [96]=NarrowOop [104]=Oop [112]=Oop }
                      ;*goto {reexecute=1 rethrow=0 return_oop=0}
                      ; - (reexecute) java.util.ArrayDeque::forEach@56 (line 886)
                      ; - org.apache.lucene.store.ByteBuffersDataOutput::reset@18 (line 475)
                      ; - org.apache.lucene.codecs.lucene90.blocktree.Lucene90BlockTreeTermsWriter$PendingBlock::compileIndex@347 (line 505)
  0x000078cd7472afa4: 5c41 ffc3 

  0x000078cd7472afa8: ;   {poll}
  0x000078cd7472afa8: 4185 0048 | 8b6c 2448 | 8b7c 2428 | 8b54 2458 | 448b 4c24 | 6044 8b44 | 2464 8b4c | 241c 8b5c 
  0x000078cd7472afc8: 242c 488b | 7424 6848 | 8b44 2470 | e9f4 feff | ff41 3bc8 | 0f85 d50a | 0000 453b | c20f 851d 
  0x000078cd7472afe8: 1500 0044 | 8b55 2841 | 8b5a 0c45 | 8b42 1445 | 8b5a 1041 | 3bdb 0f8f | df0a 0000 | 418b cb3b 
  0x000078cd7472b008: d90f 8d83 | 0000 0041 | 8b78 0c3b | df0f 83e9 | 1600 0045 | 8964 9810 | 448d 4b01 | 443b c97d 
  0x000078cd7472b028: 6983 c302 | 4863 d333 | f685 db48 | 0f4c d68b | d23b d10f | 4fd1 443b | cf0f 83c0 | 1600 0047 
  0x000078cd7472b048: 8964 8810 | 41ff c144 | 3bca 7cea | 4863 df48 | 63d1 483b | d348 0f4c | da8b d344 | 3bca 7d0d 
  0x000078cd7472b068: 4789 6488 | 1041 ffc1 | 443b ca7c | f344 3bc9 | 7d18 6690 | 443b cf0f | 8382 1600 | 0047 8964 
  0x000078cd7472b088: 8810 41ff | c144 3bc9 | 7cea 413b | cb0f 8532 | 0a00 004c | 8965 1045 

  0x000078cd7472b0a0: ;   {oop(a 'java/nio/HeapByteBuffer'{0x0000000040cf8088})}
  0x000078cd7472b0a0: 8962 10c7 | 452c 8880 | cf40 4589 | 620c 4c8b | 5c24 3045 

  0x000078cd7472b0b4: ;   {metadata('java/util/ArrayList')}
  0x000078cd7472b0b4: 8b53 0841 | 81fa 68b7 | 0b00 0f85 | 880d 0000 | 458b 5310 | 4585 d20f | 84a3 0100 | 0045 8b6b 
  0x000078cd7472b0d4: 0cb9 ffff | ffff 4533 | d2eb 0641 | 8bca 458b | d045 8b4b | 0c45 3bcd | 0f85 4e0e | 0000 458b 
  0x000078cd7472b0f4: 4310 453b | d00f 8d7d | 0e00 0045 | 8b4b 1441 | 8b59 0c44 | 3bd3 0f8d | b00e 0000 | 458d 4201 
  0x000078cd7472b114: 443b d30f | 8343 0b00 | 0047 8b4c | 9110 418b 

  0x000078cd7472b124: ;   {metadata('org/apache/lucene/codecs/lucene90/blocktree/Lucene90BlockTreeTermsWriter$PendingBlock')}
  0x000078cd7472b124: 5908 81fb | 1084 1101 | 0f85 461b | 0000 498b | d98b 4b24 | 85c9 0f84 | 1d01 0000 

  0x000078cd7472b140: ;   {metadata('java/util/ArrayList')}
  0x000078cd7472b140: 8b79 0881 | ff68 b70b | 000f 859d | 1400 0048 | 8bf9 8b4f | 1085 c90f | 84fc 0000 | 0044 8b4f 
  0x000078cd7472b160: 0c41 beff | ffff ff33 | c9eb 2a0f | 1f44 0000 | 448b 7424 | 5c4c 8b5c | 2420 448b | 6c24 1c44 
  0x000078cd7472b180: 8b54 2428 | 448b 4424 | 2c48 8b5c | 2430 448b | 4c24 588b | cd8b 570c | 413b d10f | 859b 1100 
  0x000078cd7472b1a0: 008b 5710 | 3bca 0f8d | f411 0000 | 8b57 148b | 420c 3bc8 | 0f8d 4e12 | 0000 8d69 | 013b c80f 
  0x000078cd7472b1c0: 83db 0a00 | 0044 8b74 | 8a10 418b 

  0x000078cd7472b1cc: ;   {metadata('org/apache/lucene/util/fst/FST')}
  0x000078cd7472b1cc: 5608 81fa | 7098 1101 | 0f85 3e1b | 0000 894c | 245c 4489 | 4c24 5848 | 897c 2448 | 4889 5c24 
  0x000078cd7472b1ec: 3044 8944 | 242c 4489 | 5424 2844 | 896c 241c | 4c89 5c24 | 2049 8bce | 488b 7424 | 3848 8b54 
  0x000078cd7472b20c: 2450 4c8b | 4424 4090 

  0x000078cd7472b214: ;   {optimized virtual_call}
  0x000078cd7472b214: c5f8 77e8 

  0x000078cd7472b218: ; ImmutableOopMap {[32]=Oop [48]=Oop [56]=Oop [64]=Oop [72]=Oop [80]=Oop }
                      ;*invokevirtual append {reexecute=0 rethrow=0 return_oop=0}
                      ; - org.apache.lucene.codecs.lucene90.blocktree.Lucene90BlockTreeTermsWriter$PendingBlock::compileIndex@428 (line 511)
  0x000078cd7472b218: 64e3 e6ff 

  0x000078cd7472b21c: ;   {other}
  0x000078cd7472b21c: 0f1f 8400 | 0c0f 0008 | 4d8b 9770 

  0x000078cd7472b228: ; ImmutableOopMap {[32]=Oop [48]=Oop [56]=Oop [64]=Oop [72]=Oop [80]=Oop }
                      ;*goto {reexecute=1 rethrow=0 return_oop=0}
                      ; - (reexecute) org.apache.lucene.codecs.lucene90.blocktree.Lucene90BlockTreeTermsWriter$PendingBlock::compileIndex@431 (line 512)
                      ;   {poll}
  0x000078cd7472b228: 0700 0041 | 8502 488b | 7c24 4844 | 8b57 1041 | 3bea 0f85 | 30ff ffff | 4c8b 5c24 | 2044 8b6c 
  0x000078cd7472b248: 241c 448b | 5424 2844 | 8b44 242c | 488b 5c24 | 3044 8963 | 244d 8b8f 

  0x000078cd7472b260: ; ImmutableOopMap {r11=Oop [56]=Oop [64]=Oop [80]=Oop }
                      ;*goto {reexecute=1 rethrow=0 return_oop=0}
                      ; - (reexecute) org.apache.lucene.codecs.lucene90.blocktree.Lucene90BlockTreeTermsWriter$PendingBlock::compileIndex@440 (line 515)
  0x000078cd7472b260: 7007 0000 

  0x000078cd7472b264: ;   {poll}
  0x000078cd7472b264: 4185 0145 | 8b4b 1045 | 3bc1 0f85 | 6bfe ffff | 4c8b 5424 | 5045 8b4a | 6045 8b59 | 0c45 85db 
  0x000078cd7472b284: 0f86 de0b | 0000 4c89 | 5424 2041 | 8b69 1049 | 8bf2 33d2 | 4c8b 5424 | 384c 8954 | 2428 6690 
  0x000078cd7472b2a4: ;   {optimized virtual_call}
  0x000078cd7472b2a4: c5f8 77e8 

  0x000078cd7472b2a8: ; ImmutableOopMap {rbp=NarrowOop [32]=Oop [40]=Oop [56]=Oop [80]=Oop }
                      ;*invokevirtual freezeTail {reexecute=0 rethrow=0 return_oop=0}
                      ; - org.apache.lucene.util.fst.FSTCompiler::compile@9 (line 588)
                      ; - org.apache.lucene.codecs.lucene90.blocktree.Lucene90BlockTreeTermsWriter$PendingBlock::compileIndex@446 (line 517)
  0x000078cd7472b2a8: 7497 e4ff 

  0x000078cd7472b2ac: ;   {other}
  0x000078cd7472b2ac: 0f1f 8400 | 9c0f 000b | 448b c54c | 8b4d 104c | 8b5c 2420 | 4d63 530c | 4d3b ca0f | 8c17 1000 
  0x000078cd7472b2cc: 0045 8b53 | 4049 63ca | 4c3b c90f | 8c33 1000 | 0044 8b4d | 0c45 85c9 | 0f84 5e12 | 0000 4585 
  0x000078cd7472b2ec: d20f 8579 | 1200 0045 | 8b4b 5c45 | 8b51 0c41 | 8b4a 104c | 895c 2430 | 418b 6b54 | 498b d049 
  0x000078cd7472b30c: 8bf3 4c8b | 5424 284c | 8954 2420 

  0x000078cd7472b318: ;   {optimized virtual_call}
  0x000078cd7472b318: c5f8 77e8 

  0x000078cd7472b31c: ; ImmutableOopMap {rbp=NarrowOop [32]=Oop [40]=Oop [48]=Oop [56]=Oop [80]=Oop }
                      ;*invokevirtual compileNode {reexecute=0 rethrow=0 return_oop=1}
                      ; - org.apache.lucene.util.fst.FSTCompiler::compile@105 (line 605)
                      ; - org.apache.lucene.codecs.lucene90.blocktree.Lucene90BlockTreeTermsWriter$PendingBlock::compileIndex@446 (line 517)
  0x000078cd7472b31c: c075 f1ff 

  0x000078cd7472b320: ;   {other}
  0x000078cd7472b320: 0f1f 8400 | 1010 000c 

  0x000078cd7472b328: ; implicit exception: dispatches to 0x000078cd7472cfc0
  0x000078cd7472b328: 4c8b 4010 | 448b cd4c | 8b55 1049 | c7c3 ffff | ffff 4983 | faff 0f85 | 4c12 0000 | 4983 f8ff 
  0x000078cd7472b348: 0f84 6a12 | 0000 4c89 | 4510 8b5d | 2044 8b43 | 2445 8b48 | 0c44 8b53 | 1c41 81fa | 0000 1000 
  0x000078cd7472b368: 0f87 f609 | 0000 4963 | ca45 3bca | 0f82 0e0b | 0000 4585 | d20f 8c05 | 0b00 0045 | 33db 4181 
  0x000078cd7472b388: fa00 0010 | 0041 0f97 | c348 83c1 | 1748 83e1 | f833 ff48 | 81f9 0040 | 0000 400f | 93c7 410b 
  0x000078cd7472b3a8: fb85 ff0f | 85ab 0700 | 004d 8baf | b804 0000 | 4d8b dd4c | 03d9 4d3b | 9fc0 0400 | 000f 8391 
  0x000078cd7472b3c8: 0700 004d | 899f b804 | 0000 4d8b | dd4d 8bcb | 49c1 e906 | 48bf 0000 | 40c8 206c | 0000 4c03 
  0x000078cd7472b3e8: cf49 c1eb | 0341 0fb6 | 1149 83e3 | 0745 8bdb | be01 0000 | 00c4 6221 | f7de 410b | d341 8811 
  0x000078cd7472b408: 49c7 4500 | 0100 0000 

  0x000078cd7472b410: ;   {metadata({type array byte})}
  0x000078cd7472b410: 41c7 4508 | 7023 0000 | 4589 550c | 4585 d274 | 3149 8bf5 | 4883 c610 | 4d8b d049 | 8d78 1048 
  0x000078cd7472b430: 83c1 f048 | c1e9 0348 | 8bd1 c5f8 | 7749 ba00 | e3c4 73cd | 7800 0041 

  0x000078cd7472b448: ;   {other}
  0x000078cd7472b448: ffd2 0f1f | 8400 0000 | 0000 448b | 5320 458b 

  0x000078cd7472b458: ;   {metadata('java/util/ArrayList')}
  0x000078cd7472b458: 5a08 4181 | fb68 b70b | 000f 8545 | 0a00 004d | 8bc2 458b | 4810 458d | 59ff 4585 | c90f 8c59 
  0x000078cd7472b478: 0a00 0045 | 3bd9 0f83 | e808 0000 | 458b 5014 

  0x000078cd7472b488: ; implicit exception: dispatches to 0x000078cd7472d020
  0x000078cd7472b488: 458b 4a0c | 453b d90f | 830b 0900 | 0045 8b42 

  0x000078cd7472b498: ;   {metadata('java/lang/Object'[])}
  0x000078cd7472b498: 0841 81f8 | 8812 0000 | 0f85 620a | 0000 4489 | 6324 4c8b | 4424 3045 | 8b40 544c | 8b4c 2438 
  0x000078cd7472b4b8: 4589 4120 | 4d8b cd47 | 894c 9a10 | c5f8 7748 | 81c4 b000 

  0x000078cd7472b4cc: ;   {poll_return}
  0x000078cd7472b4cc: 0000 5d49 | 3ba7 6807 | 0000 0f87 | 841e 0000 | c344 895c | 2470 896c | 245c 8954 | 2458 4889 
  0x000078cd7472b4ec: 4424 4889 | 5c24 1c4c | 8944 2460 | 4c89 4c24 | 384c 8bd7 | 4c89 5424 | 2089 7c24 | 6848 8be9 
  0x000078cd7472b50c: 894c 246c | ba04 0000 | 0066 6690 

  0x000078cd7472b518: ;   {static_call}
  0x000078cd7472b518: c5f8 77e8 

  0x000078cd7472b51c: ; ImmutableOopMap {rbp=Oop [28]=NarrowOop [32]=Oop [40]=Oop [48]=Oop [56]=Oop [64]=Oop [72]=Oop [80]=Oop [96]=Oop [104]=NarrowOop [108]=NarrowOop }
                      ;*invokestatic oversize {reexecute=0 rethrow=0 return_oop=0}
                      ; - org.apache.lucene.util.ArrayUtil::grow@33 (line 340)
                      ; - org.apache.lucene.util.IntsRefBuilder::grow@12 (line 77)
                      ; - org.apache.lucene.util.IntsRefBuilder::append@10 (line 65)
                      ; - org.apache.lucene.util.fst.Util::toIntsRef@30 (line 788)
                      ; - org.apache.lucene.codecs.lucene90.blocktree.Lucene90BlockTreeTermsWriter$PendingBlock::compileIndex@327 (line 504)
  0x000078cd7472b51c: 00b5 e5ff 

  0x000078cd7472b520: ;   {other}
  0x000078cd7472b520: 0f1f 8400 | 1012 000d | 3d00 0004 | 000f 87fd | 1000 004c | 63d0 3b44 | 245c 0f82 | 1011 0000 
  0x000078cd7472b540: 8944 2474 | 4533 c03d | 0000 0400 | 410f 97c0 | 4e8d 1495 | 1700 0000 | 4c89 5424 | 7849 83e2 
  0x000078cd7472b560: f84c 8994 | 2480 0000 | 004d 8bda | 4533 d249 | 81fb 0040 | 0000 410f | 93c2 450b | d045 85d2 
  0x000078cd7472b580: 0f85 2506 | 0000 4d8b | 8fb8 0400 | 004d 8bd1 | 4d03 d34d | 3b97 c004 | 0000 0f83 | 0b06 0000 
  0x000078cd7472b5a0: 4d89 97b8 | 0400 004d | 8bd1 4d8b | da49 c1eb | 0649 b800 | 0040 c820 | 6c00 004d | 03d8 49c1 
  0x000078cd7472b5c0: ea03 498b | cb44 0fb6 | 0149 83e2 | 0745 8bd2 | 41bb 0100 | 0000 c442 | 29f7 d345 | 0bc2 4488 
  0x000078cd7472b5e0: 0149 c701 | 0100 0000 

  0x000078cd7472b5e8: ;   {metadata({type array int})}
  0x000078cd7472b5e8: 41c7 4108 | 7027 0000 | 4189 410c | 4d8b d149 | 83c2 104c | 8b44 2478 | 49c1 e803 | 448b 5c24 
  0x000078cd7472b608: 5c45 85db | 0f86 8610 | 0000 8b4c | 246c 488d | 7910 443b | 5c24 740f | 8c78 0300 | 0049 8bd9 
  0x000078cd7472b628: 4c8b 9c24 | 8000 0000 | 4983 c3f0 | 49c1 eb03 | 498b f249 | 8bd3 c5f8 | 7749 ba00 | e3c4 73cd 
  0x000078cd7472b648: 7800 0041 

  0x000078cd7472b64c: ;   {other}
  0x000078cd7472b64c: ffd2 0f1f | 8400 0000 | 0000 4c8b | cb4c 8b44 | 2460 418b | 780c 4d8b | d144 8b4c | 2468 4589 
  0x000078cd7472b66c: 5114 85ff | 0f84 c20f | 0000 4c8b | 4c24 388b | 5c24 1c48 | 8b44 2448 | 8b54 2458 | 448b 5c24 
  0x000078cd7472b68c: 70e9 16f7 | ffff 8954 | 241c 4c89 | 6c24 3049 | 8bf5 6690 

  0x000078cd7472b6a0: ;   {optimized virtual_call}
  0x000078cd7472b6a0: c5f8 77e8 

  0x000078cd7472b6a4: ; ImmutableOopMap {[40]=Oop [48]=Oop [56]=Oop [72]=Oop }
                      ;*invokevirtual appendBlock {reexecute=0 rethrow=0 return_oop=0}
                      ; - org.apache.lucene.store.ByteBuffersDataOutput::writeByte@11 (line 187)
                      ; - org.apache.lucene.store.DataOutput::writeSignedVLong@37 (line 249)
                      ; - org.apache.lucene.store.DataOutput::writeVLong@22 (line 240)
                      ; - org.apache.lucene.codecs.lucene90.blocktree.Lucene90BlockTreeTermsWriter$PendingBlock::compileIndex@122 (line 477)
  0x000078cd7472b6a4: d899 53ff 

  0x000078cd7472b6a8: ;   {other}
  0x000078cd7472b6a8: 0f1f 8400 | 9813 000e | 4c8b 6c24 | 3041 8b5d | 2c85 db0f | 84ff 1300 | 008b 5424 | 1ce9 5bf2 
  0x000078cd7472b6c8: ffff 4533 | d2e9 9cf8 | ffff 8954 | 2458 4889 | 7c24 5044 | 8954 241c | 4c89 5c24 | 404c 8974 
  0x000078cd7472b6e8: 2430 4c89 | 6c24 2848 | ff74 2448 | 488f 4424 | 2049 8bf5 

  0x000078cd7472b6fc: ;   {optimized virtual_call}
  0x000078cd7472b6fc: c5f8 77e8 

  0x000078cd7472b700: ; ImmutableOopMap {[32]=Oop [40]=Oop [48]=Oop [56]=Oop [64]=Oop [80]=Oop }
                      ;*invokevirtual appendBlock {reexecute=0 rethrow=0 return_oop=0}
                      ; - org.apache.lucene.store.ByteBuffersDataOutput::writeByte@11 (line 187)
                      ; - org.apache.lucene.codecs.lucene90.blocktree.Lucene90BlockTreeTermsWriter$PendingBlock::compileIndex@201 (line 487)
  0x000078cd7472b700: 7c99 53ff 

  0x000078cd7472b704: ;   {other}
  0x000078cd7472b704: 0f1f 8400 | f413 000f | 4c8b 6c24 | 2841 8b4d | 2c85 c90f | 84bb 1300 | 0048 ff74 | 2420 488f 
  0x000078cd7472b724: 4424 484c | 8b74 2430 | 4c8b 5c24 | 4044 8b54 | 241c 488b | 7c24 508b | 5424 58e9 | 39f3 ffff 
  0x000078cd7472b744: 894c 2450 | 4489 5424 | 1c4c 895c | 2440 4c89 | 7424 304c | 896c 2428 | 48ff 7424 | 4848 8f44 
  0x000078cd7472b764: 2420 498b | f566 6690 

  0x000078cd7472b76c: ;   {optimized virtual_call}
  0x000078cd7472b76c: c5f8 77e8 

  0x000078cd7472b770: ; ImmutableOopMap {[32]=Oop [40]=Oop [48]=Oop [56]=Oop [64]=Oop }
                      ;*invokevirtual appendBlock {reexecute=0 rethrow=0 return_oop=0}
                      ; - org.apache.lucene.store.ByteBuffersDataOutput::writeByte@11 (line 187)
                      ; - org.apache.lucene.store.DataOutput::writeSignedVLong@37 (line 249)
                      ; - org.apache.lucene.store.DataOutput::writeVLong@22 (line 240)
                      ; - org.apache.lucene.codecs.lucene90.blocktree.Lucene90BlockTreeTermsWriter$PendingBlock::compileIndex@259 (line 489)
  0x000078cd7472b770: 0c99 53ff 

  0x000078cd7472b774: ;   {other}
  0x000078cd7472b774: 0f1f 8400 | 6414 0010 | 4c8b 6c24 | 2845 8b45 | 2c45 85c0 | 0f84 6213 | 0000 48ff | 7424 2048 
  0x000078cd7472b794: 8f44 2448 | 4c8b 7424 | 304c 8b5c | 2440 448b | 5424 1c8b | 4c24 50e9 | e2f3 ffff | 4489 5424 
  0x000078cd7472b7b4: 4089 7c24 | 1c4c 8944 | 2430 4c89 | 6c24 2048 | 8b6c 2448 | 498b f590 

  0x000078cd7472b7cc: ;   {optimized virtual_call}
  0x000078cd7472b7cc: c5f8 77e8 

  0x000078cd7472b7d0: ; ImmutableOopMap {rbp=Oop [32]=Oop [40]=Oop [56]=Oop }
                      ;*invokevirtual appendBlock {reexecute=0 rethrow=0 return_oop=0}
                      ; - org.apache.lucene.store.ByteBuffersDataOutput::writeByte@11 (line 187)
                      ; - org.apache.lucene.store.DataOutput::writeSignedVLong@22 (line 246)
                      ; - org.apache.lucene.store.DataOutput::writeVLong@22 (line 240)
                      ; - org.apache.lucene.codecs.lucene90.blocktree.Lucene90BlockTreeTermsWriter$PendingBlock::compileIndex@122 (line 477)
  0x000078cd7472b7d0: ecca efff 

  0x000078cd7472b7d4: ;   {other}
  0x000078cd7472b7d4: 0f1f 8400 | c414 0011 | 4c8b 6c24 | 2045 8b4d | 2c45 85c9 | 0f84 1a13 | 0000 4889 | 6c24 484c 
  0x000078cd7472b7f4: 8b44 2430 | 8b7c 241c | 448b 5424 | 40e9 a4f0 | ffff 4489 | 5424 4089 | 4c24 1c4c | 895c 2430 
  0x000078cd7472b814: 4c89 7424 | 284c 896c | 2420 488b | 6c24 4849 | 8bf5 6690 

  0x000078cd7472b828: ;   {optimized virtual_call}
  0x000078cd7472b828: c5f8 77e8 

  0x000078cd7472b82c: ; ImmutableOopMap {rbp=Oop [32]=Oop [40]=Oop [48]=Oop [56]=Oop }
                      ;*invokevirtual appendBlock {reexecute=0 rethrow=0 return_oop=0}
                      ; - org.apache.lucene.store.ByteBuffersDataOutput::writeByte@11 (line 187)
                      ; - org.apache.lucene.store.DataOutput::writeVInt@31 (line 203)
                      ; - org.apache.lucene.codecs.lucene90.blocktree.Lucene90BlockTreeTermsWriter$PendingBlock::compileIndex@141 (line 479)
  0x000078cd7472b82c: 5098 53ff 

  0x000078cd7472b830: ;   {other}
  0x000078cd7472b830: 0f1f 8400 | 2015 0012 | 4c8b 6c24 | 2041 8b5d | 2c85 db0f | 84db 1200 | 0048 896c | 2448 4c8b 
  0x000078cd7472b850: 7424 284c | 8b5c 2430 | 8b4c 241c | 448b 5424 | 40e9 59f1 | ffff 4489 | 4424 5489 | 7c24 5048 
  0x000078cd7472b870: 894c 2440 | 4489 5424 | 1c4c 895c | 2430 4c89 | 7424 284c | 896c 2420 | 488b 6c24 | 4849 8bf5 
  0x000078cd7472b890: ;   {optimized virtual_call}
  0x000078cd7472b890: c5f8 77e8 

  0x000078cd7472b894: ; ImmutableOopMap {rbp=Oop [32]=Oop [40]=Oop [48]=Oop [56]=Oop }
                      ;*invokevirtual appendBlock {reexecute=0 rethrow=0 return_oop=0}
                      ; - org.apache.lucene.store.ByteBuffersDataOutput::writeByte@11 (line 187)
                      ; - org.apache.lucene.store.DataOutput::writeSignedVLong@22 (line 246)
                      ; - org.apache.lucene.store.DataOutput::writeVLong@22 (line 240)
                      ; - org.apache.lucene.codecs.lucene90.blocktree.Lucene90BlockTreeTermsWriter$PendingBlock::compileIndex@259 (line 489)
  0x000078cd7472b894: e897 53ff 

  0x000078cd7472b898: ;   {other}
  0x000078cd7472b898: 0f1f 8400 | 8815 0013 | 4c8b 6c24 | 2041 8b55 | 2c85 d20f | 840f 1300 | 0048 896c | 2448 4c8b 
  0x000078cd7472b8b8: 7424 284c | 8b5c 2430 | 448b 5424 | 1c48 8b4c | 2440 8b7c | 2450 448b | 4424 54e9 | 41f2 ffff 
  0x000078cd7472b8d8: ; implicit exception: dispatches to 0x000078cd7472d294
  0x000078cd7472b8d8: 448b 5318 | 8b53 1c8b | f183 e67f | 81ce 8000 | 0000 440f | bece 443b | d20f 8d51 | 0100 0044 
  0x000078cd7472b8f8: ;   {metadata('java/nio/HeapByteBuffer')}
  0x000078cd7472b8f8: 8b43 0841 | 81f8 6019 | 1c00 0f85 | 8012 0000 | 488b fb44 | 8b57 1844 | 8b47 1c8b | 5f30 453b 
  0x000078cd7472b918: d00f 8dbd | 1200 0044 | 8b47 2845 | 03c2 41ff | c244 8957 | 1844 8b53 | 0c45 3bc2 | 0f83 0612 
  0x000078cd7472b938: 0000 4288 | 7403 1049 | 8bbf 7007 | 0000 c1e9 

  0x000078cd7472b948: ; ImmutableOopMap {r11=Oop r13=Oop r14=Oop [56]=Oop [72]=Oop }
                      ;*goto {reexecute=1 rethrow=0 return_oop=0}
                      ; - (reexecute) org.apache.lucene.store.DataOutput::writeVInt@25 (line 201)
                      ; - org.apache.lucene.codecs.lucene90.blocktree.Lucene90BlockTreeTermsWriter$PendingBlock::compileIndex@141 (line 479)
                      ;   {poll}
  0x000078cd7472b948: 0785 0741 | 8b5d 2cf7 | c180 ffff | ff0f 857d | ffff ff85 | db0f 8548 | f0ff ffbe | f6ff ffff 
  0x000078cd7472b968: ;   {runtime_call UncommonTrapBlob}
  0x000078cd7472b968: c5f8 77e8 

  0x000078cd7472b96c: ; ImmutableOopMap {}
                      ;*invokevirtual hasRemaining {reexecute=0 rethrow=0 return_oop=0}
                      ; - org.apache.lucene.store.ByteBuffersDataOutput::writeByte@4 (line 186)
                      ; - org.apache.lucene.store.DataOutput::writeVInt@31 (line 203)
                      ; - org.apache.lucene.codecs.lucene90.blocktree.Lucene90BlockTreeTermsWriter$PendingBlock::compileIndex@141 (line 479)
  0x000078cd7472b96c: 90e9 53ff 

  0x000078cd7472b970: ;   {other}
  0x000078cd7472b970: 0f1f 8400 | 6016 0015 | 488b f1ba | 0100 0000 

  0x000078cd7472b980: ;   {optimized virtual_call}
  0x000078cd7472b980: c5f8 77e8 

  0x000078cd7472b984: ; ImmutableOopMap {rbp=Oop [32]=Oop [40]=NarrowOop [48]=Oop [56]=Oop [64]=Oop [72]=Oop [80]=Oop [88]=NarrowOop [96]=NarrowOop [104]=Oop [112]=Oop }
                      ;*invokevirtual grow {reexecute=0 rethrow=0 return_oop=0}
                      ; - java.util.ArrayDeque::addLast@47 (line 306)
                      ; - org.apache.lucene.store.ByteBuffersDataOutput$ByteBufferRecycler::reuse@10 (line 79)
                      ; - org.apache.lucene.store.ByteBuffersDataOutput$$Lambda/0x00006c20500b08a8::accept@8
                      ; - java.util.ArrayDeque::forEach@48 (line 887)
                      ; - org.apache.lucene.store.ByteBuffersDataOutput::reset@18 (line 475)
                      ; - org.apache.lucene.codecs.lucene90.blocktree.Lucene90BlockTreeTermsWriter$PendingBlock::compileIndex@347 (line 505)
  0x000078cd7472b984: f896 53ff 

  0x000078cd7472b988: ;   {other}
  0x000078cd7472b988: 0f1f 8400 | 7816 0016 | e9fb f5ff | ff45 33db | e9a4 eeff | ff48 8bf7 | 4963 d34c | 8d1c 9510 
  0x000078cd7472b9a8: 0000 0049 | 8bcb 48c1 | e903 4c2b | c149 83e3 | fb49 8bf9 | 4903 fb49 | 8bd9 498b | c848 33c0 
  0x000078cd7472b9c8: 4883 f908 | 7f10 48ff | c978 4f48 | 8904 cf48 | ffc9 7df7 | eb44 c5fd | efc0 e90d | 0000 00c5 
  0x000078cd7472b9e8: fe7f 07c5 | fe7f 4720 | 4883 c740 | 4883 e908 | 7ded 4883 | c104 7c0c | c5fe 7f07 | 4883 c720 
  0x000078cd7472ba08: 4883 e904 | 4883 c104 | 7e10 48ff | c9c5 f9d6 | 0748 83c7 | 0848 ffc9 | 7df3 488b | fe49 8bf2 
  0x000078cd7472ba28: c5f8 7749 | bae0 e1c4 | 73cd 7800 | 0041 ffd2 

  0x000078cd7472ba38: ;   {other}
  0x000078cd7472ba38: 0f1f 8400 | 0000 0000 | 4c8b cbe9 | 11fc ffff | 4489 4c24 | 4489 7424 | 4089 4c24 | 1c4c 895c 
  0x000078cd7472ba58: 2430 4c89 | 7424 284c | 896c 2420 | 488b 6c24 | 4849 8bf5 

  0x000078cd7472ba6c: ;   {optimized virtual_call}
  0x000078cd7472ba6c: c5f8 77e8 

  0x000078cd7472ba70: ; ImmutableOopMap {rbp=Oop [32]=Oop [40]=Oop [48]=Oop [56]=Oop }
                      ;*invokevirtual appendBlock {reexecute=0 rethrow=0 return_oop=0}
                      ; - org.apache.lucene.store.ByteBuffersDataOutput::writeByte@11 (line 187)
                      ; - org.apache.lucene.store.DataOutput::writeVInt@17 (line 200)
                      ; - org.apache.lucene.codecs.lucene90.blocktree.Lucene90BlockTreeTermsWriter$PendingBlock::compileIndex@141 (line 479)
  0x000078cd7472ba70: 0c96 53ff 

  0x000078cd7472ba74: ;   {other}
  0x000078cd7472ba74: 0f1f 8400 | 6417 0017 | 4c8b 6c24 | 2041 8b5d | 2c85 db0f | 849b 1100 | 0048 896c | 2448 4c8b 
  0x000078cd7472ba94: 7424 284c | 8b5c 2430 | 8b4c 241c | 8b74 2440 | 448b 4c24 | 44e9 49fe | ffff 418b | 490c e9fc 
  0x000078cd7472bab4: f3ff ff4d | 8baf 7007 

  0x000078cd7472babc: ; ImmutableOopMap {r9=NarrowOop rdi=NarrowOop rdx=NarrowOop rsi=Oop rax=Oop rbp=Oop [48]=Oop [56]=Oop [64]=Oop [80]=Oop }
                      ;*goto {reexecute=1 rethrow=0 return_oop=0}
                      ; - (reexecute) java.util.ArrayDeque::forEach@89 (line 885)
                      ; - org.apache.lucene.store.ByteBuffersDataOutput::reset@18 (line 475)
                      ; - org.apache.lucene.codecs.lucene90.blocktree.Lucene90BlockTreeTermsWriter$PendingBlock::compileIndex@347 (line 505)
                      ;   {poll}
  0x000078cd7472babc: 0000 4185 | 4500 418b | c845 33db | e900 f4ff | ff49 8b8f | 7007 0000 

  0x000078cd7472bad4: ; ImmutableOopMap {r10=NarrowOop r8=NarrowOop rbx=Oop rbp=Oop [48]=Oop [56]=Oop [64]=Oop [80]=Oop }
                      ;*goto {reexecute=1 rethrow=0 return_oop=0}
                      ; - (reexecute) java.util.ArrayDeque::circularClear@39 (line 1049)
                      ; - java.util.ArrayDeque::clear@12 (line 1037)
                      ; - org.apache.lucene.store.ByteBuffersDataOutput::reset@25 (line 477)
                      ; - org.apache.lucene.codecs.lucene90.blocktree.Lucene90BlockTreeTermsWriter$PendingBlock::compileIndex@347 (line 505)
                      ;   {poll}
  0x000078cd7472bad4: 498b da85 | 0141 8bcb | 33db e924 | f5ff ff41 | 8b48 0ce9 | 1bf5 ffff | 4c89 7424 | 304c 896c 
  0x000078cd7472baf4: ;   {metadata('org/apache/lucene/util/fst/FSTCompiler')}
  0x000078cd7472baf4: 2428 48be | c891 1150 | 206c 0000 

  0x000078cd7472bb00: ;   {runtime_call _new_instance_Java}
  0x000078cd7472bb00: c5f8 77e8 

  0x000078cd7472bb04: ; ImmutableOopMap {[40]=Oop [48]=Oop [56]=Oop [72]=Oop }
                      ;*new {reexecute=0 rethrow=0 return_oop=1}
                      ; - org.apache.lucene.util.fst.FSTCompiler$Builder::build@0 (line 272)
                      ; - org.apache.lucene.codecs.lucene90.blocktree.Lucene90BlockTreeTermsWriter$PendingBlock::compileIndex@289 (line 497)
  0x000078cd7472bb04: f81e 5fff 

  0x000078cd7472bb08: ;   {other}
  0x000078cd7472bb08: 0f1f 8400 | f817 001a | 488b d8e9 | 9ef1 ffff | 897c 241c | 4c89 4424 | 2049 8be9 

  0x000078cd7472bb24: ;   {metadata('org/apache/lucene/util/BytesRef')}
  0x000078cd7472bb24: 48be 80c8 | 0850 206c | 0000 4c8b | 5424 504c | 8954 2448 

  0x000078cd7472bb38: ;   {runtime_call _new_instance_Java}
  0x000078cd7472bb38: c5f8 77e8 

  0x000078cd7472bb3c: ; ImmutableOopMap {rbp=Oop [28]=NarrowOop [32]=Oop [40]=Oop [48]=Oop [64]=Oop [72]=Oop [80]=Oop }
                      ;*new {reexecute=0 rethrow=0 return_oop=1}
                      ; - org.apache.lucene.codecs.lucene90.blocktree.Lucene90BlockTreeTermsWriter$PendingBlock::compileIndex@330 (line 504)
  0x000078cd7472bb3c: c01e 5fff 

  0x000078cd7472bb40: ;   {other}
  0x000078cd7472bb40: 0f1f 8400 | 3018 001b | 488b c84c | 8bcd 4c8b | 4424 208b | 7c24 1ce9 | eef2 ffff | 4889 4c24 
  0x000078cd7472bb60: 2844 8954 | 2424 4489 | 4424 2048 | 8beb 895c 

  0x000078cd7472bb70: ;   {metadata({type array byte})}
  0x000078cd7472bb70: 241c 48be | 7023 004f | 206c 0000 | 418b d290 

  0x000078cd7472bb80: ;   {runtime_call _new_array_nozero_Java}
  0x000078cd7472bb80: c5f8 77e8 

  0x000078cd7472bb84: ; ImmutableOopMap {rbp=Oop [28]=NarrowOop [32]=NarrowOop [48]=Oop [56]=Oop [80]=Oop }
                      ;*newarray {reexecute=0 rethrow=0 return_oop=1}
                      ; - org.apache.lucene.util.fst.BytesStore::finish@11 (line 360)
                      ; - org.apache.lucene.util.fst.FST::finish@73 (line 520)
                      ; - org.apache.lucene.util.fst.FSTCompiler::compile@111 (line 605)
                      ; - org.apache.lucene.codecs.lucene90.blocktree.Lucene90BlockTreeTermsWriter$PendingBlock::compileIndex@446 (line 517)
  0x000078cd7472bb84: f8f1 5eff 

  0x000078cd7472bb88: ;   {other}
  0x000078cd7472bb88: 0f1f 8400 | 7818 001c | 8b5c 241c | 448b 4424 | 2044 8b54 | 2424 488b | 4c24 284c | 8be8 e971 
  0x000078cd7472bba8: ;   {metadata({type array int})}
  0x000078cd7472bba8: f8ff ff48 | be70 2700 | 4f20 6c00 | 008b d090 

  0x000078cd7472bbb8: ;   {runtime_call _new_array_nozero_Java}
  0x000078cd7472bbb8: c5f8 77e8 

  0x000078cd7472bbbc: ; ImmutableOopMap {rbp=Oop [28]=NarrowOop [32]=Oop [40]=Oop [48]=Oop [56]=Oop [64]=Oop [72]=Oop [80]=Oop [96]=Oop [104]=NarrowOop [108]=NarrowOop }
                      ;*newarray {reexecute=0 rethrow=0 return_oop=1}
                      ; - org.apache.lucene.util.ArrayUtil::growExact@1 (line 328)
                      ; - org.apache.lucene.util.ArrayUtil::grow@36 (line 340)
                      ; - org.apache.lucene.util.IntsRefBuilder::grow@12 (line 77)
                      ; - org.apache.lucene.util.IntsRefBuilder::append@10 (line 65)
                      ; - org.apache.lucene.util.fst.Util::toIntsRef@30 (line 788)
                      ; - org.apache.lucene.codecs.lucene90.blocktree.Lucene90BlockTreeTermsWriter$PendingBlock::compileIndex@327 (line 504)
  0x000078cd7472bbbc: c0f1 5eff 

  0x000078cd7472bbc0: ;   {other}
  0x000078cd7472bbc0: 0f1f 8400 | b018 001d | 4c8b c8e9 | 24fa ffff | bee4 ffff | ff49 8be9 | 4c8b 4c24 | 304c 894c 
  0x000078cd7472bbe0: 2420 4c8b | 4c24 504c | 894c 2448 | 895c 241c | 4c89 4424 | 5089 5424 | 584c 8944 | 2460 4489 
  0x000078cd7472bc00: 5c24 5c44 | 8954 2468 

  0x000078cd7472bc08: ;   {runtime_call UncommonTrapBlob}
  0x000078cd7472bc08: c5f8 77e8 

  0x000078cd7472bc0c: ; ImmutableOopMap {rbp=Oop [28]=NarrowOop [32]=Oop [40]=Oop [64]=Oop [72]=Oop [80]=Oop [92]=NarrowOop [96]=Oop }
                      ;*baload {reexecute=0 rethrow=0 return_oop=0}
                      ; - org.apache.lucene.util.fst.Util::toIntsRef@25 (line 788)
                      ; - org.apache.lucene.codecs.lucene90.blocktree.Lucene90BlockTreeTermsWriter$PendingBlock::compileIndex@327 (line 504)
  0x000078cd7472bc0c: f0e6 53ff 

  0x000078cd7472bc10: ;   {other}
  0x000078cd7472bc10: 0f1f 8400 | 0019 001e | bee4 ffff | ff49 8be9 | 4c8b 4c24 | 304c 894c | 2420 4c8b | 4c24 504c 
  0x000078cd7472bc30: 894c 2448 | 895c 241c | 4c89 4424 | 5089 5424 | 5889 4c24 | 5c44 8954 | 2460 4489 | 5c24 6490 
  0x000078cd7472bc50: ;   {runtime_call UncommonTrapBlob}
  0x000078cd7472bc50: c5f8 77e8 

  0x000078cd7472bc54: ; ImmutableOopMap {rbp=Oop [28]=NarrowOop [32]=Oop [40]=Oop [64]=Oop [72]=Oop [80]=Oop [92]=NarrowOop }
                      ;*iastore {reexecute=0 rethrow=0 return_oop=0}
                      ; - org.apache.lucene.util.IntsRefBuilder::append@35 (line 66)
                      ; - org.apache.lucene.util.fst.Util::toIntsRef@30 (line 788)
                      ; - org.apache.lucene.codecs.lucene90.blocktree.Lucene90BlockTreeTermsWriter$PendingBlock::compileIndex@327 (line 504)
  0x000078cd7472bc54: a8e6 53ff 

  0x000078cd7472bc58: ;   {other}
  0x000078cd7472bc58: 0f1f 8400 | 4819 001f | bee4 ffff | ff48 8b6c | 2438 488b | 4c24 4048 | 894c 2420 | 4489 4c24 
  0x000078cd7472bc78: 1c44 8944 | 2434 4489 | 5424 3844 | 896c 243c | 4c89 5c24 | 4066 6690 

  0x000078cd7472bc90: ;   {runtime_call UncommonTrapBlob}
  0x000078cd7472bc90: c5f8 77e8 

  0x000078cd7472bc94: ; ImmutableOopMap {rbp=Oop [28]=NarrowOop [32]=Oop [64]=Oop [80]=Oop }
                      ;*aaload {reexecute=0 rethrow=0 return_oop=0}
                      ; - java.util.ArrayList$Itr::next@64 (line 1057)
                      ; - org.apache.lucene.codecs.lucene90.blocktree.Lucene90BlockTreeTermsWriter$PendingBlock::compileIndex@370 (line 508)
  0x000078cd7472bc94: 68e6 53ff 

  0x000078cd7472bc98: ;   {other}
  0x000078cd7472bc98: 0f1f 8400 | 8819 0020 | bee4 ffff | ff48 ff74 | 2438 488f | 4424 2048 | 8b44 2440 | 4889 4424 
  0x000078cd7472bcb8: 2848 8b44 | 2450 4889 | 4424 3048 | 895c 2438 | 8954 241c | 4489 4424 | 4444 8954 | 2448 4489 
  0x000078cd7472bcd8: 6c24 4c4c | 895c 2450 | 894c 2458 | 4489 4c24 | 5c48 897c | 2460 6690 

  0x000078cd7472bcf0: ;   {runtime_call UncommonTrapBlob}
  0x000078cd7472bcf0: c5f8 77e8 

  0x000078cd7472bcf4: ; ImmutableOopMap {[28]=NarrowOop [32]=Oop [40]=Oop [48]=Oop [56]=Oop [80]=Oop [96]=Oop }
                      ;*aaload {reexecute=0 rethrow=0 return_oop=0}
                      ; - java.util.ArrayList$Itr::next@64 (line 1057)
                      ; - org.apache.lucene.codecs.lucene90.blocktree.Lucene90BlockTreeTermsWriter$PendingBlock::compileIndex@412 (line 510)
  0x000078cd7472bcf4: 08e6 53ff 

  0x000078cd7472bcf8: ;   {other}
  0x000078cd7472bcf8: 0f1f 8400 | e819 0021 | bef6 ffff | ff49 8be8 

  0x000078cd7472bd08: ;   {runtime_call UncommonTrapBlob}
  0x000078cd7472bd08: c5f8 77e8 

  0x000078cd7472bd0c: ; ImmutableOopMap {}
                      ;*invokevirtual writeVLong {reexecute=0 rethrow=0 return_oop=0}
                      ; - org.apache.lucene.codecs.lucene90.blocktree.Lucene90BlockTreeTermsWriter$PendingBlock::compileIndex@122 (line 477)
  0x000078cd7472bd0c: f0e5 53ff 

  0x000078cd7472bd10: ;   {other}
  0x000078cd7472bd10: 0f1f 8400 | 001a 0022 | bee4 ffff | ff48 ff74 | 2448 488f | 4424 204c | 896c 2430 | 4c89 4424 
  0x000078cd7472bd30: 4044 894c | 241c 4489 | 5c24 4890 

  0x000078cd7472bd3c: ;   {runtime_call UncommonTrapBlob}
  0x000078cd7472bd3c: c5f8 77e8 

  0x000078cd7472bd40: ; ImmutableOopMap {[28]=NarrowOop [32]=Oop [40]=Oop [48]=Oop [56]=Oop [64]=Oop }
                      ;*bastore {reexecute=0 rethrow=0 return_oop=0}
                      ; - java.nio.HeapByteBuffer::put@13 (line 216)
                      ; - org.apache.lucene.store.ByteBuffersDataOutput::writeByte@19 (line 189)
                      ; - org.apache.lucene.store.DataOutput::writeSignedVLong@37 (line 249)
                      ; - org.apache.lucene.store.DataOutput::writeVLong@22 (line 240)
                      ; - org.apache.lucene.codecs.lucene90.blocktree.Lucene90BlockTreeTermsWriter$PendingBlock::compileIndex@122 (line 477)
  0x000078cd7472bd40: bce5 53ff 

  0x000078cd7472bd44: ;   {other}
  0x000078cd7472bd44: 0f1f 8400 | 341a 0023 | bef6 ffff | ff66 6690 

  0x000078cd7472bd54: ;   {runtime_call UncommonTrapBlob}
  0x000078cd7472bd54: c5f8 77e8 

  0x000078cd7472bd58: ; ImmutableOopMap {}
                      ;*putfield length {reexecute=1 rethrow=0 return_oop=0}
                      ; - (reexecute) org.apache.lucene.util.IntsRefBuilder::setLength@5 (line 45)
                      ; - org.apache.lucene.util.IntsRefBuilder::clear@2 (line 50)
                      ; - org.apache.lucene.util.fst.Util::toIntsRef@1 (line 786)
                      ; - org.apache.lucene.codecs.lucene90.blocktree.Lucene90BlockTreeTermsWriter$PendingBlock::compileIndex@327 (line 504)
  0x000078cd7472bd58: a4e5 53ff 

  0x000078cd7472bd5c: ;   {other}
  0x000078cd7472bd5c: 0f1f 8400 | 4c1a 0024 | 4963 cae9 | 05f6 ffff | bee4 ffff | ff48 8b6c | 2438 895c | 241c 4c89 
  0x000078cd7472bd7c: 4424 304c | 896c 2440 | 4489 5c24 | 3c44 894c | 2448 6690 

  0x000078cd7472bd90: ;   {runtime_call UncommonTrapBlob}
  0x000078cd7472bd90: c5f8 77e8 

  0x000078cd7472bd94: ; ImmutableOopMap {rbp=Oop [28]=NarrowOop [48]=Oop [64]=Oop [80]=Oop }
                      ;*invokestatic checkIndex {reexecute=0 rethrow=0 return_oop=0}
                      ; - java.util.Objects::checkIndex@3 (line 385)
                      ; - java.util.ArrayList::set@5 (line 470)
                      ; - org.apache.lucene.util.fst.BytesStore::finish@44 (line 362)
                      ; - org.apache.lucene.util.fst.FST::finish@73 (line 520)
                      ; - org.apache.lucene.util.fst.FSTCompiler::compile@111 (line 605)
                      ; - org.apache.lucene.codecs.lucene90.blocktree.Lucene90BlockTreeTermsWriter$PendingBlock::compileIndex@446 (line 517)
  0x000078cd7472bd94: 68e5 53ff 

  0x000078cd7472bd98: ;   {other}
  0x000078cd7472bd98: 0f1f 8400 | 881a 0025 | bee4 ffff | ff48 8b6c | 2438 895c | 241c 4c89 | 4424 304c | 896c 2440 
  0x000078cd7472bdb8: 4489 5424 | 3c44 895c | 2448 6690 

  0x000078cd7472bdc4: ;   {runtime_call UncommonTrapBlob}
  0x000078cd7472bdc4: c5f8 77e8 

  0x000078cd7472bdc8: ; ImmutableOopMap {rbp=Oop [28]=NarrowOop [48]=Oop [60]=NarrowOop [64]=Oop [80]=Oop }
                      ;*aaload {reexecute=0 rethrow=0 return_oop=0}
                      ; - java.util.ArrayList::elementData@5 (line 411)
                      ; - java.util.ArrayList::set@11 (line 471)
                      ; - org.apache.lucene.util.fst.BytesStore::finish@44 (line 362)
                      ; - org.apache.lucene.util.fst.FST::finish@73 (line 520)
                      ; - org.apache.lucene.util.fst.FSTCompiler::compile@111 (line 605)
                      ; - org.apache.lucene.codecs.lucene90.blocktree.Lucene90BlockTreeTermsWriter$PendingBlock::compileIndex@446 (line 517)
  0x000078cd7472bdc8: 34e5 53ff 

  0x000078cd7472bdcc: ;   {other}
  0x000078cd7472bdcc: 0f1f 8400 | bc1a 0026 | bede ffff | ff4c 896c | 2430 895c | 241c 6690 

  0x000078cd7472bde4: ;   {runtime_call UncommonTrapBlob}
  0x000078cd7472bde4: c5f8 77e8 

  0x000078cd7472bde8: ; ImmutableOopMap {[28]=NarrowOop [40]=Oop [48]=Oop [56]=Oop [72]=Oop }
                      ;*invokevirtual put {reexecute=0 rethrow=0 return_oop=0}
                      ; - org.apache.lucene.store.ByteBuffersDataOutput::writeByte@19 (line 189)
                      ; - org.apache.lucene.store.DataOutput::writeSignedVLong@37 (line 249)
                      ; - org.apache.lucene.store.DataOutput::writeVLong@22 (line 240)
                      ; - org.apache.lucene.codecs.lucene90.blocktree.Lucene90BlockTreeTermsWriter$PendingBlock::compileIndex@122 (line 477)
  0x000078cd7472bde8: 14e5 53ff 

  0x000078cd7472bdec: ;   {other}
  0x000078cd7472bdec: 0f1f 8400 | dc1a 0027 | be76 ffff | ff4c 8b54 | 2438 4c89 | 5424 204c | 8b54 2430 | 4c89 5424 
  0x000078cd7472be0c: 284c 8b54 | 2440 4c89 | 5424 304c | 8b54 2450 | 4c89 5424 | 3889 5424 | 1c89 7c24 | 4044 894c 
  0x000078cd7472be2c: 2444 4489 | 5c24 4844 | 8944 244c | 894c 2450 

  0x000078cd7472be3c: ;   {runtime_call UncommonTrapBlob}
  0x000078cd7472be3c: c5f8 77e8 

  0x000078cd7472be40: ; ImmutableOopMap {rbp=Oop [28]=NarrowOop [32]=Oop [40]=Oop [48]=Oop [56]=Oop [64]=NarrowOop [68]=NarrowOop }
                      ;*iload_3 {reexecute=0 rethrow=0 return_oop=0}
                      ; - java.util.ArrayDeque::forEach@36 (line 886)
                      ; - org.apache.lucene.store.ByteBuffersDataOutput::reset@18 (line 475)
                      ; - org.apache.lucene.codecs.lucene90.blocktree.Lucene90BlockTreeTermsWriter$PendingBlock::compileIndex@347 (line 505)
  0x000078cd7472be40: bce4 53ff 

  0x000078cd7472be44: ;   {other}
  0x000078cd7472be44: 0f1f 8400 | 341b 0028 | bede ffff | ff48 8b6c | 2438 6690 

  0x000078cd7472be58: ;   {runtime_call UncommonTrapBlob}
  0x000078cd7472be58: c5f8 77e8 

  0x000078cd7472be5c: ; ImmutableOopMap {rbp=Oop [48]=Oop [64]=Oop [80]=Oop }
                      ;*invokeinterface iterator {reexecute=0 rethrow=0 return_oop=0}
                      ; - org.apache.lucene.codecs.lucene90.blocktree.Lucene90BlockTreeTermsWriter$PendingBlock::compileIndex@351 (line 508)
  0x000078cd7472be5c: a0e4 53ff 

  0x000078cd7472be60: ;   {other}
  0x000078cd7472be60: 0f1f 8400 | 501b 0029 | bee4 ffff | ff48 8b6c | 2438 4489 | 4c24 1c90 

  0x000078cd7472be78: ;   {runtime_call UncommonTrapBlob}
  0x000078cd7472be78: c5f8 77e8 

  0x000078cd7472be7c: ; ImmutableOopMap {rbp=Oop [28]=NarrowOop [80]=Oop }
                      ;*aaload {reexecute=0 rethrow=0 return_oop=0}
                      ; - org.apache.lucene.util.fst.FSTCompiler::compile@5 (line 585)
                      ; - org.apache.lucene.codecs.lucene90.blocktree.Lucene90BlockTreeTermsWriter$PendingBlock::compileIndex@446 (line 517)
  0x000078cd7472be7c: 80e4 53ff 

  0x000078cd7472be80: ;   {other}
  0x000078cd7472be80: 0f1f 8400 | 701b 002a | becc ffff | ff48 8b6c | 2420 895c | 241c 4489 | 5424 3090 

  0x000078cd7472be9c: ;   {runtime_call UncommonTrapBlob}
  0x000078cd7472be9c: c5f8 77e8 

  0x000078cd7472bea0: ; ImmutableOopMap {rbp=Oop [28]=NarrowOop [80]=Oop }
                      ;*newarray {reexecute=1 rethrow=0 return_oop=0}
                      ; - (reexecute) org.apache.lucene.util.fst.BytesStore::finish@11 (line 360)
                      ; - org.apache.lucene.util.fst.FST::finish@73 (line 520)
                      ; - org.apache.lucene.util.fst.FSTCompiler::compile@111 (line 605)
                      ; - org.apache.lucene.codecs.lucene90.blocktree.Lucene90BlockTreeTermsWriter$PendingBlock::compileIndex@446 (line 517)
  0x000078cd7472bea0: 5ce4 53ff 

  0x000078cd7472bea4: ;   {other}
  0x000078cd7472bea4: 0f1f 8400 | 941b 002b | bede ffff | ff48 8b6c | 2438 895c | 241c 4c89 | 6c24 3044 | 8954 243c 
  0x000078cd7472bec4: ;   {runtime_call UncommonTrapBlob}
  0x000078cd7472bec4: c5f8 77e8 

  0x000078cd7472bec8: ; ImmutableOopMap {rbp=Oop [28]=NarrowOop [48]=Oop [60]=NarrowOop [80]=Oop }
                      ;*invokeinterface size {reexecute=0 rethrow=0 return_oop=0}
                      ; - org.apache.lucene.util.fst.BytesStore::finish@36 (line 362)
                      ; - org.apache.lucene.util.fst.FST::finish@73 (line 520)
                      ; - org.apache.lucene.util.fst.FSTCompiler::compile@111 (line 605)
                      ; - org.apache.lucene.codecs.lucene90.blocktree.Lucene90BlockTreeTermsWriter$PendingBlock::compileIndex@446 (line 517)
  0x000078cd7472bec8: 34e4 53ff 

  0x000078cd7472becc: ;   {other}
  0x000078cd7472becc: 0f1f 8400 | bc1b 002c | becc ffff | ff48 8b6c | 2438 895c | 241c 4c89 | 4424 304c | 896c 2440 
  0x000078cd7472beec: 4489 5c24 | 3c44 894c | 2448 6690 

  0x000078cd7472bef8: ;   {runtime_call UncommonTrapBlob}
  0x000078cd7472bef8: c5f8 77e8 

  0x000078cd7472befc: ; ImmutableOopMap {rbp=Oop [28]=NarrowOop [48]=Oop [64]=Oop [80]=Oop }
                      ;*invokestatic checkIndex {reexecute=0 rethrow=0 return_oop=0}
                      ; - java.util.Objects::checkIndex@3 (line 385)
                      ; - java.util.ArrayList::set@5 (line 470)
                      ; - org.apache.lucene.util.fst.BytesStore::finish@44 (line 362)
                      ; - org.apache.lucene.util.fst.FST::finish@73 (line 520)
                      ; - org.apache.lucene.util.fst.FSTCompiler::compile@111 (line 605)
                      ; - org.apache.lucene.codecs.lucene90.blocktree.Lucene90BlockTreeTermsWriter$PendingBlock::compileIndex@446 (line 517)
  0x000078cd7472befc: 00e4 53ff 

  0x000078cd7472bf00: ;   {other}
  0x000078cd7472bf00: 0f1f 8400 | f01b 002d | 438b 6c9a | 10be d6ff | ffff 4c8b | 4424 384c | 8944 2428 | 895c 241c 
  0x000078cd7472bf20: 4489 5424 | 3844 895c | 243c 4c89 | 6c24 4090 

  0x000078cd7472bf30: ;   {runtime_call UncommonTrapBlob}
  0x000078cd7472bf30: c5f8 77e8 

  0x000078cd7472bf34: ; ImmutableOopMap {rbp=NarrowOop [28]=NarrowOop [40]=Oop [48]=Oop [56]=NarrowOop [64]=Oop }
                      ;*aastore {reexecute=1 rethrow=0 return_oop=0}
                      ; - (reexecute) java.util.ArrayList::set@21 (line 472)
                      ; - org.apache.lucene.util.fst.BytesStore::finish@44 (line 362)
                      ; - org.apache.lucene.util.fst.FST::finish@73 (line 520)
                      ; - org.apache.lucene.util.fst.FSTCompiler::compile@111 (line 605)
                      ; - org.apache.lucene.codecs.lucene90.blocktree.Lucene90BlockTreeTermsWriter$PendingBlock::compileIndex@446 (line 517)
  0x000078cd7472bf34: c8e3 53ff 

  0x000078cd7472bf38: ;   {other}
  0x000078cd7472bf38: 0f1f 8400 | 281c 002e | be45 ffff | ff48 8b6c | 2438 4c8b | 4424 404c | 8944 2420 | 4489 4c24 
  0x000078cd7472bf58: 1c44 8954 | 2434 894c | 2438 4489 | 6c24 3c4c | 895c 2440 

  0x000078cd7472bf6c: ;   {runtime_call UncommonTrapBlob}
  0x000078cd7472bf6c: c5f8 77e8 

  0x000078cd7472bf70: ; ImmutableOopMap {rbp=Oop [32]=Oop [64]=Oop [80]=Oop }
                      ;*if_icmpeq {reexecute=1 rethrow=0 return_oop=0}
                      ; - (reexecute) java.util.ArrayList$Itr::checkForComodification@11 (line 1094)
                      ; - java.util.ArrayList$Itr::next@1 (line 1049)
                      ; - org.apache.lucene.codecs.lucene90.blocktree.Lucene90BlockTreeTermsWriter$PendingBlock::compileIndex@370 (line 508)
  0x000078cd7472bf70: 8ce3 53ff 

  0x000078cd7472bf74: ;   {other}
  0x000078cd7472bf74: 0f1f 8400 | 641c 002f | be45 ffff | ff48 8b6c | 2438 4c8b | 4c24 404c | 894c 2420 | 4489 5424 
  0x000078cd7472bf94: 3044 8944 | 2434 4489 | 5424 3889 | 4c24 3c44 | 896c 2440 | 4c89 5c24 | 4866 6690 

  0x000078cd7472bfb0: ;   {runtime_call UncommonTrapBlob}
  0x000078cd7472bfb0: c5f8 77e8 

  0x000078cd7472bfb4: ; ImmutableOopMap {rbp=Oop [32]=Oop [72]=Oop [80]=Oop }
                      ;*if_icmplt {reexecute=1 rethrow=0 return_oop=0}
                      ; - (reexecute) java.util.ArrayList$Itr::next@17 (line 1051)
                      ; - org.apache.lucene.codecs.lucene90.blocktree.Lucene90BlockTreeTermsWriter$PendingBlock::compileIndex@370 (line 508)
  0x000078cd7472bfb4: 48e3 53ff 

  0x000078cd7472bfb8: ;   {other}
  0x000078cd7472bfb8: 0f1f 8400 | a81c 0030 | be45 ffff | ff48 8b6c | 2438 4c8b | 4424 404c | 8944 2420 | 895c 2430 
  0x000078cd7472bfd8: 4489 5424 | 3489 4c24 | 3844 896c | 243c 4c89 | 5c24 4090 

  0x000078cd7472bfec: ;   {runtime_call UncommonTrapBlob}
  0x000078cd7472bfec: c5f8 77e8 

  0x000078cd7472bff0: ; ImmutableOopMap {rbp=Oop [32]=Oop [64]=Oop [80]=Oop }
                      ;*if_icmplt {reexecute=1 rethrow=0 return_oop=0}
                      ; - (reexecute) java.util.ArrayList$Itr::next@39 (line 1054)
                      ; - org.apache.lucene.codecs.lucene90.blocktree.Lucene90BlockTreeTermsWriter$PendingBlock::compileIndex@370 (line 508)
  0x000078cd7472bff0: 0ce3 53ff 

  0x000078cd7472bff4: ;   {other}
  0x000078cd7472bff4: 0f1f 8400 | e41c 0031 | bee4 ffff | ff4c 8b54 | 2438 4c89 | 5424 204c | 8b54 2430 | 4c89 5424 
  0x000078cd7472c014: 284c 8b54 | 2440 4c89 | 5424 304c | 8b54 2450 | 4c89 5424 | 3889 5424 | 1c44 8944 | 244c 894c 
  0x000078cd7472c034: 2450 897c | 2454 4489 | 4c24 5844 | 895c 245c 

  0x000078cd7472c044: ;   {runtime_call UncommonTrapBlob}
  0x000078cd7472c044: c5f8 77e8 

  0x000078cd7472c048: ; ImmutableOopMap {rbp=Oop [28]=NarrowOop [32]=Oop [40]=Oop [48]=Oop [56]=Oop [84]=NarrowOop [88]=NarrowOop }
                      ;*aaload {reexecute=0 rethrow=0 return_oop=0}
                      ; - java.util.ArrayDeque::elementAt@2 (line 258)
                      ; - java.util.ArrayDeque::forEach@45 (line 887)
                      ; - org.apache.lucene.store.ByteBuffersDataOutput::reset@18 (line 475)
                      ; - org.apache.lucene.codecs.lucene90.blocktree.Lucene90BlockTreeTermsWriter$PendingBlock::compileIndex@347 (line 505)
  0x000078cd7472c048: b4e2 53ff 

  0x000078cd7472c04c: ;   {other}
  0x000078cd7472c04c: 0f1f 8400 | 3c1d 0032 | bee4 ffff | ff48 ff74 | 2438 488f | 4424 204c | 8b54 2430 | 4c89 5424 
  0x000078cd7472c06c: 284c 8b54 | 2440 4c89 | 5424 304c | 8b54 2450 | 4c89 5424 | 384c 8b54 | 2448 4c89 | 5424 4089 
  0x000078cd7472c08c: 5424 4844 | 8b5c 2460 | 4489 5c24 | 4c44 8b54 | 245c 4489 | 5424 5044 | 8b5c 2464 | 4489 5c24 
  0x000078cd7472c0ac: 5489 4c24 | 5889 5c24 | 6089 7c24 | 644c 894c | 2468 6690 

  0x000078cd7472c0c0: ;   {runtime_call UncommonTrapBlob}
  0x000078cd7472c0c0: c5f8 77e8 

  0x000078cd7472c0c4: ; ImmutableOopMap {rbp=Oop [32]=Oop [40]=Oop [48]=Oop [56]=Oop [64]=Oop [72]=NarrowOop [76]=NarrowOop [88]=NarrowOop [96]=NarrowOop [104]=Oop }
                      ;*aastore {reexecute=1 rethrow=0 return_oop=0}
                      ; - (reexecute) java.util.ArrayDeque::addLast@23 (line 304)
                      ; - org.apache.lucene.store.ByteBuffersDataOutput$ByteBufferRecycler::reuse@10 (line 79)
                      ; - org.apache.lucene.store.ByteBuffersDataOutput$$Lambda/0x00006c20500b08a8::accept@8
                      ; - java.util.ArrayDeque::forEach@48 (line 887)
                      ; - org.apache.lucene.store.ByteBuffersDataOutput::reset@18 (line 475)
                      ; - org.apache.lucene.codecs.lucene90.blocktree.Lucene90BlockTreeTermsWriter$PendingBlock::compileIndex@347 (line 505)
  0x000078cd7472c0c4: 38e2 53ff 

  0x000078cd7472c0c8: ;   {other}
  0x000078cd7472c0c8: 0f1f 8400 | b81d 0033 | bed6 ffff | ff48 ff74 | 2438 488f | 4424 204c | 8b54 2430 | 4c89 5424 
  0x000078cd7472c0e8: 284c 8b54 | 2440 4c89 | 5424 304c | 8b54 2450 | 4c89 5424 | 384c 8b54 | 2448 4c89 | 5424 4089 
  0x000078cd7472c108: 5424 4844 | 8b54 2460 | 4489 5424 | 4c44 8b5c | 245c 4489 | 5c24 5044 | 8b5c 2464 | 4489 5c24 
  0x000078cd7472c128: 5489 4c24 | 5889 5c24 | 6089 7c24 | 644c 894c | 2468 6690 

  0x000078cd7472c13c: ;   {runtime_call UncommonTrapBlob}
  0x000078cd7472c13c: c5f8 77e8 

  0x000078cd7472c140: ; ImmutableOopMap {rbp=Oop [32]=Oop [40]=Oop [48]=Oop [56]=Oop [64]=Oop [72]=NarrowOop [76]=NarrowOop [88]=NarrowOop [96]=NarrowOop [104]=Oop }
                      ;*aastore {reexecute=1 rethrow=0 return_oop=0}
                      ; - (reexecute) java.util.ArrayDeque::addLast@23 (line 304)
                      ; - org.apache.lucene.store.ByteBuffersDataOutput$ByteBufferRecycler::reuse@10 (line 79)
                      ; - org.apache.lucene.store.ByteBuffersDataOutput$$Lambda/0x00006c20500b08a8::accept@8
                      ; - java.util.ArrayDeque::forEach@48 (line 887)
                      ; - org.apache.lucene.store.ByteBuffersDataOutput::reset@18 (line 475)
                      ; - org.apache.lucene.codecs.lucene90.blocktree.Lucene90BlockTreeTermsWriter$PendingBlock::compileIndex@347 (line 505)
  0x000078cd7472c140: bce1 53ff 

  0x000078cd7472c144: ;   {other}
  0x000078cd7472c144: 0f1f 8400 | 341e 0034 | bee4 ffff | ff48 8b6c | 2448 4c89 | 6c24 284c | 8b54 2438 | 4c89 5424 
  0x000078cd7472c164: 304c 895c | 2438 4489 | 4424 4044 | 8944 2444 | 894c 2448 

  0x000078cd7472c178: ;   {runtime_call UncommonTrapBlob}
  0x000078cd7472c178: c5f8 77e8 

  0x000078cd7472c17c: ; ImmutableOopMap {rbp=Oop [40]=Oop [48]=Oop [56]=Oop }
                      ;*invokestatic checkIndex {reexecute=0 rethrow=0 return_oop=0}
                      ; - java.util.Objects::checkIndex@3 (line 385)
                      ; - java.util.ArrayList::get@5 (line 427)
                      ; - org.apache.lucene.codecs.lucene90.blocktree.Lucene90BlockTreeTermsWriter$PendingBlock::compileIndex@161 (line 481)
  0x000078cd7472c17c: 80e1 53ff 

  0x000078cd7472c180: ;   {other}
  0x000078cd7472c180: 0f1f 8400 | 701e 0035 | bee4 ffff | ff4c 895c | 2420 4c89 | 6c24 284c | 8b5c 2438 | 4c89 5c24 
  0x000078cd7472c1a0: 3044 8944 | 241c 4489 | 4c24 3844 | 8954 243c 

  0x000078cd7472c1b0: ;   {runtime_call UncommonTrapBlob}
  0x000078cd7472c1b0: c5f8 77e8 

  0x000078cd7472c1b4: ; ImmutableOopMap {[32]=Oop [40]=Oop [48]=Oop [56]=NarrowOop [72]=Oop }
                      ;*aaload {reexecute=0 rethrow=0 return_oop=0}
                      ; - java.util.ArrayList::elementData@5 (line 411)
                      ; - java.util.ArrayList::get@11 (line 428)
                      ; - org.apache.lucene.codecs.lucene90.blocktree.Lucene90BlockTreeTermsWriter$PendingBlock::compileIndex@161 (line 481)
  0x000078cd7472c1b4: 48e1 53ff 

  0x000078cd7472c1b8: ;   {other}
  0x000078cd7472c1b8: 0f1f 8400 | a81e 0036 | bee4 ffff | ff48 ff74 | 2448 488f | 4424 204c | 895c 2428 | 4c89 6c24 
  0x000078cd7472c1d8: 3044 8954 | 241c 4889 | 7c24 404c | 894c 2448 | 4489 4424 | 5089 4c24 | 5466 6690 

  0x000078cd7472c1f4: ;   {runtime_call UncommonTrapBlob}
  0x000078cd7472c1f4: c5f8 77e8 

  0x000078cd7472c1f8: ; ImmutableOopMap {[32]=Oop [40]=Oop [48]=Oop [56]=Oop [64]=Oop [72]=Oop [80]=NarrowOop }
                      ;*bastore {reexecute=0 rethrow=0 return_oop=0}
                      ; - java.nio.HeapByteBuffer::put@13 (line 216)
                      ; - org.apache.lucene.store.ByteBuffersDataOutput::writeByte@19 (line 189)
                      ; - org.apache.lucene.codecs.lucene90.blocktree.Lucene90BlockTreeTermsWriter$PendingBlock::compileIndex@201 (line 487)
  0x000078cd7472c1f8: 04e1 53ff 

  0x000078cd7472c1fc: ;   {other}
  0x000078cd7472c1fc: 0f1f 8400 | ec1e 0037 | bee4 ffff | ff48 ff74 | 2448 488f | 4424 204c | 895c 2428 | 4c89 6c24 
  0x000078cd7472c21c: 3044 8954 | 241c 4889 | 7c24 4044 | 894c 2448 | 4489 4424 | 4c66 6690 

  0x000078cd7472c234: ;   {runtime_call UncommonTrapBlob}
  0x000078cd7472c234: c5f8 77e8 

  0x000078cd7472c238: ; ImmutableOopMap {[32]=Oop [40]=Oop [48]=Oop [56]=Oop [64]=Oop [72]=NarrowOop }
                      ;*bastore {reexecute=0 rethrow=0 return_oop=0}
                      ; - java.nio.HeapByteBuffer::put@13 (line 216)
                      ; - org.apache.lucene.store.ByteBuffersDataOutput::writeByte@19 (line 189)
                      ; - org.apache.lucene.store.DataOutput::writeSignedVLong@37 (line 249)
                      ; - org.apache.lucene.store.DataOutput::writeVLong@22 (line 240)
                      ; - org.apache.lucene.codecs.lucene90.blocktree.Lucene90BlockTreeTermsWriter$PendingBlock::compileIndex@259 (line 489)
  0x000078cd7472c238: c4e0 53ff 

  0x000078cd7472c23c: ;   {other}
  0x000078cd7472c23c: 0f1f 8400 | 2c1f 0038 | becc ffff | ff48 8b6c | 2448 4c89 | 6c24 284c | 8b54 2438 | 4c89 5424 
  0x000078cd7472c25c: 304c 895c | 2438 4489 | 4424 4044 | 8944 2444 | 894c 2448 

  0x000078cd7472c270: ;   {runtime_call UncommonTrapBlob}
  0x000078cd7472c270: c5f8 77e8 

  0x000078cd7472c274: ; ImmutableOopMap {rbp=Oop [40]=Oop [48]=Oop [56]=Oop }
                      ;*invokestatic checkIndex {reexecute=0 rethrow=0 return_oop=0}
                      ; - java.util.Objects::checkIndex@3 (line 385)
                      ; - java.util.ArrayList::get@5 (line 427)
                      ; - org.apache.lucene.codecs.lucene90.blocktree.Lucene90BlockTreeTermsWriter$PendingBlock::compileIndex@161 (line 481)
  0x000078cd7472c274: 88e0 53ff 

  0x000078cd7472c278: ;   {other}
  0x000078cd7472c278: 0f1f 8400 | 681f 0039 | bede ffff | ff48 ff74 | 2448 488f | 4424 204c | 895c 2428 | 4c89 6c24 
  0x000078cd7472c298: 3044 8954 | 241c 4889 | 7c24 4089 | 4c24 4890 

  0x000078cd7472c2a8: ;   {runtime_call UncommonTrapBlob}
  0x000078cd7472c2a8: c5f8 77e8 

  0x000078cd7472c2ac: ; ImmutableOopMap {[32]=Oop [40]=Oop [48]=Oop [56]=Oop [64]=Oop [72]=NarrowOop }
                      ;*invokevirtual put {reexecute=0 rethrow=0 return_oop=0}
                      ; - org.apache.lucene.store.ByteBuffersDataOutput::writeByte@19 (line 189)
                      ; - org.apache.lucene.codecs.lucene90.blocktree.Lucene90BlockTreeTermsWriter$PendingBlock::compileIndex@201 (line 487)
  0x000078cd7472c2ac: 50e0 53ff 

  0x000078cd7472c2b0: ;   {other}
  0x000078cd7472c2b0: 0f1f 8400 | a01f 003a | bede ffff | ff4c 895c | 2428 4c89 | 6c24 3044 | 8954 241c | 4489 4424 
  0x000078cd7472c2d0: 4066 6690 

  0x000078cd7472c2d4: ;   {runtime_call UncommonTrapBlob}
  0x000078cd7472c2d4: c5f8 77e8 

  0x000078cd7472c2d8: ; ImmutableOopMap {[40]=Oop [48]=Oop [56]=Oop [64]=NarrowOop [72]=Oop }
                      ;*invokevirtual put {reexecute=0 rethrow=0 return_oop=0}
                      ; - org.apache.lucene.store.ByteBuffersDataOutput::writeByte@19 (line 189)
                      ; - org.apache.lucene.store.DataOutput::writeSignedVLong@37 (line 249)
                      ; - org.apache.lucene.store.DataOutput::writeVLong@22 (line 240)
                      ; - org.apache.lucene.codecs.lucene90.blocktree.Lucene90BlockTreeTermsWriter$PendingBlock::compileIndex@259 (line 489)
  0x000078cd7472c2d8: 24e0 53ff 

  0x000078cd7472c2dc: ;   {other}
  0x000078cd7472c2dc: 0f1f 8400 | cc1f 003b | 4d3b cabd | ffff ffff | 7c08 400f | 95c5 400f | b6ed be45 | ffff ff44 
  0x000078cd7472c2fc: 8944 241c 

  0x000078cd7472c300: ;   {runtime_call UncommonTrapBlob}
  0x000078cd7472c300: c5f8 77e8 

  0x000078cd7472c304: ; ImmutableOopMap {[28]=NarrowOop [40]=Oop [80]=Oop }
                      ;*iflt {reexecute=1 rethrow=0 return_oop=0}
                      ; - (reexecute) org.apache.lucene.util.fst.FSTCompiler::compile@22 (line 589)
                      ; - org.apache.lucene.codecs.lucene90.blocktree.Lucene90BlockTreeTermsWriter$PendingBlock::compileIndex@446 (line 517)
  0x000078cd7472c304: f8df 53ff 

  0x000078cd7472c308: ;   {other}
  0x000078cd7472c308: 0f1f 8400 | f81f 003c | 4c3b c9bd | ffff ffff | 7c08 400f | 95c5 400f | b6ed be45 | ffff ff44 
  0x000078cd7472c328: 8944 241c 

  0x000078cd7472c32c: ;   {runtime_call UncommonTrapBlob}
  0x000078cd7472c32c: c5f8 77e8 

  0x000078cd7472c330: ; ImmutableOopMap {[28]=NarrowOop [40]=Oop [80]=Oop }
                      ;*iflt {reexecute=1 rethrow=0 return_oop=0}
                      ; - (reexecute) org.apache.lucene.util.fst.FSTCompiler::compile@35 (line 589)
                      ; - org.apache.lucene.codecs.lucene90.blocktree.Lucene90BlockTreeTermsWriter$PendingBlock::compileIndex@446 (line 517)
  0x000078cd7472c330: ccdf 53ff 

  0x000078cd7472c334: ;   {other}
  0x000078cd7472c334: 0f1f 8400 | 2420 003d | be45 ffff | ff48 8b44 | 2438 488b | e848 8b44 | 2440 4889 | 4424 2048 
  0x000078cd7472c354: 8b44 2450 | 4889 4424 | 2848 895c | 2430 8954 | 241c 4489 | 4424 3c44 | 8954 2440 | 4489 6c24 
  0x000078cd7472c374: 444c 895c | 2448 894c | 2450 4489 | 7424 5444 | 894c 2458 | 4889 7c24 | 6066 6690 

  0x000078cd7472c390: ;   {runtime_call UncommonTrapBlob}
  0x000078cd7472c390: c5f8 77e8 

  0x000078cd7472c394: ; ImmutableOopMap {rbp=Oop [32]=Oop [40]=Oop [48]=Oop [72]=Oop [96]=Oop }
                      ;*if_icmpeq {reexecute=1 rethrow=0 return_oop=0}
                      ; - (reexecute) java.util.ArrayList$Itr::checkForComodification@11 (line 1094)
                      ; - java.util.ArrayList$Itr::next@1 (line 1049)
                      ; - org.apache.lucene.codecs.lucene90.blocktree.Lucene90BlockTreeTermsWriter$PendingBlock::compileIndex@412 (line 510)
  0x000078cd7472c394: 68df 53ff 

  0x000078cd7472c398: ;   {other}
  0x000078cd7472c398: 0f1f 8400 | 8820 003e | be45 ffff | ff48 8b44 | 2438 488b | e848 8b44 | 2440 4889 | 4424 2048 
  0x000078cd7472c3b8: 8b44 2450 | 4889 4424 | 2848 895c | 2430 894c | 2438 8954 | 243c 4489 | 4424 4044 | 8954 2444 
  0x000078cd7472c3d8: 4489 6c24 | 484c 895c | 2450 894c | 244c 4489 | 7424 5844 | 894c 245c | 4889 7c24 | 6066 6690 
  0x000078cd7472c3f8: ;   {runtime_call UncommonTrapBlob}
  0x000078cd7472c3f8: c5f8 77e8 

  0x000078cd7472c3fc: ; ImmutableOopMap {rbp=Oop [32]=Oop [40]=Oop [48]=Oop [80]=Oop [96]=Oop }
                      ;*if_icmplt {reexecute=1 rethrow=0 return_oop=0}
                      ; - (reexecute) java.util.ArrayList$Itr::next@17 (line 1051)
                      ; - org.apache.lucene.codecs.lucene90.blocktree.Lucene90BlockTreeTermsWriter$PendingBlock::compileIndex@412 (line 510)
  0x000078cd7472c3fc: 00df 53ff 

  0x000078cd7472c400: ;   {other}
  0x000078cd7472c400: 0f1f 8400 | f020 003f | be45 ffff | ff48 8b54 | 2438 488b | ea48 8b54 | 2440 4889 | 5424 2048 
  0x000078cd7472c420: 8b54 2450 | 4889 5424 | 2848 895c | 2430 8944 | 2438 4489 | 4424 3c44 | 8954 2440 | 4489 6c24 
  0x000078cd7472c440: 444c 895c | 2448 894c | 2450 4489 | 7424 5444 | 894c 2458 | 4889 7c24 | 6066 6690 

  0x000078cd7472c45c: ;   {runtime_call UncommonTrapBlob}
  0x000078cd7472c45c: c5f8 77e8 

  0x000078cd7472c460: ; ImmutableOopMap {rbp=Oop [32]=Oop [40]=Oop [48]=Oop [72]=Oop [96]=Oop }
                      ;*if_icmplt {reexecute=1 rethrow=0 return_oop=0}
                      ; - (reexecute) java.util.ArrayList$Itr::next@39 (line 1054)
                      ; - org.apache.lucene.codecs.lucene90.blocktree.Lucene90BlockTreeTermsWriter$PendingBlock::compileIndex@412 (line 510)
  0x000078cd7472c460: 9cde 53ff 

  0x000078cd7472c464: ;   {other}
  0x000078cd7472c464: 0f1f 8400 | 5421 0040 | 4533 d24d | 3bc2 bdff | ffff ff7c | 0840 0f95 | c540 0fb6 | edbe 45ff 
  0x000078cd7472c484: ffff 4889 | 4c24 304c | 8944 2440 

  0x000078cd7472c490: ;   {runtime_call UncommonTrapBlob}
  0x000078cd7472c490: c5f8 77e8 

  0x000078cd7472c494: ; ImmutableOopMap {[40]=Oop [48]=Oop [56]=Oop [72]=Oop }
                      ;*ifge {reexecute=1 rethrow=0 return_oop=0}
                      ; - (reexecute) org.apache.lucene.store.DataOutput::writeVLong@3 (line 237)
                      ; - org.apache.lucene.codecs.lucene90.blocktree.Lucene90BlockTreeTermsWriter$PendingBlock::compileIndex@122 (line 477)
  0x000078cd7472c494: 68de 53ff 

  0x000078cd7472c498: ;   {other}
  0x000078cd7472c498: 0f1f 8400 | 8821 0041 | be45 ffff | ff48 ff74 | 2448 488f | 4424 204c | 896c 2430 | 4489 4c24 
  0x000078cd7472c4b8: 1c4c 8944 | 2448 897c | 2450 4489 | 5424 5490 

  0x000078cd7472c4c8: ;   {runtime_call UncommonTrapBlob}
  0x000078cd7472c4c8: c5f8 77e8 

  0x000078cd7472c4cc: ; ImmutableOopMap {[28]=NarrowOop [32]=Oop [40]=Oop [48]=Oop [56]=Oop [72]=Oop }
                      ;*if_icmplt {reexecute=1 rethrow=0 return_oop=0}
                      ; - (reexecute) java.nio.Buffer::nextPutIndex@10 (line 735)
                      ; - java.nio.HeapByteBuffer::put@6 (line 216)
                      ; - org.apache.lucene.store.ByteBuffersDataOutput::writeByte@19 (line 189)
                      ; - org.apache.lucene.store.DataOutput::writeSignedVLong@37 (line 249)
                      ; - org.apache.lucene.store.DataOutput::writeVLong@22 (line 240)
                      ; - org.apache.lucene.codecs.lucene90.blocktree.Lucene90BlockTreeTermsWriter$PendingBlock::compileIndex@122 (line 477)
  0x000078cd7472c4cc: 30de 53ff 

  0x000078cd7472c4d0: ;   {other}
  0x000078cd7472c4d0: 0f1f 8400 | c021 0042 | be45 ffff | ff48 ff74 | 2438 488f | 4424 204c | 8b54 2430 | 4c89 5424 
  0x000078cd7472c4f0: 2889 7c24 | 1c66 6690 

  0x000078cd7472c4f8: ;   {runtime_call UncommonTrapBlob}
  0x000078cd7472c4f8: c5f8 77e8 

  0x000078cd7472c4fc: ; ImmutableOopMap {rbp=Oop [28]=NarrowOop [32]=Oop [40]=Oop [64]=Oop [80]=Oop }
                      ;*if_acmpeq {reexecute=1 rethrow=0 return_oop=0}
                      ; - (reexecute) org.apache.lucene.store.ByteBuffersDataOutput::reset@7 (line 474)
                      ; - org.apache.lucene.codecs.lucene90.blocktree.Lucene90BlockTreeTermsWriter$PendingBlock::compileIndex@347 (line 505)
  0x000078cd7472c4fc: 00de 53ff 

  0x000078cd7472c500: ;   {other}
  0x000078cd7472c500: 0f1f 8400 | f021 0043 | be45 ffff | ff48 ff74 | 2438 488f | 4424 204c | 8b5c 2430 | 4c89 5c24 
  0x000078cd7472c520: 284c 8b5c | 2440 4c89 | 5c24 3044 | 8944 241c | 4489 5424 | 4066 6690 

  0x000078cd7472c538: ;   {runtime_call UncommonTrapBlob}
  0x000078cd7472c538: c5f8 77e8 

  0x000078cd7472c53c: ; ImmutableOopMap {rbp=Oop [32]=Oop [40]=Oop [48]=Oop [80]=Oop }
                      ;*if_icmpeq {reexecute=1 rethrow=0 return_oop=0}
                      ; - (reexecute) java.util.ArrayDeque::forEach@72 (line 889)
                      ; - org.apache.lucene.store.ByteBuffersDataOutput::reset@18 (line 475)
                      ; - org.apache.lucene.codecs.lucene90.blocktree.Lucene90BlockTreeTermsWriter$PendingBlock::compileIndex@347 (line 505)
  0x000078cd7472c53c: c0dd 53ff 

  0x000078cd7472c540: ;   {other}
  0x000078cd7472c540: 0f1f 8400 | 3022 0044 | be45 ffff | ff48 8b6c | 2428 4489 | 4424 1c44 | 894c 2430 

  0x000078cd7472c55c: ;   {runtime_call UncommonTrapBlob}
  0x000078cd7472c55c: c5f8 77e8 

  0x000078cd7472c560: ; ImmutableOopMap {rbp=Oop [28]=NarrowOop [80]=Oop }
                      ;*ifne {reexecute=1 rethrow=0 return_oop=0}
                      ; - (reexecute) org.apache.lucene.util.fst.FSTCompiler::compile@42 (line 589)
                      ; - org.apache.lucene.codecs.lucene90.blocktree.Lucene90BlockTreeTermsWriter$PendingBlock::compileIndex@446 (line 517)
  0x000078cd7472c560: 9cdd 53ff 

  0x000078cd7472c564: ;   {other}
  0x000078cd7472c564: 0f1f 8400 | 5422 0045 | be45 ffff | ff48 8b6c | 2428 4489 | 4424 1c44 | 8954 2430 

  0x000078cd7472c580: ;   {runtime_call UncommonTrapBlob}
  0x000078cd7472c580: c5f8 77e8 

  0x000078cd7472c584: ; ImmutableOopMap {rbp=Oop [28]=NarrowOop [80]=Oop }
                      ;*ifeq {reexecute=1 rethrow=0 return_oop=0}
                      ; - (reexecute) org.apache.lucene.util.fst.FSTCompiler::compile@77 (line 599)
                      ; - org.apache.lucene.codecs.lucene90.blocktree.Lucene90BlockTreeTermsWriter$PendingBlock::compileIndex@446 (line 517)
  0x000078cd7472c584: 78dd 53ff 

  0x000078cd7472c588: ;   {other}
  0x000078cd7472c588: 0f1f 8400 | 7822 0046 | 4d3b d3bd | ffff ffff | 7c08 400f | 95c5 400f | b6ed be45 | ffff ff90 
  0x000078cd7472c5a8: ;   {runtime_call UncommonTrapBlob}
  0x000078cd7472c5a8: c5f8 77e8 

  0x000078cd7472c5ac: ; ImmutableOopMap {[32]=Oop [48]=Oop }
                      ;*ifeq {reexecute=1 rethrow=0 return_oop=0}
                      ; - (reexecute) org.apache.lucene.util.fst.FST::finish@34 (line 513)
                      ; - org.apache.lucene.util.fst.FSTCompiler::compile@111 (line 605)
                      ; - org.apache.lucene.codecs.lucene90.blocktree.Lucene90BlockTreeTermsWriter$PendingBlock::compileIndex@446 (line 517)
  0x000078cd7472c5ac: 50dd 53ff 

  0x000078cd7472c5b0: ;   {other}
  0x000078cd7472c5b0: 0f1f 8400 | a022 0047 | 4d3b c3bd | ffff ffff | 7c08 400f | 95c5 400f | b6ed be45 | ffff ff44 
  0x000078cd7472c5d0: 894c 241c | 4c89 4424 | 3866 6690 

  0x000078cd7472c5dc: ;   {runtime_call UncommonTrapBlob}
  0x000078cd7472c5dc: c5f8 77e8 

  0x000078cd7472c5e0: ; ImmutableOopMap {[28]=NarrowOop [32]=Oop [48]=Oop }
                      ;*ifne {reexecute=1 rethrow=0 return_oop=0}
                      ; - (reexecute) org.apache.lucene.util.fst.FST::finish@52 (line 516)
                      ; - org.apache.lucene.util.fst.FSTCompiler::compile@111 (line 605)
                      ; - org.apache.lucene.codecs.lucene90.blocktree.Lucene90BlockTreeTermsWriter$PendingBlock::compileIndex@446 (line 517)
  0x000078cd7472c5e0: 1cdd 53ff 

  0x000078cd7472c5e4: ;   {other}
  0x000078cd7472c5e4: 0f1f 8400 | d422 0048 | bede ffff | ff48 8b6c | 2438 4c8b | 4c24 404c | 894c 2420 | 4889 5c24 
  0x000078cd7472c604: 3089 4c24 | 1c44 8944 | 2438 4489 | 5424 3c44 | 896c 2440 | 4c89 5c24 | 4866 6690 

  0x000078cd7472c620: ;   {runtime_call UncommonTrapBlob}
  0x000078cd7472c620: c5f8 77e8 

  0x000078cd7472c624: ; ImmutableOopMap {rbp=Oop [28]=NarrowOop [32]=Oop [48]=Oop [72]=Oop [80]=Oop }
                      ;*invokeinterface iterator {reexecute=0 rethrow=0 return_oop=0}
                      ; - org.apache.lucene.codecs.lucene90.blocktree.Lucene90BlockTreeTermsWriter$PendingBlock::compileIndex@393 (line 510)
  0x000078cd7472c624: d8dc 53ff 

  0x000078cd7472c628: ;   {other}
  0x000078cd7472c628: 0f1f 8400 | 1823 0049 | 4c63 d0e9 | feee ffff | bef6 ffff | ff66 6690 

  0x000078cd7472c640: ;   {runtime_call UncommonTrapBlob}
  0x000078cd7472c640: c5f8 77e8 

  0x000078cd7472c644: ; ImmutableOopMap {}
                      ;*getfield ints {reexecute=1 rethrow=0 return_oop=0}
                      ; - (reexecute) org.apache.lucene.util.IntsRefBuilder::append@17 (line 66)
                      ; - org.apache.lucene.util.fst.Util::toIntsRef@30 (line 788)
                      ; - org.apache.lucene.codecs.lucene90.blocktree.Lucene90BlockTreeTermsWriter$PendingBlock::compileIndex@327 (line 504)
  0x000078cd7472c644: b8dc 53ff 

  0x000078cd7472c648: ;   {other}
  0x000078cd7472c648: 0f1f 8400 | 3823 004a | becc ffff | ff48 8b6c | 2438 4c8b | 5424 304c | 8954 2420 | 4c8b 5424 
  0x000078cd7472c668: 604c 8954 | 2430 4c8b | 5424 504c | 8954 2448 | 448b 5c24 | 7044 895c | 245c 8944 | 2470 6690 
  0x000078cd7472c688: ;   {runtime_call UncommonTrapBlob}
  0x000078cd7472c688: c5f8 77e8 

  0x000078cd7472c68c: ; ImmutableOopMap {rbp=Oop [28]=NarrowOop [32]=Oop [40]=Oop [48]=Oop [64]=Oop [72]=Oop [104]=NarrowOop [108]=NarrowOop }
                      ;*newarray {reexecute=1 rethrow=0 return_oop=0}
                      ; - (reexecute) org.apache.lucene.util.ArrayUtil::growExact@1 (line 328)
                      ; - org.apache.lucene.util.ArrayUtil::grow@36 (line 340)
                      ; - org.apache.lucene.util.IntsRefBuilder::grow@12 (line 77)
                      ; - org.apache.lucene.util.IntsRefBuilder::append@10 (line 65)
                      ; - org.apache.lucene.util.fst.Util::toIntsRef@30 (line 788)
                      ; - org.apache.lucene.codecs.lucene90.blocktree.Lucene90BlockTreeTermsWriter$PendingBlock::compileIndex@327 (line 504)
  0x000078cd7472c68c: 70dc 53ff 

  0x000078cd7472c690: ;   {other}
  0x000078cd7472c690: 0f1f 8400 | 8023 004b | 4983 c0fe | 498b c849 | 8bfa 4833 | c048 83f9 | 087f 1048 | ffc9 784f 
  0x000078cd7472c6b0: 4889 04cf | 48ff c97d | f7eb 44c5 | fdef c0e9 | 0d00 0000 | c5fe 7f07 | c5fe 7f47 | 2048 83c7 
  0x000078cd7472c6d0: 4048 83e9 | 087d ed48 | 83c1 047c | 0cc5 fe7f | 0748 83c7 | 2048 83e9 | 0448 83c1 | 047e 1048 
  0x000078cd7472c6f0: ffc9 c5f9 | d607 4883 | c708 48ff | c97d f3e9 | 55ef ffff | 448b cbbe | e4ff ffff | 48ff 7424 
  0x000078cd7472c710: 3848 8f44 | 2420 488b | 5c24 3048 | 895c 2428 | 488b 5c24 | 4048 895c | 2430 488b | 5c24 5048 
  0x000078cd7472c730: 895c 2438 | 4489 5424 | 1c44 895c | 2448 894c | 244c 4489 | 4424 5044 | 894c 2454 

  0x000078cd7472c74c: ;   {runtime_call UncommonTrapBlob}
  0x000078cd7472c74c: c5f8 77e8 

  0x000078cd7472c750: ; ImmutableOopMap {rbp=Oop [28]=NarrowOop [32]=Oop [40]=Oop [48]=Oop [56]=Oop [80]=NarrowOop }
                      ;*aastore {reexecute=1 rethrow=0 return_oop=0}
                      ; - (reexecute) java.util.ArrayDeque::circularClear@20 (line 1050)
                      ; - java.util.ArrayDeque::clear@12 (line 1037)
                      ; - org.apache.lucene.store.ByteBuffersDataOutput::reset@25 (line 477)
                      ; - org.apache.lucene.codecs.lucene90.blocktree.Lucene90BlockTreeTermsWriter$PendingBlock::compileIndex@347 (line 505)
  0x000078cd7472c750: acdb 53ff 

  0x000078cd7472c754: ;   {other}
  0x000078cd7472c754: 0f1f 8400 | 4424 004c | bee4 ffff | ff48 8b6c | 2448 488b | 5c24 2848 | 895c 2420 | 488b 5c24 
  0x000078cd7472c774: 3848 895c | 2430 4c89 | 6c24 384c | 8944 2440 | 4889 4c24 | 4844 894c | 241c 4489 | 5c24 5044 
  0x000078cd7472c794: 8954 2454 

  0x000078cd7472c798: ;   {runtime_call UncommonTrapBlob}
  0x000078cd7472c798: c5f8 77e8 

  0x000078cd7472c79c: ; ImmutableOopMap {rbp=Oop [28]=NarrowOop [32]=Oop [48]=Oop [56]=Oop [72]=Oop }
                      ;*bastore {reexecute=0 rethrow=0 return_oop=0}
                      ; - java.nio.HeapByteBuffer::put@13 (line 216)
                      ; - org.apache.lucene.store.ByteBuffersDataOutput::writeByte@19 (line 189)
                      ; - org.apache.lucene.store.DataOutput::writeSignedVLong@22 (line 246)
                      ; - org.apache.lucene.store.DataOutput::writeVLong@22 (line 240)
                      ; - org.apache.lucene.codecs.lucene90.blocktree.Lucene90BlockTreeTermsWriter$PendingBlock::compileIndex@122 (line 477)
  0x000078cd7472c79c: 60db 53ff 

  0x000078cd7472c7a0: ;   {other}
  0x000078cd7472c7a0: 0f1f 8400 | 9024 004d | bede ffff | ff48 8b6c | 2448 4c8b | 5c24 284c | 895c 2420 | 4c8b 5c24 
  0x000078cd7472c7c0: 384c 895c | 2430 4c89 | 6c24 384c | 8944 2440 | 4489 4c24 | 1c44 8954 | 2448 6690 

  0x000078cd7472c7dc: ;   {runtime_call UncommonTrapBlob}
  0x000078cd7472c7dc: c5f8 77e8 

  0x000078cd7472c7e0: ; ImmutableOopMap {rbp=Oop [28]=NarrowOop [32]=Oop [48]=Oop [56]=Oop }
                      ;*invokevirtual put {reexecute=0 rethrow=0 return_oop=0}
                      ; - org.apache.lucene.store.ByteBuffersDataOutput::writeByte@19 (line 189)
                      ; - org.apache.lucene.store.DataOutput::writeSignedVLong@22 (line 246)
                      ; - org.apache.lucene.store.DataOutput::writeVLong@22 (line 240)
                      ; - org.apache.lucene.codecs.lucene90.blocktree.Lucene90BlockTreeTermsWriter$PendingBlock::compileIndex@122 (line 477)
  0x000078cd7472c7e0: 1cdb 53ff 

  0x000078cd7472c7e4: ;   {other}
  0x000078cd7472c7e4: 0f1f 8400 | d424 004e | bee4 ffff | ff4c 895c | 2420 4c89 | 6c24 284c | 8b5c 2438 | 4c89 5c24 
  0x000078cd7472c804: 3048 897c | 2438 895c | 241c 4489 | 4c24 4044 | 8954 2444 

  0x000078cd7472c818: ;   {runtime_call UncommonTrapBlob}
  0x000078cd7472c818: c5f8 77e8 

  0x000078cd7472c81c: ; ImmutableOopMap {[28]=NarrowOop [32]=Oop [40]=Oop [48]=Oop [56]=Oop [72]=Oop }
                      ;*bastore {reexecute=0 rethrow=0 return_oop=0}
                      ; - java.nio.HeapByteBuffer::put@13 (line 216)
                      ; - org.apache.lucene.store.ByteBuffersDataOutput::writeByte@19 (line 189)
                      ; - org.apache.lucene.store.DataOutput::writeVInt@31 (line 203)
                      ; - org.apache.lucene.codecs.lucene90.blocktree.Lucene90BlockTreeTermsWriter$PendingBlock::compileIndex@141 (line 479)
  0x000078cd7472c81c: e0da 53ff 

  0x000078cd7472c820: ;   {other}
  0x000078cd7472c820: 0f1f 8400 | 1025 004f | bede ffff | ff4c 8b54 | 2438 4c89 | 5424 304c | 896c 2438 | 4c89 7424 
  0x000078cd7472c840: 4066 6690 

  0x000078cd7472c844: ;   {runtime_call UncommonTrapBlob}
  0x000078cd7472c844: c5f8 77e8 

  0x000078cd7472c848: ; ImmutableOopMap {[48]=Oop [56]=Oop [64]=Oop [72]=Oop }
                      ;*invokeinterface size {reexecute=0 rethrow=0 return_oop=0}
                      ; - org.apache.lucene.codecs.lucene90.blocktree.Lucene90BlockTreeTermsWriter$PendingBlock::compileIndex@134 (line 479)
  0x000078cd7472c848: b4da 53ff 

  0x000078cd7472c84c: ;   {other}
  0x000078cd7472c84c: 0f1f 8400 | 3c25 0050 | bede ffff | ff4c 895c | 2420 4c89 | 6c24 284c | 8b5c 2438 | 4c89 5c24 
  0x000078cd7472c86c: 3089 5c24 | 1c44 8954 | 2438 6690 

  0x000078cd7472c878: ;   {runtime_call UncommonTrapBlob}
  0x000078cd7472c878: c5f8 77e8 

  0x000078cd7472c87c: ; ImmutableOopMap {[28]=NarrowOop [32]=Oop [40]=Oop [48]=Oop [72]=Oop }
                      ;*invokevirtual put {reexecute=0 rethrow=0 return_oop=0}
                      ; - org.apache.lucene.store.ByteBuffersDataOutput::writeByte@19 (line 189)
                      ; - org.apache.lucene.store.DataOutput::writeVInt@31 (line 203)
                      ; - org.apache.lucene.codecs.lucene90.blocktree.Lucene90BlockTreeTermsWriter$PendingBlock::compileIndex@141 (line 479)
  0x000078cd7472c87c: 80da 53ff 

  0x000078cd7472c880: ;   {other}
  0x000078cd7472c880: 0f1f 8400 | 7025 0051 | be45 ffff | ff48 ff74 | 2448 488f | 4424 204c | 895c 2428 | 4c89 6c24 
  0x000078cd7472c8a0: 3044 8954 | 241c 4889 | 7c24 4044 | 8944 2450 | 4c89 4c24 | 5889 5c24 | 5489 4c24 | 6066 6690 
  0x000078cd7472c8c0: ;   {runtime_call UncommonTrapBlob}
  0x000078cd7472c8c0: c5f8 77e8 

  0x000078cd7472c8c4: ; ImmutableOopMap {[32]=Oop [40]=Oop [48]=Oop [56]=Oop [64]=Oop [80]=NarrowOop [88]=Oop }
                      ;*if_icmplt {reexecute=1 rethrow=0 return_oop=0}
                      ; - (reexecute) java.nio.Buffer::nextPutIndex@10 (line 735)
                      ; - java.nio.HeapByteBuffer::put@6 (line 216)
                      ; - org.apache.lucene.store.ByteBuffersDataOutput::writeByte@19 (line 189)
                      ; - org.apache.lucene.codecs.lucene90.blocktree.Lucene90BlockTreeTermsWriter$PendingBlock::compileIndex@201 (line 487)
  0x000078cd7472c8c4: 38da 53ff 

  0x000078cd7472c8c8: ;   {other}
  0x000078cd7472c8c8: 0f1f 8400 | b825 0052 | 4533 c049 | 3bc8 bdff | ffff ff7c | 0840 0f95 | c540 0fb6 | edbe 45ff 
  0x000078cd7472c8e8: ffff 4c89 | 5c24 284c | 896c 2430 | 4489 5424 | 1c48 894c | 2440 6690 

  0x000078cd7472c900: ;   {runtime_call UncommonTrapBlob}
  0x000078cd7472c900: c5f8 77e8 

  0x000078cd7472c904: ; ImmutableOopMap {[40]=Oop [48]=Oop [56]=Oop [72]=Oop }
                      ;*ifge {reexecute=1 rethrow=0 return_oop=0}
                      ; - (reexecute) org.apache.lucene.store.DataOutput::writeVLong@3 (line 237)
                      ; - org.apache.lucene.codecs.lucene90.blocktree.Lucene90BlockTreeTermsWriter$PendingBlock::compileIndex@259 (line 489)
  0x000078cd7472c904: f8d9 53ff 

  0x000078cd7472c908: ;   {other}
  0x000078cd7472c908: 0f1f 8400 | f825 0053 | be45 ffff | ff48 ff74 | 2448 488f | 4424 204c | 895c 2428 | 4c89 6c24 
  0x000078cd7472c928: 3044 8954 | 241c 4489 | 4c24 4848 | 897c 2450 | 895c 244c | 4489 4424 | 5866 6690 

  0x000078cd7472c944: ;   {runtime_call UncommonTrapBlob}
  0x000078cd7472c944: c5f8 77e8 

  0x000078cd7472c948: ; ImmutableOopMap {[32]=Oop [40]=Oop [48]=Oop [56]=Oop [72]=NarrowOop [80]=Oop }
                      ;*if_icmplt {reexecute=1 rethrow=0 return_oop=0}
                      ; - (reexecute) java.nio.Buffer::nextPutIndex@10 (line 735)
                      ; - java.nio.HeapByteBuffer::put@6 (line 216)
                      ; - org.apache.lucene.store.ByteBuffersDataOutput::writeByte@19 (line 189)
                      ; - org.apache.lucene.store.DataOutput::writeSignedVLong@37 (line 249)
                      ; - org.apache.lucene.store.DataOutput::writeVLong@22 (line 240)
                      ; - org.apache.lucene.codecs.lucene90.blocktree.Lucene90BlockTreeTermsWriter$PendingBlock::compileIndex@259 (line 489)
  0x000078cd7472c948: b4d9 53ff 

  0x000078cd7472c94c: ;   {other}
  0x000078cd7472c94c: 0f1f 8400 | 3c26 0054 | bee4 ffff | ff48 8b6c | 2448 4c89 | 5c24 204c | 8b5c 2438 | 4c89 5c24 
  0x000078cd7472c96c: 3044 8954 | 241c 4c89 | 6c24 3848 | 894c 2440 | 4c89 4c24 | 4889 5c24 | 5089 5424 | 5444 8944 
  0x000078cd7472c98c: 2458 6690 

  0x000078cd7472c990: ;   {runtime_call UncommonTrapBlob}
  0x000078cd7472c990: c5f8 77e8 

  0x000078cd7472c994: ; ImmutableOopMap {rbp=Oop [32]=Oop [48]=Oop [56]=Oop [72]=Oop [80]=NarrowOop }
                      ;*bastore {reexecute=0 rethrow=0 return_oop=0}
                      ; - java.nio.HeapByteBuffer::put@13 (line 216)
                      ; - org.apache.lucene.store.ByteBuffersDataOutput::writeByte@19 (line 189)
                      ; - org.apache.lucene.store.DataOutput::writeSignedVLong@22 (line 246)
                      ; - org.apache.lucene.store.DataOutput::writeVLong@22 (line 240)
                      ; - org.apache.lucene.codecs.lucene90.blocktree.Lucene90BlockTreeTermsWriter$PendingBlock::compileIndex@259 (line 489)
  0x000078cd7472c994: 68d9 53ff 

  0x000078cd7472c998: ;   {other}
  0x000078cd7472c998: 0f1f 8400 | 8826 0055 | bede ffff | ff48 8b6c | 2448 4c89 | 5c24 204c | 8b5c 2438 | 4c89 5c24 
  0x000078cd7472c9b8: 3044 8954 | 241c 4c89 | 6c24 3848 | 894c 2440 | 8954 2448 | 4489 4424 | 4c66 6690 

  0x000078cd7472c9d4: ;   {runtime_call UncommonTrapBlob}
  0x000078cd7472c9d4: c5f8 77e8 

  0x000078cd7472c9d8: ; ImmutableOopMap {rbp=Oop [32]=Oop [48]=Oop [56]=Oop [72]=NarrowOop }
                      ;*invokevirtual put {reexecute=0 rethrow=0 return_oop=0}
                      ; - org.apache.lucene.store.ByteBuffersDataOutput::writeByte@19 (line 189)
                      ; - org.apache.lucene.store.DataOutput::writeSignedVLong@22 (line 246)
                      ; - org.apache.lucene.store.DataOutput::writeVLong@22 (line 240)
                      ; - org.apache.lucene.codecs.lucene90.blocktree.Lucene90BlockTreeTermsWriter$PendingBlock::compileIndex@259 (line 489)
  0x000078cd7472c9d8: 24d9 53ff 

  0x000078cd7472c9dc: ;   {other}
  0x000078cd7472c9dc: 0f1f 8400 | cc26 0056 | be45 ffff | ff48 8b6c | 2448 488b | 7c24 2848 | 897c 2420 | 488b 7c24 
  0x000078cd7472c9fc: 3848 897c | 2430 4c89 | 6c24 384c | 8944 2440 | 4489 5424 | 1c44 894c | 2450 4889 | 4c24 5889 
  0x000078cd7472ca1c: 5c24 5444 | 895c 2460 

  0x000078cd7472ca24: ;   {runtime_call UncommonTrapBlob}
  0x000078cd7472ca24: c5f8 77e8 

  0x000078cd7472ca28: ; ImmutableOopMap {rbp=Oop [32]=Oop [48]=Oop [56]=Oop [80]=NarrowOop [88]=Oop }
                      ;*if_icmplt {reexecute=1 rethrow=0 return_oop=0}
                      ; - (reexecute) java.nio.Buffer::nextPutIndex@10 (line 735)
                      ; - java.nio.HeapByteBuffer::put@6 (line 216)
                      ; - org.apache.lucene.store.ByteBuffersDataOutput::writeByte@19 (line 189)
                      ; - org.apache.lucene.store.DataOutput::writeSignedVLong@22 (line 246)
                      ; - org.apache.lucene.store.DataOutput::writeVLong@22 (line 240)
                      ; - org.apache.lucene.codecs.lucene90.blocktree.Lucene90BlockTreeTermsWriter$PendingBlock::compileIndex@122 (line 477)
  0x000078cd7472ca28: d4d8 53ff 

  0x000078cd7472ca2c: ;   {other}
  0x000078cd7472ca2c: 0f1f 8400 | 1c27 0057 | be45 ffff | ff48 ff74 | 2448 488f | 4424 204c | 895c 2428 | 4c89 6c24 
  0x000078cd7472ca4c: 3044 8954 | 241c 895c | 2448 4889 | 7c24 5044 | 8944 244c 

  0x000078cd7472ca60: ;   {runtime_call UncommonTrapBlob}
  0x000078cd7472ca60: c5f8 77e8 

  0x000078cd7472ca64: ; ImmutableOopMap {[32]=Oop [40]=Oop [48]=Oop [56]=Oop [72]=NarrowOop [80]=Oop }
                      ;*if_icmplt {reexecute=1 rethrow=0 return_oop=0}
                      ; - (reexecute) java.nio.Buffer::nextPutIndex@10 (line 735)
                      ; - java.nio.HeapByteBuffer::put@6 (line 216)
                      ; - org.apache.lucene.store.ByteBuffersDataOutput::writeByte@19 (line 189)
                      ; - org.apache.lucene.store.DataOutput::writeVInt@31 (line 203)
                      ; - org.apache.lucene.codecs.lucene90.blocktree.Lucene90BlockTreeTermsWriter$PendingBlock::compileIndex@141 (line 479)
  0x000078cd7472ca64: 98d8 53ff 

  0x000078cd7472ca68: ;   {other}
  0x000078cd7472ca68: 0f1f 8400 | 5827 0058 | be45 ffff | ff48 8b6c | 2448 4c89 | 5c24 204c | 8b5c 2438 | 4c89 5c24 
  0x000078cd7472ca88: 3044 8954 | 241c 4c89 | 6c24 3848 | 894c 2440 | 4489 4424 | 5089 5c24 | 544c 894c | 2458 8944 
  0x000078cd7472caa8: 2460 8954 | 2464 6690 

  0x000078cd7472cab0: ;   {runtime_call UncommonTrapBlob}
  0x000078cd7472cab0: c5f8 77e8 

  0x000078cd7472cab4: ; ImmutableOopMap {rbp=Oop [32]=Oop [48]=Oop [56]=Oop [84]=NarrowOop [88]=Oop }
                      ;*if_icmplt {reexecute=1 rethrow=0 return_oop=0}
                      ; - (reexecute) java.nio.Buffer::nextPutIndex@10 (line 735)
                      ; - java.nio.HeapByteBuffer::put@6 (line 216)
                      ; - org.apache.lucene.store.ByteBuffersDataOutput::writeByte@19 (line 189)
                      ; - org.apache.lucene.store.DataOutput::writeSignedVLong@22 (line 246)
                      ; - org.apache.lucene.store.DataOutput::writeVLong@22 (line 240)
                      ; - org.apache.lucene.codecs.lucene90.blocktree.Lucene90BlockTreeTermsWriter$PendingBlock::compileIndex@259 (line 489)
  0x000078cd7472cab4: 48d8 53ff 

  0x000078cd7472cab8: ;   {other}
  0x000078cd7472cab8: 0f1f 8400 | a827 0059 | bef6 ffff | ff66 6690 

  0x000078cd7472cac8: ;   {runtime_call UncommonTrapBlob}
  0x000078cd7472cac8: c5f8 77e8 

  0x000078cd7472cacc: ; ImmutableOopMap {}
                      ;*invokevirtual put {reexecute=0 rethrow=0 return_oop=0}
                      ; - org.apache.lucene.store.ByteBuffersDataOutput::writeByte@19 (line 189)
                      ; - org.apache.lucene.store.DataOutput::writeSignedVLong@37 (line 249)
                      ; - org.apache.lucene.store.DataOutput::writeVLong@22 (line 240)
                      ; - org.apache.lucene.codecs.lucene90.blocktree.Lucene90BlockTreeTermsWriter$PendingBlock::compileIndex@122 (line 477)
  0x000078cd7472cacc: 30d8 53ff 

  0x000078cd7472cad0: ;   {other}
  0x000078cd7472cad0: 0f1f 8400 | c027 005a | bef6 ffff | ff66 6690 

  0x000078cd7472cae0: ;   {runtime_call UncommonTrapBlob}
  0x000078cd7472cae0: c5f8 77e8 

  0x000078cd7472cae4: ; ImmutableOopMap {}
                      ;*invokevirtual put {reexecute=0 rethrow=0 return_oop=0}
                      ; - org.apache.lucene.store.ByteBuffersDataOutput::writeByte@19 (line 189)
                      ; - org.apache.lucene.codecs.lucene90.blocktree.Lucene90BlockTreeTermsWriter$PendingBlock::compileIndex@201 (line 487)
  0x000078cd7472cae4: 18d8 53ff 

  0x000078cd7472cae8: ;   {other}
  0x000078cd7472cae8: 0f1f 8400 | d827 005b | bef6 ffff | ff66 6690 

  0x000078cd7472caf8: ;   {runtime_call UncommonTrapBlob}
  0x000078cd7472caf8: c5f8 77e8 

  0x000078cd7472cafc: ; ImmutableOopMap {}
                      ;*invokevirtual put {reexecute=0 rethrow=0 return_oop=0}
                      ; - org.apache.lucene.store.ByteBuffersDataOutput::writeByte@19 (line 189)
                      ; - org.apache.lucene.store.DataOutput::writeSignedVLong@37 (line 249)
                      ; - org.apache.lucene.store.DataOutput::writeVLong@22 (line 240)
                      ; - org.apache.lucene.codecs.lucene90.blocktree.Lucene90BlockTreeTermsWriter$PendingBlock::compileIndex@259 (line 489)
  0x000078cd7472cafc: 00d8 53ff 

  0x000078cd7472cb00: ;   {other}
  0x000078cd7472cb00: 0f1f 8400 | f027 005c | bef6 ffff | ff8b 6c24 | 4066 6690 

  0x000078cd7472cb14: ;   {runtime_call UncommonTrapBlob}
  0x000078cd7472cb14: c5f8 77e8 

  0x000078cd7472cb18: ; ImmutableOopMap {}
                      ;*invokevirtual put {reexecute=0 rethrow=0 return_oop=0}
                      ; - org.apache.lucene.store.ByteBuffersDataOutput::writeByte@19 (line 189)
                      ; - org.apache.lucene.store.DataOutput::writeSignedVLong@22 (line 246)
                      ; - org.apache.lucene.store.DataOutput::writeVLong@22 (line 240)
                      ; - org.apache.lucene.codecs.lucene90.blocktree.Lucene90BlockTreeTermsWriter$PendingBlock::compileIndex@122 (line 477)
  0x000078cd7472cb18: e4d7 53ff 

  0x000078cd7472cb1c: ;   {other}
  0x000078cd7472cb1c: 0f1f 8400 | 0c28 005d | bef6 ffff | ff8b 6c24 | 4066 6690 

  0x000078cd7472cb30: ;   {runtime_call UncommonTrapBlob}
  0x000078cd7472cb30: c5f8 77e8 

  0x000078cd7472cb34: ; ImmutableOopMap {}
                      ;*invokevirtual put {reexecute=0 rethrow=0 return_oop=0}
                      ; - org.apache.lucene.store.ByteBuffersDataOutput::writeByte@19 (line 189)
                      ; - org.apache.lucene.store.DataOutput::writeVInt@31 (line 203)
                      ; - org.apache.lucene.codecs.lucene90.blocktree.Lucene90BlockTreeTermsWriter$PendingBlock::compileIndex@141 (line 479)
  0x000078cd7472cb34: c8d7 53ff 

  0x000078cd7472cb38: ;   {other}
  0x000078cd7472cb38: 0f1f 8400 | 2828 005e | bee4 ffff | ff48 8b6c | 2448 4c89 | 5c24 204c | 8b54 2438 | 4c89 5424 
  0x000078cd7472cb58: 304c 896c | 2438 894c | 241c 4889 | 7c24 4089 | 5c24 4844 | 8944 244c | 4489 4c24 | 5066 6690 
  0x000078cd7472cb78: ;   {runtime_call UncommonTrapBlob}
  0x000078cd7472cb78: c5f8 77e8 

  0x000078cd7472cb7c: ; ImmutableOopMap {rbp=Oop [32]=Oop [48]=Oop [56]=Oop [64]=Oop [72]=NarrowOop }
                      ;*bastore {reexecute=0 rethrow=0 return_oop=0}
                      ; - java.nio.HeapByteBuffer::put@13 (line 216)
                      ; - org.apache.lucene.store.ByteBuffersDataOutput::writeByte@19 (line 189)
                      ; - org.apache.lucene.store.DataOutput::writeVInt@17 (line 200)
                      ; - org.apache.lucene.codecs.lucene90.blocktree.Lucene90BlockTreeTermsWriter$PendingBlock::compileIndex@141 (line 479)
  0x000078cd7472cb7c: 80d7 53ff 

  0x000078cd7472cb80: ;   {other}
  0x000078cd7472cb80: 0f1f 8400 | 7028 005f | bede ffff | ff4c 895c | 2420 4c8b | 5424 384c | 8954 2430 | 4c89 6c24 
  0x000078cd7472cba0: 3889 5c24 | 1c89 4c24 | 4044 894c | 2444 6690 

  0x000078cd7472cbb0: ;   {runtime_call UncommonTrapBlob}
  0x000078cd7472cbb0: c5f8 77e8 

  0x000078cd7472cbb4: ; ImmutableOopMap {[28]=NarrowOop [32]=Oop [48]=Oop [56]=Oop [72]=Oop }
                      ;*invokevirtual put {reexecute=0 rethrow=0 return_oop=0}
                      ; - org.apache.lucene.store.ByteBuffersDataOutput::writeByte@19 (line 189)
                      ; - org.apache.lucene.store.DataOutput::writeVInt@17 (line 200)
                      ; - org.apache.lucene.codecs.lucene90.blocktree.Lucene90BlockTreeTermsWriter$PendingBlock::compileIndex@141 (line 479)
  0x000078cd7472cbb4: 48d7 53ff 

  0x000078cd7472cbb8: ;   {other}
  0x000078cd7472cbb8: 0f1f 8400 | a828 0060 | bef6 ffff | ff8b 6c24 | 5466 6690 

  0x000078cd7472cbcc: ;   {runtime_call UncommonTrapBlob}
  0x000078cd7472cbcc: c5f8 77e8 

  0x000078cd7472cbd0: ; ImmutableOopMap {}
                      ;*invokevirtual put {reexecute=0 rethrow=0 return_oop=0}
                      ; - org.apache.lucene.store.ByteBuffersDataOutput::writeByte@19 (line 189)
                      ; - org.apache.lucene.store.DataOutput::writeSignedVLong@22 (line 246)
                      ; - org.apache.lucene.store.DataOutput::writeVLong@22 (line 240)
                      ; - org.apache.lucene.codecs.lucene90.blocktree.Lucene90BlockTreeTermsWriter$PendingBlock::compileIndex@259 (line 489)
  0x000078cd7472cbd0: 2cd7 53ff 

  0x000078cd7472cbd4: ;   {other}
  0x000078cd7472cbd4: 0f1f 8400 | c428 0061 | be45 ffff | ff48 8b6c | 2448 4c89 | 5c24 204c | 8b5c 2438 | 4c89 5c24 
  0x000078cd7472cbf4: 304c 896c | 2438 894c | 241c 4489 | 4c24 4889 | 5c24 4c48 | 897c 2450 | 4489 5424 | 5844 8944 
  0x000078cd7472cc14: 245c 6690 

  0x000078cd7472cc18: ;   {runtime_call UncommonTrapBlob}
  0x000078cd7472cc18: c5f8 77e8 

  0x000078cd7472cc1c: ; ImmutableOopMap {rbp=Oop [32]=Oop [48]=Oop [56]=Oop [76]=NarrowOop [80]=Oop }
                      ;*if_icmplt {reexecute=1 rethrow=0 return_oop=0}
                      ; - (reexecute) java.nio.Buffer::nextPutIndex@10 (line 735)
                      ; - java.nio.HeapByteBuffer::put@6 (line 216)
                      ; - org.apache.lucene.store.ByteBuffersDataOutput::writeByte@19 (line 189)
                      ; - org.apache.lucene.store.DataOutput::writeVInt@17 (line 200)
                      ; - org.apache.lucene.codecs.lucene90.blocktree.Lucene90BlockTreeTermsWriter$PendingBlock::compileIndex@141 (line 479)
  0x000078cd7472cc1c: e0d6 53ff 

  0x000078cd7472cc20: ;   {other}
  0x000078cd7472cc20: 0f1f 8400 | 1029 0062 | bef6 ffff | ff8b 6c24 | 4466 6690 

  0x000078cd7472cc34: ;   {runtime_call UncommonTrapBlob}
  0x000078cd7472cc34: c5f8 77e8 

  0x000078cd7472cc38: ; ImmutableOopMap {}
                      ;*invokevirtual put {reexecute=0 rethrow=0 return_oop=0}
                      ; - org.apache.lucene.store.ByteBuffersDataOutput::writeByte@19 (line 189)
                      ; - org.apache.lucene.store.DataOutput::writeVInt@17 (line 200)
                      ; - org.apache.lucene.codecs.lucene90.blocktree.Lucene90BlockTreeTermsWriter$PendingBlock::compileIndex@141 (line 479)
  0x000078cd7472cc38: c4d6 53ff 

  0x000078cd7472cc3c: ;   {other}
  0x000078cd7472cc3c: 0f1f 8400 | 2c29 0063 | bede ffff | ff4c 895c | 2420 4c89 | 6c24 284c | 8b5c 2438 | 4c89 5c24 
  0x000078cd7472cc5c: 3044 8954 | 241c 897c | 2438 6690 

  0x000078cd7472cc68: ;   {runtime_call UncommonTrapBlob}
  0x000078cd7472cc68: c5f8 77e8 

  0x000078cd7472cc6c: ; ImmutableOopMap {[32]=Oop [40]=Oop [48]=Oop [56]=NarrowOop [72]=Oop }
                      ;*checkcast {reexecute=0 rethrow=0 return_oop=0}
                      ; - org.apache.lucene.codecs.lucene90.blocktree.Lucene90BlockTreeTermsWriter$PendingBlock::compileIndex@166 (line 481)
  0x000078cd7472cc6c: 90d6 53ff 

  0x000078cd7472cc70: ;   {other}
  0x000078cd7472cc70: 0f1f 8400 | 6029 0064 | bede ffff | ff48 8b6c | 2438 488b | 4c24 4048 | 894c 2420 | 4489 4c24 
  0x000078cd7472cc90: 1c44 8944 | 2430 4489 | 5424 3444 | 896c 2438 | 4c89 5c24 | 4066 6690 

  0x000078cd7472cca8: ;   {runtime_call UncommonTrapBlob}
  0x000078cd7472cca8: c5f8 77e8 

  0x000078cd7472ccac: ; ImmutableOopMap {rbp=Oop [28]=NarrowOop [32]=Oop [64]=Oop [80]=Oop }
                      ;*checkcast {reexecute=0 rethrow=0 return_oop=0}
                      ; - org.apache.lucene.codecs.lucene90.blocktree.Lucene90BlockTreeTermsWriter$PendingBlock::compileIndex@375 (line 508)
  0x000078cd7472ccac: 50d6 53ff 

  0x000078cd7472ccb0: ;   {other}
  0x000078cd7472ccb0: 0f1f 8400 | a029 0065 | bede ffff | ff48 ff74 | 2438 488f | 4424 204c | 8b5c 2430 | 4c89 5c24 
  0x000078cd7472ccd0: 284c 8b5c | 2440 4c89 | 5c24 304c | 8b5c 2450 | 4c89 5c24 | 384c 8b5c | 2448 4c89 | 5c24 4089 
  0x000078cd7472ccf0: 5424 4844 | 8b4c 245c | 4489 4c24 | 5044 8944 | 2458 4489 | 5424 5c90 

  0x000078cd7472cd08: ;   {runtime_call UncommonTrapBlob}
  0x000078cd7472cd08: c5f8 77e8 

  0x000078cd7472cd0c: ; ImmutableOopMap {rbp=Oop [32]=Oop [40]=Oop [48]=Oop [56]=Oop [64]=Oop [72]=NarrowOop [88]=NarrowOop [92]=NarrowOop [96]=NarrowOop }
                      ;*checkcast {reexecute=0 rethrow=0 return_oop=0}
                      ; - org.apache.lucene.store.ByteBuffersDataOutput$$Lambda/0x00006c20500b08a8::accept@5
                      ; - java.util.ArrayDeque::forEach@48 (line 887)
                      ; - org.apache.lucene.store.ByteBuffersDataOutput::reset@18 (line 475)
                      ; - org.apache.lucene.codecs.lucene90.blocktree.Lucene90BlockTreeTermsWriter$PendingBlock::compileIndex@347 (line 505)
  0x000078cd7472cd0c: f0d5 53ff 

  0x000078cd7472cd10: ;   {other}
  0x000078cd7472cd10: 0f1f 8400 | 002a 0066 | bede ffff | ff48 8b54 | 2438 4889 | 5424 2048 | 8b54 2440 | 4889 5424 
  0x000078cd7472cd30: 2848 8b54 | 2450 4889 | 5424 3048 | 895c 2438 | 4489 7424 | 1c44 8944 | 2440 4489 | 5424 4444 
  0x000078cd7472cd50: 896c 2448 | 4c89 5c24 | 5089 4c24 | 4c44 894c | 2458 4889 | 7c24 6090 

  0x000078cd7472cd68: ;   {runtime_call UncommonTrapBlob}
  0x000078cd7472cd68: c5f8 77e8 

  0x000078cd7472cd6c: ; ImmutableOopMap {[28]=NarrowOop [32]=Oop [40]=Oop [48]=Oop [56]=Oop [80]=Oop [96]=Oop }
                      ;*checkcast {reexecute=0 rethrow=0 return_oop=0}
                      ; - org.apache.lucene.codecs.lucene90.blocktree.Lucene90BlockTreeTermsWriter$PendingBlock::compileIndex@417 (line 510)
  0x000078cd7472cd6c: 90d5 53ff 

  0x000078cd7472cd70: ;   {other}
  0x000078cd7472cd70: 0f1f 8400 | 602a 0067 | bef6 ffff | ff41 8bea 

  0x000078cd7472cd80: ;   {runtime_call UncommonTrapBlob}
  0x000078cd7472cd80: c5f8 77e8 

  0x000078cd7472cd84: ; ImmutableOopMap {}
                      ;*baload {reexecute=0 rethrow=0 return_oop=0}
                      ; - org.apache.lucene.util.fst.Util::toIntsRef@25 (line 788)
                      ; - org.apache.lucene.codecs.lucene90.blocktree.Lucene90BlockTreeTermsWriter$PendingBlock::compileIndex@327 (line 504)
  0x000078cd7472cd84: 78d5 53ff 

  0x000078cd7472cd88: ;   {other}
  0x000078cd7472cd88: 0f1f 8400 | 782a 0068 | bef6 ffff | ff66 6690 

  0x000078cd7472cd98: ;   {runtime_call UncommonTrapBlob}
  0x000078cd7472cd98: c5f8 77e8 

  0x000078cd7472cd9c: ; ImmutableOopMap {}
                      ;*getfield length {reexecute=1 rethrow=0 return_oop=0}
                      ; - (reexecute) org.apache.lucene.util.IntsRefBuilder::append@5 (line 65)
                      ; - org.apache.lucene.util.fst.Util::toIntsRef@30 (line 788)
                      ; - org.apache.lucene.codecs.lucene90.blocktree.Lucene90BlockTreeTermsWriter$PendingBlock::compileIndex@327 (line 504)
  0x000078cd7472cd9c: 60d5 53ff 

  0x000078cd7472cda0: ;   {other}
  0x000078cd7472cda0: 0f1f 8400 | 902a 0069 | bef6 ffff | ff66 6690 

  0x000078cd7472cdb0: ;   {runtime_call UncommonTrapBlob}
  0x000078cd7472cdb0: c5f8 77e8 

  0x000078cd7472cdb4: ; ImmutableOopMap {}
                      ;*arraylength {reexecute=0 rethrow=0 return_oop=0}
                      ; - org.apache.lucene.util.ArrayUtil::grow@25 (line 339)
                      ; - org.apache.lucene.util.IntsRefBuilder::grow@12 (line 77)
                      ; - org.apache.lucene.util.IntsRefBuilder::append@10 (line 65)
                      ; - org.apache.lucene.util.fst.Util::toIntsRef@30 (line 788)
                      ; - org.apache.lucene.codecs.lucene90.blocktree.Lucene90BlockTreeTermsWriter$PendingBlock::compileIndex@327 (line 504)
  0x000078cd7472cdb4: 48d5 53ff 

  0x000078cd7472cdb8: ;   {other}
  0x000078cd7472cdb8: 0f1f 8400 | a82a 006a | bef6 ffff | ff41 8bea | 4489 5c24 | 1c66 6690 

  0x000078cd7472cdd0: ;   {runtime_call UncommonTrapBlob}
  0x000078cd7472cdd0: c5f8 77e8 

  0x000078cd7472cdd4: ; ImmutableOopMap {}
                      ;*iastore {reexecute=0 rethrow=0 return_oop=0}
                      ; - org.apache.lucene.util.IntsRefBuilder::append@35 (line 66)
                      ; - org.apache.lucene.util.fst.Util::toIntsRef@30 (line 788)
                      ; - org.apache.lucene.codecs.lucene90.blocktree.Lucene90BlockTreeTermsWriter$PendingBlock::compileIndex@327 (line 504)
  0x000078cd7472cdd4: 28d5 53ff 

  0x000078cd7472cdd8: ;   {other}
  0x000078cd7472cdd8: 0f1f 8400 | c82a 006b | bef6 ffff | ff66 6690 

  0x000078cd7472cde8: ;   {runtime_call UncommonTrapBlob}
  0x000078cd7472cde8: c5f8 77e8 

  0x000078cd7472cdec: ; ImmutableOopMap {}
                      ;*arraylength {reexecute=0 rethrow=0 return_oop=0}
                      ; - java.util.ArrayList$Itr::next@38 (line 1054)
                      ; - org.apache.lucene.codecs.lucene90.blocktree.Lucene90BlockTreeTermsWriter$PendingBlock::compileIndex@370 (line 508)
  0x000078cd7472cdec: 10d5 53ff 

  0x000078cd7472cdf0: ;   {other}
  0x000078cd7472cdf0: 0f1f 8400 | e02a 006c | bef4 ffff | ff48 8b6c | 2438 4489 | 4424 1c44 | 8954 2430 | 4489 6c24 
  0x000078cd7472ce10: 344c 895c | 2438 6690 

  0x000078cd7472ce18: ;   {runtime_call UncommonTrapBlob}
  0x000078cd7472ce18: c5f8 77e8 

  0x000078cd7472ce1c: ; ImmutableOopMap {rbp=Oop [56]=Oop [64]=Oop [80]=Oop }
                      ;*checkcast {reexecute=0 rethrow=0 return_oop=0}
                      ; - org.apache.lucene.codecs.lucene90.blocktree.Lucene90BlockTreeTermsWriter$PendingBlock::compileIndex@375 (line 508)
  0x000078cd7472ce1c: e0d4 53ff 

  0x000078cd7472ce20: ;   {other}
  0x000078cd7472ce20: 0f1f 8400 | 102b 006d | bef6 ffff | ff66 6690 

  0x000078cd7472ce30: ;   {runtime_call UncommonTrapBlob}
  0x000078cd7472ce30: c5f8 77e8 

  0x000078cd7472ce34: ; ImmutableOopMap {}
                      ;*arraylength {reexecute=0 rethrow=0 return_oop=0}
                      ; - java.util.ArrayList$Itr::next@38 (line 1054)
                      ; - org.apache.lucene.codecs.lucene90.blocktree.Lucene90BlockTreeTermsWriter$PendingBlock::compileIndex@412 (line 510)
  0x000078cd7472ce34: c8d4 53ff 

  0x000078cd7472ce38: ;   {other}
  0x000078cd7472ce38: 0f1f 8400 | 282b 006e | bef4 ffff | ff48 ff74 | 2438 488f | 4424 2048 | 8b54 2440 | 4889 5424 
  0x000078cd7472ce58: 2848 8b54 | 2450 4889 | 5424 3048 | 895c 2438 | 4489 4424 | 1c44 8954 | 2440 4489 | 6c24 444c 
  0x000078cd7472ce78: 895c 2448 | 894c 2450 | 4489 4c24 | 5448 897c | 2458 6690 

  0x000078cd7472ce8c: ;   {runtime_call UncommonTrapBlob}
  0x000078cd7472ce8c: c5f8 77e8 

  0x000078cd7472ce90: ; ImmutableOopMap {[32]=Oop [40]=Oop [48]=Oop [56]=Oop [72]=Oop [88]=Oop }
                      ;*checkcast {reexecute=0 rethrow=0 return_oop=0}
                      ; - org.apache.lucene.codecs.lucene90.blocktree.Lucene90BlockTreeTermsWriter$PendingBlock::compileIndex@417 (line 510)
  0x000078cd7472ce90: 6cd4 53ff 

  0x000078cd7472ce94: ;   {other}
  0x000078cd7472ce94: 0f1f 8400 | 842b 006f | bef6 ffff | ff66 6690 

  0x000078cd7472cea4: ;   {runtime_call UncommonTrapBlob}
  0x000078cd7472cea4: c5f8 77e8 

  0x000078cd7472cea8: ; ImmutableOopMap {}
                      ;*invokevirtual hasRemaining {reexecute=0 rethrow=0 return_oop=0}
                      ; - org.apache.lucene.store.ByteBuffersDataOutput::writeByte@4 (line 186)
                      ; - org.apache.lucene.store.DataOutput::writeSignedVLong@37 (line 249)
                      ; - org.apache.lucene.store.DataOutput::writeVLong@22 (line 240)
                      ; - org.apache.lucene.codecs.lucene90.blocktree.Lucene90BlockTreeTermsWriter$PendingBlock::compileIndex@122 (line 477)
  0x000078cd7472cea8: 54d4 53ff 

  0x000078cd7472ceac: ;   {other}
  0x000078cd7472ceac: 0f1f 8400 | 9c2b 0070 | bef6 ffff | ff44 895c | 241c 6690 

  0x000078cd7472cec0: ;   {runtime_call UncommonTrapBlob}
  0x000078cd7472cec0: c5f8 77e8 

  0x000078cd7472cec4: ; ImmutableOopMap {}
                      ;*bastore {reexecute=0 rethrow=0 return_oop=0}
                      ; - java.nio.HeapByteBuffer::put@13 (line 216)
                      ; - org.apache.lucene.store.ByteBuffersDataOutput::writeByte@19 (line 189)
                      ; - org.apache.lucene.store.DataOutput::writeSignedVLong@37 (line 249)
                      ; - org.apache.lucene.store.DataOutput::writeVLong@22 (line 240)
                      ; - org.apache.lucene.codecs.lucene90.blocktree.Lucene90BlockTreeTermsWriter$PendingBlock::compileIndex@122 (line 477)
  0x000078cd7472cec4: 38d4 53ff 

  0x000078cd7472cec8: ;   {other}
  0x000078cd7472cec8: 0f1f 8400 | b82b 0071 | bef6 ffff | ff66 6690 

  0x000078cd7472ced8: ;   {runtime_call UncommonTrapBlob}
  0x000078cd7472ced8: c5f8 77e8 

  0x000078cd7472cedc: ; ImmutableOopMap {}
                      ;*invokevirtual clear {reexecute=0 rethrow=0 return_oop=0}
                      ; - org.apache.lucene.util.fst.Util::toIntsRef@1 (line 786)
                      ; - org.apache.lucene.codecs.lucene90.blocktree.Lucene90BlockTreeTermsWriter$PendingBlock::compileIndex@327 (line 504)
  0x000078cd7472cedc: 20d4 53ff 

  0x000078cd7472cee0: ;   {other}
  0x000078cd7472cee0: 0f1f 8400 | d02b 0072 | bef6 ffff | ff66 6690 

  0x000078cd7472cef0: ;   {runtime_call UncommonTrapBlob}
  0x000078cd7472cef0: c5f8 77e8 

  0x000078cd7472cef4: ; ImmutableOopMap {}
                      ;*getfield length {reexecute=1 rethrow=0 return_oop=0}
                      ; - (reexecute) org.apache.lucene.util.fst.Util::toIntsRef@8 (line 787)
                      ; - org.apache.lucene.codecs.lucene90.blocktree.Lucene90BlockTreeTermsWriter$PendingBlock::compileIndex@327 (line 504)
  0x000078cd7472cef4: 08d4 53ff 

  0x000078cd7472cef8: ;   {other}
  0x000078cd7472cef8: 0f1f 8400 | e82b 0073 | bef6 ffff | ff66 6690 

  0x000078cd7472cf08: ;   {runtime_call UncommonTrapBlob}
  0x000078cd7472cf08: c5f8 77e8 

  0x000078cd7472cf0c: ; ImmutableOopMap {}
                      ;*arraylength {reexecute=0 rethrow=0 return_oop=0}
                      ; - org.apache.lucene.codecs.lucene90.blocktree.Lucene90BlockTreeTermsWriter$PendingBlock::compileIndex@339 (line 504)
  0x000078cd7472cf0c: f0d3 53ff 

  0x000078cd7472cf10: ;   {other}
  0x000078cd7472cf10: 0f1f 8400 | 002c 0074 | bef6 ffff | ff8b ef90 

  0x000078cd7472cf20: ;   {runtime_call UncommonTrapBlob}
  0x000078cd7472cf20: c5f8 77e8 

  0x000078cd7472cf24: ; ImmutableOopMap {rbp=NarrowOop }
                      ;*invokevirtual forEach {reexecute=0 rethrow=0 return_oop=0}
                      ; - org.apache.lucene.store.ByteBuffersDataOutput::reset@18 (line 475)
                      ; - org.apache.lucene.codecs.lucene90.blocktree.Lucene90BlockTreeTermsWriter$PendingBlock::compileIndex@347 (line 505)
  0x000078cd7472cf24: d8d3 53ff 

  0x000078cd7472cf28: ;   {other}
  0x000078cd7472cf28: 0f1f 8400 | 182c 0075 | bef6 ffff | ff66 6690 

  0x000078cd7472cf38: ;   {runtime_call UncommonTrapBlob}
  0x000078cd7472cf38: c5f8 77e8 

  0x000078cd7472cf3c: ; ImmutableOopMap {}
                      ;*invokevirtual clear {reexecute=0 rethrow=0 return_oop=0}
                      ; - org.apache.lucene.store.ByteBuffersDataOutput::reset@25 (line 477)
                      ; - org.apache.lucene.codecs.lucene90.blocktree.Lucene90BlockTreeTermsWriter$PendingBlock::compileIndex@347 (line 505)
  0x000078cd7472cf3c: c0d3 53ff 

  0x000078cd7472cf40: ;   {other}
  0x000078cd7472cf40: 0f1f 8400 | 302c 0076 | bef6 ffff | ff66 6690 

  0x000078cd7472cf50: ;   {runtime_call UncommonTrapBlob}
  0x000078cd7472cf50: c5f8 77e8 

  0x000078cd7472cf54: ; ImmutableOopMap {}
                      ;*invokeinterface iterator {reexecute=0 rethrow=0 return_oop=0}
                      ; - org.apache.lucene.codecs.lucene90.blocktree.Lucene90BlockTreeTermsWriter$PendingBlock::compileIndex@351 (line 508)
  0x000078cd7472cf54: a8d3 53ff 

  0x000078cd7472cf58: ;   {other}
  0x000078cd7472cf58: 0f1f 8400 | 482c 0077 | bef6 ffff | ff66 6690 

  0x000078cd7472cf68: ;   {runtime_call UncommonTrapBlob}
  0x000078cd7472cf68: c5f8 77e8 

  0x000078cd7472cf6c: ; ImmutableOopMap {}
                      ;*aaload {reexecute=0 rethrow=0 return_oop=0}
                      ; - org.apache.lucene.util.fst.FSTCompiler::compile@5 (line 585)
                      ; - org.apache.lucene.codecs.lucene90.blocktree.Lucene90BlockTreeTermsWriter$PendingBlock::compileIndex@446 (line 517)
  0x000078cd7472cf6c: 90d3 53ff 

  0x000078cd7472cf70: ;   {other}
  0x000078cd7472cf70: 0f1f 8400 | 602c 0078 | bef6 ffff | ff66 6690 

  0x000078cd7472cf80: ;   {runtime_call UncommonTrapBlob}
  0x000078cd7472cf80: c5f8 77e8 

  0x000078cd7472cf84: ; ImmutableOopMap {}
                      ;*getfield inputCount {reexecute=1 rethrow=0 return_oop=0}
                      ; - (reexecute) org.apache.lucene.util.fst.FSTCompiler::compile@13 (line 589)
                      ; - org.apache.lucene.codecs.lucene90.blocktree.Lucene90BlockTreeTermsWriter$PendingBlock::compileIndex@446 (line 517)
  0x000078cd7472cf84: 78d3 53ff 

  0x000078cd7472cf88: ;   {other}
  0x000078cd7472cf88: 0f1f 8400 | 782c 0079 | bef6 ffff | ff66 6690 

  0x000078cd7472cf98: ;   {runtime_call UncommonTrapBlob}
  0x000078cd7472cf98: c5f8 77e8 

  0x000078cd7472cf9c: ; ImmutableOopMap {}
                      ;*invokevirtual length {reexecute=0 rethrow=0 return_oop=0}
                      ; - org.apache.lucene.util.fst.FSTCompiler::compile@102 (line 605)
                      ; - org.apache.lucene.codecs.lucene90.blocktree.Lucene90BlockTreeTermsWriter$PendingBlock::compileIndex@446 (line 517)
  0x000078cd7472cf9c: 60d3 53ff 

  0x000078cd7472cfa0: ;   {other}
  0x000078cd7472cfa0: 0f1f 8400 | 902c 007a | bef6 ffff | ff66 6690 

  0x000078cd7472cfb0: ;   {runtime_call UncommonTrapBlob}
  0x000078cd7472cfb0: c5f8 77e8 

  0x000078cd7472cfb4: ; ImmutableOopMap {}
                      ;*getfield length {reexecute=1 rethrow=0 return_oop=0}
                      ; - (reexecute) org.apache.lucene.util.IntsRefBuilder::length@4 (line 40)
                      ; - org.apache.lucene.util.fst.FSTCompiler::compile@102 (line 605)
                      ; - org.apache.lucene.codecs.lucene90.blocktree.Lucene90BlockTreeTermsWriter$PendingBlock::compileIndex@446 (line 517)
  0x000078cd7472cfb4: 48d3 53ff 

  0x000078cd7472cfb8: ;   {other}
  0x000078cd7472cfb8: 0f1f 8400 | a82c 007b | bef6 ffff | ff66 6690 

  0x000078cd7472cfc8: ;   {runtime_call UncommonTrapBlob}
  0x000078cd7472cfc8: c5f8 77e8 

  0x000078cd7472cfcc: ; ImmutableOopMap {}
                      ;*getfield node {reexecute=1 rethrow=0 return_oop=0}
                      ; - (reexecute) org.apache.lucene.util.fst.FSTCompiler::compile@108 (line 605)
                      ; - org.apache.lucene.codecs.lucene90.blocktree.Lucene90BlockTreeTermsWriter$PendingBlock::compileIndex@446 (line 517)
  0x000078cd7472cfcc: 30d3 53ff 

  0x000078cd7472cfd0: ;   {other}
  0x000078cd7472cfd0: 0f1f 8400 | c02c 007c | bef6 ffff | ff49 8be8 

  0x000078cd7472cfe0: ;   {runtime_call UncommonTrapBlob}
  0x000078cd7472cfe0: c5f8 77e8 

  0x000078cd7472cfe4: ; ImmutableOopMap {}
                      ;*invokevirtual finish {reexecute=0 rethrow=0 return_oop=0}
                      ; - org.apache.lucene.util.fst.FSTCompiler::compile@111 (line 605)
                      ; - org.apache.lucene.codecs.lucene90.blocktree.Lucene90BlockTreeTermsWriter$PendingBlock::compileIndex@446 (line 517)
  0x000078cd7472cfe4: 18d3 53ff 

  0x000078cd7472cfe8: ;   {other}
  0x000078cd7472cfe8: 0f1f 8400 | d82c 007d | bef6 ffff | ff66 6690 

  0x000078cd7472cff8: ;   {runtime_call UncommonTrapBlob}
  0x000078cd7472cff8: c5f8 77e8 

  0x000078cd7472cffc: ; ImmutableOopMap {}
                      ;*invokevirtual finish {reexecute=0 rethrow=0 return_oop=0}
                      ; - org.apache.lucene.util.fst.FST::finish@73 (line 520)
                      ; - org.apache.lucene.util.fst.FSTCompiler::compile@111 (line 605)
                      ; - org.apache.lucene.codecs.lucene90.blocktree.Lucene90BlockTreeTermsWriter$PendingBlock::compileIndex@446 (line 517)
  0x000078cd7472cffc: 00d3 53ff 

  0x000078cd7472d000: ;   {other}
  0x000078cd7472d000: 0f1f 8400 | f02c 007e | bef6 ffff | ff66 6690 

  0x000078cd7472d010: ;   {runtime_call UncommonTrapBlob}
  0x000078cd7472d010: c5f8 77e8 

  0x000078cd7472d014: ; ImmutableOopMap {}
                      ;*invokeinterface size {reexecute=0 rethrow=0 return_oop=0}
                      ; - org.apache.lucene.util.fst.BytesStore::finish@36 (line 362)
                      ; - org.apache.lucene.util.fst.FST::finish@73 (line 520)
                      ; - org.apache.lucene.util.fst.FSTCompiler::compile@111 (line 605)
                      ; - org.apache.lucene.codecs.lucene90.blocktree.Lucene90BlockTreeTermsWriter$PendingBlock::compileIndex@446 (line 517)
  0x000078cd7472d014: e8d2 53ff 

  0x000078cd7472d018: ;   {other}
  0x000078cd7472d018: 0f1f 8400 | 082d 007f | bef6 ffff | ff41 8beb 

  0x000078cd7472d028: ;   {runtime_call UncommonTrapBlob}
  0x000078cd7472d028: c5f8 77e8 

  0x000078cd7472d02c: ; ImmutableOopMap {}
                      ;*aaload {reexecute=0 rethrow=0 return_oop=0}
                      ; - java.util.ArrayList::elementData@5 (line 411)
                      ; - java.util.ArrayList::set@11 (line 471)
                      ; - org.apache.lucene.util.fst.BytesStore::finish@44 (line 362)
                      ; - org.apache.lucene.util.fst.FST::finish@73 (line 520)
                      ; - org.apache.lucene.util.fst.FSTCompiler::compile@111 (line 605)
                      ; - org.apache.lucene.codecs.lucene90.blocktree.Lucene90BlockTreeTermsWriter$PendingBlock::compileIndex@446 (line 517)
  0x000078cd7472d02c: d0d2 53ff 

  0x000078cd7472d030: ;   {other}
  0x000078cd7472d030: 0f1f 8400 | 202d 0080 | bef4 ffff | ff48 ff74 | 2438 488f | 4424 204c | 8b54 2430 | 4c89 5424 
  0x000078cd7472d050: 284c 8b54 | 2440 4c89 | 5424 304c | 8b54 2450 | 4c89 5424 | 384c 8b54 | 2448 4c89 | 5424 4089 
  0x000078cd7472d070: 5424 4844 | 8944 2458 

  0x000078cd7472d078: ;   {runtime_call UncommonTrapBlob}
  0x000078cd7472d078: c5f8 77e8 

  0x000078cd7472d07c: ; ImmutableOopMap {rbp=Oop [32]=Oop [40]=Oop [48]=Oop [56]=Oop [64]=Oop [72]=NarrowOop [88]=NarrowOop [96]=NarrowOop }
                      ;*checkcast {reexecute=0 rethrow=0 return_oop=0}
                      ; - org.apache.lucene.store.ByteBuffersDataOutput$$Lambda/0x00006c20500b08a8::accept@5
                      ; - java.util.ArrayDeque::forEach@48 (line 887)
                      ; - org.apache.lucene.store.ByteBuffersDataOutput::reset@18 (line 475)
                      ; - org.apache.lucene.codecs.lucene90.blocktree.Lucene90BlockTreeTermsWriter$PendingBlock::compileIndex@347 (line 505)
  0x000078cd7472d07c: 80d2 53ff 

  0x000078cd7472d080: ;   {other}
  0x000078cd7472d080: 0f1f 8400 | 702d 0081 | bef6 ffff | ff49 8be9 

  0x000078cd7472d090: ;   {runtime_call UncommonTrapBlob}
  0x000078cd7472d090: c5f8 77e8 

  0x000078cd7472d094: ; ImmutableOopMap {rbp=Oop }
                      ;*invokevirtual reuse {reexecute=0 rethrow=0 return_oop=0}
                      ; - org.apache.lucene.store.ByteBuffersDataOutput$$Lambda/0x00006c20500b08a8::accept@8
                      ; - java.util.ArrayDeque::forEach@48 (line 887)
                      ; - org.apache.lucene.store.ByteBuffersDataOutput::reset@18 (line 475)
                      ; - org.apache.lucene.codecs.lucene90.blocktree.Lucene90BlockTreeTermsWriter$PendingBlock::compileIndex@347 (line 505)
  0x000078cd7472d094: 68d2 53ff 

  0x000078cd7472d098: ;   {other}
  0x000078cd7472d098: 0f1f 8400 | 882d 0082 | bef6 ffff | ff49 8be9 

  0x000078cd7472d0a8: ;   {runtime_call UncommonTrapBlob}
  0x000078cd7472d0a8: c5f8 77e8 

  0x000078cd7472d0ac: ; ImmutableOopMap {rbp=Oop }
                      ;*invokevirtual addLast {reexecute=0 rethrow=0 return_oop=0}
                      ; - org.apache.lucene.store.ByteBuffersDataOutput$ByteBufferRecycler::reuse@10 (line 79)
                      ; - org.apache.lucene.store.ByteBuffersDataOutput$$Lambda/0x00006c20500b08a8::accept@8
                      ; - java.util.ArrayDeque::forEach@48 (line 887)
                      ; - org.apache.lucene.store.ByteBuffersDataOutput::reset@18 (line 475)
                      ; - org.apache.lucene.codecs.lucene90.blocktree.Lucene90BlockTreeTermsWriter$PendingBlock::compileIndex@347 (line 505)
  0x000078cd7472d0ac: 50d2 53ff 

  0x000078cd7472d0b0: ;   {other}
  0x000078cd7472d0b0: 0f1f 8400 | a02d 0083 | bef6 ffff | ff8b ef4c | 894c 2420 

  0x000078cd7472d0c4: ;   {runtime_call UncommonTrapBlob}
  0x000078cd7472d0c4: c5f8 77e8 

  0x000078cd7472d0c8: ; ImmutableOopMap {[32]=Oop }
                      ;*aastore {reexecute=1 rethrow=0 return_oop=0}
                      ; - (reexecute) java.util.ArrayDeque::addLast@23 (line 304)
                      ; - org.apache.lucene.store.ByteBuffersDataOutput$ByteBufferRecycler::reuse@10 (line 79)
                      ; - org.apache.lucene.store.ByteBuffersDataOutput$$Lambda/0x00006c20500b08a8::accept@8
                      ; - java.util.ArrayDeque::forEach@48 (line 887)
                      ; - org.apache.lucene.store.ByteBuffersDataOutput::reset@18 (line 475)
                      ; - org.apache.lucene.codecs.lucene90.blocktree.Lucene90BlockTreeTermsWriter$PendingBlock::compileIndex@347 (line 505)
  0x000078cd7472d0c8: 34d2 53ff 

  0x000078cd7472d0cc: ;   {other}
  0x000078cd7472d0cc: 0f1f 8400 | bc2d 0084 | bef6 ffff | ff41 8bea 

  0x000078cd7472d0dc: ;   {runtime_call UncommonTrapBlob}
  0x000078cd7472d0dc: c5f8 77e8 

  0x000078cd7472d0e0: ; ImmutableOopMap {}
                      ;*aaload {reexecute=0 rethrow=0 return_oop=0}
                      ; - java.util.ArrayList::elementData@5 (line 411)
                      ; - java.util.ArrayList::get@11 (line 428)
                      ; - org.apache.lucene.codecs.lucene90.blocktree.Lucene90BlockTreeTermsWriter$PendingBlock::compileIndex@161 (line 481)
  0x000078cd7472d0e0: 1cd2 53ff 

  0x000078cd7472d0e4: ;   {other}
  0x000078cd7472d0e4: 0f1f 8400 | d42d 0085 | bef4 ffff | ff4c 895c | 2420 4c89 | 6c24 2844 | 8954 241c 

  0x000078cd7472d100: ;   {runtime_call UncommonTrapBlob}
  0x000078cd7472d100: c5f8 77e8 

  0x000078cd7472d104: ; ImmutableOopMap {[32]=Oop [40]=Oop [56]=Oop [72]=Oop }
                      ;*checkcast {reexecute=0 rethrow=0 return_oop=0}
                      ; - org.apache.lucene.codecs.lucene90.blocktree.Lucene90BlockTreeTermsWriter$PendingBlock::compileIndex@166 (line 481)
  0x000078cd7472d104: f8d1 53ff 

  0x000078cd7472d108: ;   {other}
  0x000078cd7472d108: 0f1f 8400 | f82d 0086 | bef6 ffff | ff66 6690 

  0x000078cd7472d118: ;   {runtime_call UncommonTrapBlob}
  0x000078cd7472d118: c5f8 77e8 

  0x000078cd7472d11c: ; ImmutableOopMap {}
                      ;*invokevirtual hasRemaining {reexecute=0 rethrow=0 return_oop=0}
                      ; - org.apache.lucene.store.ByteBuffersDataOutput::writeByte@4 (line 186)
                      ; - org.apache.lucene.codecs.lucene90.blocktree.Lucene90BlockTreeTermsWriter$PendingBlock::compileIndex@201 (line 487)
  0x000078cd7472d11c: e0d1 53ff 

  0x000078cd7472d120: ;   {other}
  0x000078cd7472d120: 0f1f 8400 | 102e 0087 | bef6 ffff | ff89 4c24 | 1c66 6690 

  0x000078cd7472d134: ;   {runtime_call UncommonTrapBlob}
  0x000078cd7472d134: c5f8 77e8 

  0x000078cd7472d138: ; ImmutableOopMap {}
                      ;*bastore {reexecute=0 rethrow=0 return_oop=0}
                      ; - java.nio.HeapByteBuffer::put@13 (line 216)
                      ; - org.apache.lucene.store.ByteBuffersDataOutput::writeByte@19 (line 189)
                      ; - org.apache.lucene.codecs.lucene90.blocktree.Lucene90BlockTreeTermsWriter$PendingBlock::compileIndex@201 (line 487)
  0x000078cd7472d138: c4d1 53ff 

  0x000078cd7472d13c: ;   {other}
  0x000078cd7472d13c: 0f1f 8400 | 2c2e 0088 | bef6 ffff | ff66 6690 

  0x000078cd7472d14c: ;   {runtime_call UncommonTrapBlob}
  0x000078cd7472d14c: c5f8 77e8 

  0x000078cd7472d150: ; ImmutableOopMap {}
                      ;*invokevirtual hasRemaining {reexecute=0 rethrow=0 return_oop=0}
                      ; - org.apache.lucene.store.ByteBuffersDataOutput::writeByte@4 (line 186)
                      ; - org.apache.lucene.store.DataOutput::writeSignedVLong@37 (line 249)
                      ; - org.apache.lucene.store.DataOutput::writeVLong@22 (line 240)
                      ; - org.apache.lucene.codecs.lucene90.blocktree.Lucene90BlockTreeTermsWriter$PendingBlock::compileIndex@259 (line 489)
  0x000078cd7472d150: acd1 53ff 

  0x000078cd7472d154: ;   {other}
  0x000078cd7472d154: 0f1f 8400 | 442e 0089 | bef6 ffff | ff44 8944 | 241c 6690 

  0x000078cd7472d168: ;   {runtime_call UncommonTrapBlob}
  0x000078cd7472d168: c5f8 77e8 

  0x000078cd7472d16c: ; ImmutableOopMap {}
                      ;*bastore {reexecute=0 rethrow=0 return_oop=0}
                      ; - java.nio.HeapByteBuffer::put@13 (line 216)
                      ; - org.apache.lucene.store.ByteBuffersDataOutput::writeByte@19 (line 189)
                      ; - org.apache.lucene.store.DataOutput::writeSignedVLong@37 (line 249)
                      ; - org.apache.lucene.store.DataOutput::writeVLong@22 (line 240)
                      ; - org.apache.lucene.codecs.lucene90.blocktree.Lucene90BlockTreeTermsWriter$PendingBlock::compileIndex@259 (line 489)
  0x000078cd7472d16c: 90d1 53ff 

  0x000078cd7472d170: ;   {other}
  0x000078cd7472d170: 0f1f 8400 | 602e 008a | be45 ffff | ff48 ff74 | 2438 488f | 4424 204c | 8b54 2430 | 4c89 5424 
  0x000078cd7472d190: 284c 8b54 | 2440 4c89 | 5424 3089 | 5424 1c89 | 7c24 4489 | 7c24 4890 

  0x000078cd7472d1a8: ;   {runtime_call UncommonTrapBlob}
  0x000078cd7472d1a8: c5f8 77e8 

  0x000078cd7472d1ac: ; ImmutableOopMap {rbp=Oop [28]=NarrowOop [32]=Oop [40]=Oop [48]=Oop [68]=NarrowOop [72]=NarrowOop [80]=Oop }
                      ;*ifnonnull {reexecute=1 rethrow=0 return_oop=0}
                      ; - (reexecute) java.util.Objects::requireNonNull@1 (line 232)
                      ; - java.util.ArrayDeque::forEach@1 (line 882)
                      ; - org.apache.lucene.store.ByteBuffersDataOutput::reset@18 (line 475)
                      ; - org.apache.lucene.codecs.lucene90.blocktree.Lucene90BlockTreeTermsWriter$PendingBlock::compileIndex@347 (line 505)
  0x000078cd7472d1ac: 50d1 53ff 

  0x000078cd7472d1b0: ;   {other}
  0x000078cd7472d1b0: 0f1f 8400 | a02e 008b | be45 ffff | ff48 8b6c | 2420 4489 | 4424 1c90 

  0x000078cd7472d1c8: ;   {runtime_call UncommonTrapBlob}
  0x000078cd7472d1c8: c5f8 77e8 

  0x000078cd7472d1cc: ; ImmutableOopMap {rbp=Oop [28]=NarrowOop [48]=Oop }
                      ;*ifnull {reexecute=1 rethrow=0 return_oop=0}
                      ; - (reexecute) org.apache.lucene.util.fst.BytesStore::finish@4 (line 359)
                      ; - org.apache.lucene.util.fst.FST::finish@73 (line 520)
                      ; - org.apache.lucene.util.fst.FSTCompiler::compile@111 (line 605)
                      ; - org.apache.lucene.codecs.lucene90.blocktree.Lucene90BlockTreeTermsWriter$PendingBlock::compileIndex@446 (line 517)
  0x000078cd7472d1cc: 30d1 53ff 

  0x000078cd7472d1d0: ;   {other}
  0x000078cd7472d1d0: 0f1f 8400 | c02e 008c | bef6 ffff | ff8b eb90 

  0x000078cd7472d1e0: ;   {runtime_call UncommonTrapBlob}
  0x000078cd7472d1e0: c5f8 77e8 

  0x000078cd7472d1e4: ; ImmutableOopMap {}
                      ;*aastore {reexecute=1 rethrow=0 return_oop=0}
                      ; - (reexecute) java.util.ArrayDeque::circularClear@20 (line 1050)
                      ; - java.util.ArrayDeque::clear@12 (line 1037)
                      ; - org.apache.lucene.store.ByteBuffersDataOutput::reset@25 (line 477)
                      ; - org.apache.lucene.codecs.lucene90.blocktree.Lucene90BlockTreeTermsWriter$PendingBlock::compileIndex@347 (line 505)
  0x000078cd7472d1e4: 18d1 53ff 

  0x000078cd7472d1e8: ;   {other}
  0x000078cd7472d1e8: 0f1f 8400 | d82e 008d | bef6 ffff | ff66 6690 

  0x000078cd7472d1f8: ;   {runtime_call UncommonTrapBlob}
  0x000078cd7472d1f8: c5f8 77e8 

  0x000078cd7472d1fc: ; ImmutableOopMap {}
                      ;*invokevirtual hasRemaining {reexecute=0 rethrow=0 return_oop=0}
                      ; - org.apache.lucene.store.ByteBuffersDataOutput::writeByte@4 (line 186)
                      ; - org.apache.lucene.store.DataOutput::writeSignedVLong@22 (line 246)
                      ; - org.apache.lucene.store.DataOutput::writeVLong@22 (line 240)
                      ; - org.apache.lucene.codecs.lucene90.blocktree.Lucene90BlockTreeTermsWriter$PendingBlock::compileIndex@122 (line 477)
  0x000078cd7472d1fc: 00d1 53ff 

  0x000078cd7472d200: ;   {other}
  0x000078cd7472d200: 0f1f 8400 | f02e 008e | bef6 ffff | ff41 8beb | 4489 5424 | 1c66 6690 

  0x000078cd7472d218: ;   {runtime_call UncommonTrapBlob}
  0x000078cd7472d218: c5f8 77e8 

  0x000078cd7472d21c: ; ImmutableOopMap {}
                      ;*bastore {reexecute=0 rethrow=0 return_oop=0}
                      ; - java.nio.HeapByteBuffer::put@13 (line 216)
                      ; - org.apache.lucene.store.ByteBuffersDataOutput::writeByte@19 (line 189)
                      ; - org.apache.lucene.store.DataOutput::writeSignedVLong@22 (line 246)
                      ; - org.apache.lucene.store.DataOutput::writeVLong@22 (line 240)
                      ; - org.apache.lucene.codecs.lucene90.blocktree.Lucene90BlockTreeTermsWriter$PendingBlock::compileIndex@122 (line 477)
  0x000078cd7472d21c: e0d0 53ff 

  0x000078cd7472d220: ;   {other}
  0x000078cd7472d220: 0f1f 8400 | 102f 008f | bef6 ffff | ff66 6690 

  0x000078cd7472d230: ;   {runtime_call UncommonTrapBlob}
  0x000078cd7472d230: c5f8 77e8 

  0x000078cd7472d234: ; ImmutableOopMap {}
                      ;*invokeinterface size {reexecute=0 rethrow=0 return_oop=0}
                      ; - org.apache.lucene.codecs.lucene90.blocktree.Lucene90BlockTreeTermsWriter$PendingBlock::compileIndex@134 (line 479)
  0x000078cd7472d234: c8d0 53ff 

  0x000078cd7472d238: ;   {other}
  0x000078cd7472d238: 0f1f 8400 | 282f 0090 | bef6 ffff | ff41 8be9 | 4489 5424 | 1c66 6690 

  0x000078cd7472d250: ;   {runtime_call UncommonTrapBlob}
  0x000078cd7472d250: c5f8 77e8 

  0x000078cd7472d254: ; ImmutableOopMap {}
                      ;*bastore {reexecute=0 rethrow=0 return_oop=0}
                      ; - java.nio.HeapByteBuffer::put@13 (line 216)
                      ; - org.apache.lucene.store.ByteBuffersDataOutput::writeByte@19 (line 189)
                      ; - org.apache.lucene.store.DataOutput::writeVInt@31 (line 203)
                      ; - org.apache.lucene.codecs.lucene90.blocktree.Lucene90BlockTreeTermsWriter$PendingBlock::compileIndex@141 (line 479)
  0x000078cd7472d254: a8d0 53ff 

  0x000078cd7472d258: ;   {other}
  0x000078cd7472d258: 0f1f 8400 | 482f 0091 | bef6 ffff | ff66 6690 

  0x000078cd7472d268: ;   {runtime_call UncommonTrapBlob}
  0x000078cd7472d268: c5f8 77e8 

  0x000078cd7472d26c: ; ImmutableOopMap {}
                      ;*invokevirtual hasRemaining {reexecute=0 rethrow=0 return_oop=0}
                      ; - org.apache.lucene.store.ByteBuffersDataOutput::writeByte@4 (line 186)
                      ; - org.apache.lucene.store.DataOutput::writeSignedVLong@22 (line 246)
                      ; - org.apache.lucene.store.DataOutput::writeVLong@22 (line 240)
                      ; - org.apache.lucene.codecs.lucene90.blocktree.Lucene90BlockTreeTermsWriter$PendingBlock::compileIndex@259 (line 489)
  0x000078cd7472d26c: 90d0 53ff 

  0x000078cd7472d270: ;   {other}
  0x000078cd7472d270: 0f1f 8400 | 602f 0092 | bef6 ffff | ff8b ea44 | 8944 241c 

  0x000078cd7472d284: ;   {runtime_call UncommonTrapBlob}
  0x000078cd7472d284: c5f8 77e8 

  0x000078cd7472d288: ; ImmutableOopMap {}
                      ;*bastore {reexecute=0 rethrow=0 return_oop=0}
                      ; - java.nio.HeapByteBuffer::put@13 (line 216)
                      ; - org.apache.lucene.store.ByteBuffersDataOutput::writeByte@19 (line 189)
                      ; - org.apache.lucene.store.DataOutput::writeSignedVLong@22 (line 246)
                      ; - org.apache.lucene.store.DataOutput::writeVLong@22 (line 240)
                      ; - org.apache.lucene.codecs.lucene90.blocktree.Lucene90BlockTreeTermsWriter$PendingBlock::compileIndex@259 (line 489)
  0x000078cd7472d288: 74d0 53ff 

  0x000078cd7472d28c: ;   {other}
  0x000078cd7472d28c: 0f1f 8400 | 7c2f 0093 | bef6 ffff | ff66 6690 

  0x000078cd7472d29c: ;   {runtime_call UncommonTrapBlob}
  0x000078cd7472d29c: c5f8 77e8 

  0x000078cd7472d2a0: ; ImmutableOopMap {}
                      ;*invokevirtual hasRemaining {reexecute=0 rethrow=0 return_oop=0}
                      ; - org.apache.lucene.store.ByteBuffersDataOutput::writeByte@4 (line 186)
                      ; - org.apache.lucene.store.DataOutput::writeVInt@17 (line 200)
                      ; - org.apache.lucene.codecs.lucene90.blocktree.Lucene90BlockTreeTermsWriter$PendingBlock::compileIndex@141 (line 479)
  0x000078cd7472d2a0: 5cd0 53ff 

  0x000078cd7472d2a4: ;   {other}
  0x000078cd7472d2a4: 0f1f 8400 | 942f 0094 | bef6 ffff | ff41 8be8 | 4489 4c24 | 1c66 6690 

  0x000078cd7472d2bc: ;   {runtime_call UncommonTrapBlob}
  0x000078cd7472d2bc: c5f8 77e8 

  0x000078cd7472d2c0: ; ImmutableOopMap {}
                      ;*bastore {reexecute=0 rethrow=0 return_oop=0}
                      ; - java.nio.HeapByteBuffer::put@13 (line 216)
                      ; - org.apache.lucene.store.ByteBuffersDataOutput::writeByte@19 (line 189)
                      ; - org.apache.lucene.store.DataOutput::writeVInt@17 (line 200)
                      ; - org.apache.lucene.codecs.lucene90.blocktree.Lucene90BlockTreeTermsWriter$PendingBlock::compileIndex@141 (line 479)
  0x000078cd7472d2c0: 3cd0 53ff 

  0x000078cd7472d2c4: ;   {other}
  0x000078cd7472d2c4: 0f1f 8400 | b42f 0095 | eb34 488b | f0eb 4d48 | 8bf0 eb48 | eb43 488b | f0eb 4148 | 8bf0 eb3c 
  0x000078cd7472d2e4: 488b f0eb | 3748 8bf0 | eb32 488b | f0eb 2d48 | 8bf0 eb28 | 488b f0eb | 2348 8bf0 | eb1e 488b 
  0x000078cd7472d304: f0eb 1948 | 8bf0 eb14 | 488b f0eb | 0f48 8bf0 | eb0a 488b | f0eb 05eb | 0048 8bf0 | c5f8 7748 
  0x000078cd7472d324: 81c4 b000 

  0x000078cd7472d328: ;   {runtime_call _rethrow_Java}
  0x000078cd7472d328: 0000 5de9 | 5017 5fff | bef6 ffff | ff66 6690 

  0x000078cd7472d338: ;   {runtime_call UncommonTrapBlob}
  0x000078cd7472d338: c5f8 77e8 

  0x000078cd7472d33c: ; ImmutableOopMap {}
                      ;*arraylength {reexecute=0 rethrow=0 return_oop=0}
                      ; - java.util.ArrayDeque::forEach@33 (line 884)
                      ; - org.apache.lucene.store.ByteBuffersDataOutput::reset@18 (line 475)
                      ; - org.apache.lucene.codecs.lucene90.blocktree.Lucene90BlockTreeTermsWriter$PendingBlock::compileIndex@347 (line 505)
  0x000078cd7472d33c: c0cf 53ff 

  0x000078cd7472d340: ;   {other}
  0x000078cd7472d340: 0f1f 8400 | 3030 0096 | bef6 ffff | ff66 6690 

  0x000078cd7472d350: ;   {runtime_call UncommonTrapBlob}
  0x000078cd7472d350: c5f8 77e8 

  0x000078cd7472d354: ; ImmutableOopMap {}
                      ;*arraylength {reexecute=0 rethrow=0 return_oop=0}
                      ; - java.util.ArrayDeque::circularClear@10 (line 1048)
                      ; - java.util.ArrayDeque::clear@12 (line 1037)
                      ; - org.apache.lucene.store.ByteBuffersDataOutput::reset@25 (line 477)
                      ; - org.apache.lucene.codecs.lucene90.blocktree.Lucene90BlockTreeTermsWriter$PendingBlock::compileIndex@347 (line 505)
  0x000078cd7472d354: a8cf 53ff 

  0x000078cd7472d358: ;   {other}
  0x000078cd7472d358: 0f1f 8400 | 4830 0097 

  0x000078cd7472d360: ;   {internal_word}
  0x000078cd7472d360: 49ba cfb4 | 7274 cd78 | 0000 4d89 | 9780 0700 

  0x000078cd7472d370: ;   {runtime_call SafepointBlob}
  0x000078cd7472d370: 00e9 8ae0 

  0x000078cd7472d374: ;   {runtime_call StubRoutines (final stubs)}
  0x000078cd7472d374: 53ff e8e5 | 1a52 ffe9 | 9ed4 ffff 
[Stub Code]
  0x000078cd7472d380: ;   {no_reloc}
  0x000078cd7472d380: 48bb 0000 | 0000 0000 

  0x000078cd7472d388: ;   {runtime_call nmethod}
  0x000078cd7472d388: 0000 e9fb 

  0x000078cd7472d38c: ;   {static_stub}
  0x000078cd7472d38c: ffff ff48 | bb00 0000 | 0000 0000 

  0x000078cd7472d398: ;   {runtime_call nmethod}
  0x000078cd7472d398: 00e9 fbff 

  0x000078cd7472d39c: ;   {static_stub}
  0x000078cd7472d39c: ffff 48bb | 0000 0000 | 0000 0000 

  0x000078cd7472d3a8: ;   {runtime_call nmethod}
  0x000078cd7472d3a8: e9fb ffff 

  0x000078cd7472d3ac: ;   {static_stub}
  0x000078cd7472d3ac: ff48 bb00 | 0000 0000 

  0x000078cd7472d3b4: ;   {runtime_call nmethod}
  0x000078cd7472d3b4: 0000 00e9 | fbff ffff 

  0x000078cd7472d3bc: ;   {static_stub}
  0x000078cd7472d3bc: 48bb 0000 | 0000 0000 

  0x000078cd7472d3c4: ;   {runtime_call nmethod}
  0x000078cd7472d3c4: 0000 e9fb 

  0x000078cd7472d3c8: ;   {static_stub}
  0x000078cd7472d3c8: ffff ff48 | bb00 0000 | 0000 0000 

  0x000078cd7472d3d4: ;   {runtime_call nmethod}
  0x000078cd7472d3d4: 00e9 fbff 

  0x000078cd7472d3d8: ;   {static_stub}
  0x000078cd7472d3d8: ffff 48bb | 0000 0000 | 0000 0000 

  0x000078cd7472d3e4: ;   {runtime_call nmethod}
  0x000078cd7472d3e4: e9fb ffff 

  0x000078cd7472d3e8: ;   {static_stub}
  0x000078cd7472d3e8: ff48 bb00 | 0000 0000 

  0x000078cd7472d3f0: ;   {runtime_call nmethod}
  0x000078cd7472d3f0: 0000 00e9 | fbff ffff 

  0x000078cd7472d3f8: ;   {static_stub}
  0x000078cd7472d3f8: 48bb 0000 | 0000 0000 

  0x000078cd7472d400: ;   {runtime_call nmethod}
  0x000078cd7472d400: 0000 e9fb 

  0x000078cd7472d404: ;   {runtime_call ExceptionBlob}
  0x000078cd7472d404: ffff ffe9 | f4b6 5eff 
[Deopt Handler Code]
  0x000078cd7472d40c: e800 0000 | 0048 832c 

  0x000078cd7472d414: ;   {runtime_call DeoptimizationBlob}
  0x000078cd7472d414: 2405 e985 | d253 fff4 | f4f4 f4f4 
[/MachCode]


Compiled method (c2) 31545 2412       4       org.apache.lucene.codecs.lucene90.blocktree.Lucene90BlockTreeTermsWriter$TermsWriter::writeBlocks (576 bytes)
 total in heap  [0x000078cd7453ef10,0x000078cd74542298] = 13192
 relocation     [0x000078cd7453f068,0x000078cd7453f250] = 488
 main code      [0x000078cd7453f260,0x000078cd745410e0] = 7808
 stub code      [0x000078cd745410e0,0x000078cd74541140] = 96
 oops           [0x000078cd74541140,0x000078cd74541150] = 16
 metadata       [0x000078cd74541150,0x000078cd74541220] = 208
 scopes data    [0x000078cd74541220,0x000078cd74541bd8] = 2488
 scopes pcs     [0x000078cd74541bd8,0x000078cd74542098] = 1216
 dependencies   [0x000078cd74542098,0x000078cd745420b0] = 24
 handler table  [0x000078cd745420b0,0x000078cd745421e8] = 312
 nul chk table  [0x000078cd745421e8,0x000078cd74542298] = 176

[Constant Pool (empty)]

[MachCode]
[Entry Point]
  # {method} {0x00006c2044819fb8} 'writeBlocks' '(II)V' in 'org/apache/lucene/codecs/lucene90/blocktree/Lucene90BlockTreeTermsWriter$TermsWriter'
  # this:     rsi:rsi   = 'org/apache/lucene/codecs/lucene90/blocktree/Lucene90BlockTreeTermsWriter$TermsWriter'
  # parm0:    rdx       = int
  # parm1:    rcx       = int
  #           [sp+0xa0]  (sp of caller)
  0x000078cd7453f260: 448b 5608 | 49bb 0000 | 004f 206c | 0000 4d03 | d349 3bc2 

  0x000078cd7453f274: ;   {runtime_call ic_miss_stub}
  0x000078cd7453f274: 0f85 065b | 72ff 6690 | 0f1f 4000 
[Verified Entry Point]
  0x000078cd7453f280: 8984 2400 | c0fe ff55 | 4881 ec90 | 0000 0090 | 4181 7f20 | 0100 0000 | 0f85 371e | 0000 894c 
  0x000078cd7453f2a0: 2438 8954 | 2434 4889 | 7424 108b | 6e34 448b 

  0x000078cd7453f2b0: ;   {metadata('java/util/ArrayList')}
  0x000078cd7453f2b0: 5d08 4181 | fb68 b70b | 000f 85c1 | 1400 004c | 8bd5 418b | 4a10 448b | d144 2b54 | 2438 443b 
  0x000078cd7453f2d0: d10f 8d24 | 1400 0044 | 8954 243c | 33db ba01 | 0000 0041 | bd0a 0000 | 0045 33f6 | 4533 db41 
  0x000078cd7453f2f0: b8ff ffff | ff41 b9ff | ffff ffe9 | ca00 0000 | 4c8b 5424 | 508b 4c24 | 3c44 8b44 | 2458 443b 
  0x000078cd7453f310: c10f 83b9 | 1500 004c | 8b5c 2460 | 458b 4b08 

  0x000078cd7453f320: ;   {metadata('java/lang/Object'[])}
  0x000078cd7453f320: 4181 f988 | 1200 000f | 852f 1600 | 0044 8b4c | 245c 4589 | 4a10 4c8b | 5424 4847 | 8954 8310 
  0x000078cd7453f340: c5fa 1044 | 242c 4889 | 4424 f88b | 4424 2889 | 4424 3c48 | 8b44 24f8 | 4533 f645 | 33db 8b7c 
  0x000078cd7453f360: 240c 448b | 5424 188b | 5c24 1c8b | 5424 2044 | 8b6c 2424 | c5f9 7ec0 | 4c8b 4c24 | 4089 4424 
  0x000078cd7453f380: 0c0f 1f84 | 0000 0000 | 000f 1f80 | 0000 0000 | 450f b641 | 0c45 85c0 | 0f84 6409 | 0000 458b 
  0x000078cd7453f3a0: cb41 be01 | 0000 0041 | ffc2 443b | 5424 300f | 8d30 0300 | 0089 7c24 | 3445 8bd9 | 448b 4424 
  0x000078cd7453f3c0: 0cc4 c179 | 7ec1 8b4c | 2430 488b | 7c24 108b | 7f34 8b77 

  0x000078cd7453f3d4: ;   {metadata('java/util/ArrayList')}
  0x000078cd7453f3d4: 0881 fe68 | b70b 000f | 85ff 0f00 | 008b 6f10 | 85ed 0f8c | 3810 0000 | 443b d50f | 8360 0f00 
  0x000078cd7453f3f4: 0089 4c24 | 30c4 c179 | 6ec1 4489 | 4424 0c8b | 6f14 458b | c28b 4d0c | 443b c10f | 838b 0f00 
  0x000078cd7453f414: 0042 8b4c | 8510 448b | 4908 48bf | 0000 004f | 206c 0000 | 4903 f94c 

  0x000078cd7453f42c: ;   {metadata('org/apache/lucene/codecs/lucene90/blocktree/Lucene90BlockTreeTermsWriter$PendingEntry')}
  0x000078cd7453f42c: 8b4f 3848 | bf28 5811 | 5020 6c00 | 004c 3bcf | 0f85 2e10 | 0000 4c8b | c941 8b79 | 0841 0fb6 
  0x000078cd7453f44c: 410c 85c0 | 0f84 7908 

  0x000078cd7453f454: ;   {metadata('org/apache/lucene/codecs/lucene90/blocktree/Lucene90BlockTreeTermsWriter$PendingTerm')}
  0x000078cd7453f454: 0000 81ff | 385a 1101 | 0f85 f219 | 0000 418b | 6910 8b75 | 0c3b 7424 | 340f 849a | 0800 008b 
  0x000078cd7453f474: 7c24 343b | fe0f 8305 | 1000 000f | b644 3d10 | 4c8b c93b | 4424 0c0f | 84ff feff | ff48 8b4c 
  0x000078cd7453f494: 2410 8b71 | 608b 4e10 | 418b e82b | 6c24 3c3b | e90f 8cd2 | feff ff8b | 7614 8b4c | 2430 2b4c 
  0x000078cd7453f4b4: 243c 3bce | 0f8e bffe | ffff 3b6c | 2438 0f8d | 5015 0000 | 4c89 4c24 | 4089 4424 | 2c44 8944 
  0x000078cd7453f4d4: 2428 4489 | 6c24 2489 | 5424 2089 | 5c24 1c44 | 8954 2418 | 897c 240c | 4c8b 5424 | 1041 8b6a 
  0x000078cd7453f4f4: 3848 8b74 | 2410 8bd7 | 8b4c 2420 | 418b f844 | 8934 2444 | 895c 2408 | c4c1 797e | c044 8b4c 
  0x000078cd7453f514: ;   {optimized virtual_call}
  0x000078cd7453f514: 243c 90e8 

  0x000078cd7453f518: ; ImmutableOopMap {rbp=NarrowOop [16]=Oop [64]=Oop }
                      ;*invokevirtual writeBlock {reexecute=0 rethrow=0 return_oop=1}
                      ; - org.apache.lucene.codecs.lucene90.blocktree.Lucene90BlockTreeTermsWriter$TermsWriter::writeBlocks@318 (line 679)
  0x000078cd7453f518: 247f 2900 

  0x000078cd7453f51c: ;   {other}
  0x000078cd7453f51c: 0f1f 8400 | 0c06 0000 | 4889 4424 | 4844 8b5d 

  0x000078cd7453f52c: ;   {metadata('java/util/ArrayList')}
  0x000078cd7453f52c: 0841 81fb | 68b7 0b00 | 0f85 ea13 | 0000 4c8b | d545 8b4a | 1441 ff42 | 0c45 8b59 | 0c44 895c 
  0x000078cd7453f54c: 243c 458b | 4210 4489 | 4424 584c | 8954 2450 | 4d8b d14c | 8954 2460 | 4489 4c24 | 3445 8d50 
  0x000078cd7453f56c: 0144 8954 | 245c 443b | 4424 3c0f | 8583 fdff | ff44 8b54 | 243c 4585 | d20f 8755 

  0x000078cd7453f588: ;   {oop(a 'java/lang/Object'[0] {0x00000000403d71a8})}
  0x000078cd7453f588: 0b00 0041 | 81f9 a871 | 3d40 0f85 | 4c15 0000 | 448b 4424 | 2444 3b44 | 245c ba0a | 0000 0044 
  0x000078cd7453f5a8: 8b5c 245c | 410f 4cd3 | 81fa 0000 | 0400 0f87 | b414 0000 | 4c63 d245 | 33c0 81fa | 0000 0400 
  0x000078cd7453f5c8: 410f 97c0 | 4a8d 0c95 | 1700 0000 | 4c8b d149 | 83e2 f845 | 33db 4981 | fa00 4000 | 0041 0f93 
  0x000078cd7453f5e8: c345 0bd8 | 4585 db0f | 854c 0f00 | 004d 8b8f | b804 0000 | 4d8b d94d | 03da 4d3b | 9fc0 0400 
  0x000078cd7453f608: 000f 8332 | 0f00 004d | 899f b804 | 0000 498b | f948 83c7 | 104d 8bc1 | 48c1 e903 | 4d8b d049 
  0x000078cd7453f628: c1ea 0348 | 83c1 fe49 | 83e2 0749 | c1e8 0649 | bb00 0040 | c820 6c00 | 004d 03c3 | 458b dac4 
  0x000078cd7453f648: 6221 f754 | 2420 4d8b | d845 0fb6 | 0345 0bc2 | 4588 0349 | c701 0100 

  0x000078cd7453f660: ;   {metadata('java/lang/Object'[])}
  0x000078cd7453f660: 0000 41c7 | 4108 8812 | 0000 4189 | 510c 4833 | c048 83f9 | 087f 1048 | ffc9 784f | 4889 04cf 
  0x000078cd7453f680: 48ff c97d | f7eb 44c5 | fdef c0e9 | 0d00 0000 | c5fe 7f07 | c5fe 7f47 | 2048 83c7 | 4048 83e9 
  0x000078cd7453f6a0: 087d ed48 | 83c1 047c | 0cc5 fe7f | 0748 83c7 | 2048 83e9 | 0448 83c1 | 047e 1048 | ffc9 c5f9 
  0x000078cd7453f6c0: d607 4883 | c708 48ff | c97d f34d | 8bc1 4c8b | 5424 5045 | 8942 1441 | 8b49 0c4c | 894c 2460 
  0x000078cd7453f6e0: e924 fcff | ff44 8b54 | 2430 448b | 5c24 3c45 | 3bda 0f8d | fa0f 0000 | 418b c144 | 896c 241c 
  0x000078cd7453f700: 8954 2418 | 895c 240c | 458b c244 | 2b54 243c | 488b 4c24 | 108b 6938 | 33c9 443b | 5424 380f 
  0x000078cd7453f720: 9cc1 488b | 7424 108b | d741 8bf8 | 4489 3424 | 8944 2408 | c4c1 797e | c044 8b4c 

  0x000078cd7453f73c: ;   {optimized virtual_call}
  0x000078cd7453f73c: 243c 90e8 

  0x000078cd7453f740: ; ImmutableOopMap {rbp=NarrowOop [16]=Oop }
                      ;*invokevirtual writeBlock {reexecute=0 rethrow=0 return_oop=1}
                      ; - org.apache.lucene.codecs.lucene90.blocktree.Lucene90BlockTreeTermsWriter$TermsWriter::writeBlocks@412 (line 709)
  0x000078cd7453f740: fc7c 2900 

  0x000078cd7453f744: ;   {other}
  0x000078cd7453f744: 0f1f 8400 | 3408 0001 | 4889 4424 | 2044 8b55 

  0x000078cd7453f754: ;   {metadata('java/util/ArrayList')}
  0x000078cd7453f754: 0841 81fa | 68b7 0b00 | 0f85 3210 | 0000 4c8b | c541 8b58 | 1441 ff40 | 0c8b 7b0c | 458b 5810 
  0x000078cd7453f774: 488b d345 | 8d4b 0144 | 3bdf 0f85 | 6101 0000 | 85ff 0f87 | 1206 0000 

  0x000078cd7453f78c: ;   {oop(a 'java/lang/Object'[0] {0x00000000403d71a8})}
  0x000078cd7453f78c: 81fb a871 | 3d40 0f85 | e012 0000 | 448b 5424 | 1c45 3bd1 | ba0a 0000 | 0041 0f4c | d181 fa00 
  0x000078cd7453f7ac: 0004 000f | 87ab 1200 | 0048 63ca | 33db 81fa | 0000 0400 | 0f97 c348 | 8d0c 8d17 | 0000 0048 
  0x000078cd7453f7cc: 8bf1 4883 | e6f8 33ff | 4881 fe00 | 4000 0040 | 0f93 c70b | fb85 ff0f | 85e7 0c00 | 0049 8b9f 
  0x000078cd7453f7ec: b804 0000 | 488b fb48 | 03fe 493b | bfc0 0400 | 000f 83cd | 0c00 0044 | 894c 242c | 4489 5c24 
  0x000078cd7453f80c: 2849 8be8 | 4989 bfb8 | 0400 0048 | 8bfb 4883 | c710 4c8b | c34c 8bcb | 48c1 e903 | 4d8b d049 
  0x000078cd7453f82c: c1ea 0348 | 83c1 fe49 | 83e2 0749 | c1e8 0649 | bb00 0040 | c820 6c00 | 004d 03c3 | 458b d2c4 
  0x000078cd7453f84c: 6229 f75c | 2418 450f | b610 450b | d345 8810 | 48c7 0301 

  0x000078cd7453f860: ;   {metadata('java/lang/Object'[])}
  0x000078cd7453f860: 0000 00c7 | 4308 8812 | 0000 8953 | 0c48 33c0 | 4883 f908 | 7f10 48ff | c978 4f48 | 8904 cf48 
  0x000078cd7453f880: ffc9 7df7 | eb44 c5fd | efc0 e90d | 0000 00c5 | fe7f 07c5 | fe7f 4720 | 4883 c740 | 4883 e908 
  0x000078cd7453f8a0: 7ded 4883 | c104 7c0c | c5fe 7f07 | 4883 c720 | 4883 e904 | 4883 c104 | 7e10 48ff | c9c5 f9d6 
  0x000078cd7453f8c0: 0748 83c7 | 0848 ffc9 | 7df3 4d8b | d14c 8bc5 | 4489 5514 | 418b 790c | 448b 5c24 | 2849 8bd1 
  0x000078cd7453f8e0: 448b 4c24 | 2c44 3bdf | 0f83 2e0e | 0000 448b 

  0x000078cd7453f8f0: ;   {metadata('java/lang/Object'[])}
  0x000078cd7453f8f0: 5208 4181 | fa88 1200 | 000f 85a9 | 0e00 0045 | 8948 104c | 8b44 2410 | 458b 4838 | 4c8b 5424 
  0x000078cd7453f910: 2046 8954 | 9a10 458b 

  0x000078cd7453f918: ;   {metadata('java/util/ArrayList')}
  0x000078cd7453f918: 5108 4181 | fa68 b70b | 000f 85a9 | 0e00 004d | 8bd1 418b | 6a10 85ed | 0f8c b60e | 0000 85ed 
  0x000078cd7453f938: 0f84 060e | 0000 418b | 6a14 448b | 5d0c 4585 | db0f 86b5 | 0e00 008b | 6d10 448b 

  0x000078cd7453f954: ;   {metadata('org/apache/lucene/codecs/lucene90/blocktree/Lucene90BlockTreeTermsWriter$PendingBlock')}
  0x000078cd7453f954: 5d08 4181 | fb10 8411 | 010f 85dd | 1400 0045 | 8b58 6041 | 8b4b 3445 | 8b53 3849 | 8bd1 4d8b 
  0x000078cd7453f974: c24c 8bd5 | 4c89 5424 | 2049 8bf2 

  0x000078cd7453f980: ;   {optimized virtual_call}
  0x000078cd7453f980: 6666 90e8 

  0x000078cd7453f984: ; ImmutableOopMap {[16]=Oop [32]=Oop }
                      ;*invokevirtual compileIndex {reexecute=0 rethrow=0 return_oop=0}
                      ; - org.apache.lucene.codecs.lucene90.blocktree.Lucene90BlockTreeTermsWriter$TermsWriter::writeBlocks@517 (line 725)
  0x000078cd7453f984: 78ae 1e00 

  0x000078cd7453f988: ;   {other}
  0x000078cd7453f988: 0f1f 8400 | 780a 0002 | 4c8b 5424 | 1041 8b6a | 3444 8b5d 

  0x000078cd7453f99c: ;   {metadata('java/util/ArrayList')}
  0x000078cd7453f99c: 0841 81fb | 68b7 0b00 | 0f85 6e0e | 0000 448b | 5d10 4489 | 5c24 2844 | 2b5c 2438 | 4489 5c24 
  0x000078cd7453f9bc: 2c41 8bf3 | 8b54 2428 

  0x000078cd7453f9c4: ;   {static_call}
  0x000078cd7453f9c4: 8bca 90e8 

  0x000078cd7453f9c8: ; ImmutableOopMap {rbp=Oop [16]=Oop [32]=Oop }
                      ;*invokestatic subListRangeCheck {reexecute=0 rethrow=0 return_oop=0}
                      ; - java.util.ArrayList::subList@6 (line 1190)
                      ; - org.apache.lucene.codecs.lucene90.blocktree.Lucene90BlockTreeTermsWriter$TermsWriter::writeBlocks@544 (line 728)
  0x000078cd7453f9c8: d421 1100 

  0x000078cd7453f9cc: ;   {other}
  0x000078cd7453f9cc: 0f1f 8400 | bc0a 0003 | 498b 87b8 | 0400 004c | 8bd0 4983 | c220 4d3b | 97c0 0400 | 000f 8349 
  0x000078cd7453f9ec: 0900 004d | 8997 b804 | 0000 4c8b | d04d 8bda | 49c1 eb06 | 49b8 0000 | 40c8 206c | 0000 4d03 
  0x000078cd7453fa0c: d849 c1ea | 0345 0fb6 | 0349 83e2 | 0745 8bd2 | c462 29f7 | 4c24 1845 | 0bc1 4588 | 0348 c700 
  0x000078cd7453fa2c: 0100 0000 

  0x000078cd7453fa30: ;   {metadata('java/util/ArrayList$SubList')}
  0x000078cd7453fa30: c740 0858 | 8a18 0044 | 8960 0c44 | 8960 1c44 | 8b44 242c | 4489 4010 | 448b 5c24 | 2845 2bd8 
  0x000078cd7453fa50: 4489 5814 | 4c8b dd44 | 8958 1844 | 8b5d 0c44 | 8958 0c48 | 8be8 488b 

  0x000078cd7453fa68: ;   {optimized virtual_call}
  0x000078cd7453fa68: f066 90e8 

  0x000078cd7453fa6c: ; ImmutableOopMap {rbp=Oop [16]=Oop [32]=Oop }
                      ;*invokevirtual size {reexecute=0 rethrow=0 return_oop=0}
                      ; - java.util.AbstractList::clear@3 (line 245)
                      ; - org.apache.lucene.codecs.lucene90.blocktree.Lucene90BlockTreeTermsWriter$TermsWriter::writeBlocks@549 (line 728)
  0x000078cd7453fa6c: 5098 1100 

  0x000078cd7453fa70: ;   {other}
  0x000078cd7453fa70: 0f1f 8400 | 600b 0004 | 488b f58b | 5424 0c8b 

  0x000078cd7453fa80: ;   {optimized virtual_call}
  0x000078cd7453fa80: c866 90e8 

  0x000078cd7453fa84: ; ImmutableOopMap {[16]=Oop [32]=Oop }
                      ;*invokevirtual removeRange {reexecute=0 rethrow=0 return_oop=0}
                      ; - java.util.AbstractList::clear@6 (line 245)
                      ; - org.apache.lucene.codecs.lucene90.blocktree.Lucene90BlockTreeTermsWriter$TermsWriter::writeBlocks@549 (line 728)
  0x000078cd7453fa84: 389b 1100 

  0x000078cd7453fa88: ;   {other}
  0x000078cd7453fa88: 0f1f 8400 | 780b 0005 | 4c8b 6c24 | 1041 8b6d | 3444 8b55 

  0x000078cd7453fa9c: ;   {metadata('java/util/ArrayList')}
  0x000078cd7453fa9c: 0841 81fa | 68b7 0b00 | 0f85 820d | 0000 4c8b | cd45 8b59 | 1441 ff41 | 0c41 8b53 | 0c41 8b59 
  0x000078cd7453fabc: 1049 8bfb | 448d 4301 | 3bda 0f85 | 4501 0000 | 85d2 0f87 | 6404 0000 

  0x000078cd7453fad4: ;   {oop(a 'java/lang/Object'[0] {0x00000000403d71a8})}
  0x000078cd7453fad4: 4181 fba8 | 713d 400f | 85cb 0f00 | 0044 8b5c | 241c 453b | d845 0f4c | d841 81fb | 0000 0400 
  0x000078cd7453faf4: 0f87 6e0f | 0000 4d63 | d333 d241 | 81fb 0000 | 0400 0f97 | c24a 8d0c | 9517 0000 | 004c 8bd1 
  0x000078cd7453fb14: 4983 e2f8 | 4981 fa00 | 4000 008b | 7424 0c40 | 0f93 c60b | f285 f60f | 85cb 0900 | 0049 8bb7 
  0x000078cd7453fb34: b804 0000 | 488b fe49 | 03fa 493b | bfc0 0400 | 000f 83b1 | 0900 0049 | 89bf b804 | 0000 488b 
  0x000078cd7453fb54: fe48 83c7 | 1048 8bd6 | 48c1 e903 | 4c8b d249 | c1ea 0348 | 83c1 fe49 | 83e2 0748 | c1ea 0648 
  0x000078cd7453fb74: b800 0040 | c820 6c00 | 0048 03d0 | 458b d2c4 | 6229 f754 | 2418 488b | c20f b610 | 410b d288 
  0x000078cd7453fb94: 1048 c706 | 0100 0000 

  0x000078cd7453fb9c: ;   {metadata('java/lang/Object'[])}
  0x000078cd7453fb9c: c746 0888 | 1200 0044 | 895e 0c48 | 33c0 4883 | f908 7f10 | 48ff c978 | 4f48 8904 | cf48 ffc9 
  0x000078cd7453fbbc: 7df7 eb44 | c5fd efc0 | e90d 0000 | 00c5 fe7f | 07c5 fe7f | 4720 4883 | c740 4883 | e908 7ded 
  0x000078cd7453fbdc: 4883 c104 | 7c0c c5fe | 7f07 4883 | c720 4883 | e904 4883 | c104 7e10 | 48ff c9c5 | f9d6 0748 
  0x000078cd7453fbfc: 83c7 0848 | ffc9 7df3 | 4c8b de45 | 8959 148b | 560c 488b | fe3b da0f | 8343 0b00 | 0044 8b57 
  0x000078cd7453fc1c: ;   {metadata('java/lang/Object'[])}
  0x000078cd7453fc1c: 0841 81fa | 8812 0000 | 0f85 160c | 0000 4589 | 4110 418b | 6d38 4c8b | 5424 204d | 8bda 4489 
  0x000078cd7453fc3c: 5c9f 1044 

  0x000078cd7453fc40: ;   {metadata('java/util/ArrayList')}
  0x000078cd7453fc40: 8b5d 0841 | 81fb 68b7 | 0b00 0f85 | 140c 0000 | 4c8b dd45 | 8b53 1041 | ff43 0c45 | 8963 1045 
  0x000078cd7453fc60: 85d2 7e55 | 418b 6b14 

  0x000078cd7453fc68: ; implicit exception: dispatches to 0x000078cd74540a00
  0x000078cd7453fc68: 448b 5d0c | 4585 db0f | 868b 0d00 | 004d 63db | 4d63 c24d | 8d48 ff4d | 3bcb 0f83 | 780d 0000 
  0x000078cd7453fc88: 4489 6510 | 4983 c0f1 | 49c7 c300 | 0000 8049 | 81f8 0000 | 0080 4d0f | 4cc3 458b | d841 83fb 
  0x000078cd7453fca8: 010f 8f76 | 0000 0044 | 8b4c 2418 | e9ca 0000 | 0048 81c4 | 9000 0000 

  0x000078cd7453fcc0: ;   {poll_return}
  0x000078cd7453fcc0: 5d49 3ba7 | 6807 0000 | 0f87 f113 

  0x000078cd7453fccc: ;   {metadata('org/apache/lucene/codecs/lucene90/blocktree/Lucene90BlockTreeTermsWriter$PendingBlock')}
  0x000078cd7453fccc: 0000 c381 | ff10 8411 | 010f 85f9 | 1000 0041 | 8b71 1c8b | 4614 8b6c | 2434 036e | 0c8b 780c 
  0x000078cd7453fcec: 3bef 0f83 | 840b 0000 | 0fb6 4428 | 108b 7c24 | 34e9 82f7 | ffff 41b9 | 0100 0000 | e99a f6ff 
  0x000078cd7453fd0c: ffb8 ffff | ffff 8b7c | 2434 e969 | f7ff ff0f | 1f44 0000 | 4489 4c24 | 1844 8b4c | 2418 4689 
  0x000078cd7453fd2c: 648d 1046 | 8964 8d14 | 4689 648d | 1846 8964 | 8d1c 4689 | 648d 2046 | 8964 8d24 | 4689 648d 
  0x000078cd7453fd4c: 2846 8964 | 8d2c 4689 | 648d 3046 | 8964 8d34 | 4689 648d | 3846 8964 | 8d3c 4689 | 648d 4046 
  0x000078cd7453fd6c: 8964 8d44 | 4689 648d | 4846 8964 | 8d4c 4183 | c110 453b | cb7c 9d45 | 3bca 0f8d | 2dff ffff 
  0x000078cd7453fd8c: 4689 648d | 1041 ffc1 | 453b ca7c | f3e9 1bff | ffff 418b | eb2b ef8b | cfd1 f9ff | c53b cd0f 
  0x000078cd7453fdac: 4ccd 8d04 | 3944 8d50 | ff41 81fa | f7ff ff7f | 0f83 5e0f | 0000 8944 | 2444 4489 | 4c24 2c48 
  0x000078cd7453fdcc: ;   {no_reloc}
  0x000078cd7453fdcc: 8954 2448 | 4489 5c24 | 2889 7c24 | 404c 8944 | 2430 448b | 5308 895c | 243c 48be | 0000 004f 
  0x000078cd7453fdec: 206c 0000 | 4903 f24c | 8b5e 7049 | 8b2b 85c0 | 0f8c 140e | 0000 448b | 5e14 4d63 | c34e 8b04 
  0x000078cd7453fe0c: 0649 3bf0 | 0f85 6604 | 0000 4c63 | df4c 63c1 | 4d03 c345 | 33db 3d00 | 0004 0041 | 0f97 c34e 
  0x000078cd7453fe2c: 8d04 8517 | 0000 004c | 8944 2450 | 498b c848 | 83e1 f845 | 33c0 4881 | f900 4000 | 0041 0f93 
  0x000078cd7453fe4c: c045 0bc3 | 4585 c00f | 8557 0b00 | 004d 8b9f | b804 0000 | 4d8b cb4c | 03d9 4d3b | 9fc0 0400 
  0x000078cd7453fe6c: 000f 833d | 0b00 004d | 899f b804 | 0000 4d8b | d949 8bfb | 4c8b c749 | c1e8 0649 | bb00 0040 
  0x000078cd7453fe8c: c820 6c00 | 004d 03c3 | 48c1 ef03 | 498b d80f | b60b 4883 | e707 448b | dfc4 6221 | f744 2418 
  0x000078cd7453feac: 410b c888 | 0b4d 8bd9 | 49c7 0301 | 0000 0045 | 8953 0841 | 8941 0c44 | 8b44 2440 | 443b 4424 
  0x000078cd7453fecc: ;   {no_reloc}
  0x000078cd7453fecc: 448b 4c24 | 4444 0f4f | c149 8bf9 | 4883 c710 | 488b 7424 | 5048 c1ee | 0349 8bd9 | 4585 c00f 
  0x000078cd7453feec: 8453 0c00 | 0044 8b5c | 243c 498d | 4310 4963 | d044 3bc1 | 0f8c 5a06 | 0000 498b | e94c 8bd7 
  0x000078cd7453ff0c: 488b f849 | 8bf2 49ba | 60e5 c473 | cd78 0000 

  0x000078cd7453ff1c: ;   {other}
  0x000078cd7453ff1c: 41ff d20f | 1f84 0000 | 0000 004c | 8bcd 4c8b | 4424 3041 | 8958 14e9 | 9cf9 ffff | 8beb 2bea 
  0x000078cd7453ff3c: 448b d241 | d1fa ffc5 | 443b d544 | 0f4c d541 | 8d0c 128d | 71ff 81fe | f7ff ff7f | 0f83 f20d 
  0x000078cd7453ff5c: 0000 418b | 4308 48be | 0000 004f | 206c 0000 | 4803 f048 | 8b6e 7048 | 8b6d 0085 | c90f 8cb5 
  0x000078cd7453ff7c: 0c00 0089 | 4c24 4444 | 8944 2440 | 4889 7c24 | 3889 5c24 | 3489 5424 | 3044 895c | 241c 4c89 
  0x000078cd7453ff9c: 4c24 2844 | 8b5e 144d | 63c3 4e8b | 0406 493b | f00f 85f1 | 0200 004c | 63da 4d63 | c24d 03c3 
  0x000078cd7453ffbc: 4533 d281 | f900 0004 | 0041 0f97 | c24e 8d1c | 8517 0000 | 004c 895c | 2448 4d8b | cb49 83e1 
  0x000078cd7453ffdc: f849 81f9 | 0040 0000 | 448b 4424 | 0c41 0f93 | c045 8bd8 | 450b da45 | 85db 0f85 | cc09 0000 
  0x000078cd7453fffc: 4d8b 97b8 | 0400 004d | 8bda 4d03 | d14d 3b97 | c004 0000 | 0f83 b209 | 0000 4d89 | 97b8 0400 
  0x000078cd7454001c: ;   {no_reloc}
  0x000078cd7454001c: 0049 8bf3 | 4c8b d64d | 8bda 49c1 | eb06 49b8 | 0000 40c8 | 206c 0000 | 4d03 d849 | c1ea 034d 
  0x000078cd7454003c: 8bcb 450f | b601 4983 | e207 458b | d2c4 6229 | f75c 2418 | 450b c345 | 8801 48c7 | 0601 0000 
  0x000078cd7454005c: 0089 4608 | 448b c989 | 4e0c 448b | 5424 3045 | 3bd1 450f | 4fd1 4c8b | de49 83c3 | 1048 8b4c 
  0x000078cd7454007c: 2448 48c1 | e903 488b | ee45 85d2 | 0f84 1f0b | 0000 448b | 4424 1c4d | 8d40 1049 | 63d2 453b 
  0x000078cd7454009c: d10f 8c50 | 0500 0048 | 8bde 498b | f849 8bf3 | 49ba 60e5 | c473 cd78 | 0000 41ff 

  0x000078cd745400b8: ;   {other}
  0x000078cd745400b8: d20f 1f84 | 0000 0000 | 0048 8bf3 | 4c8b 4c24 | 2841 8969 | 144c 8b6c | 2410 8b5c | 2434 448b 
  0x000078cd745400d8: 4424 40e9 | 2bfb ffff | 418b e841 | 2bea 41d1 | faff c544 | 3bd5 440f | 4cd5 458b | c244 0344 
  0x000078cd745400f8: 243c 4489 | 4424 6845 | 8d58 ff41 | 81fb f7ff | ff7f 0f83 | 640c 0000 | 418b 4908 | 48be 0000 
  0x000078cd74540118: 004f 206c | 0000 4803 | f14c 8b5e | 7049 8b2b | 4585 c00f | 8c93 0b00 | 0044 8b46 | 144d 63d8 
  0x000078cd74540138: 4e8b 1c1e | 493b f30f | 858b 0100 | 004c 635c | 243c 4d63 | ca4d 03cb | 448b 5424 | 6845 33c0 
  0x000078cd74540158: 4181 fa00 | 0004 0041 | 0f97 c04e | 8d14 8d17 | 0000 004c | 8954 2470 | 4d8b da49 | 83e3 f845 
  0x000078cd74540178: 33d2 4981 | fb00 4000 | 0041 0f93 | c245 0bd0 | 4585 d20f | 8554 0800 | 004d 8b97 | b804 0000 
  0x000078cd74540198: 4d8b c24d | 03d3 4d3b | 97c0 0400 | 000f 833a | 0800 004d | 8997 b804 | 0000 4d8b | d04d 8bda 
  0x000078cd745401b8: ;   {no_reloc}
  0x000078cd745401b8: 4d8b cb49 | c1e9 0649 | ba00 0040 | c820 6c00 | 004d 03ca | 49c1 eb03 | 498b d944 | 0fb6 0b49 
  0x000078cd745401d8: 83e3 0745 | 8bdb c462 | 21f7 5424 | 2045 0bca | 4488 0b4d | 8bd0 49c7 | 0201 0000 | 0041 894a 
  0x000078cd745401f8: 0844 8b5c | 2468 4589 | 5a0c 4d8b | d049 8bda | 448b 5c24 | 3c44 3b5c | 2468 458b | d344 8b44 
  0x000078cd74540218: 2468 450f | 4fd0 4c8b | db49 83c3 | 104c 8b44 | 2470 49c1 | e803 4c8b | eb45 85d2 | 0f84 1e0a 
  0x000078cd74540238: 0000 8b4c | 2434 4c8d | 4910 4963 | d244 3b54 | 2468 0f8c | 2104 0000 | 498b f949 | 8bf3 49ba 
  0x000078cd74540258: 60e5 c473 | cd78 0000 

  0x000078cd74540260: ;   {other}
  0x000078cd74540260: 41ff d20f | 1f84 0000 | 0000 004c | 8b54 2450 | 4589 6a14 | 4c8b cbe9 | 5bf4 ffff | 4183 fb20 
  0x000078cd74540280: 0f84 90fb | ffff bedc | ffff ff44 | 8b5c 2438 | 4489 5c24 

  0x000078cd74540294: ;   {runtime_call UncommonTrapBlob}
  0x000078cd74540294: 0c66 90e8 

  0x000078cd74540298: ; ImmutableOopMap {rbp=Oop [16]=Oop [32]=Oop [48]=Oop [60]=NarrowOop }
                      ;*invokestatic copyOf {reexecute=1 rethrow=0 return_oop=0}
                      ; - (reexecute) java.util.Arrays::copyOf@6 (line 3482)
                      ; - java.util.ArrayList::grow@37 (line 237)
                      ; - java.util.ArrayList::grow@7 (line 244)
                      ; - java.util.ArrayList::add@7 (line 483)
                      ; - java.util.ArrayList::add@20 (line 496)
                      ; - org.apache.lucene.codecs.lucene90.blocktree.Lucene90BlockTreeTermsWriter$TermsWriter::writeBlocks@415 (line 708)
  0x000078cd74540298: 64a0 72ff 

  0x000078cd7454029c: ;   {other}
  0x000078cd7454029c: 0f1f 8400 | 8c13 0006 | 4183 fb20 | 0f84 05fd | ffff bedc | ffff ff89 | 5c24 0c44 | 8b54 241c 
  0x000078cd745402bc: 4489 5424 

  0x000078cd745402c0: ;   {runtime_call UncommonTrapBlob}
  0x000078cd745402c0: 1866 90e8 

  0x000078cd745402c4: ; ImmutableOopMap {rbp=Oop [16]=Oop [24]=NarrowOop [32]=Oop [40]=Oop }
                      ;*invokestatic copyOf {reexecute=1 rethrow=0 return_oop=0}
                      ; - (reexecute) java.util.Arrays::copyOf@6 (line 3482)
                      ; - java.util.ArrayList::grow@37 (line 237)
                      ; - java.util.ArrayList::grow@7 (line 244)
                      ; - java.util.ArrayList::add@7 (line 483)
                      ; - java.util.ArrayList::add@20 (line 496)
                      ; - org.apache.lucene.codecs.lucene90.blocktree.Lucene90BlockTreeTermsWriter$TermsWriter::writeBlocks@560 (line 731)
  0x000078cd745402c4: 38a0 72ff 

  0x000078cd745402c8: ;   {other}
  0x000078cd745402c8: 0f1f 8400 | b813 0007 | 4183 f820 | 0f84 6bfe | ffff bedc | ffff ff44 | 8b54 2438 | 4489 5424 
  0x000078cd745402e8: 1848 8944 | 24f8 8b44 | 2430 8944 | 241c 488b | 4424 f844 | 8b5c 2428 | 4489 5c24 | 204c 8b54 
  0x000078cd74540308: 2440 4c89 | 5424 3844 | 8b5c 242c | 4489 5c24 | 244c 8b54 | 2450 4c89 | 5424 2848 | 8944 2440 
  0x000078cd74540328: ;   {runtime_call UncommonTrapBlob}
  0x000078cd74540328: 6666 90e8 

  0x000078cd7454032c: ; ImmutableOopMap {rbp=Oop [16]=Oop [40]=Oop [52]=NarrowOop [56]=Oop [64]=Oop }
                      ;*invokestatic copyOf {reexecute=1 rethrow=0 return_oop=0}
                      ; - (reexecute) java.util.Arrays::copyOf@6 (line 3482)
                      ; - java.util.ArrayList::grow@37 (line 237)
                      ; - java.util.ArrayList::grow@7 (line 244)
                      ; - java.util.ArrayList::add@7 (line 483)
                      ; - java.util.ArrayList::add@20 (line 496)
                      ; - org.apache.lucene.codecs.lucene90.blocktree.Lucene90BlockTreeTermsWriter$TermsWriter::writeBlocks@321 (line 678)
  0x000078cd7454032c: d09f 72ff 

  0x000078cd74540330: ;   {other}
  0x000078cd74540330: 0f1f 8400 | 2014 0008 

  0x000078cd74540338: ;   {metadata('java/util/ArrayList$SubList')}
  0x000078cd74540338: 48be 588a | 184f 206c 

  0x000078cd74540340: ;   {runtime_call _new_instance_Java}
  0x000078cd74540340: 0000 90e8 

  0x000078cd74540344: ; ImmutableOopMap {rbp=Oop [16]=Oop [32]=Oop }
                      ;*new {reexecute=0 rethrow=0 return_oop=1}
                      ; - java.util.ArrayList::subList@9 (line 1191)
                      ; - org.apache.lucene.codecs.lucene90.blocktree.Lucene90BlockTreeTermsWriter$TermsWriter::writeBlocks@544 (line 728)
  0x000078cd74540344: b8d6 7dff 

  0x000078cd74540348: ;   {other}
  0x000078cd74540348: 0f1f 8400 | 3814 0009 | e9ea f6ff | ffbe e4ff | ffff 4489 | 4424 0c44 | 8974 2418 | 4489 5c24 
  0x000078cd74540368: 1c48 8944 | 24f8 8b44 | 243c 8944 | 2420 488b | 4424 f844 | 894c 2424 | 4489 5424 | 2c44 8954 
  0x000078cd74540388: 2430 894c | 243c 4889 

  0x000078cd74540390: ;   {runtime_call UncommonTrapBlob}
  0x000078cd74540390: 7c24 40e8 

  0x000078cd74540394: ; ImmutableOopMap {[16]=Oop [64]=Oop }
                      ;*invokestatic checkIndex {reexecute=0 rethrow=0 return_oop=0}
                      ; - java.util.Objects::checkIndex@3 (line 385)
                      ; - java.util.ArrayList::get@5 (line 427)
                      ; - org.apache.lucene.codecs.lucene90.blocktree.Lucene90BlockTreeTermsWriter$TermsWriter::writeBlocks@105 (line 641)
  0x000078cd74540394: 689f 72ff 

  0x000078cd74540398: ;   {other}
  0x000078cd74540398: 0f1f 8400 | 8814 000a | bee4 ffff | ff44 8974 | 2418 4489 | 5c24 1c44 | 894c 2424 | 4489 5424 
  0x000078cd745403b8: 2844 8b5c | 2434 4489 | 5c24 2c44 | 8b54 2438 | 4489 5424 | 3444 8944 

  0x000078cd745403d0: ;   {runtime_call UncommonTrapBlob}
  0x000078cd745403d0: 2438 90e8 

  0x000078cd745403d4: ; ImmutableOopMap {rbp=NarrowOop [16]=Oop }
                      ;*aaload {reexecute=0 rethrow=0 return_oop=0}
                      ; - java.util.ArrayList::elementData@5 (line 411)
                      ; - java.util.ArrayList::get@11 (line 428)
                      ; - org.apache.lucene.codecs.lucene90.blocktree.Lucene90BlockTreeTermsWriter$TermsWriter::writeBlocks@105 (line 641)
  0x000078cd745403d4: 289f 72ff 

  0x000078cd745403d8: ;   {other}
  0x000078cd745403d8: 0f1f 8400 | c814 000b | bede ffff | ff48 8b6c | 2410 4489 | 4424 0c44 | 8974 2410 | 4489 5c24 
  0x000078cd745403f8: 1444 894c | 241c 897c | 2424 4489 | 5424 2844 | 8b5c 2434 | 4489 5c24 | 2c89 4c24 

  0x000078cd74540414: ;   {runtime_call UncommonTrapBlob}
  0x000078cd74540414: 3466 90e8 

  0x000078cd74540418: ; ImmutableOopMap {rbp=Oop [36]=NarrowOop }
                      ;*invokeinterface get {reexecute=0 rethrow=0 return_oop=0}
                      ; - org.apache.lucene.codecs.lucene90.blocktree.Lucene90BlockTreeTermsWriter$TermsWriter::writeBlocks@105 (line 641)
  0x000078cd74540418: e49e 72ff 

  0x000078cd7454041c: ;   {other}
  0x000078cd7454041c: 0f1f 8400 | 0c15 000c | becc ffff | ff44 8944 | 240c 4489 | 7424 1844 | 895c 241c | 4889 4424 
  0x000078cd7454043c: f88b 4424 | 3c89 4424 | 2048 8b44 | 24f8 4489 | 4c24 2444 | 8954 242c | 4489 5424 | 3089 4c24 
  0x000078cd7454045c: 3c48 897c 

  0x000078cd74540460: ;   {runtime_call UncommonTrapBlob}
  0x000078cd74540460: 2440 90e8 

  0x000078cd74540464: ; ImmutableOopMap {[16]=Oop [64]=Oop }
                      ;*invokestatic checkIndex {reexecute=0 rethrow=0 return_oop=0}
                      ; - java.util.Objects::checkIndex@3 (line 385)
                      ; - java.util.ArrayList::get@5 (line 427)
                      ; - org.apache.lucene.codecs.lucene90.blocktree.Lucene90BlockTreeTermsWriter$TermsWriter::writeBlocks@105 (line 641)
  0x000078cd74540464: 989e 72ff 

  0x000078cd74540468: ;   {other}
  0x000078cd74540468: 0f1f 8400 | 5815 000d | bede ffff 

  0x000078cd74540474: ;   {runtime_call UncommonTrapBlob}
  0x000078cd74540474: ff8b e9e8 

  0x000078cd74540478: ; ImmutableOopMap {rbp=NarrowOop }
                      ;*checkcast {reexecute=0 rethrow=0 return_oop=0}
                      ; - org.apache.lucene.codecs.lucene90.blocktree.Lucene90BlockTreeTermsWriter$TermsWriter::writeBlocks@110 (line 641)
  0x000078cd74540478: 849e 72ff 

  0x000078cd7454047c: ;   {other}
  0x000078cd7454047c: 0f1f 8400 | 6c15 000e | bee4 ffff | ff44 8974 | 2418 4489 | 5c24 1c48 | 8944 24f8 | 8b44 243c 
  0x000078cd7454049c: 8944 2420 | 488b 4424 | f8c5 fa11 | 4424 2444 | 8b54 2438 | 4489 5424 | 2c44 8944 | 2434 4c89 
  0x000078cd745404bc: 4c24 3889 

  0x000078cd745404c0: ;   {runtime_call UncommonTrapBlob}
  0x000078cd745404c0: 7c24 40e8 

  0x000078cd745404c4: ; ImmutableOopMap {rbp=NarrowOop [16]=Oop [56]=Oop }
                      ;*baload {reexecute=0 rethrow=0 return_oop=0}
                      ; - org.apache.lucene.codecs.lucene90.blocktree.Lucene90BlockTreeTermsWriter$TermsWriter::writeBlocks@179 (line 655)
  0x000078cd745404c4: 389e 72ff 

  0x000078cd745404c8: ;   {other}
  0x000078cd745404c8: 0f1f 8400 | b815 000f | 4489 4c24 | 2c44 895c | 2428 498b 

  0x000078cd745404dc: ;   {metadata('java/lang/Object'[])}
  0x000078cd745404dc: e848 be88 | 1200 4f20 

  0x000078cd745404e4: ;   {runtime_call _new_array_Java}
  0x000078cd745404e4: 6c00 00e8 

  0x000078cd745404e8: ; ImmutableOopMap {rbp=Oop [16]=Oop [32]=Oop }
                      ;*anewarray {reexecute=0 rethrow=0 return_oop=1}
                      ; - java.util.ArrayList::grow@52 (line 239)
                      ; - java.util.ArrayList::grow@7 (line 244)
                      ; - java.util.ArrayList::add@7 (line 483)
                      ; - java.util.ArrayList::add@20 (line 496)
                      ; - org.apache.lucene.codecs.lucene90.blocktree.Lucene90BlockTreeTermsWriter$TermsWriter::writeBlocks@415 (line 708)
  0x000078cd745404e8: 94ab 7dff 

  0x000078cd745404ec: ;   {other}
  0x000078cd745404ec: 0f1f 8400 | dc15 0010 | 4c8b c8e9 | cef3 ffff | 4489 4424 | 1c89 5c24 | 0c4c 894c | 2410 498b 
  0x000078cd7454050c: ;   {metadata('java/lang/Object'[])}
  0x000078cd7454050c: ed48 be88 | 1200 4f20 | 6c00 0041 

  0x000078cd74540518: ;   {runtime_call _new_array_Java}
  0x000078cd74540518: 8bd3 90e8 

  0x000078cd7454051c: ; ImmutableOopMap {rbp=Oop [16]=Oop [32]=Oop }
                      ;*anewarray {reexecute=0 rethrow=0 return_oop=1}
                      ; - java.util.ArrayList::grow@52 (line 239)
                      ; - java.util.ArrayList::grow@7 (line 244)
                      ; - java.util.ArrayList::add@7 (line 483)
                      ; - java.util.ArrayList::add@20 (line 496)
                      ; - org.apache.lucene.codecs.lucene90.blocktree.Lucene90BlockTreeTermsWriter$TermsWriter::writeBlocks@560 (line 731)
  0x000078cd7454051c: 60ab 7dff 

  0x000078cd74540520: ;   {other}
  0x000078cd74540520: 0f1f 8400 | 1016 0011 | 4c8b ed4c | 8b4c 2410 | 8b5c 240c | 448b 4424 | 1c48 8bf0 | e9c3 f6ff 
  0x000078cd74540540: ;   {metadata('java/lang/Object'[])}
  0x000078cd74540540: ff48 be88 | 1200 4f20 

  0x000078cd74540548: ;   {runtime_call _new_array_Java}
  0x000078cd74540548: 6c00 00e8 

  0x000078cd7454054c: ; ImmutableOopMap {[16]=Oop [64]=Oop [72]=Oop [80]=Oop }
                      ;*anewarray {reexecute=0 rethrow=0 return_oop=1}
                      ; - java.util.ArrayList::grow@52 (line 239)
                      ; - java.util.ArrayList::grow@7 (line 244)
                      ; - java.util.ArrayList::add@7 (line 483)
                      ; - java.util.ArrayList::add@20 (line 496)
                      ; - org.apache.lucene.codecs.lucene90.blocktree.Lucene90BlockTreeTermsWriter$TermsWriter::writeBlocks@321 (line 678)
  0x000078cd7454054c: 30ab 7dff 

  0x000078cd74540550: ;   {other}
  0x000078cd74540550: 0f1f 8400 | 4016 0012 | 4c8b c8e9 | 6bf1 ffff | 4c8b c04c | 8bdf 498b | e94c 8d0c | 9510 0000 
  0x000078cd74540570: 0049 8bc9 | 48c1 e903 | 4c8b d64c | 2bd1 4983 | e1fb 488b | fd49 03f9 | 498b ca48 | 33c0 4883 
  0x000078cd74540590: f908 7f10 | 48ff c978 | 4f48 8904 | cf48 ffc9 | 7df7 eb44 | c5fd efc0 | e90d 0000 | 00c5 fe7f 
  0x000078cd745405b0: 07c5 fe7f | 4720 4883 | c740 4883 | e908 7ded | 4883 c104 | 7c0c c5fe | 7f07 4883 | c720 4883 
  0x000078cd745405d0: e904 4883 | c104 7e10 | 48ff c9c5 | f9d6 0748 | 83c7 0848 | ffc9 7df3 | 498b fb49 | 8bc0 e916 
  0x000078cd745405f0: f9ff ff4c | 8d14 9510 | 0000 004d | 8bca 49c1 | e903 492b | c949 83e2 | fb48 8bfe | 4903 fa48 
  0x000078cd74540610: 33c0 4883 | f908 7f10 | 48ff c978 | 4f48 8904 | cf48 ffc9 | 7df7 eb44 | c5fd efc0 | e90d 0000 
  0x000078cd74540630: 00c5 fe7f | 07c5 fe7f | 4720 4883 | c740 4883 | e908 7ded | 4883 c104 | 7c0c c5fe 

  0x000078cd7454064c: ;   {no_reloc}
  0x000078cd7454064c: 7f07 4883 | c720 4883 | e904 4883 | c104 7e10 | 48ff c9c5 | f9d6 0748 | 83c7 0848 | ffc9 7df3 
  0x000078cd7454066c: e932 faff | ff48 8d0c | 9510 0000 | 004c 8bd1 | 49c1 ea03 | 4d2b c248 | 83e1 fb48 | 8bfb 4803 
  0x000078cd7454068c: f949 8bc8 | 4833 c048 | 83f9 087f | 1048 ffc9 | 784f 4889 | 04cf 48ff | c97d f7eb | 44c5 fdef 
  0x000078cd745406ac: c0e9 0d00 | 0000 c5fe | 7f07 c5fe | 7f47 2048 | 83c7 4048 | 83e9 087d | ed48 83c1 | 047c 0cc5 
  0x000078cd745406cc: fe7f 0748 | 83c7 2048 | 83e9 0448 | 83c1 047e | 1048 ffc9 | c5f9 d607 | 4883 c708 | 48ff c97d 
  0x000078cd745406ec: f3e9 5efb | ffff 448b | 5424 3c8b | 4c24 30be | 45ff ffff | 488b 6c24 | 1044 8954 | 240c 894c 
  0x000078cd7454070c: ;   {runtime_call UncommonTrapBlob}
  0x000078cd7454070c: 2414 90e8 

  0x000078cd74540710: ; ImmutableOopMap {rbp=Oop }
                      ;*if_icmpge {reexecute=1 rethrow=0 return_oop=0}
                      ; - (reexecute) org.apache.lucene.codecs.lucene90.blocktree.Lucene90BlockTreeTermsWriter$TermsWriter::writeBlocks@371 (line 705)
  0x000078cd74540710: ec9b 72ff 

  0x000078cd74540714: ;   {other}
  0x000078cd74540714: 0f1f 8400 | 0418 0013 | bee4 ffff | ff48 8b6c | 2410 4c89 | 4424 1048 | 8954 2428 | 4489 5c24 
  0x000078cd74540734: ;   {runtime_call UncommonTrapBlob}
  0x000078cd74540734: 1c66 90e8 

  0x000078cd74540738: ; ImmutableOopMap {rbp=Oop [16]=Oop [32]=Oop [40]=Oop }
                      ;*aastore {reexecute=1 rethrow=0 return_oop=0}
                      ; - (reexecute) java.util.ArrayList::add@14 (line 484)
                      ; - java.util.ArrayList::add@20 (line 496)
                      ; - org.apache.lucene.codecs.lucene90.blocktree.Lucene90BlockTreeTermsWriter$TermsWriter::writeBlocks@415 (line 708)
  0x000078cd74540738: c49b 72ff 

  0x000078cd7454073c: ;   {other}
  0x000078cd7454073c: 0f1f 8400 | 2c18 0014 | bee4 ffff | ff4c 8954 

  0x000078cd7454074c: ;   {runtime_call UncommonTrapBlob}
  0x000078cd7454074c: 2418 90e8 

  0x000078cd74540750: ; ImmutableOopMap {[16]=Oop [24]=Oop }
                      ;*invokestatic checkIndex {reexecute=0 rethrow=0 return_oop=0}
                      ; - java.util.Objects::checkIndex@3 (line 385)
                      ; - java.util.ArrayList::get@5 (line 427)
                      ; - org.apache.lucene.codecs.lucene90.blocktree.Lucene90BlockTreeTermsWriter$TermsWriter::writeBlocks@452 (line 721)
  0x000078cd74540750: ac9b 72ff 

  0x000078cd74540754: ;   {other}
  0x000078cd74540754: 0f1f 8400 | 4418 0015 | bee4 ffff | ff49 8bed | 4c89 4c24 | 1048 897c | 2418 895c 

  0x000078cd74540770: ;   {runtime_call UncommonTrapBlob}
  0x000078cd74540770: 2428 90e8 

  0x000078cd74540774: ; ImmutableOopMap {rbp=Oop [16]=Oop [24]=Oop [32]=Oop }
                      ;*aastore {reexecute=1 rethrow=0 return_oop=0}
                      ; - (reexecute) java.util.ArrayList::add@14 (line 484)
                      ; - java.util.ArrayList::add@20 (line 496)
                      ; - org.apache.lucene.codecs.lucene90.blocktree.Lucene90BlockTreeTermsWriter$TermsWriter::writeBlocks@560 (line 731)
  0x000078cd74540774: 889b 72ff 

  0x000078cd74540778: ;   {other}
  0x000078cd74540778: 0f1f 8400 | 6818 0016 | bede ffff 

  0x000078cd74540784: ;   {runtime_call UncommonTrapBlob}
  0x000078cd74540784: ff66 90e8 

  0x000078cd74540788: ; ImmutableOopMap {rbp=NarrowOop [16]=Oop }
                      ;*invokeinterface size {reexecute=0 rethrow=0 return_oop=0}
                      ; - org.apache.lucene.codecs.lucene90.blocktree.Lucene90BlockTreeTermsWriter$TermsWriter::writeBlocks@61 (line 634)
  0x000078cd74540788: 749b 72ff 

  0x000078cd7454078c: ;   {other}
  0x000078cd7454078c: 0f1f 8400 | 7c18 0017 | bede ffff 

  0x000078cd74540798: ;   {runtime_call UncommonTrapBlob}
  0x000078cd74540798: ff66 90e8 

  0x000078cd7454079c: ; ImmutableOopMap {rbp=NarrowOop [16]=Oop [32]=Oop }
                      ;*invokeinterface add {reexecute=0 rethrow=0 return_oop=0}
                      ; - org.apache.lucene.codecs.lucene90.blocktree.Lucene90BlockTreeTermsWriter$TermsWriter::writeBlocks@415 (line 708)
  0x000078cd7454079c: 609b 72ff 

  0x000078cd745407a0: ;   {other}
  0x000078cd745407a0: 0f1f 8400 | 9018 0018 | bed6 ffff | ff48 8b6c | 2410 4c89 | 4424 1048 | 8954 2428 | 4489 5c24 
  0x000078cd745407c0: ;   {runtime_call UncommonTrapBlob}
  0x000078cd745407c0: 1c66 90e8 

  0x000078cd745407c4: ; ImmutableOopMap {rbp=Oop [16]=Oop [32]=Oop [40]=Oop }
                      ;*aastore {reexecute=1 rethrow=0 return_oop=0}
                      ; - (reexecute) java.util.ArrayList::add@14 (line 484)
                      ; - java.util.ArrayList::add@20 (line 496)
                      ; - org.apache.lucene.codecs.lucene90.blocktree.Lucene90BlockTreeTermsWriter$TermsWriter::writeBlocks@415 (line 708)
  0x000078cd745407c4: 389b 72ff 

  0x000078cd745407c8: ;   {other}
  0x000078cd745407c8: 0f1f 8400 | b818 0019 | bede ffff | ff48 8b6c | 2410 4489 

  0x000078cd745407dc: ;   {runtime_call UncommonTrapBlob}
  0x000078cd745407dc: 4c24 10e8 

  0x000078cd745407e0: ; ImmutableOopMap {rbp=Oop [16]=NarrowOop }
                      ;*invokeinterface get {reexecute=0 rethrow=0 return_oop=0}
                      ; - org.apache.lucene.codecs.lucene90.blocktree.Lucene90BlockTreeTermsWriter$TermsWriter::writeBlocks@452 (line 721)
  0x000078cd745407e0: 1c9b 72ff 

  0x000078cd745407e4: ;   {other}
  0x000078cd745407e4: 0f1f 8400 | d418 001a | becc ffff | ff4c 8954 

  0x000078cd745407f4: ;   {runtime_call UncommonTrapBlob}
  0x000078cd745407f4: 2418 90e8 

  0x000078cd745407f8: ; ImmutableOopMap {[16]=Oop [24]=Oop }
                      ;*invokestatic checkIndex {reexecute=0 rethrow=0 return_oop=0}
                      ; - java.util.Objects::checkIndex@3 (line 385)
                      ; - java.util.ArrayList::get@5 (line 427)
                      ; - org.apache.lucene.codecs.lucene90.blocktree.Lucene90BlockTreeTermsWriter$TermsWriter::writeBlocks@452 (line 721)
  0x000078cd745407f8: 049b 72ff 

  0x000078cd745407fc: ;   {other}
  0x000078cd745407fc: 0f1f 8400 | ec18 001b | bee4 ffff 

  0x000078cd74540808: ;   {runtime_call UncommonTrapBlob}
  0x000078cd74540808: ff66 90e8 

  0x000078cd7454080c: ; ImmutableOopMap {rbp=NarrowOop [16]=Oop }
                      ;*aaload {reexecute=0 rethrow=0 return_oop=0}
                      ; - java.util.ArrayList::elementData@5 (line 411)
                      ; - java.util.ArrayList::get@11 (line 428)
                      ; - org.apache.lucene.codecs.lucene90.blocktree.Lucene90BlockTreeTermsWriter$TermsWriter::writeBlocks@452 (line 721)
  0x000078cd7454080c: f09a 72ff 

  0x000078cd74540810: ;   {other}
  0x000078cd74540810: 0f1f 8400 | 0019 001c | bede ffff 

  0x000078cd7454081c: ;   {runtime_call UncommonTrapBlob}
  0x000078cd7454081c: ff66 90e8 

  0x000078cd74540820: ; ImmutableOopMap {rbp=NarrowOop [16]=Oop [32]=Oop }
                      ;*invokeinterface size {reexecute=0 rethrow=0 return_oop=0}
                      ; - org.apache.lucene.codecs.lucene90.blocktree.Lucene90BlockTreeTermsWriter$TermsWriter::writeBlocks@528 (line 728)
  0x000078cd74540820: dc9a 72ff 

  0x000078cd74540824: ;   {other}
  0x000078cd74540824: 0f1f 8400 | 1419 001d | bede ffff 

  0x000078cd74540830: ;   {runtime_call UncommonTrapBlob}
  0x000078cd74540830: ff66 90e8 

  0x000078cd74540834: ; ImmutableOopMap {rbp=NarrowOop [16]=Oop [32]=Oop }
                      ;*invokeinterface add {reexecute=0 rethrow=0 return_oop=0}
                      ; - org.apache.lucene.codecs.lucene90.blocktree.Lucene90BlockTreeTermsWriter$TermsWriter::writeBlocks@560 (line 731)
  0x000078cd74540834: c89a 72ff 

  0x000078cd74540838: ;   {other}
  0x000078cd74540838: 0f1f 8400 | 2819 001e | bed6 ffff | ff49 8bed | 4c89 4c24 | 1048 897c | 2418 895c 

  0x000078cd74540854: ;   {runtime_call UncommonTrapBlob}
  0x000078cd74540854: 2428 90e8 

  0x000078cd74540858: ; ImmutableOopMap {rbp=Oop [16]=Oop [24]=Oop [32]=Oop }
                      ;*aastore {reexecute=1 rethrow=0 return_oop=0}
                      ; - (reexecute) java.util.ArrayList::add@14 (line 484)
                      ; - java.util.ArrayList::add@20 (line 496)
                      ; - org.apache.lucene.codecs.lucene90.blocktree.Lucene90BlockTreeTermsWriter$TermsWriter::writeBlocks@560 (line 731)
  0x000078cd74540858: a49a 72ff 

  0x000078cd7454085c: ;   {other}
  0x000078cd7454085c: 0f1f 8400 | 4c19 001f | bede ffff 

  0x000078cd74540868: ;   {runtime_call UncommonTrapBlob}
  0x000078cd74540868: ff66 90e8 

  0x000078cd7454086c: ; ImmutableOopMap {rbp=NarrowOop }
                      ;*invokeinterface clear {reexecute=0 rethrow=0 return_oop=0}
                      ; - org.apache.lucene.codecs.lucene90.blocktree.Lucene90BlockTreeTermsWriter$TermsWriter::writeBlocks@570 (line 733)
  0x000078cd7454086c: 909a 72ff 

  0x000078cd74540870: ;   {other}
  0x000078cd74540870: 0f1f 8400 | 6019 0020 | bee4 ffff | ff44 8974 | 2418 4489 | 5c24 1c48 | 8944 24f8 | 8b44 243c 
  0x000078cd74540890: 8944 2420 | 488b 4424 | f8c5 fa11 | 4424 2444 | 8b5c 2434 | 4489 5c24 | 2844 8b54 | 2438 4489 
  0x000078cd745408b0: 5424 2c44 | 8944 2434 | 4c89 4c24 | 3889 4424 

  0x000078cd745408c0: ;   {runtime_call UncommonTrapBlob}
  0x000078cd745408c0: 4066 90e8 

  0x000078cd745408c4: ; ImmutableOopMap {[16]=Oop [56]=Oop [64]=NarrowOop }
                      ;*baload {reexecute=0 rethrow=0 return_oop=0}
                      ; - org.apache.lucene.codecs.lucene90.blocktree.Lucene90BlockTreeTermsWriter$TermsWriter::writeBlocks@240 (line 660)
  0x000078cd745408c4: 389a 72ff 

  0x000078cd745408c8: ;   {other}
  0x000078cd745408c8: 0f1f 8400 | b819 0021 | bee4 ffff | ff48 8b6c | 2410 448b | 4c24 3844 | 894c 2410 | 448b 5c24 
  0x000078cd745408e8: 3044 895c | 2414 448b | 4c24 2844 | 894c 2418 | 4c8b 5c24 | 404c 895c | 2420 448b | 5c24 2c44 
  0x000078cd74540908: 895c 241c | 4c89 5424 | 2844 8944 

  0x000078cd74540914: ;   {runtime_call UncommonTrapBlob}
  0x000078cd74540914: 2434 90e8 

  0x000078cd74540918: ; ImmutableOopMap {rbp=Oop [32]=Oop [40]=Oop [72]=Oop [96]=Oop }
                      ;*aastore {reexecute=1 rethrow=0 return_oop=0}
                      ; - (reexecute) java.util.ArrayList::add@14 (line 484)
                      ; - java.util.ArrayList::add@20 (line 496)
                      ; - org.apache.lucene.codecs.lucene90.blocktree.Lucene90BlockTreeTermsWriter$TermsWriter::writeBlocks@321 (line 678)
  0x000078cd74540918: e499 72ff 

  0x000078cd7454091c: ;   {other}
  0x000078cd7454091c: 0f1f 8400 | 0c1a 0022 | bede ffff | ff48 8944 | 24f8 8b44 | 2430 8944 | 241c 488b | 4424 f844 
  0x000078cd7454093c: 8b5c 2428 | 4489 5c24 | 2044 8b54 | 242c 4489 

  0x000078cd7454094c: ;   {runtime_call UncommonTrapBlob}
  0x000078cd7454094c: 5424 24e8 

  0x000078cd74540950: ; ImmutableOopMap {rbp=NarrowOop [16]=Oop [64]=Oop [72]=Oop }
                      ;*invokeinterface add {reexecute=0 rethrow=0 return_oop=0}
                      ; - org.apache.lucene.codecs.lucene90.blocktree.Lucene90BlockTreeTermsWriter$TermsWriter::writeBlocks@321 (line 678)
  0x000078cd74540950: ac99 72ff 

  0x000078cd74540954: ;   {other}
  0x000078cd74540954: 0f1f 8400 | 441a 0023 | bed6 ffff | ff48 8b6c | 2410 448b | 4c24 3844 | 894c 2410 | 8b4c 2430 
  0x000078cd74540974: 894c 2414 | 448b 4c24 | 2844 894c | 2418 4c8b | 4c24 404c | 894c 2420 | 448b 4c24 | 2c44 894c 
  0x000078cd74540994: 241c 4c89 | 5424 2844 | 8944 2434 

  0x000078cd745409a0: ;   {runtime_call UncommonTrapBlob}
  0x000078cd745409a0: 6666 90e8 

  0x000078cd745409a4: ; ImmutableOopMap {rbp=Oop [32]=Oop [40]=Oop [72]=Oop [96]=Oop }
                      ;*aastore {reexecute=1 rethrow=0 return_oop=0}
                      ; - (reexecute) java.util.ArrayList::add@14 (line 484)
                      ; - java.util.ArrayList::add@20 (line 496)
                      ; - org.apache.lucene.codecs.lucene90.blocktree.Lucene90BlockTreeTermsWriter$TermsWriter::writeBlocks@321 (line 678)
  0x000078cd745409a4: 5899 72ff 

  0x000078cd745409a8: ;   {other}
  0x000078cd745409a8: 0f1f 8400 | 981a 0024 

  0x000078cd745409b0: ;   {runtime_call _new_array_Java}
  0x000078cd745409b0: 8bd0 90e8 

  0x000078cd745409b4: ; ImmutableOopMap {rbp=Oop [16]=Oop [32]=Oop [48]=Oop [60]=NarrowOop [72]=Oop }
                      ;*invokestatic copyOf {reexecute=1 rethrow=0 return_oop=1}
                      ; - (reexecute) java.util.Arrays::copyOf@6 (line 3482)
                      ; - java.util.ArrayList::grow@37 (line 237)
                      ; - java.util.ArrayList::grow@7 (line 244)
                      ; - java.util.ArrayList::add@7 (line 483)
                      ; - java.util.ArrayList::add@20 (line 496)
                      ; - org.apache.lucene.codecs.lucene90.blocktree.Lucene90BlockTreeTermsWriter$TermsWriter::writeBlocks@415 (line 708)
  0x000078cd745409b4: c8a6 7dff 

  0x000078cd745409b8: ;   {other}
  0x000078cd745409b8: 0f1f 8400 | a81a 0025 | 4c8b c8e9 | fbf4 ffff 

  0x000078cd745409c8: ;   {runtime_call _new_array_Java}
  0x000078cd745409c8: 8bd1 90e8 

  0x000078cd745409cc: ; ImmutableOopMap {rbp=Oop [16]=Oop [28]=NarrowOop [32]=Oop [40]=Oop [56]=Oop }
                      ;*invokestatic copyOf {reexecute=1 rethrow=0 return_oop=1}
                      ; - (reexecute) java.util.Arrays::copyOf@6 (line 3482)
                      ; - java.util.ArrayList::grow@37 (line 237)
                      ; - java.util.ArrayList::grow@7 (line 244)
                      ; - java.util.ArrayList::add@7 (line 483)
                      ; - java.util.ArrayList::add@20 (line 496)
                      ; - org.apache.lucene.codecs.lucene90.blocktree.Lucene90BlockTreeTermsWriter$TermsWriter::writeBlocks@560 (line 731)
  0x000078cd745409cc: b0a6 7dff 

  0x000078cd745409d0: ;   {other}
  0x000078cd745409d0: 0f1f 8400 | c01a 0026 | 488b f044 | 8b4c 2444 | e981 f6ff | ff8b 5424 

  0x000078cd745409e8: ;   {runtime_call _new_array_Java}
  0x000078cd745409e8: 6866 90e8 

  0x000078cd745409ec: ; ImmutableOopMap {rbp=Oop [16]=Oop [52]=NarrowOop [64]=Oop [72]=Oop [80]=Oop [96]=Oop }
                      ;*invokestatic copyOf {reexecute=1 rethrow=0 return_oop=1}
                      ; - (reexecute) java.util.Arrays::copyOf@6 (line 3482)
                      ; - java.util.ArrayList::grow@37 (line 237)
                      ; - java.util.ArrayList::grow@7 (line 244)
                      ; - java.util.ArrayList::add@7 (line 483)
                      ; - java.util.ArrayList::add@20 (line 496)
                      ; - org.apache.lucene.codecs.lucene90.blocktree.Lucene90BlockTreeTermsWriter$TermsWriter::writeBlocks@321 (line 678)
  0x000078cd745409ec: 90a6 7dff 

  0x000078cd745409f0: ;   {other}
  0x000078cd745409f0: 0f1f 8400 | e01a 0027 | 4c8b c0e9 | 02f8 ffff | be76 ffff | ff44 8954 

  0x000078cd74540a08: ;   {runtime_call UncommonTrapBlob}
  0x000078cd74540a08: 2410 90e8 

  0x000078cd74540a0c: ; ImmutableOopMap {rbp=NarrowOop }
                      ;*if_icmpge {reexecute=1 rethrow=0 return_oop=0}
                      ; - (reexecute) java.util.ArrayList::clear@29 (line 734)
                      ; - org.apache.lucene.codecs.lucene90.blocktree.Lucene90BlockTreeTermsWriter$TermsWriter::writeBlocks@570 (line 733)
  0x000078cd74540a0c: f098 72ff 

  0x000078cd74540a10: ;   {other}
  0x000078cd74540a10: 0f1f 8400 | 001b 0028 | be45 ffff | ff44 8974 | 240c 4489 | 5c24 18c5 | fa11 4424 | 2089 7c24 
  0x000078cd74540a30: 2448 8944 | 24f8 8b44 | 2430 8944 | 242c 488b | 4424 f844 | 8944 2430 | 4c89 4c24 | 4089 4424 
  0x000078cd74540a50: ;   {runtime_call UncommonTrapBlob}
  0x000078cd74540a50: 3466 90e8 

  0x000078cd74540a54: ; ImmutableOopMap {[16]=Oop [64]=Oop }
                      ;*if_icmpge {reexecute=1 rethrow=0 return_oop=0}
                      ; - (reexecute) org.apache.lucene.codecs.lucene90.blocktree.Lucene90BlockTreeTermsWriter$TermsWriter::writeBlocks@290 (line 677)
  0x000078cd74540a54: a898 72ff 

  0x000078cd74540a58: ;   {other}
  0x000078cd74540a58: 0f1f 8400 | 481b 0029 | 4863 cae9 | 50ed ffff | 4d63 d3e9 | 8df0 ffff | 4c63 d2e9 | 47eb ffff 
  0x000078cd74540a78: be45 ffff | ff48 8b6c | 2410 4889 | 4424 1844 | 895c 2420 | 4c89 4424 | 2844 894c | 2424 897c 
  0x000078cd74540a98: 2430 895c 

  0x000078cd74540a9c: ;   {runtime_call UncommonTrapBlob}
  0x000078cd74540a9c: 2434 90e8 

  0x000078cd74540aa0: ; ImmutableOopMap {rbp=Oop [24]=Oop [40]=Oop [52]=NarrowOop }
                      ;*if_acmpeq {reexecute=1 rethrow=0 return_oop=0}
                      ; - (reexecute) java.util.ArrayList::grow@17 (line 233)
                      ; - java.util.ArrayList::grow@7 (line 244)
                      ; - java.util.ArrayList::add@7 (line 483)
                      ; - java.util.ArrayList::add@20 (line 496)
                      ; - org.apache.lucene.codecs.lucene90.blocktree.Lucene90BlockTreeTermsWriter$TermsWriter::writeBlocks@415 (line 708)
  0x000078cd74540aa0: 5c98 72ff 

  0x000078cd74540aa4: ;   {other}
  0x000078cd74540aa4: 0f1f 8400 | 941b 002a | be45 ffff | ff48 8b6c | 2410 4c8b | 5424 204c | 8954 2418 | 895c 240c 
  0x000078cd74540ac4: 4c89 4c24 | 2044 8944 | 2428 8954 | 242c 4489 

  0x000078cd74540ad4: ;   {runtime_call UncommonTrapBlob}
  0x000078cd74540ad4: 5c24 30e8 

  0x000078cd74540ad8: ; ImmutableOopMap {rbp=Oop [24]=Oop [32]=Oop [48]=NarrowOop }
                      ;*if_acmpeq {reexecute=1 rethrow=0 return_oop=0}
                      ; - (reexecute) java.util.ArrayList::grow@17 (line 233)
                      ; - java.util.ArrayList::grow@7 (line 244)
                      ; - java.util.ArrayList::add@7 (line 483)
                      ; - java.util.ArrayList::add@20 (line 496)
                      ; - org.apache.lucene.codecs.lucene90.blocktree.Lucene90BlockTreeTermsWriter$TermsWriter::writeBlocks@560 (line 731)
  0x000078cd74540ad8: 2498 72ff 

  0x000078cd74540adc: ;   {other}
  0x000078cd74540adc: 0f1f 8400 | cc1b 002b | be45 ffff | ff48 8b6c | 2410 448b | 5c24 3844 | 895c 2410 | 448b 5424 
  0x000078cd74540afc: 3044 8954 | 2414 448b | 5424 2844 | 8954 2418 | 4c8b 5424 | 404c 8954 | 2420 448b | 5c24 2c44 
  0x000078cd74540b1c: 895c 241c | 4c8b 5424 | 504c 8954 | 2428 4889 | 4424 3044 | 894c 244c 

  0x000078cd74540b34: ;   {runtime_call UncommonTrapBlob}
  0x000078cd74540b34: 6666 90e8 

  0x000078cd74540b38: ; ImmutableOopMap {rbp=Oop [32]=Oop [40]=Oop [48]=Oop [76]=NarrowOop }
                      ;*if_acmpeq {reexecute=1 rethrow=0 return_oop=0}
                      ; - (reexecute) java.util.ArrayList::grow@17 (line 233)
                      ; - java.util.ArrayList::grow@7 (line 244)
                      ; - java.util.ArrayList::add@7 (line 483)
                      ; - java.util.ArrayList::add@20 (line 496)
                      ; - org.apache.lucene.codecs.lucene90.blocktree.Lucene90BlockTreeTermsWriter$TermsWriter::writeBlocks@321 (line 678)
  0x000078cd74540b38: c497 72ff 

  0x000078cd74540b3c: ;   {other}
  0x000078cd74540b3c: 0f1f 8400 | 2c1c 002c | 4883 c6fe | 488b ce48 | 33c0 4883 | f908 7f10 | 48ff c978 | 4f48 8904 
  0x000078cd74540b5c: cf48 ffc9 | 7df7 eb44 | c5fd efc0 | e90d 0000 | 00c5 fe7f | 07c5 fe7f | 4720 4883 | c740 4883 
  0x000078cd74540b7c: e908 7ded | 4883 c104 | 7c0c c5fe | 7f07 4883 | c720 4883 | e904 4883 | c104 7e10 | 48ff c9c5 
  0x000078cd74540b9c: f9d6 0748 | 83c7 0848 | ffc9 7df3 | e97d f3ff | ff48 83c1 | fe49 8bfb | 4833 c048 | 83f9 087f 
  0x000078cd74540bbc: 1048 ffc9 | 784f 4889 | 04cf 48ff | c97d f7eb | 44c5 fdef | c0e9 0d00 | 0000 c5fe | 7f07 c5fe 
  0x000078cd74540bdc: 7f47 2048 | 83c7 4048 | 83e9 087d | ed48 83c1 | 047c 0cc5 | fe7f 0748 | 83c7 2048 | 83e9 0448 
  0x000078cd74540bfc: 83c1 047e | 1048 ffc9 | c5f9 d607 | 4883 c708 | 48ff c97d | f3e9 aef4 | ffff bece | ffff ff44 
  0x000078cd74540c1c: 8b54 2438 | 4489 5424 

  0x000078cd74540c24: ;   {runtime_call UncommonTrapBlob}
  0x000078cd74540c24: 0c66 90e8 

  0x000078cd74540c28: ; ImmutableOopMap {rbp=Oop [16]=Oop [32]=Oop [48]=Oop [60]=NarrowOop }
                      ;*invokestatic copyOf {reexecute=1 rethrow=0 return_oop=0}
                      ; - (reexecute) java.util.Arrays::copyOf@6 (line 3482)
                      ; - java.util.ArrayList::grow@37 (line 237)
                      ; - java.util.ArrayList::grow@7 (line 244)
                      ; - java.util.ArrayList::add@7 (line 483)
                      ; - java.util.ArrayList::add@20 (line 496)
                      ; - org.apache.lucene.codecs.lucene90.blocktree.Lucene90BlockTreeTermsWriter$TermsWriter::writeBlocks@415 (line 708)
  0x000078cd74540c28: d496 72ff 

  0x000078cd74540c2c: ;   {other}
  0x000078cd74540c2c: 0f1f 8400 | 1c1d 002d | bece ffff | ff89 5c24 | 0c4c 894c | 2428 4489 | 5c24 3089 

  0x000078cd74540c48: ;   {runtime_call UncommonTrapBlob}
  0x000078cd74540c48: 4c24 34e8 

  0x000078cd74540c4c: ; ImmutableOopMap {rbp=Oop [16]=Oop [32]=Oop [40]=Oop [48]=NarrowOop }
                      ;*invokestatic copyOf {reexecute=1 rethrow=0 return_oop=0}
                      ; - (reexecute) java.util.Arrays::copyOf@6 (line 3482)
                      ; - java.util.ArrayList::grow@37 (line 237)
                      ; - java.util.ArrayList::grow@7 (line 244)
                      ; - java.util.ArrayList::add@7 (line 483)
                      ; - java.util.ArrayList::add@20 (line 496)
                      ; - org.apache.lucene.codecs.lucene90.blocktree.Lucene90BlockTreeTermsWriter$TermsWriter::writeBlocks@560 (line 731)
  0x000078cd74540c4c: b096 72ff 

  0x000078cd74540c50: ;   {other}
  0x000078cd74540c50: 0f1f 8400 | 401d 002e | 4d8d 50fe | 498b ca49 | 8bfb 4833 | c048 83f9 | 087f 1048 | ffc9 784f 
  0x000078cd74540c70: 4889 04cf | 48ff c97d | f7eb 44c5 | fdef c0e9 | 0d00 0000 | c5fe 7f07 | c5fe 7f47 | 2048 83c7 
  0x000078cd74540c90: 4048 83e9 | 087d ed48 | 83c1 047c | 0cc5 fe7f | 0748 83c7 | 2048 83e9 | 0448 83c1 | 047e 1048 
  0x000078cd74540cb0: ffc9 c5f9 | d607 4883 | c708 48ff | c97d f3e9 | a7f5 ffff | bece ffff | ff44 8b5c | 2438 4489 
  0x000078cd74540cd0: 5c24 1848 | 8944 24f8 | 8b44 2430 | 8944 241c | 488b 4424 | f844 8b54 | 2428 4489 | 5424 204c 
  0x000078cd74540cf0: 8b54 2440 | 4c89 5424 | 3844 8b5c | 242c 4489 | 5c24 244c | 8b54 2450 | 4c89 5424 | 2848 8944 
  0x000078cd74540d10: ;   {runtime_call UncommonTrapBlob}
  0x000078cd74540d10: 2440 90e8 

  0x000078cd74540d14: ; ImmutableOopMap {rbp=Oop [16]=Oop [40]=Oop [52]=NarrowOop [56]=Oop [64]=Oop }
                      ;*invokestatic copyOf {reexecute=1 rethrow=0 return_oop=0}
                      ; - (reexecute) java.util.Arrays::copyOf@6 (line 3482)
                      ; - java.util.ArrayList::grow@37 (line 237)
                      ; - java.util.ArrayList::grow@7 (line 244)
                      ; - java.util.ArrayList::add@7 (line 483)
                      ; - java.util.ArrayList::add@20 (line 496)
                      ; - org.apache.lucene.codecs.lucene90.blocktree.Lucene90BlockTreeTermsWriter$TermsWriter::writeBlocks@321 (line 678)
  0x000078cd74540d14: e895 72ff 

  0x000078cd74540d18: ;   {other}
  0x000078cd74540d18: 0f1f 8400 | 081e 002f | be3d ffff | ff44 8b4c | 2438 4489 | 4c24 0c44 | 895c 2428 | 4c89 4424 
  0x000078cd74540d38: 3089 7c24 | 2c89 4424 

  0x000078cd74540d40: ;   {runtime_call UncommonTrapBlob}
  0x000078cd74540d40: 3c66 90e8 

  0x000078cd74540d44: ; ImmutableOopMap {[16]=Oop [32]=Oop [48]=Oop }
                      ;*if_icmpge {reexecute=1 rethrow=0 return_oop=0}
                      ; - (reexecute) jdk.internal.util.ArraysSupport::newLength@10 (line 741)
                      ; - java.util.ArrayList::grow@27 (line 234)
                      ; - java.util.ArrayList::grow@7 (line 244)
                      ; - java.util.ArrayList::add@7 (line 483)
                      ; - java.util.ArrayList::add@20 (line 496)
                      ; - org.apache.lucene.codecs.lucene90.blocktree.Lucene90BlockTreeTermsWriter$TermsWriter::writeBlocks@415 (line 708)
  0x000078cd74540d44: b895 72ff 

  0x000078cd74540d48: ;   {other}
  0x000078cd74540d48: 0f1f 8400 | 381e 0030 | be3d ffff | ff89 5c24 | 0c4c 894c | 2428 8954 | 2430 894c 

  0x000078cd74540d64: ;   {runtime_call UncommonTrapBlob}
  0x000078cd74540d64: 2438 90e8 

  0x000078cd74540d68: ; ImmutableOopMap {[16]=Oop [32]=Oop [40]=Oop }
                      ;*if_icmpge {reexecute=1 rethrow=0 return_oop=0}
                      ; - (reexecute) jdk.internal.util.ArraysSupport::newLength@10 (line 741)
                      ; - java.util.ArrayList::grow@27 (line 234)
                      ; - java.util.ArrayList::grow@7 (line 244)
                      ; - java.util.ArrayList::add@7 (line 483)
                      ; - java.util.ArrayList::add@20 (line 496)
                      ; - org.apache.lucene.codecs.lucene90.blocktree.Lucene90BlockTreeTermsWriter$TermsWriter::writeBlocks@560 (line 731)
  0x000078cd74540d68: 9495 72ff 

  0x000078cd74540d6c: ;   {other}
  0x000078cd74540d6c: 0f1f 8400 | 5c1e 0031 | be3d ffff | ff44 8b54 | 2438 4489 | 5424 1848 | 8944 24f8 | 8b44 2430 
  0x000078cd74540d8c: 8944 241c | 488b 4424 | f844 8b5c | 2428 4489 | 5c24 204c | 8b54 2440 | 4c89 5424 | 3044 8b54 
  0x000078cd74540dac: 242c 4489 | 5424 244c | 8b54 2450 | 4c89 5424 | 2848 8944 | 2440 4489 

  0x000078cd74540dc4: ;   {runtime_call UncommonTrapBlob}
  0x000078cd74540dc4: 4424 54e8 

  0x000078cd74540dc8: ; ImmutableOopMap {[16]=Oop [40]=Oop [48]=Oop [64]=Oop }
                      ;*if_icmpge {reexecute=1 rethrow=0 return_oop=0}
                      ; - (reexecute) jdk.internal.util.ArraysSupport::newLength@10 (line 741)
                      ; - java.util.ArrayList::grow@27 (line 234)
                      ; - java.util.ArrayList::grow@7 (line 244)
                      ; - java.util.ArrayList::add@7 (line 483)
                      ; - java.util.ArrayList::add@20 (line 496)
                      ; - org.apache.lucene.codecs.lucene90.blocktree.Lucene90BlockTreeTermsWriter$TermsWriter::writeBlocks@321 (line 678)
  0x000078cd74540dc8: 3495 72ff 

  0x000078cd74540dcc: ;   {other}
  0x000078cd74540dcc: 0f1f 8400 | bc1e 0032 | bede ffff | ff48 8b6c | 2410 4489 | 7424 1044 | 895c 2414 | 4889 4424 
  0x000078cd74540dec: f88b 4424 | 3c89 4424 | 1848 8b44 | 24f8 c5fa | 1144 241c | 448b 5c24 | 3444 895c | 2420 448b 
  0x000078cd74540e0c: 5424 3844 | 8954 2424 | 4889 4424 | f88b 4424 | 3089 4424 | 2848 8b44 | 24f8 4489 | 4424 2c4c 
  0x000078cd74540e2c: 894c 2438 

  0x000078cd74540e30: ;   {runtime_call UncommonTrapBlob}
  0x000078cd74540e30: 6666 90e8 

  0x000078cd74540e34: ; ImmutableOopMap {rbp=Oop [56]=Oop }
                      ;*checkcast {reexecute=0 rethrow=0 return_oop=0}
                      ; - org.apache.lucene.codecs.lucene90.blocktree.Lucene90BlockTreeTermsWriter$TermsWriter::writeBlocks@191 (line 658)
  0x000078cd74540e34: c894 72ff 

  0x000078cd74540e38: ;   {other}
  0x000078cd74540e38: 0f1f 8400 | 281f 0033 | bede ffff 

  0x000078cd74540e44: ;   {runtime_call UncommonTrapBlob}
  0x000078cd74540e44: ff66 90e8 

  0x000078cd74540e48: ; ImmutableOopMap {rbp=NarrowOop [16]=Oop }
                      ;*checkcast {reexecute=0 rethrow=0 return_oop=0}
                      ; - org.apache.lucene.codecs.lucene90.blocktree.Lucene90BlockTreeTermsWriter$TermsWriter::writeBlocks@457 (line 721)
  0x000078cd74540e48: b494 72ff 

  0x000078cd74540e4c: ;   {other}
  0x000078cd74540e4c: 0f1f 8400 | 3c1f 0034 | bede ffff | ff48 8b6c | 2410 4489 | 7424 1044 | 895c 2414 | 4889 4424 
  0x000078cd74540e6c: f88b 4424 | 3c89 4424 | 1848 8b44 | 24f8 c5fa | 1144 241c | 448b 5424 | 3444 8954 | 2420 448b 
  0x000078cd74540e8c: 5c24 3844 | 895c 2424 | 4889 4424 | f88b 4424 | 3089 4424 | 2848 8b44 | 24f8 4489 | 4424 2c4c 
  0x000078cd74540eac: 894c 2438 

  0x000078cd74540eb0: ;   {runtime_call UncommonTrapBlob}
  0x000078cd74540eb0: 6666 90e8 

  0x000078cd74540eb4: ; ImmutableOopMap {rbp=Oop [56]=Oop }
                      ;*checkcast {reexecute=0 rethrow=0 return_oop=0}
                      ; - org.apache.lucene.codecs.lucene90.blocktree.Lucene90BlockTreeTermsWriter$TermsWriter::writeBlocks@125 (line 646)
  0x000078cd74540eb4: 4894 72ff 

  0x000078cd74540eb8: ;   {other}
  0x000078cd74540eb8: 0f1f 8400 | a81f 0035 | bef6 ffff | ff41 8bea 

  0x000078cd74540ec8: ;   {runtime_call UncommonTrapBlob}
  0x000078cd74540ec8: 6666 90e8 

  0x000078cd74540ecc: ; ImmutableOopMap {}
                      ;*invokeinterface get {reexecute=0 rethrow=0 return_oop=0}
                      ; - org.apache.lucene.codecs.lucene90.blocktree.Lucene90BlockTreeTermsWriter$TermsWriter::writeBlocks@105 (line 641)
  0x000078cd74540ecc: 3094 72ff 

  0x000078cd74540ed0: ;   {other}
  0x000078cd74540ed0: 0f1f 8400 | c01f 0036 | bef6 ffff | ff41 8be8 

  0x000078cd74540ee0: ;   {runtime_call UncommonTrapBlob}
  0x000078cd74540ee0: 6666 90e8 

  0x000078cd74540ee4: ; ImmutableOopMap {}
                      ;*aaload {reexecute=0 rethrow=0 return_oop=0}
                      ; - java.util.ArrayList::elementData@5 (line 411)
                      ; - java.util.ArrayList::get@11 (line 428)
                      ; - org.apache.lucene.codecs.lucene90.blocktree.Lucene90BlockTreeTermsWriter$TermsWriter::writeBlocks@105 (line 641)
  0x000078cd74540ee4: 1894 72ff 

  0x000078cd74540ee8: ;   {other}
  0x000078cd74540ee8: 0f1f 8400 | d81f 0037 | bef4 ffff | ff48 8b6c | 2410 4489 | 7424 1044 | 895c 2414 | c5fa 1144 
  0x000078cd74540f08: 241c 4489 

  0x000078cd74540f0c: ;   {runtime_call UncommonTrapBlob}
  0x000078cd74540f0c: 4424 2ce8 

  0x000078cd74540f10: ; ImmutableOopMap {rbp=Oop }
                      ;*checkcast {reexecute=0 rethrow=0 return_oop=0}
                      ; - org.apache.lucene.codecs.lucene90.blocktree.Lucene90BlockTreeTermsWriter$TermsWriter::writeBlocks@110 (line 641)
  0x000078cd74540f10: ec93 72ff 

  0x000078cd74540f14: ;   {other}
  0x000078cd74540f14: 0f1f 8400 | 0420 0038 | bef6 ffff 

  0x000078cd74540f20: ;   {runtime_call UncommonTrapBlob}
  0x000078cd74540f20: ff66 90e8 

  0x000078cd74540f24: ; ImmutableOopMap {}
                      ;*arraylength {reexecute=0 rethrow=0 return_oop=0}
                      ; - org.apache.lucene.codecs.lucene90.blocktree.Lucene90BlockTreeTermsWriter$TermsWriter::writeBlocks@135 (line 647)
  0x000078cd74540f24: d893 72ff 

  0x000078cd74540f28: ;   {other}
  0x000078cd74540f28: 0f1f 8400 | 1820 0039 | bef6 ffff 

  0x000078cd74540f34: ;   {runtime_call UncommonTrapBlob}
  0x000078cd74540f34: ff66 90e8 

  0x000078cd74540f38: ; ImmutableOopMap {}
                      ;*getfield minItemsInBlock {reexecute=1 rethrow=0 return_oop=0}
                      ; - (reexecute) org.apache.lucene.codecs.lucene90.blocktree.Lucene90BlockTreeTermsWriter$TermsWriter::writeBlocks@266 (line 667)
  0x000078cd74540f38: c493 72ff 

  0x000078cd74540f3c: ;   {other}
  0x000078cd74540f3c: 0f1f 8400 | 2c20 003a | bef6 ffff 

  0x000078cd74540f48: ;   {runtime_call UncommonTrapBlob}
  0x000078cd74540f48: ff66 90e8 

  0x000078cd74540f4c: ; ImmutableOopMap {}
                      ;*invokeinterface size {reexecute=0 rethrow=0 return_oop=0}
                      ; - org.apache.lucene.codecs.lucene90.blocktree.Lucene90BlockTreeTermsWriter$TermsWriter::writeBlocks@61 (line 634)
  0x000078cd74540f4c: b093 72ff 

  0x000078cd74540f50: ;   {other}
  0x000078cd74540f50: 0f1f 8400 | 4020 003b | bef6 ffff | ff48 8be8 

  0x000078cd74540f60: ;   {runtime_call UncommonTrapBlob}
  0x000078cd74540f60: 6666 90e8 

  0x000078cd74540f64: ; ImmutableOopMap {rbp=Oop }
                      ;*invokeinterface add {reexecute=0 rethrow=0 return_oop=0}
                      ; - org.apache.lucene.codecs.lucene90.blocktree.Lucene90BlockTreeTermsWriter$TermsWriter::writeBlocks@415 (line 708)
  0x000078cd74540f64: 9893 72ff 

  0x000078cd74540f68: ;   {other}
  0x000078cd74540f68: 0f1f 8400 | 5820 003c | bef6 ffff 

  0x000078cd74540f74: ;   {runtime_call UncommonTrapBlob}
  0x000078cd74540f74: ff66 90e8 

  0x000078cd74540f78: ; ImmutableOopMap {}
                      ;*arraylength {reexecute=0 rethrow=0 return_oop=0}
                      ; - java.util.ArrayList::add@2 (line 482)
                      ; - java.util.ArrayList::add@20 (line 496)
                      ; - org.apache.lucene.codecs.lucene90.blocktree.Lucene90BlockTreeTermsWriter$TermsWriter::writeBlocks@415 (line 708)
  0x000078cd74540f78: 8493 72ff 

  0x000078cd74540f7c: ;   {other}
  0x000078cd74540f7c: 0f1f 8400 | 6c20 003d | bef6 ffff 

  0x000078cd74540f88: ;   {runtime_call UncommonTrapBlob}
  0x000078cd74540f88: ff66 90e8 

  0x000078cd74540f8c: ; ImmutableOopMap {}
                      ;*invokeinterface get {reexecute=0 rethrow=0 return_oop=0}
                      ; - org.apache.lucene.codecs.lucene90.blocktree.Lucene90BlockTreeTermsWriter$TermsWriter::writeBlocks@452 (line 721)
  0x000078cd74540f8c: 7093 72ff 

  0x000078cd74540f90: ;   {other}
  0x000078cd74540f90: 0f1f 8400 | 8020 003e | bef6 ffff 

  0x000078cd74540f9c: ;   {runtime_call UncommonTrapBlob}
  0x000078cd74540f9c: ff66 90e8 

  0x000078cd74540fa0: ; ImmutableOopMap {}
                      ;*aaload {reexecute=0 rethrow=0 return_oop=0}
                      ; - java.util.ArrayList::elementData@5 (line 411)
                      ; - java.util.ArrayList::get@11 (line 428)
                      ; - org.apache.lucene.codecs.lucene90.blocktree.Lucene90BlockTreeTermsWriter$TermsWriter::writeBlocks@452 (line 721)
  0x000078cd74540fa0: 5c93 72ff 

  0x000078cd74540fa4: ;   {other}
  0x000078cd74540fa4: 0f1f 8400 | 9420 003f | bef4 ffff 

  0x000078cd74540fb0: ;   {runtime_call UncommonTrapBlob}
  0x000078cd74540fb0: ff66 90e8 

  0x000078cd74540fb4: ; ImmutableOopMap {[16]=Oop }
                      ;*checkcast {reexecute=0 rethrow=0 return_oop=0}
                      ; - org.apache.lucene.codecs.lucene90.blocktree.Lucene90BlockTreeTermsWriter$TermsWriter::writeBlocks@457 (line 721)
  0x000078cd74540fb4: 4893 72ff 

  0x000078cd74540fb8: ;   {other}
  0x000078cd74540fb8: 0f1f 8400 | a820 0040 | bef6 ffff 

  0x000078cd74540fc4: ;   {runtime_call UncommonTrapBlob}
  0x000078cd74540fc4: ff66 90e8 

  0x000078cd74540fc8: ; ImmutableOopMap {}
                      ;*getfield scratchBytes {reexecute=1 rethrow=0 return_oop=0}
                      ; - (reexecute) org.apache.lucene.codecs.lucene90.blocktree.Lucene90BlockTreeTermsWriter$TermsWriter::writeBlocks@507 (line 725)
  0x000078cd74540fc8: 3493 72ff 

  0x000078cd74540fcc: ;   {other}
  0x000078cd74540fcc: 0f1f 8400 | bc20 0041 | bef6 ffff 

  0x000078cd74540fd8: ;   {runtime_call UncommonTrapBlob}
  0x000078cd74540fd8: ff66 90e8 

  0x000078cd74540fdc: ; ImmutableOopMap {}
                      ;*invokeinterface size {reexecute=0 rethrow=0 return_oop=0}
                      ; - org.apache.lucene.codecs.lucene90.blocktree.Lucene90BlockTreeTermsWriter$TermsWriter::writeBlocks@528 (line 728)
  0x000078cd74540fdc: 2093 72ff 

  0x000078cd74540fe0: ;   {other}
  0x000078cd74540fe0: 0f1f 8400 | d020 0042 | bef6 ffff | ff48 8b6c 

  0x000078cd74540ff0: ;   {runtime_call UncommonTrapBlob}
  0x000078cd74540ff0: 2420 90e8 

  0x000078cd74540ff4: ; ImmutableOopMap {rbp=Oop }
                      ;*invokeinterface add {reexecute=0 rethrow=0 return_oop=0}
                      ; - org.apache.lucene.codecs.lucene90.blocktree.Lucene90BlockTreeTermsWriter$TermsWriter::writeBlocks@560 (line 731)
  0x000078cd74540ff4: 0893 72ff 

  0x000078cd74540ff8: ;   {other}
  0x000078cd74540ff8: 0f1f 8400 | e820 0043 | bef6 ffff 

  0x000078cd74541004: ;   {runtime_call UncommonTrapBlob}
  0x000078cd74541004: ff66 90e8 

  0x000078cd74541008: ; ImmutableOopMap {}
                      ;*arraylength {reexecute=0 rethrow=0 return_oop=0}
                      ; - java.util.ArrayList::add@2 (line 482)
                      ; - java.util.ArrayList::add@20 (line 496)
                      ; - org.apache.lucene.codecs.lucene90.blocktree.Lucene90BlockTreeTermsWriter$TermsWriter::writeBlocks@560 (line 731)
  0x000078cd74541008: f492 72ff 

  0x000078cd7454100c: ;   {other}
  0x000078cd7454100c: 0f1f 8400 | fc20 0044 | bef6 ffff 

  0x000078cd74541018: ;   {runtime_call UncommonTrapBlob}
  0x000078cd74541018: ff66 90e8 

  0x000078cd7454101c: ; ImmutableOopMap {}
                      ;*invokeinterface clear {reexecute=0 rethrow=0 return_oop=0}
                      ; - org.apache.lucene.codecs.lucene90.blocktree.Lucene90BlockTreeTermsWriter$TermsWriter::writeBlocks@570 (line 733)
  0x000078cd7454101c: e092 72ff 

  0x000078cd74541020: ;   {other}
  0x000078cd74541020: 0f1f 8400 | 1021 0045 | bef6 ffff 

  0x000078cd7454102c: ;   {runtime_call UncommonTrapBlob}
  0x000078cd7454102c: ff66 90e8 

  0x000078cd74541030: ; ImmutableOopMap {}
                      ;*getfield bytes {reexecute=1 rethrow=0 return_oop=0}
                      ; - (reexecute) org.apache.lucene.codecs.lucene90.blocktree.Lucene90BlockTreeTermsWriter$TermsWriter::writeBlocks@227 (line 660)
  0x000078cd74541030: cc92 72ff 

  0x000078cd74541034: ;   {other}
  0x000078cd74541034: 0f1f 8400 | 2421 0046 | bef6 ffff 

  0x000078cd74541040: ;   {runtime_call UncommonTrapBlob}
  0x000078cd74541040: ff66 90e8 

  0x000078cd74541044: ; ImmutableOopMap {}
                      ;*baload {reexecute=0 rethrow=0 return_oop=0}
                      ; - org.apache.lucene.codecs.lucene90.blocktree.Lucene90BlockTreeTermsWriter$TermsWriter::writeBlocks@240 (line 660)
  0x000078cd74541044: b892 72ff 

  0x000078cd74541048: ;   {other}
  0x000078cd74541048: 0f1f 8400 | 3821 0047 | bef6 ffff | ff48 8be8 

  0x000078cd74541058: ;   {runtime_call UncommonTrapBlob}
  0x000078cd74541058: 6666 90e8 

  0x000078cd7454105c: ; ImmutableOopMap {rbp=Oop }
                      ;*invokeinterface add {reexecute=0 rethrow=0 return_oop=0}
                      ; - org.apache.lucene.codecs.lucene90.blocktree.Lucene90BlockTreeTermsWriter$TermsWriter::writeBlocks@321 (line 678)
  0x000078cd7454105c: a092 72ff 

  0x000078cd74541060: ;   {other}
  0x000078cd74541060: 0f1f 8400 | 5021 0048 | bef6 ffff 

  0x000078cd7454106c: ;   {runtime_call UncommonTrapBlob}
  0x000078cd7454106c: ff66 90e8 

  0x000078cd74541070: ; ImmutableOopMap {}
                      ;*arraylength {reexecute=0 rethrow=0 return_oop=0}
                      ; - java.util.ArrayList::add@2 (line 482)
                      ; - java.util.ArrayList::add@20 (line 496)
                      ; - org.apache.lucene.codecs.lucene90.blocktree.Lucene90BlockTreeTermsWriter$TermsWriter::writeBlocks@321 (line 678)
  0x000078cd74541070: 8c92 72ff 

  0x000078cd74541074: ;   {other}
  0x000078cd74541074: 0f1f 8400 | 6421 0049 | eb04 eb07 | eb0a 488b | f0eb 2b48 | 8bf0 eb26 | 488b f0eb | 2148 8bf0 
  0x000078cd74541094: eb1c 488b | f0eb 1748 | 8bf0 eb12 | 488b f0eb | 0d48 8bf0 | eb08 488b | f0eb 0348 | 8bf0 4881 
  0x000078cd745410b4: c490 0000 

  0x000078cd745410b8: ;   {runtime_call _rethrow_Java}
  0x000078cd745410b8: 005d e9c1 

  0x000078cd745410bc: ;   {internal_word}
  0x000078cd745410bc: d97d ff49 | bac1 fc53 | 74cd 7800 | 004d 8997 | 8007 0000 

  0x000078cd745410d0: ;   {runtime_call SafepointBlob}
  0x000078cd745410d0: e92b a372 

  0x000078cd745410d4: ;   {runtime_call StubRoutines (final stubs)}
  0x000078cd745410d4: ffe8 86dd | 70ff e9bf | e1ff fff4 
[Stub Code]
  0x000078cd745410e0: ;   {no_reloc}
  0x000078cd745410e0: 48bb 0000 | 0000 0000 

  0x000078cd745410e8: ;   {runtime_call nmethod}
  0x000078cd745410e8: 0000 e9fb 

  0x000078cd745410ec: ;   {static_stub}
  0x000078cd745410ec: ffff ff48 | bb00 0000 | 0000 0000 

  0x000078cd745410f8: ;   {runtime_call nmethod}
  0x000078cd745410f8: 00e9 fbff 

  0x000078cd745410fc: ;   {static_stub}
  0x000078cd745410fc: ffff 48bb | 90e0 8244 | 206c 0000 

  0x000078cd74541108: ;   {runtime_call I2C/C2I adapters}
  0x000078cd74541108: e962 ab71 

  0x000078cd7454110c: ;   {static_stub}
  0x000078cd7454110c: ff48 bbe8 | a981 4420 

  0x000078cd74541114: ;   {runtime_call I2C/C2I adapters}
  0x000078cd74541114: 6c00 00e9 | 6e71 91ff 

  0x000078cd7454111c: ;   {static_stub}
  0x000078cd7454111c: 48bb 0000 | 0000 0000 

  0x000078cd74541124: ;   {runtime_call nmethod}
  0x000078cd74541124: 0000 e9fb 

  0x000078cd74541128: ;   {runtime_call ExceptionBlob}
  0x000078cd74541128: ffff ffe9 | d079 7dff 
[Deopt Handler Code]
  0x000078cd74541130: e800 0000 | 0048 832c 

  0x000078cd74541138: ;   {runtime_call DeoptimizationBlob}
  0x000078cd74541138: 2405 e961 | 9572 fff4 
[/MachCode]


Compiled method (c2) 31570 3227       4       org.apache.lucene.codecs.lucene90.blocktree.Lucene90BlockTreeTermsWriter$TermsWriter::write (188 bytes)
 total in heap  [0x000078cd7476f290,0x000078cd74771a30] = 10144
 relocation     [0x000078cd7476f3e8,0x000078cd7476f540] = 344
 main code      [0x000078cd7476f540,0x000078cd74770b70] = 5680
 stub code      [0x000078cd74770b70,0x000078cd74770bd0] = 96
 oops           [0x000078cd74770bd0,0x000078cd74770be0] = 16
 metadata       [0x000078cd74770be0,0x000078cd74770ce0] = 256
 scopes data    [0x000078cd74770ce0,0x000078cd747714d0] = 2032
 scopes pcs     [0x000078cd747714d0,0x000078cd74771860] = 912
 dependencies   [0x000078cd74771860,0x000078cd74771890] = 48
 handler table  [0x000078cd74771890,0x000078cd74771968] = 216
 nul chk table  [0x000078cd74771968,0x000078cd74771a30] = 200

[Constant Pool (empty)]

[MachCode]
[Entry Point]
  # {method} {0x00006c204481aeb0} 'write' '(Lorg/apache/lucene/util/BytesRef;Lorg/apache/lucene/index/TermsEnum;Lorg/apache/lucene/codecs/NormsProducer;)V' in 'org/apache/lucene/codecs/lucene90/blocktree/Lucene90BlockTreeTermsWriter$TermsWriter'
  # this:     rsi:rsi   = 'org/apache/lucene/codecs/lucene90/blocktree/Lucene90BlockTreeTermsWriter$TermsWriter'
  # parm0:    rdx:rdx   = 'org/apache/lucene/util/BytesRef'
  # parm1:    rcx:rcx   = 'org/apache/lucene/index/TermsEnum'
  # parm2:    r8:r8     = 'org/apache/lucene/codecs/NormsProducer'
  #           [sp+0x80]  (sp of caller)
  0x000078cd7476f540: 448b 5608 | 49bb 0000 | 004f 206c | 0000 4d03 | d349 3bc2 

  0x000078cd7476f554: ;   {runtime_call ic_miss_stub}
  0x000078cd7476f554: 0f85 2658 | 4fff 6690 | 0f1f 4000 
[Verified Entry Point]
  0x000078cd7476f560: 8984 2400 | c0fe ff55 | 4883 ec70 | 4181 7f20 | 0100 0000 | 0f85 e815 | 0000 4d8b | c848 8954 
  0x000078cd7476f580: 2420 4889 | 7424 1844 | 8b56 6045 | 8b42 2844 | 8b5e 2845 | 85c0 0f84 | fe0d 0000 | 498b f04d 
  0x000078cd7476f5a0: 8bc3 6690 

  0x000078cd7476f5a4: ;   {optimized virtual_call}
  0x000078cd7476f5a4: c5f8 77e8 

  0x000078cd7476f5a8: ; ImmutableOopMap {[24]=Oop [32]=Oop }
                      ;*invokevirtual writeTerm {reexecute=0 rethrow=0 return_oop=1}
                      ; - org.apache.lucene.codecs.lucene90.blocktree.Lucene90BlockTreeTermsWriter$TermsWriter::write@14 (line 1024)
  0x000078cd7476f5a8: 941b ffff 

  0x000078cd7476f5ac: ;   {other}
  0x000078cd7476f5ac: 0f1f 8400 | 1c03 0000 | 4889 4424 | 2848 85c0 | 0f84 da0f | 0000 4c8b | 5424 1845 | 8b52 2c45 
  0x000078cd7476f5cc: 8b42 0c45 | 8b50 144c | 8b5c 2420 

  0x000078cd7476f5d8: ; implicit exception: dispatches to 0x000078cd74770978
  0x000078cd7476f5d8: 418b 5b14 

  0x000078cd7476f5dc: ; implicit exception: dispatches to 0x000078cd74770990
  0x000078cd7476f5dc: 458b 5a0c | 4489 5c24 | 344c 8b5c | 2420 458b | 6b0c 458b | 5810 4c8b | 4424 2045 | 8b48 1047 
  0x000078cd7476f5fc: 8d04 298b | 4c24 34ff | c144 3bd9 | 0f83 aa0f | 0000 448b | 730c 453b | e80f 8fe5 | 0f00 0045 
  0x000078cd7476f61c: 85ed 0f8c | 2c10 0000 | 453b c60f | 8f6b 1000 | 0045 3bd9 | 458b c345 | 0f4f c141 | 83f8 070f 
  0x000078cd7476f63c: 8fd9 0600 | 0033 c041 | 3bc0 7c0a | b9ff ffff | ff45 33f6 | eb6e 3b44 | 2434 0f83 | 8810 0000 
  0x000078cd7476f65c: 4863 4c24 | 3449 63d0 | 488d 7aff | 483b f90f | 8373 1000 | 0048 63c8 | 4963 fd48 | 03cf 4963 
  0x000078cd7476f67c: f648 3bce | 0f83 5e10 | 0000 488d | 4c3a ff48 | 3bce 0f83 | 5010 0000 | b9ff ffff | ff45 33f6 
  0x000078cd7476f69c: 0f1f 4000 | 410f be74 | 0210 428d 

  0x000078cd7476f6a8: ;   {no_reloc}
  0x000078cd7476f6a8: 3c28 0fbe | 543b 103b | f274 0685 | c07c 0eeb | 1eff c041 | 3bc0 7ce0 | b8ff ffff | ff45 3bd9 
  0x000078cd7476f6c8: 740d e97f | 0700 00b9 | ffff ffff | 4533 f683 | f8ff 0f84 | d209 0000 | 448b d84c | 8b54 2418 
  0x000078cd7476f6e8: 458b 522c 

  0x000078cd7476f6ec: ; implicit exception: dispatches to 0x000078cd747709c0
  0x000078cd7476f6ec: 458b 420c 

  0x000078cd7476f6f0: ; implicit exception: dispatches to 0x000078cd747709d8
  0x000078cd7476f6f0: 458b 4810 | 41ff c945 | 3bcb 7c66 | 0f1f 4000 | 4c8b 5424 | 1841 8b5a | 3444 8b53 

  0x000078cd7476f70c: ;   {metadata('java/util/ArrayList')}
  0x000078cd7476f70c: 0841 81fa | 68b7 0b00 | 0f85 c60b | 0000 4c8b | 5424 1845 | 8b52 3041 | 8b7a 0c4c | 8bc3 458b 
  0x000078cd7476f72c: 4010 443b | cf0f 8364 | 0b00 0048 | 8b5c 2418 | 8b7b 608b | 5f10 472b | 448a 1044 | 3bc3 0f8d 
  0x000078cd7476f74c: 6d06 0000 | 4d8b 9770 | 0700 0041 

  0x000078cd7476f758: ; ImmutableOopMap {[24]=Oop [32]=Oop [40]=Oop }
                      ;*goto {reexecute=1 rethrow=0 return_oop=0}
                      ; - (reexecute) org.apache.lucene.codecs.lucene90.blocktree.Lucene90BlockTreeTermsWriter$TermsWriter::pushTerm@137 (line 1067)
                      ; - org.apache.lucene.codecs.lucene90.blocktree.Lucene90BlockTreeTermsWriter$TermsWriter::write@102 (line 1031)
                      ;   {poll}
  0x000078cd7476f758: ffc9 4185 | 0245 3bcb | 7d9e 4c8b | 5424 1845 | 8b42 3045 | 8b50 0c4c | 8b4c 2420 | 418b 5110 
  0x000078cd7476f778: 443b d20f | 8cd3 0800 | 0044 3bda | 0f8d db00 | 0000 4c8b | 5424 1841 | 8b7a 3444 

  0x000078cd7476f794: ;   {metadata('java/util/ArrayList')}
  0x000078cd7476f794: 8b4f 0841 | 81f9 68b7 | 0b00 0f85 | 400d 0000 

  0x000078cd7476f7a4: ; implicit exception: dispatches to 0x000078cd747704e4
  0x000078cd7476f7a4: 458b 480c | 453b d90f | 8333 0d00 | 004d 63d1 | 4863 da4c | 8d4b ff4d | 3bca 0f83 | 200d 0000 
  0x000078cd7476f7c4: 458b c845 | 8d53 0141 | c1e9 0249 | 63f2 4183 | e103 4503 | cb41 2bc9 | 4c8b d741 | 8b7a 1041 
  0x000078cd7476f7e4: b902 0000 | 00c4 62b0 | f5d1 4903 | f248 3bf3 | 4c8b d34c | 0f4c d645 | 8bca 4389 | 7c98 1041 
  0x000078cd7476f804: ffc3 453b | d97c f348 | 83c3 fd49 | c7c2 0000 | 0080 4881 | fb00 0000 | 8049 0f4c | da44 8bd3 
  0x000078cd7476f824: 453b da7d | 27c5 f96e | c7c4 e279 | 58c0 0f1f | 8000 0000 | 000f 1f80 | 0000 0000 | c481 7a7f 
  0x000078cd7476f844: 4498 1041 | 83c3 0445 | 3bda 7cf0 | 443b da7d | 1066 6690 | 4389 7c98 | 1041 ffc3 | 443b da7c 
  0x000078cd7476f864: f34c 8b54 | 2418 418b | 6a2c 448b | 450c 458b | 5014 4589 | 6010 418b | 520c 4c8b | 5c24 2041 
  0x000078cd7476f884: 8b5b 1041 | 8b4b 0c45 | 8b4b 143b | d30f 8cc3 

  0x000078cd7476f894: ;   {no_reloc}
  0x000078cd7476f894: 0800 0045 | 8950 1445 | 8b50 1445 | 8b58 1041 | 8b79 0c41 | 8b72 0c85 | c90f 8c4d | 0b00 0045 
  0x000078cd7476f8b4: 85db 0f8c | 440b 0000 | 448d 0419 | 413b f80f | 8237 0b00 | 0046 8d04 | 1b41 3bf0 | 0f82 2a0b 
  0x000078cd7476f8d4: 0000 85db | 0f8c 220b | 0000 85db | 742b 4d8b | c149 8d7c | 0910 4863 | d34d 8bc2 | 4b8d 741a 
  0x000078cd7476f8f4: 10c5 f877 | 49ba 80df | c473 cd78 | 0000 41ff 

  0x000078cd7476f904: ;   {other}
  0x000078cd7476f904: d20f 1f84 | 0000 0000 | 0044 8b5d | 0c45 8b53 | 104d 8baf | b804 0000 | 4403 d345 | 8953 104d 
  0x000078cd7476f924: 8bd5 4983 | c218 4d3b | 97c0 0400 | 000f 8383 | 0700 004d | 8997 b804 | 0000 4d8b | d54d 8bda 
  0x000078cd7476f944: 49c1 eb06 | 49b8 0000 | 40c8 206c | 0000 4d03 | d849 c1ea | 0345 0fb6 | 0b49 83e2 | 0745 8bc2 
  0x000078cd7476f964: b901 0000 | 00c4 6239 | f7d1 450b | ca45 880b | 49c7 4500 | 0100 0000 

  0x000078cd7476f97c: ;   {metadata('org/apache/lucene/codecs/lucene90/blocktree/Lucene90BlockTreeTermsWriter$PendingTerm')}
  0x000078cd7476f97c: 41c7 4508 | 385a 1101 | 4d89 6510 | 41c7 450c | 0100 0000 | 4c8b 5424 | 2045 8b4a | 1049 63d1 
  0x000078cd7476f99c: 4181 f900 | 0010 000f | 8717 0a00 | 0049 63c9 | 4533 c041 | 81f9 0000 | 1000 410f | 97c0 4883 
  0x000078cd7476f9bc: c117 4c8b | d949 83e3 | f845 33d2 | 4981 fb00 | 4000 0041 | 0f93 c245 | 0bd0 4585 | d20f 850a 
  0x000078cd7476f9dc: 0700 0049 | 8bb7 b804 | 0000 4c8b | d64d 03d3 | 4d3b 97c0 | 0400 000f | 83f0 0600 | 004d 8997 
  0x000078cd7476f9fc: b804 0000 | 488b fe48 | 83c7 104c | 8bc6 48c1 | e903 4d8b | d049 c1ea | 0348 83c1 | fe49 83e2 
  0x000078cd7476fa1c: 0749 c1e8 | 0649 bb00 | 0040 c820 | 6c00 004d | 03c3 458b | d241 bb01 | 0000 00c4 | 4229 f7d3 
  0x000078cd7476fa3c: 4d8b d845 | 0fb6 0345 | 0bc2 4588 | 0348 c706 | 0100 0000 

  0x000078cd7476fa50: ;   {metadata({type array byte})}
  0x000078cd7476fa50: c746 0870 | 2300 0044 | 894e 0c48 | 33c0 4883 | f908 7f10 | 48ff c978 | 4f48 8904 | cf48 ffc9 
  0x000078cd7476fa70: 7df7 eb44 | c5fd efc0 | e90d 0000 | 00c5 fe7f | 07c5 fe7f | 4720 4883 | c740 4883 | e908 7ded 
  0x000078cd7476fa90: 4883 c104 | 7c0c c5fe | 7f07 4883 | c720 4883 | e904 4883 | c104 7e10 | 48ff c9c5 | f9d6 0748 
  0x000078cd7476fab0: 83c7 0848 | ffc9 7df3 | 4c8b 5424 | 2041 8b4a | 1445 8b42 | 0c4c 8bd6 | 4589 5510 

  0x000078cd7476facc: ; implicit exception: dispatches to 0x000078cd74770ab0
  0x000078cd7476facc: 448b 510c | 4585 c00f | 8c73 0900 | 0047 8d1c | 0145 3bd3 | 0f82 6609 | 0000 4585 | c90f 8c5d 
  0x000078cd7476faec: 0900 0045 | 85c9 7424 | 4883 c610 | 4c8b d14a | 8d7c 0110 | c5f8 7749 | ba80 dfc4 | 73cd 7800 
  0x000078cd7476fb0c: 0041 ffd2 

  0x000078cd7476fb10: ;   {other}
  0x000078cd7476fb10: 0f1f 8400 | 0000 0000 | 4c8b 5424 | 284d 8bda | 4589 5d14 | 4c8b 5424 | 1845 8b52 | 3445 8b42 
  0x000078cd7476fb30: ;   {metadata('java/util/ArrayList')}
  0x000078cd7476fb30: 0841 81f8 | 68b7 0b00 | 0f85 4a09 | 0000 4d8b | c241 8b78 | 1441 ff40 | 0c8b 4f0c | 458b 4810 
  0x000078cd7476fb50: 488b c745 | 8d59 0144 | 3bc9 0f85 | 4801 0000 | 85c9 0f87 | ee02 0000 

  0x000078cd7476fb68: ;   {oop(a 'java/lang/Object'[0] {0x00000000403d71a8})}
  0x000078cd7476fb68: 81ff a871 | 3d40 0f85 | f50b 0000 | ba0a 0000 | 0041 3bd3 | 410f 4cd3 | 81fa 0000 | 0400 0f87 
  0x000078cd7476fb88: d50b 0000 | 4863 ca45 | 33d2 81fa | 0000 0400 | 410f 97c2 | 488d 048d | 1700 0000 | 488b c848 
  0x000078cd7476fba8: 83e1 f848 | 81f9 0040 | 0000 410f | 93c6 450b | f245 85f6 | 0f85 6906 | 0000 498b | 9fb8 0400 
  0x000078cd7476fbc8: 004c 8bd3 | 4c03 d14d | 3b97 c004 | 0000 0f83 | 4f06 0000 | 4d89 97b8 | 0400 0048 | 8bfb 4883 
  0x000078cd7476fbe8: c710 48c1 | e803 4c8b | d348 83c0 | fe49 8bea | 48c1 ed03 | 49c1 ea06 | 48b9 0000 | 40c8 206c 
  0x000078cd7476fc08: 0000 4c03 | d148 83e5 | 0749 8bf2 | 0fb6 0e44 | 8bd5 41be | 0100 0000 | c442 29f7 | d641 0bca 
  0x000078cd7476fc28: 880e 48c7 | 0301 0000 

  0x000078cd7476fc30: ;   {metadata('java/lang/Object'[])}
  0x000078cd7476fc30: 00c7 4308 | 8812 0000 | 8953 0c48 | 8bc8 4833 | c048 83f9 | 087f 1048 | ffc9 784f | 4889 04cf 
  0x000078cd7476fc50: 48ff c97d | f7eb 44c5 | fdef c0e9 | 0d00 0000 | c5fe 7f07 | c5fe 7f47 | 2048 83c7 | 4048 83e9 
  0x000078cd7476fc70: 087d ed48 | 83c1 047c | 0cc5 fe7f | 0748 83c7 | 2048 83e9 | 0448 83c1 | 047e 1048 | ffc9 c5f9 
  0x000078cd7476fc90: d607 4883 | c708 48ff | c97d f348 | 8bcb 4189 | 4814 8b4b | 0c48 8bc3 | 443b c90f | 8317 0700 
  0x000078cd7476fcb0: 0044 8b50 

  0x000078cd7476fcb4: ;   {metadata('java/lang/Object'[])}
  0x000078cd7476fcb4: 0841 81fa | 8812 0000 | 0f85 ea07 | 0000 498b | cd4c 8b54 | 2418 453b | 623c 0f84 | be05 0000 
  0x000078cd7476fcd4: 4289 4c88 | 1041 894a | 4045 8958 | 104c 8b54 | 2428 4d63 | 520c 4c8b | 5c24 184d | 0153 2049 
  0x000078cd7476fcf4: ff43 104c | 8b54 2428 | 4d8b 5218 | 4d01 5318 | c5f8 7748 | 83c4 705d 

  0x000078cd7476fd0c: ;   {poll_return}
  0x000078cd7476fd0c: 493b a768 | 0700 000f | 8733 0e00 | 00c3 8b4c | 2434 85c9 | 0f86 2e08 | 0000 498b | ca49 8d7a 
  0x000078cd7476fd2c: 100f be2f | 453b ee0f | 83e3 0700 | 0044 894c | 2408 4489 | 5c24 0489 | 1c24 418b | da44 8b1c 
  0x000078cd7476fd4c: 2447 0fbe | 5c2b 1041 | 3beb 740f | 33c0 b9ff | ffff ff45 | 33f6 e970 | f9ff ff41 | 8be8 458d 
  0x000078cd7476fd6c: 5510 448b | 1c24 498b | f34d 63d2 | 4903 f241 | 8bd0 33c9 | c5f8 7749 | ba20 f0c4 | 73cd 7800 
  0x000078cd7476fd8c: 0041 ffd2 

  0x000078cd7476fd90: ;   {other}
  0x000078cd7476fd90: 0f1f 8400 | 0000 0000 | 85c0 0f8d | 2ff9 ffff | 448b c541 | 8d44 0001 | 448b d38b | 1c24 448b 
  0x000078cd7476fdb0: 5c24 0444 | 8b4c 2408 | e986 f8ff | ff44 8944 | 243c 4489 | 5c24 3844 | 8974 2434 | 894c 2430 
  0x000078cd7476fdd0: 4c8b 5424 | 204c 8954 | 2408 418b | d144 894c | 2420 ffc2 | 488b 7424 | 1841 8bc8 | 488b 6c24 
  0x000078cd7476fdf0: 0866 6690 

  0x000078cd7476fdf4: ;   {optimized virtual_call}
  0x000078cd7476fdf4: c5f8 77e8 

  0x000078cd7476fdf8: ; ImmutableOopMap {rbp=Oop [8]=Oop [24]=Oop [40]=Oop }
                      ;*invokevirtual writeBlocks {reexecute=0 rethrow=0 return_oop=0}
                      ; - org.apache.lucene.codecs.lucene90.blocktree.Lucene90BlockTreeTermsWriter$TermsWriter::pushTerm@118 (line 1075)
                      ; - org.apache.lucene.codecs.lucene90.blocktree.Lucene90BlockTreeTermsWriter$TermsWriter::write@102 (line 1031)
  0x000078cd7476fdf8: 84f4 dcff 

  0x000078cd7476fdfc: ;   {other}
  0x000078cd7476fdfc: 0f1f 8400 | 6c0b 0002 | 4c8b 5424 | 1841 8b6a | 3044 8b5d | 0c44 8b4c | 2420 453b | cb0f 8389 
  0x000078cd7476fe1c: 0900 0046 | 8b5c 8d10 | 442b 5c24 | 3c41 ffc3 | 4689 5c8d | 104c 8b54 | 2408 4c89 | 5424 208b 
  0x000078cd7476fe3c: 4c24 3044 | 8b74 2434 | 448b 5c24 | 38e9 02f9 | ffff 418b | c0e9 81f8 | ffff 418b | e92b e944 
  0x000078cd7476fe5c: 8bd1 41d1 | faff c544 | 3bd5 440f | 4cd5 418d | 1c0a 8d53 | ff81 faf7 | ffff 7f0f | 8313 0a00 
  0x000078cd7476fe7c: 008b 5708 | 48be 0000 | 004f 206c | 0000 4803 | f248 8b6e | 7048 8b6d | 0085 db0f | 8cb4 0900 
  0x000078cd7476fe9c: 0089 5c24 | 4844 895c | 2424 4889 | 4424 4044 | 894c 243c | 894c 2420 | 897c 2438 | 4c89 4424 
  0x000078cd7476febc: 304c 896c | 2410 4c8b | 5c24 284c | 895c 2408 | 4c8b 5c24 | 184c 891c | 2444 8b46 | 144d 63d8 
  0x000078cd7476fedc: 4e8b 1c1e | 493b f30f | 8546 0100 | 004c 63c1 | 4d63 da4d | 03d8 4533 | d281 fb00 

  0x000078cd7476fef8: ;   {no_reloc}
  0x000078cd7476fef8: 0004 0041 | 0f97 c24e | 8d1c 9d17 | 0000 004c | 895c 2418 | 498b cb48 | 83e1 f848 | 81f9 0040 
  0x000078cd7476ff18: 0000 458b | de41 0f93 | c345 8bc3 | 450b c245 | 85c0 0f85 | 0808 0000 | 4d8b 97b8 | 0400 004d 
  0x000078cd7476ff38: 8bda 4c03 | d14d 3b97 | c004 0000 | 0f83 ee07 | 0000 4d89 | 97b8 0400 | 0049 8bdb | 4c8b db4d 
  0x000078cd7476ff58: 8bd3 49c1 | ea06 49b8 | 0000 40c8 | 206c 0000 | 4d03 d049 | c1eb 034d | 8bc2 450f | b610 4983 
  0x000078cd7476ff78: e307 458b | db41 b901 | 0000 00c4 | 4221 f7d9 | 450b d345 | 8810 48c7 | 0301 0000 | 0089 5308 
  0x000078cd7476ff98: 448b 5c24 | 4844 895b | 0c44 8b4c | 2420 453b | cb45 0f4f | cb4c 8bc3 | 4983 c010 | 488b 4c24 
  0x000078cd7476ffb8: 1848 c1e9 | 0348 8beb | 4585 c90f | 841f 0800 | 0044 8b54 | 2438 4d8d | 5210 4963 | d145 3bcb 
  0x000078cd7476ffd8: 0f8c 3e03 | 0000 4d8b | da49 8bfb | 498b f0c5 | f877 49ba | 60e5 c473 | cd78 0000 

  0x000078cd7476fff4: ;   {other}
  0x000078cd7476fff4: 41ff d20f | 1f84 0000 | 0000 004c | 8b44 2430 | 4189 6814 | 4c8b 1424 | 4c89 5424 | 184c 8b54 
  0x000078cd74770014: 2408 4c89 | 5424 284c | 8b6c 2410 | 448b 4c24 | 3c44 8b5c | 2424 e973 | fcff ff41 | 83f8 200f 
  0x000078cd74770034: 84b0 feff | ffbe dcff | ffff 897c | 242c 6690 

  0x000078cd74770044: ;   {runtime_call UncommonTrapBlob}
  0x000078cd74770044: c5f8 77e8 

  0x000078cd74770048: ; ImmutableOopMap {rbp=Oop [0]=Oop [8]=Oop [16]=Oop [44]=NarrowOop [48]=Oop }
                      ;*invokestatic copyOf {reexecute=1 rethrow=0 return_oop=0}
                      ; - (reexecute) java.util.Arrays::copyOf@6 (line 3482)
                      ; - java.util.ArrayList::grow@37 (line 237)
                      ; - java.util.ArrayList::grow@7 (line 244)
                      ; - java.util.ArrayList::add@7 (line 483)
                      ; - java.util.ArrayList::add@20 (line 496)
                      ; - org.apache.lucene.codecs.lucene90.blocktree.Lucene90BlockTreeTermsWriter$TermsWriter::write@123 (line 1034)
  0x000078cd74770048: b4a2 4fff 

  0x000078cd7477004c: ;   {other}
  0x000078cd7477004c: 0f1f 8400 | bc0d 0003 | 4489 5c24 | 3044 8974 | 2414 894c | 2410 4c8b | 5424 284c | 8954 2408 
  0x000078cd7477006c: 498b f090 

  0x000078cd74770070: ;   {static_call}
  0x000078cd74770070: c5f8 77e8 

  0x000078cd74770074: ; ImmutableOopMap {[8]=Oop [24]=Oop [32]=Oop }
                      ;*invokestatic grow {reexecute=0 rethrow=0 return_oop=1}
                      ; - org.apache.lucene.codecs.lucene90.blocktree.Lucene90BlockTreeTermsWriter$TermsWriter::pushTerm@161 (line 1081)
                      ; - org.apache.lucene.codecs.lucene90.blocktree.Lucene90BlockTreeTermsWriter$TermsWriter::write@102 (line 1031)
  0x000078cd74770074: 283b dbff 

  0x000078cd74770078: ;   {other}
  0x000078cd74770078: 0f1f 8400 | e80d 0004 | 4c8b 5424 | 2041 8b52 | 104c 8bc0 | 4c8b 5424 | 1845 8942 | 304c 8b54 
  0x000078cd74770098: 2408 4c89 | 5424 288b | 4c24 1044 | 8b74 2414 | 448b 5c24 | 30e9 cff6 | ffff 4533 | dbe9 29f6 
  0x000078cd747700b8: ffff 4489 

  0x000078cd747700bc: ;   {metadata('org/apache/lucene/codecs/lucene90/blocktree/Lucene90BlockTreeTermsWriter$PendingTerm')}
  0x000078cd747700bc: 7424 1048 | be38 5a11 | 5020 6c00 | 0066 6690 

  0x000078cd747700cc: ;   {runtime_call _new_instance_Java}
  0x000078cd747700cc: c5f8 77e8 

  0x000078cd747700d0: ; ImmutableOopMap {[24]=Oop [32]=Oop [40]=Oop }
                      ;*new {reexecute=0 rethrow=0 return_oop=1}
                      ; - org.apache.lucene.codecs.lucene90.blocktree.Lucene90BlockTreeTermsWriter$TermsWriter::write@105 (line 1033)
  0x000078cd747700d0: 2cd9 5aff 

  0x000078cd747700d4: ;   {other}
  0x000078cd747700d4: 0f1f 8400 | 440e 0005 | 448b 7424 | 104c 8be8 | e99f f8ff | ff48 8954 | 2438 4489 | 4c24 144c 
  0x000078cd747700f4: 896c 2430 | 4489 7424 | 104c 8b54 | 2420 4c89 | 1424 488b 

  0x000078cd74770108: ;   {metadata({type array byte})}
  0x000078cd74770108: 6c24 1848 | be70 2300 | 4f20 6c00 | 0041 8bd1 | 4c89 6c24 | 2066 6690 

  0x000078cd74770120: ;   {runtime_call _new_array_Java}
  0x000078cd74770120: c5f8 77e8 

  0x000078cd74770124: ; ImmutableOopMap {rbp=Oop [0]=Oop [32]=Oop [40]=Oop [48]=Oop }
                      ;*newarray {reexecute=0 rethrow=0 return_oop=1}
                      ; - org.apache.lucene.codecs.lucene90.blocktree.Lucene90BlockTreeTermsWriter$PendingTerm::<init>@10 (line 398)
                      ; - org.apache.lucene.codecs.lucene90.blocktree.Lucene90BlockTreeTermsWriter$TermsWriter::write@112 (line 1033)
  0x000078cd74770124: 58af 5aff 

  0x000078cd74770128: ;   {other}
  0x000078cd74770128: 0f1f 8400 | 980e 0006 | 488b f048 | 896c 2418 | 4c8b 1424 | 4c89 5424 | 2044 8b74 | 2410 4c8b 
  0x000078cd74770148: 6c24 3044 | 8b4c 2414 | 488b 5424 | 38e9 5ef9 | ffff 4489 | 4c24 3c89 | 4c24 3889 | 5c24 3444 
  0x000078cd74770168: 8974 2430 | 4c8b 5c24 | 284c 895c | 2410 4c8b | 5c24 204c | 895c 2408 | 4c8b 5c24 | 184c 891c 
  0x000078cd74770188: 244c 8bdd | 4c89 5c24 | 2089 6c24 | 1849 8be8 | 4489 4424 | 1c4c 8954 | 2428 8bf3 | ba01 0000 
  0x000078cd747701a8: 0066 6690 

  0x000078cd747701ac: ;   {static_call}
  0x000078cd747701ac: c5f8 77e8 

  0x000078cd747701b0: ; ImmutableOopMap {rbp=Oop [0]=Oop [8]=Oop [16]=Oop [24]=NarrowOop [28]=NarrowOop [32]=Oop [40]=Oop [60]=NarrowOop }
                      ;*invokestatic oversize {reexecute=0 rethrow=0 return_oop=0}
                      ; - org.apache.lucene.util.ArrayUtil::grow@33 (line 412)
                      ; - org.apache.lucene.util.BytesRefBuilder::grow@12 (line 60)
                      ; - org.apache.lucene.util.BytesRefBuilder::append@10 (line 71)
                      ; - org.apache.lucene.util.BytesRefBuilder::append@13 (line 78)
                      ; - org.apache.lucene.util.BytesRefBuilder::copyBytes@6 (line 106)
                      ; - org.apache.lucene.codecs.lucene90.blocktree.Lucene90BlockTreeTermsWriter$TermsWriter::pushTerm@203 (line 1089)
                      ; - org.apache.lucene.codecs.lucene90.blocktree.Lucene90BlockTreeTermsWriter$TermsWriter::write@102 (line 1031)
  0x000078cd747701b0: 6c68 e1ff 

  0x000078cd747701b4: ;   {other}
  0x000078cd747701b4: 0f1f 8400 | 240f 0007 | 488b 7424 | 288b d090 

  0x000078cd747701c4: ;   {static_call}
  0x000078cd747701c4: c5f8 77e8 

  0x000078cd747701c8: ; ImmutableOopMap {rbp=Oop [0]=Oop [8]=Oop [16]=Oop [24]=NarrowOop [28]=NarrowOop [32]=Oop [60]=NarrowOop }
                      ;*invokestatic growExact {reexecute=0 rethrow=0 return_oop=1}
                      ; - org.apache.lucene.util.ArrayUtil::grow@36 (line 412)
                      ; - org.apache.lucene.util.BytesRefBuilder::grow@12 (line 60)
                      ; - org.apache.lucene.util.BytesRefBuilder::append@10 (line 71)
                      ; - org.apache.lucene.util.BytesRefBuilder::append@13 (line 78)
                      ; - org.apache.lucene.util.BytesRefBuilder::copyBytes@6 (line 106)
                      ; - org.apache.lucene.codecs.lucene90.blocktree.Lucene90BlockTreeTermsWriter$TermsWriter::pushTerm@203 (line 1089)
                      ; - org.apache.lucene.codecs.lucene90.blocktree.Lucene90BlockTreeTermsWriter$TermsWriter::write@102 (line 1031)
  0x000078cd747701c8: f42e 4df8 

  0x000078cd747701cc: ;   {other}
  0x000078cd747701cc: 0f1f 8400 | 3c0f 0008 | 8b6c 2418 | 448b 5d0c | 4c8b d044 | 8b44 241c | 4589 5014 | 4585 db0f 
  0x000078cd747701ec: 84df 0600 | 0045 8bd3 | 4c8b 1c24 | 4c89 5c24 | 184c 8b5c | 2408 4c89 | 5c24 204c | 8b5c 2410 
  0x000078cd7477020c: 4c89 5c24 | 2844 8b74 | 2430 458b | c28b 5c24 | 348b 4c24 | 3844 8b4c | 243c e970 | f6ff ff44 
  0x000078cd7477022c: 895c 2424 | 4489 4c24 | 204c 8944 | 2410 4c89 | 6c24 084c | 8b54 2428 | 4c89 1424 | 488b 6c24 
  0x000078cd7477024c: ;   {metadata('java/lang/Object'[])}
  0x000078cd7477024c: 1848 be88 | 1200 4f20 | 6c00 0090 

  0x000078cd74770258: ;   {runtime_call _new_array_Java}
  0x000078cd74770258: c5f8 77e8 

  0x000078cd7477025c: ; ImmutableOopMap {rbp=Oop [0]=Oop [8]=Oop [16]=Oop }
                      ;*anewarray {reexecute=0 rethrow=0 return_oop=1}
                      ; - java.util.ArrayList::grow@52 (line 239)
                      ; - java.util.ArrayList::grow@7 (line 244)
                      ; - java.util.ArrayList::add@7 (line 483)
                      ; - java.util.ArrayList::add@20 (line 496)
                      ; - org.apache.lucene.codecs.lucene90.blocktree.Lucene90BlockTreeTermsWriter$TermsWriter::write@123 (line 1034)
  0x000078cd7477025c: 20ae 5aff 

  0x000078cd74770260: ;   {other}
  0x000078cd74770260: 0f1f 8400 | d00f 0009 | 4889 6c24 | 184c 8b1c | 244c 895c | 2428 4c8b | 6c24 084c | 8b44 2410 
  0x000078cd74770280: 448b 4c24 | 2044 8b5c | 2424 488b | d8e9 09fa | ffff 4189 | 4a3c e939 | faff ffbe | e4ff ffff 
  0x000078cd747702a0: 488b 6c24 | 1848 8b4c | 2428 4889 | 4c24 0848 | 8b4c 2420 | 4889 4c24 | 1844 895c | 2420 4489 
  0x000078cd747702c0: 4424 2844 | 8954 242c | 4489 4c24 | 3066 6690 

  0x000078cd747702d0: ;   {runtime_call UncommonTrapBlob}
  0x000078cd747702d0: c5f8 77e8 

  0x000078cd747702d4: ; ImmutableOopMap {rbp=Oop [8]=Oop [24]=Oop [44]=NarrowOop }
                      ;*iaload {reexecute=0 rethrow=0 return_oop=0}
                      ; - org.apache.lucene.codecs.lucene90.blocktree.Lucene90BlockTreeTermsWriter$TermsWriter::pushTerm@96 (line 1071)
                      ; - org.apache.lucene.codecs.lucene90.blocktree.Lucene90BlockTreeTermsWriter$TermsWriter::write@102 (line 1031)
  0x000078cd747702d4: 28a0 4fff 

  0x000078cd747702d8: ;   {other}
  0x000078cd747702d8: 0f1f 8400 | 4810 000a | bede ffff | ff48 8b6c | 2418 4c8b | 5424 284c | 8954 2408 | 4c8b 5424 
  0x000078cd747702f8: 204c 8954 | 2418 4489 | 5c24 2044 | 894c 2424 | 895c 2428 

  0x000078cd7477030c: ;   {runtime_call UncommonTrapBlob}
  0x000078cd7477030c: c5f8 77e8 

  0x000078cd74770310: ; ImmutableOopMap {rbp=Oop [8]=Oop [24]=Oop [40]=NarrowOop }
                      ;*invokeinterface size {reexecute=0 rethrow=0 return_oop=0}
                      ; - org.apache.lucene.codecs.lucene90.blocktree.Lucene90BlockTreeTermsWriter$TermsWriter::pushTerm@86 (line 1071)
                      ; - org.apache.lucene.codecs.lucene90.blocktree.Lucene90BlockTreeTermsWriter$TermsWriter::write@102 (line 1031)
  0x000078cd74770310: ec9f 4fff 

  0x000078cd74770314: ;   {other}
  0x000078cd74770314: 0f1f 8400 | 8410 000b | 4c8d 1c95 | 1000 0000 | 4d8b cb49 | c1e9 0349 | 2bc9 4983 | e3fb 488b 
  0x000078cd74770334: fb49 03fb | 4833 c048 | 83f9 087f | 1048 ffc9 | 784f 4889 | 04cf 48ff | c97d f7eb | 44c5 fdef 
  0x000078cd74770354: c0e9 0d00 | 0000 c5fe | 7f07 c5fe | 7f47 2048 | 83c7 4048 | 83e9 087d | ed48 83c1 | 047c 0cc5 
  0x000078cd74770374: fe7f 0748 | 83c7 2048 | 83e9 0448 | 83c1 047e | 1048 ffc9 | c5f9 d607 | 4883 c708 | 48ff c97d 
  0x000078cd74770394: f3e9 44fc | ffff bef6 | ffff ff48 | 8bea 4889 | 0c24 4489 | 5c24 084c | 894c 2410 

  0x000078cd747703b0: ;   {runtime_call UncommonTrapBlob}
  0x000078cd747703b0: c5f8 77e8 

  0x000078cd747703b4: ; ImmutableOopMap {rbp=Oop [0]=Oop [8]=NarrowOop [16]=Oop }
                      ;*invokevirtual writeTerm {reexecute=0 rethrow=0 return_oop=0}
                      ; - org.apache.lucene.codecs.lucene90.blocktree.Lucene90BlockTreeTermsWriter$TermsWriter::write@14 (line 1024)
  0x000078cd747703b4: 489f 4fff 

  0x000078cd747703b8: ;   {other}
  0x000078cd747703b8: 0f1f 8400 | 2811 000c | 488b cae9 | e4f5 ffff | bee4 ffff | ff48 8b6c | 2418 4c8b | 5424 284c 
  0x000078cd747703d8: 8914 244c | 8944 2410 | 4889 4424 | 2044 894c | 241c 4c89 | 6c24 2890 

  0x000078cd747703f0: ;   {runtime_call UncommonTrapBlob}
  0x000078cd747703f0: c5f8 77e8 

  0x000078cd747703f4: ; ImmutableOopMap {rbp=Oop [0]=Oop [16]=Oop [32]=Oop [40]=Oop }
                      ;*aastore {reexecute=1 rethrow=0 return_oop=0}
                      ; - (reexecute) java.util.ArrayList::add@14 (line 484)
                      ; - java.util.ArrayList::add@20 (line 496)
                      ; - org.apache.lucene.codecs.lucene90.blocktree.Lucene90BlockTreeTermsWriter$TermsWriter::write@123 (line 1034)
  0x000078cd747703f4: 089f 4fff 

  0x000078cd747703f8: ;   {other}
  0x000078cd747703f8: 0f1f 8400 | 6811 000d | becc ffff | ff4c 8b44 | 2418 4c89 | 0424 4c8b | 4424 204c | 8944 2408 
  0x000078cd74770418: 4c8b 4424 | 284c 8944 | 2410 4489 | 4c24 1c89 | 4c24 2044 | 8954 2424 | 4489 5c24 | 2889 5c24 
  0x000078cd74770438: 2c66 6690 

  0x000078cd7477043c: ;   {runtime_call UncommonTrapBlob}
  0x000078cd7477043c: c5f8 77e8 

  0x000078cd74770440: ; ImmutableOopMap {rbp=NarrowOop [0]=Oop [8]=Oop [16]=Oop [28]=NarrowOop [36]=NarrowOop }
                      ;*invokestatic arraycopy {reexecute=0 rethrow=0 return_oop=0}
                      ; - org.apache.lucene.util.BytesRefBuilder::append@30 (line 72)
                      ; - org.apache.lucene.util.BytesRefBuilder::append@13 (line 78)
                      ; - org.apache.lucene.util.BytesRefBuilder::copyBytes@6 (line 106)
                      ; - org.apache.lucene.codecs.lucene90.blocktree.Lucene90BlockTreeTermsWriter$TermsWriter::pushTerm@203 (line 1089)
                      ; - org.apache.lucene.codecs.lucene90.blocktree.Lucene90BlockTreeTermsWriter$TermsWriter::write@102 (line 1031)
  0x000078cd74770440: bc9e 4fff 

  0x000078cd74770444: ;   {other}
  0x000078cd74770444: 0f1f 8400 | b411 000e | 488b 6c24 | 184c 8b54 | 2428 4c89 | 6c24 104c | 8954 2418 | 894c 2420 
  0x000078cd74770464: 4489 4424 | 2448 8974 | 2428 4489 | 4c24 30be | ccff ffff 

  0x000078cd74770478: ;   {runtime_call UncommonTrapBlob}
  0x000078cd74770478: c5f8 77e8 

  0x000078cd7477047c: ; ImmutableOopMap {rbp=Oop [16]=Oop [24]=Oop [32]=NarrowOop [40]=Oop }
                      ;*invokestatic arraycopy {reexecute=0 rethrow=0 return_oop=0}
                      ; - org.apache.lucene.codecs.lucene90.blocktree.Lucene90BlockTreeTermsWriter$PendingTerm::<init>@32 (line 399)
                      ; - org.apache.lucene.codecs.lucene90.blocktree.Lucene90BlockTreeTermsWriter$TermsWriter::write@112 (line 1033)
  0x000078cd7477047c: 809e 4fff 

  0x000078cd74770480: ;   {other}
  0x000078cd74770480: 0f1f 8400 | f011 000f | bede ffff | ff48 8b6c | 2418 4489 | 5424 104c | 896c 2418 

  0x000078cd7477049c: ;   {runtime_call UncommonTrapBlob}
  0x000078cd7477049c: c5f8 77e8 

  0x000078cd747704a0: ; ImmutableOopMap {rbp=Oop [16]=NarrowOop [24]=Oop [40]=Oop }
                      ;*invokeinterface add {reexecute=0 rethrow=0 return_oop=0}
                      ; - org.apache.lucene.codecs.lucene90.blocktree.Lucene90BlockTreeTermsWriter$TermsWriter::write@123 (line 1034)
  0x000078cd747704a0: 5c9e 4fff 

  0x000078cd747704a4: ;   {other}
  0x000078cd747704a4: 0f1f 8400 | 1412 0010 | bed6 ffff | ff48 8b6c | 2418 4c8b | 5424 284c | 8914 244c | 8944 2410 
  0x000078cd747704c4: 4889 4424 | 2044 894c | 241c 4c89 | 6c24 2890 

  0x000078cd747704d4: ;   {runtime_call UncommonTrapBlob}
  0x000078cd747704d4: c5f8 77e8 

  0x000078cd747704d8: ; ImmutableOopMap {rbp=Oop [0]=Oop [16]=Oop [32]=Oop [40]=Oop }
                      ;*aastore {reexecute=1 rethrow=0 return_oop=0}
                      ; - (reexecute) java.util.ArrayList::add@14 (line 484)
                      ; - java.util.ArrayList::add@20 (line 496)
                      ; - org.apache.lucene.codecs.lucene90.blocktree.Lucene90BlockTreeTermsWriter$TermsWriter::write@123 (line 1034)
  0x000078cd747704d8: 249e 4fff 

  0x000078cd747704dc: ;   {other}
  0x000078cd747704dc: 0f1f 8400 | 4c12 0011 | be76 ffff | ff48 8b6c | 2418 4c8b | 5424 284c | 8954 2408 | 4c8b 5424 
  0x000078cd747704fc: 204c 8954 | 2418 4489 | 5c24 2489 | 5424 2890 

  0x000078cd7477050c: ;   {runtime_call UncommonTrapBlob}
  0x000078cd7477050c: c5f8 77e8 

  0x000078cd74770510: ; ImmutableOopMap {rbp=Oop [8]=Oop [24]=Oop }
                      ;*if_icmpge {reexecute=1 rethrow=0 return_oop=0}
                      ; - (reexecute) org.apache.lucene.codecs.lucene90.blocktree.Lucene90BlockTreeTermsWriter$TermsWriter::pushTerm@174 (line 1085)
                      ; - org.apache.lucene.codecs.lucene90.blocktree.Lucene90BlockTreeTermsWriter$TermsWriter::write@102 (line 1031)
  0x000078cd74770510: ec9d 4fff 

  0x000078cd74770514: ;   {other}
  0x000078cd74770514: 0f1f 8400 | 8412 0012 | bee4 ffff | ff48 8944 | 2410 4489 | 5c24 2844 | 894c 242c | 4489 5424 
  0x000078cd74770534: 3444 8944 | 2440 895c | 2444 4489 | 6c24 4890 

  0x000078cd74770544: ;   {runtime_call UncommonTrapBlob}
  0x000078cd74770544: c5f8 77e8 

  0x000078cd74770548: ; ImmutableOopMap {[16]=Oop [24]=Oop [32]=Oop [52]=NarrowOop [68]=NarrowOop }
                      ;*baload {reexecute=0 rethrow=0 return_oop=0}
                      ; - jdk.internal.util.ArraysSupport::mismatch@15 (line 389)
                      ; - java.util.Arrays::mismatch@44 (line 7761)
                      ; - org.apache.lucene.codecs.lucene90.blocktree.Lucene90BlockTreeTermsWriter$TermsWriter::pushTerm@32 (line 1052)
                      ; - org.apache.lucene.codecs.lucene90.blocktree.Lucene90BlockTreeTermsWriter$TermsWriter::write@102 (line 1031)
  0x000078cd74770548: b49d 4fff 

  0x000078cd7477054c: ;   {other}
  0x000078cd7477054c: 0f1f 8400 | bc12 0013 | bee4 ffff | ff48 8b6c | 2418 488b | 4c24 2048 | 890c 2448 | 8944 2408 
  0x000078cd7477056c: 4489 5c24 | 2044 894c | 2424 895c | 2430 4489 | 6c24 3444 | 8944 2438 | 4489 5424 | 3c66 6690 
  0x000078cd7477058c: ;   {runtime_call UncommonTrapBlob}
  0x000078cd7477058c: c5f8 77e8 

  0x000078cd74770590: ; ImmutableOopMap {rbp=Oop [0]=Oop [8]=Oop [48]=NarrowOop [60]=NarrowOop }
                      ;*baload {reexecute=0 rethrow=0 return_oop=0}
                      ; - jdk.internal.util.ArraysSupport::mismatch@12 (line 389)
                      ; - java.util.Arrays::mismatch@44 (line 7761)
                      ; - org.apache.lucene.codecs.lucene90.blocktree.Lucene90BlockTreeTermsWriter$TermsWriter::pushTerm@32 (line 1052)
                      ; - org.apache.lucene.codecs.lucene90.blocktree.Lucene90BlockTreeTermsWriter$TermsWriter::write@102 (line 1031)
  0x000078cd74770590: 6c9d 4fff 

  0x000078cd74770594: ;   {other}
  0x000078cd74770594: 0f1f 8400 | 0413 0014 | be45 ffff | ff48 8904 | 2466 6690 

  0x000078cd747705a8: ;   {runtime_call UncommonTrapBlob}
  0x000078cd747705a8: c5f8 77e8 

  0x000078cd747705ac: ; ImmutableOopMap {[0]=Oop [40]=Oop }
                      ;*ifnull {reexecute=1 rethrow=0 return_oop=0}
                      ; - (reexecute) org.apache.lucene.codecs.lucene90.blocktree.Lucene90BlockTreeTermsWriter$TermsWriter::write@21 (line 1025)
  0x000078cd747705ac: 509d 4fff 

  0x000078cd747705b0: ;   {other}
  0x000078cd747705b0: 0f1f 8400 | 2013 0015 | be3d ffff | ff48 8b6c | 2418 4c8b | 4c24 204c | 890c 2448 | 8944 2408 
  0x000078cd747705d0: 4489 5424 | 2089 5c24 | 2844 896c | 242c 4489 | 4424 3044 | 895c 2438 | 4489 5c24 | 3c66 6690 
  0x000078cd747705f0: ;   {runtime_call UncommonTrapBlob}
  0x000078cd747705f0: c5f8 77e8 

  0x000078cd747705f4: ; ImmutableOopMap {rbp=Oop [0]=Oop [8]=Oop [32]=NarrowOop [40]=NarrowOop }
                      ;*if_icmple {reexecute=1 rethrow=0 return_oop=0}
                      ; - (reexecute) java.util.Arrays::rangeCheck@2 (line 718)
                      ; - java.util.Arrays::mismatch@4 (line 7755)
                      ; - org.apache.lucene.codecs.lucene90.blocktree.Lucene90BlockTreeTermsWriter$TermsWriter::pushTerm@32 (line 1052)
                      ; - org.apache.lucene.codecs.lucene90.blocktree.Lucene90BlockTreeTermsWriter$TermsWriter::write@102 (line 1031)
  0x000078cd747705f4: 089d 4fff 

  0x000078cd747705f8: ;   {other}
  0x000078cd747705f8: 0f1f 8400 | 6813 0016 | be45 ffff | ff48 8b6c | 2418 4c8b | 4c24 204c | 890c 2448 | 8944 2408 
  0x000078cd74770618: 4489 5424 | 2044 895c | 2424 895c | 2428 4489 | 7424 3444 | 896c 2438 | 4489 4424 | 3c44 896c 
  0x000078cd74770638: 2440 4489 | 4424 4490 

  0x000078cd74770640: ;   {runtime_call UncommonTrapBlob}
  0x000078cd74770640: c5f8 77e8 

  0x000078cd74770644: ; ImmutableOopMap {rbp=Oop [0]=Oop [8]=Oop [32]=NarrowOop [40]=NarrowOop }
                      ;*if_icmple {reexecute=1 rethrow=0 return_oop=0}
                      ; - (reexecute) java.util.Arrays::rangeCheck@2 (line 718)
                      ; - java.util.Arrays::mismatch@13 (line 7756)
                      ; - org.apache.lucene.codecs.lucene90.blocktree.Lucene90BlockTreeTermsWriter$TermsWriter::pushTerm@32 (line 1052)
                      ; - org.apache.lucene.codecs.lucene90.blocktree.Lucene90BlockTreeTermsWriter$TermsWriter::write@102 (line 1031)
  0x000078cd74770644: b89c 4fff 

  0x000078cd74770648: ;   {other}
  0x000078cd74770648: 0f1f 8400 | b813 0017 | be45 ffff | ff48 8b6c | 2418 4c8b | 4c24 204c | 890c 2448 | 8944 2408 
  0x000078cd74770668: 4489 5424 | 2044 895c | 2424 895c | 2428 4489 | 4424 3044 | 896c 2434 | 4489 6c24 | 3866 6690 
  0x000078cd74770688: ;   {runtime_call UncommonTrapBlob}
  0x000078cd74770688: c5f8 77e8 

  0x000078cd7477068c: ; ImmutableOopMap {rbp=Oop [0]=Oop [8]=Oop [32]=NarrowOop [40]=NarrowOop }
                      ;*ifge {reexecute=1 rethrow=0 return_oop=0}
                      ; - (reexecute) java.util.Arrays::rangeCheck@47 (line 722)
                      ; - java.util.Arrays::mismatch@13 (line 7756)
                      ; - org.apache.lucene.codecs.lucene90.blocktree.Lucene90BlockTreeTermsWriter$TermsWriter::pushTerm@32 (line 1052)
                      ; - org.apache.lucene.codecs.lucene90.blocktree.Lucene90BlockTreeTermsWriter$TermsWriter::write@102 (line 1031)
  0x000078cd7477068c: 709c 4fff 

  0x000078cd74770690: ;   {other}
  0x000078cd74770690: 0f1f 8400 | 0014 0018 | be45 ffff | ff48 8b6c | 2418 4c8b | 4c24 204c | 890c 2448 | 8944 2408 
  0x000078cd747706b0: 4489 5424 | 2044 895c | 2424 895c | 2428 4489 | 6c24 2c44 | 8944 2434 | 4489 4424 | 3844 8974 
  0x000078cd747706d0: 243c 6690 

  0x000078cd747706d4: ;   {runtime_call UncommonTrapBlob}
  0x000078cd747706d4: c5f8 77e8 

  0x000078cd747706d8: ; ImmutableOopMap {rbp=Oop [0]=Oop [8]=Oop [32]=NarrowOop [40]=NarrowOop }
                      ;*if_icmple {reexecute=1 rethrow=0 return_oop=0}
                      ; - (reexecute) java.util.Arrays::rangeCheck@61 (line 725)
                      ; - java.util.Arrays::mismatch@13 (line 7756)
                      ; - org.apache.lucene.codecs.lucene90.blocktree.Lucene90BlockTreeTermsWriter$TermsWriter::pushTerm@32 (line 1052)
                      ; - org.apache.lucene.codecs.lucene90.blocktree.Lucene90BlockTreeTermsWriter$TermsWriter::write@102 (line 1031)
  0x000078cd747706d8: 249c 4fff 

  0x000078cd747706dc: ;   {other}
  0x000078cd747706dc: 0f1f 8400 | 4c14 0019 | be76 ffff | ff48 8b6c | 2418 488b | 4c24 2048 | 890c 2448 | 8b4c 2428 
  0x000078cd747706fc: 4889 4c24 | 0844 895c | 2420 4489 | 4c24 2444 | 8954 242c | 895c 2430 | 4489 6c24 | 3444 8944 
  0x000078cd7477071c: 2438 8944 | 2440 4489 | 4424 4490 

  0x000078cd74770728: ;   {runtime_call UncommonTrapBlob}
  0x000078cd74770728: c5f8 77e8 

  0x000078cd7477072c: ; ImmutableOopMap {rbp=Oop [0]=Oop [8]=Oop [44]=NarrowOop [48]=NarrowOop }
                      ;*if_icmpge {reexecute=1 rethrow=0 return_oop=0}
                      ; - (reexecute) jdk.internal.util.ArraysSupport::mismatch@74 (line 401)
                      ; - java.util.Arrays::mismatch@44 (line 7761)
                      ; - org.apache.lucene.codecs.lucene90.blocktree.Lucene90BlockTreeTermsWriter$TermsWriter::pushTerm@32 (line 1052)
                      ; - org.apache.lucene.codecs.lucene90.blocktree.Lucene90BlockTreeTermsWriter$TermsWriter::write@102 (line 1031)
  0x000078cd7477072c: d09b 4fff 

  0x000078cd74770730: ;   {other}
  0x000078cd74770730: 0f1f 8400 | a014 001a | 8bd3 4c8b | 5424 304c | 8954 2428 

  0x000078cd74770744: ;   {runtime_call _new_array_Java}
  0x000078cd74770744: c5f8 77e8 

  0x000078cd74770748: ; ImmutableOopMap {rbp=Oop [0]=Oop [8]=Oop [16]=Oop [40]=Oop [48]=Oop [56]=NarrowOop [64]=Oop }
                      ;*invokestatic copyOf {reexecute=1 rethrow=0 return_oop=1}
                      ; - (reexecute) java.util.Arrays::copyOf@6 (line 3482)
                      ; - java.util.ArrayList::grow@37 (line 237)
                      ; - java.util.ArrayList::grow@7 (line 244)
                      ; - java.util.ArrayList::add@7 (line 483)
                      ; - java.util.ArrayList::add@20 (line 496)
                      ; - org.apache.lucene.codecs.lucene90.blocktree.Lucene90BlockTreeTermsWriter$TermsWriter::write@123 (line 1034)
  0x000078cd74770748: 34a9 5aff 

  0x000078cd7477074c: ;   {other}
  0x000078cd7477074c: 0f1f 8400 | bc14 001b | 488b d844 | 8b5c 2448 | e940 f8ff | ff48 63ca | e926 f4ff | ffbe 45ff 
  0x000078cd7477076c: ffff 488b | 6c24 184c | 8b54 2428 | 4c89 1424 | 4c89 6c24 | 1844 894c | 2420 4c89 | 4424 2844 
  0x000078cd7477078c: 895c 2424 | 894c 2430 | 897c 2434 

  0x000078cd74770798: ;   {runtime_call UncommonTrapBlob}
  0x000078cd74770798: c5f8 77e8 

  0x000078cd7477079c: ; ImmutableOopMap {rbp=Oop [0]=Oop [24]=Oop [40]=Oop [52]=NarrowOop }
                      ;*if_acmpeq {reexecute=1 rethrow=0 return_oop=0}
                      ; - (reexecute) java.util.ArrayList::grow@17 (line 233)
                      ; - java.util.ArrayList::grow@7 (line 244)
                      ; - java.util.ArrayList::add@7 (line 483)
                      ; - java.util.ArrayList::add@20 (line 496)
                      ; - org.apache.lucene.codecs.lucene90.blocktree.Lucene90BlockTreeTermsWriter$TermsWriter::write@123 (line 1034)
  0x000078cd7477079c: 609b 4fff 

  0x000078cd747707a0: ;   {other}
  0x000078cd747707a0: 0f1f 8400 | 1015 001c | bee4 ffff | ff48 ff74 | 2428 488f | 4424 104c | 8b54 2408 | 4c89 5424 
  0x000078cd747707c0: 2044 8b54 | 2438 4489 | 5424 2844 | 894c 2434 | 4489 4c24 | 3866 6690 

  0x000078cd747707d8: ;   {runtime_call UncommonTrapBlob}
  0x000078cd747707d8: c5f8 77e8 

  0x000078cd747707dc: ; ImmutableOopMap {rbp=NarrowOop [16]=Oop [24]=Oop [32]=Oop }
                      ;*iaload {reexecute=0 rethrow=0 return_oop=0}
                      ; - org.apache.lucene.codecs.lucene90.blocktree.Lucene90BlockTreeTermsWriter$TermsWriter::pushTerm@127 (line 1076)
                      ; - org.apache.lucene.codecs.lucene90.blocktree.Lucene90BlockTreeTermsWriter$TermsWriter::write@102 (line 1031)
  0x000078cd747707dc: 209b 4fff 

  0x000078cd747707e0: ;   {other}
  0x000078cd747707e0: 0f1f 8400 | 5015 001d | 4883 c1fe | 498b f848 | 33c0 4883 | f908 7f10 | 48ff c978 | 4f48 8904 
  0x000078cd74770800: cf48 ffc9 | 7df7 eb44 | c5fd efc0 | e90d 0000 | 00c5 fe7f | 07c5 fe7f | 4720 4883 | c740 4883 
  0x000078cd74770820: e908 7ded | 4883 c104 | 7c0c c5fe | 7f07 4883 | c720 4883 | e904 4883 | c104 7e10 | 48ff c9c5 
  0x000078cd74770840: f9d6 0748 | 83c7 0848 | ffc9 7df3 | e9ae f7ff | ffbe ceff | ffff 4c8b | 5424 184c | 8914 244c 
  0x000078cd74770860: 8b54 2428 | 4c89 5424 | 084c 896c | 2420 4489 | 4c24 284c | 8944 2430 | 897c 242c | 895c 2438 
  0x000078cd74770880: ;   {runtime_call UncommonTrapBlob}
  0x000078cd74770880: c5f8 77e8 

  0x000078cd74770884: ; ImmutableOopMap {rbp=Oop [0]=Oop [8]=Oop [32]=Oop [44]=NarrowOop [48]=Oop }
                      ;*invokestatic copyOf {reexecute=1 rethrow=0 return_oop=0}
                      ; - (reexecute) java.util.Arrays::copyOf@6 (line 3482)
                      ; - java.util.ArrayList::grow@37 (line 237)
                      ; - java.util.ArrayList::grow@7 (line 244)
                      ; - java.util.ArrayList::add@7 (line 483)
                      ; - java.util.ArrayList::add@20 (line 496)
                      ; - org.apache.lucene.codecs.lucene90.blocktree.Lucene90BlockTreeTermsWriter$TermsWriter::write@123 (line 1034)
  0x000078cd74770884: 789a 4fff 

  0x000078cd74770888: ;   {other}
  0x000078cd74770888: 0f1f 8400 | f815 001e | be3d ffff | ff4c 8b54 | 2418 4c89 | 1424 4c8b | 5424 284c | 8954 2408 
  0x000078cd747708a8: 4c89 6c24 | 2044 894c | 2428 4c89 | 4424 3089 | 4c24 2c89 | 5c24 3c90 

  0x000078cd747708c0: ;   {runtime_call UncommonTrapBlob}
  0x000078cd747708c0: c5f8 77e8 

  0x000078cd747708c4: ; ImmutableOopMap {[0]=Oop [8]=Oop [32]=Oop [48]=Oop }
                      ;*if_icmpge {reexecute=1 rethrow=0 return_oop=0}
                      ; - (reexecute) jdk.internal.util.ArraysSupport::newLength@10 (line 741)
                      ; - java.util.ArrayList::grow@27 (line 234)
                      ; - java.util.ArrayList::grow@7 (line 244)
                      ; - java.util.ArrayList::add@7 (line 483)
                      ; - java.util.ArrayList::add@20 (line 496)
                      ; - org.apache.lucene.codecs.lucene90.blocktree.Lucene90BlockTreeTermsWriter$TermsWriter::write@123 (line 1034)
  0x000078cd747708c4: 389a 4fff 

  0x000078cd747708c8: ;   {other}
  0x000078cd747708c8: 0f1f 8400 | 3816 001f | bef6 ffff | ff66 6690 

  0x000078cd747708d8: ;   {runtime_call UncommonTrapBlob}
  0x000078cd747708d8: c5f8 77e8 

  0x000078cd747708dc: ; ImmutableOopMap {}
                      ;*getfield bytes {reexecute=1 rethrow=0 return_oop=0}
                      ; - (reexecute) org.apache.lucene.util.BytesRefBuilder::append@19 (line 72)
                      ; - org.apache.lucene.util.BytesRefBuilder::append@13 (line 78)
                      ; - org.apache.lucene.util.BytesRefBuilder::copyBytes@6 (line 106)
                      ; - org.apache.lucene.codecs.lucene90.blocktree.Lucene90BlockTreeTermsWriter$TermsWriter::pushTerm@203 (line 1089)
                      ; - org.apache.lucene.codecs.lucene90.blocktree.Lucene90BlockTreeTermsWriter$TermsWriter::write@102 (line 1031)
  0x000078cd747708dc: 209a 4fff 

  0x000078cd747708e0: ;   {other}
  0x000078cd747708e0: 0f1f 8400 | 5016 0020 | bef6 ffff | ff66 6690 

  0x000078cd747708f0: ;   {runtime_call UncommonTrapBlob}
  0x000078cd747708f0: c5f8 77e8 

  0x000078cd747708f4: ; ImmutableOopMap {}
                      ;*invokeinterface size {reexecute=0 rethrow=0 return_oop=0}
                      ; - org.apache.lucene.codecs.lucene90.blocktree.Lucene90BlockTreeTermsWriter$TermsWriter::pushTerm@86 (line 1071)
                      ; - org.apache.lucene.codecs.lucene90.blocktree.Lucene90BlockTreeTermsWriter$TermsWriter::write@102 (line 1031)
  0x000078cd747708f4: 089a 4fff 

  0x000078cd747708f8: ;   {other}
  0x000078cd747708f8: 0f1f 8400 | 6816 0021 | bef6 ffff | ff41 8be9 

  0x000078cd74770908: ;   {runtime_call UncommonTrapBlob}
  0x000078cd74770908: c5f8 77e8 

  0x000078cd7477090c: ; ImmutableOopMap {}
                      ;*iaload {reexecute=0 rethrow=0 return_oop=0}
                      ; - org.apache.lucene.codecs.lucene90.blocktree.Lucene90BlockTreeTermsWriter$TermsWriter::pushTerm@96 (line 1071)
                      ; - org.apache.lucene.codecs.lucene90.blocktree.Lucene90BlockTreeTermsWriter$TermsWriter::write@102 (line 1031)
  0x000078cd7477090c: f099 4fff 

  0x000078cd74770910: ;   {other}
  0x000078cd74770910: 0f1f 8400 | 8016 0022 | bef6 ffff | ff66 6690 

  0x000078cd74770920: ;   {runtime_call UncommonTrapBlob}
  0x000078cd74770920: c5f8 77e8 

  0x000078cd74770924: ; ImmutableOopMap {}
                      ;*getfield minItemsInBlock {reexecute=1 rethrow=0 return_oop=0}
                      ; - (reexecute) org.apache.lucene.codecs.lucene90.blocktree.Lucene90BlockTreeTermsWriter$TermsWriter::pushTerm@106 (line 1072)
                      ; - org.apache.lucene.codecs.lucene90.blocktree.Lucene90BlockTreeTermsWriter$TermsWriter::write@102 (line 1031)
  0x000078cd74770924: d899 4fff 

  0x000078cd74770928: ;   {other}
  0x000078cd74770928: 0f1f 8400 | 9816 0023 | bef6 ffff | ff66 6690 

  0x000078cd74770938: ;   {runtime_call UncommonTrapBlob}
  0x000078cd74770938: c5f8 77e8 

  0x000078cd7477093c: ; ImmutableOopMap {}
                      ;*getfield postingsWriter {reexecute=1 rethrow=0 return_oop=0}
                      ; - (reexecute) org.apache.lucene.codecs.lucene90.blocktree.Lucene90BlockTreeTermsWriter$TermsWriter::write@4 (line 1024)
  0x000078cd7477093c: c099 4fff 

  0x000078cd74770940: ;   {other}
  0x000078cd74770940: 0f1f 8400 | b016 0024 | bef6 ffff | ff66 6690 

  0x000078cd74770950: ;   {runtime_call UncommonTrapBlob}
  0x000078cd74770950: c5f8 77e8 

  0x000078cd74770954: ; ImmutableOopMap {}
                      ;*invokevirtual bytes {reexecute=0 rethrow=0 return_oop=0}
                      ; - org.apache.lucene.codecs.lucene90.blocktree.Lucene90BlockTreeTermsWriter$TermsWriter::pushTerm@4 (line 1053)
                      ; - org.apache.lucene.codecs.lucene90.blocktree.Lucene90BlockTreeTermsWriter$TermsWriter::write@102 (line 1031)
  0x000078cd74770954: a899 4fff 

  0x000078cd74770958: ;   {other}
  0x000078cd74770958: 0f1f 8400 | c816 0025 | bef6 ffff | ff66 6690 

  0x000078cd74770968: ;   {runtime_call UncommonTrapBlob}
  0x000078cd74770968: c5f8 77e8 

  0x000078cd7477096c: ; ImmutableOopMap {}
                      ;*getfield bytes {reexecute=1 rethrow=0 return_oop=0}
                      ; - (reexecute) org.apache.lucene.util.BytesRefBuilder::bytes@4 (line 35)
                      ; - org.apache.lucene.codecs.lucene90.blocktree.Lucene90BlockTreeTermsWriter$TermsWriter::pushTerm@4 (line 1053)
                      ; - org.apache.lucene.codecs.lucene90.blocktree.Lucene90BlockTreeTermsWriter$TermsWriter::write@102 (line 1031)
  0x000078cd7477096c: 9099 4fff 

  0x000078cd74770970: ;   {other}
  0x000078cd74770970: 0f1f 8400 | e016 0026 | bef6 ffff | ff66 6690 

  0x000078cd74770980: ;   {runtime_call UncommonTrapBlob}
  0x000078cd74770980: c5f8 77e8 

  0x000078cd74770984: ; ImmutableOopMap {}
                      ;*getfield bytes {reexecute=1 rethrow=0 return_oop=0}
                      ; - (reexecute) org.apache.lucene.codecs.lucene90.blocktree.Lucene90BlockTreeTermsWriter$TermsWriter::pushTerm@16 (line 1055)
                      ; - org.apache.lucene.codecs.lucene90.blocktree.Lucene90BlockTreeTermsWriter$TermsWriter::write@102 (line 1031)
  0x000078cd74770984: 7899 4fff 

  0x000078cd74770988: ;   {other}
  0x000078cd74770988: 0f1f 8400 | f816 0027 | bef6 ffff | ff66 6690 

  0x000078cd74770998: ;   {runtime_call UncommonTrapBlob}
  0x000078cd74770998: c5f8 77e8 

  0x000078cd7477099c: ; ImmutableOopMap {}
                      ;*arraylength {reexecute=0 rethrow=0 return_oop=0}
                      ; - java.util.Arrays::mismatch@1 (line 7755)
                      ; - org.apache.lucene.codecs.lucene90.blocktree.Lucene90BlockTreeTermsWriter$TermsWriter::pushTerm@32 (line 1052)
                      ; - org.apache.lucene.codecs.lucene90.blocktree.Lucene90BlockTreeTermsWriter$TermsWriter::write@102 (line 1031)
  0x000078cd7477099c: 6099 4fff 

  0x000078cd747709a0: ;   {other}
  0x000078cd747709a0: 0f1f 8400 | 1017 0028 | bef6 ffff | ff66 6690 

  0x000078cd747709b0: ;   {runtime_call UncommonTrapBlob}
  0x000078cd747709b0: c5f8 77e8 

  0x000078cd747709b4: ; ImmutableOopMap {}
                      ;*arraylength {reexecute=0 rethrow=0 return_oop=0}
                      ; - java.util.Arrays::mismatch@8 (line 7756)
                      ; - org.apache.lucene.codecs.lucene90.blocktree.Lucene90BlockTreeTermsWriter$TermsWriter::pushTerm@32 (line 1052)
                      ; - org.apache.lucene.codecs.lucene90.blocktree.Lucene90BlockTreeTermsWriter$TermsWriter::write@102 (line 1031)
  0x000078cd747709b4: 4899 4fff 

  0x000078cd747709b8: ;   {other}
  0x000078cd747709b8: 0f1f 8400 | 2817 0029 | bef6 ffff | ff66 6690 

  0x000078cd747709c8: ;   {runtime_call UncommonTrapBlob}
  0x000078cd747709c8: c5f8 77e8 

  0x000078cd747709cc: ; ImmutableOopMap {}
                      ;*invokevirtual length {reexecute=0 rethrow=0 return_oop=0}
                      ; - org.apache.lucene.codecs.lucene90.blocktree.Lucene90BlockTreeTermsWriter$TermsWriter::pushTerm@71 (line 1067)
                      ; - org.apache.lucene.codecs.lucene90.blocktree.Lucene90BlockTreeTermsWriter$TermsWriter::write@102 (line 1031)
  0x000078cd747709cc: 3099 4fff 

  0x000078cd747709d0: ;   {other}
  0x000078cd747709d0: 0f1f 8400 | 4017 002a | bef6 ffff | ff66 6690 

  0x000078cd747709e0: ;   {runtime_call UncommonTrapBlob}
  0x000078cd747709e0: c5f8 77e8 

  0x000078cd747709e4: ; ImmutableOopMap {}
                      ;*getfield length {reexecute=1 rethrow=0 return_oop=0}
                      ; - (reexecute) org.apache.lucene.util.BytesRefBuilder::length@4 (line 40)
                      ; - org.apache.lucene.codecs.lucene90.blocktree.Lucene90BlockTreeTermsWriter$TermsWriter::pushTerm@71 (line 1067)
                      ; - org.apache.lucene.codecs.lucene90.blocktree.Lucene90BlockTreeTermsWriter$TermsWriter::write@102 (line 1031)
  0x000078cd747709e4: 1899 4fff 

  0x000078cd747709e8: ;   {other}
  0x000078cd747709e8: 0f1f 8400 | 5817 002b | bef6 ffff | ff66 6690 

  0x000078cd747709f8: ;   {runtime_call UncommonTrapBlob}
  0x000078cd747709f8: c5f8 77e8 

  0x000078cd747709fc: ; ImmutableOopMap {}
                      ;*arraylength {reexecute=0 rethrow=0 return_oop=0}
                      ; - org.apache.lucene.codecs.lucene90.blocktree.Lucene90BlockTreeTermsWriter$TermsWriter::pushTerm@144 (line 1080)
                      ; - org.apache.lucene.codecs.lucene90.blocktree.Lucene90BlockTreeTermsWriter$TermsWriter::write@102 (line 1031)
  0x000078cd747709fc: 0099 4fff 

  0x000078cd74770a00: ;   {other}
  0x000078cd74770a00: 0f1f 8400 | 7017 002c | bef6 ffff | ff66 6690 

  0x000078cd74770a10: ;   {runtime_call UncommonTrapBlob}
  0x000078cd74770a10: c5f8 77e8 

  0x000078cd74770a14: ; ImmutableOopMap {[32]=Oop }
                      ;*invokevirtual copyBytes {reexecute=0 rethrow=0 return_oop=0}
                      ; - org.apache.lucene.codecs.lucene90.blocktree.Lucene90BlockTreeTermsWriter$TermsWriter::pushTerm@203 (line 1089)
                      ; - org.apache.lucene.codecs.lucene90.blocktree.Lucene90BlockTreeTermsWriter$TermsWriter::write@102 (line 1031)
  0x000078cd74770a14: e898 4fff 

  0x000078cd74770a18: ;   {other}
  0x000078cd74770a18: 0f1f 8400 | 8817 002d | bef6 ffff | ff66 6690 

  0x000078cd74770a28: ;   {runtime_call UncommonTrapBlob}
  0x000078cd74770a28: c5f8 77e8 

  0x000078cd74770a2c: ; ImmutableOopMap {}
                      ;*putfield length {reexecute=1 rethrow=0 return_oop=0}
                      ; - (reexecute) org.apache.lucene.util.BytesRefBuilder::setLength@5 (line 45)
                      ; - org.apache.lucene.util.BytesRefBuilder::clear@2 (line 88)
                      ; - org.apache.lucene.util.BytesRefBuilder::copyBytes@1 (line 105)
                      ; - org.apache.lucene.codecs.lucene90.blocktree.Lucene90BlockTreeTermsWriter$TermsWriter::pushTerm@203 (line 1089)
                      ; - org.apache.lucene.codecs.lucene90.blocktree.Lucene90BlockTreeTermsWriter$TermsWriter::write@102 (line 1031)
  0x000078cd74770a2c: d098 4fff 

  0x000078cd74770a30: ;   {other}
  0x000078cd74770a30: 0f1f 8400 | a017 002e | bef6 ffff | ff66 6690 

  0x000078cd74770a40: ;   {runtime_call UncommonTrapBlob}
  0x000078cd74770a40: c5f8 77e8 

  0x000078cd74770a44: ; ImmutableOopMap {}
                      ;*arraylength {reexecute=0 rethrow=0 return_oop=0}
                      ; - org.apache.lucene.util.ArrayUtil::grow@25 (line 411)
                      ; - org.apache.lucene.util.BytesRefBuilder::grow@12 (line 60)
                      ; - org.apache.lucene.util.BytesRefBuilder::append@10 (line 71)
                      ; - org.apache.lucene.util.BytesRefBuilder::append@13 (line 78)
                      ; - org.apache.lucene.util.BytesRefBuilder::copyBytes@6 (line 106)
                      ; - org.apache.lucene.codecs.lucene90.blocktree.Lucene90BlockTreeTermsWriter$TermsWriter::pushTerm@203 (line 1089)
                      ; - org.apache.lucene.codecs.lucene90.blocktree.Lucene90BlockTreeTermsWriter$TermsWriter::write@102 (line 1031)
  0x000078cd74770a44: b898 4fff 

  0x000078cd74770a48: ;   {other}
  0x000078cd74770a48: 0f1f 8400 | b817 002f | bef6 ffff | ff8b e944 | 8914 2444 | 895c 2404 | 895c 2408 

  0x000078cd74770a64: ;   {runtime_call UncommonTrapBlob}
  0x000078cd74770a64: c5f8 77e8 

  0x000078cd74770a68: ; ImmutableOopMap {[0]=NarrowOop }
                      ;*invokestatic arraycopy {reexecute=0 rethrow=0 return_oop=0}
                      ; - org.apache.lucene.util.BytesRefBuilder::append@30 (line 72)
                      ; - org.apache.lucene.util.BytesRefBuilder::append@13 (line 78)
                      ; - org.apache.lucene.util.BytesRefBuilder::copyBytes@6 (line 106)
                      ; - org.apache.lucene.codecs.lucene90.blocktree.Lucene90BlockTreeTermsWriter$TermsWriter::pushTerm@203 (line 1089)
                      ; - org.apache.lucene.codecs.lucene90.blocktree.Lucene90BlockTreeTermsWriter$TermsWriter::write@102 (line 1031)
  0x000078cd74770a68: 9498 4fff 

  0x000078cd74770a6c: ;   {other}
  0x000078cd74770a6c: 0f1f 8400 | dc17 0030 | bef6 ffff | ff41 8be9 | 890c 2444 | 895c 2404 | 895c 2408 

  0x000078cd74770a88: ;   {runtime_call UncommonTrapBlob}
  0x000078cd74770a88: c5f8 77e8 

  0x000078cd74770a8c: ; ImmutableOopMap {rbp=NarrowOop }
                      ;*invokestatic arraycopy {reexecute=0 rethrow=0 return_oop=0}
                      ; - org.apache.lucene.util.BytesRefBuilder::append@30 (line 72)
                      ; - org.apache.lucene.util.BytesRefBuilder::append@13 (line 78)
                      ; - org.apache.lucene.util.BytesRefBuilder::copyBytes@6 (line 106)
                      ; - org.apache.lucene.codecs.lucene90.blocktree.Lucene90BlockTreeTermsWriter$TermsWriter::pushTerm@203 (line 1089)
                      ; - org.apache.lucene.codecs.lucene90.blocktree.Lucene90BlockTreeTermsWriter$TermsWriter::write@102 (line 1031)
  0x000078cd74770a8c: 7098 4fff 

  0x000078cd74770a90: ;   {other}
  0x000078cd74770a90: 0f1f 8400 | 0018 0031 | bef6 ffff | ff66 6690 

  0x000078cd74770aa0: ;   {runtime_call UncommonTrapBlob}
  0x000078cd74770aa0: c5f8 77e8 

  0x000078cd74770aa4: ; ImmutableOopMap {}
                      ;*getfield length {reexecute=1 rethrow=0 return_oop=0}
                      ; - (reexecute) org.apache.lucene.util.BytesRefBuilder::append@38 (line 73)
                      ; - org.apache.lucene.util.BytesRefBuilder::append@13 (line 78)
                      ; - org.apache.lucene.util.BytesRefBuilder::copyBytes@6 (line 106)
                      ; - org.apache.lucene.codecs.lucene90.blocktree.Lucene90BlockTreeTermsWriter$TermsWriter::pushTerm@203 (line 1089)
                      ; - org.apache.lucene.codecs.lucene90.blocktree.Lucene90BlockTreeTermsWriter$TermsWriter::write@102 (line 1031)
  0x000078cd74770aa4: 5898 4fff 

  0x000078cd74770aa8: ;   {other}
  0x000078cd74770aa8: 0f1f 8400 | 1818 0032 | 418b e848 | 8934 2444 | 894c 2408 | bef6 ffff | ff66 6690 

  0x000078cd74770ac4: ;   {runtime_call UncommonTrapBlob}
  0x000078cd74770ac4: c5f8 77e8 

  0x000078cd74770ac8: ; ImmutableOopMap {[0]=Oop }
                      ;*invokestatic arraycopy {reexecute=0 rethrow=0 return_oop=0}
                      ; - org.apache.lucene.codecs.lucene90.blocktree.Lucene90BlockTreeTermsWriter$PendingTerm::<init>@32 (line 399)
                      ; - org.apache.lucene.codecs.lucene90.blocktree.Lucene90BlockTreeTermsWriter$TermsWriter::write@112 (line 1033)
  0x000078cd74770ac8: 3498 4fff 

  0x000078cd74770acc: ;   {other}
  0x000078cd74770acc: 0f1f 8400 | 3c18 0033 | bef6 ffff | ff49 8bed 

  0x000078cd74770adc: ;   {runtime_call UncommonTrapBlob}
  0x000078cd74770adc: c5f8 77e8 

  0x000078cd74770ae0: ; ImmutableOopMap {rbp=Oop }
                      ;*invokeinterface add {reexecute=0 rethrow=0 return_oop=0}
                      ; - org.apache.lucene.codecs.lucene90.blocktree.Lucene90BlockTreeTermsWriter$TermsWriter::write@123 (line 1034)
  0x000078cd74770ae0: 1c98 4fff 

  0x000078cd74770ae4: ;   {other}
  0x000078cd74770ae4: 0f1f 8400 | 5418 0034 | bef6 ffff | ff66 6690 

  0x000078cd74770af4: ;   {runtime_call UncommonTrapBlob}
  0x000078cd74770af4: c5f8 77e8 

  0x000078cd74770af8: ; ImmutableOopMap {}
                      ;*arraylength {reexecute=0 rethrow=0 return_oop=0}
                      ; - java.util.ArrayList::add@2 (line 482)
                      ; - java.util.ArrayList::add@20 (line 496)
                      ; - org.apache.lucene.codecs.lucene90.blocktree.Lucene90BlockTreeTermsWriter$TermsWriter::write@123 (line 1034)
  0x000078cd74770af8: 0498 4fff 

  0x000078cd74770afc: ;   {other}
  0x000078cd74770afc: 0f1f 8400 | 6c18 0035 | bef6 ffff | ff8b 6c24 | 2066 6690 

  0x000078cd74770b10: ;   {runtime_call UncommonTrapBlob}
  0x000078cd74770b10: c5f8 77e8 

  0x000078cd74770b14: ; ImmutableOopMap {}
                      ;*iaload {reexecute=0 rethrow=0 return_oop=0}
                      ; - org.apache.lucene.codecs.lucene90.blocktree.Lucene90BlockTreeTermsWriter$TermsWriter::pushTerm@127 (line 1076)
                      ; - org.apache.lucene.codecs.lucene90.blocktree.Lucene90BlockTreeTermsWriter$TermsWriter::write@102 (line 1031)
  0x000078cd74770b14: e897 4fff 

  0x000078cd74770b18: ;   {other}
  0x000078cd74770b18: 0f1f 8400 | 8818 0036 | eb00 488b | f0eb 18eb | 0eeb 0c48 | 8bf0 eb0f | 488b f0eb | 0aeb 0048 
  0x000078cd74770b38: 8bf0 eb03 | 488b f0c5 | f877 4883 

  0x000078cd74770b44: ;   {runtime_call _rethrow_Java}
  0x000078cd74770b44: c470 5de9 | 34df 5aff 

  0x000078cd74770b4c: ;   {internal_word}
  0x000078cd74770b4c: 49ba 0cfd | 7674 cd78 | 0000 4d89 | 9780 0700 

  0x000078cd74770b5c: ;   {runtime_call SafepointBlob}
  0x000078cd74770b5c: 00e9 9ea8 

  0x000078cd74770b60: ;   {runtime_call StubRoutines (final stubs)}
  0x000078cd74770b60: 4fff e8f9 | e24d ffe9 | 0eea ffff | f4f4 f4f4 
[Stub Code]
  0x000078cd74770b70: ;   {no_reloc}
  0x000078cd74770b70: 48bb 0000 | 0000 0000 

  0x000078cd74770b78: ;   {runtime_call nmethod}
  0x000078cd74770b78: 0000 e9fb 

  0x000078cd74770b7c: ;   {static_stub}
  0x000078cd74770b7c: ffff ff48 | bb00 0000 | 0000 0000 

  0x000078cd74770b88: ;   {runtime_call nmethod}
  0x000078cd74770b88: 00e9 fbff 

  0x000078cd74770b8c: ;   {static_stub}
  0x000078cd74770b8c: ffff 48bb | 0000 0000 | 0000 0000 

  0x000078cd74770b98: ;   {runtime_call nmethod}
  0x000078cd74770b98: e9fb ffff 

  0x000078cd74770b9c: ;   {static_stub}
  0x000078cd74770b9c: ff48 bb00 | 0000 0000 

  0x000078cd74770ba4: ;   {runtime_call nmethod}
  0x000078cd74770ba4: 0000 00e9 | fbff ffff 

  0x000078cd74770bac: ;   {static_stub}
  0x000078cd74770bac: 48bb 0000 | 0000 0000 

  0x000078cd74770bb4: ;   {runtime_call nmethod}
  0x000078cd74770bb4: 0000 e9fb 

  0x000078cd74770bb8: ;   {runtime_call ExceptionBlob}
  0x000078cd74770bb8: ffff ffe9 | 407f 5aff 
[Deopt Handler Code]
  0x000078cd74770bc0: e800 0000 | 0048 832c 

  0x000078cd74770bc8: ;   {runtime_call DeoptimizationBlob}
  0x000078cd74770bc8: 2405 e9d1 | 9a4f fff4 
[/MachCode]


---------------  P R O C E S S  ---------------

Threads class SMR info:
_java_thread_list=0x00006c1fa401b210, length=11, elements={
0x000078cd8402b240, 0x000078cd84525330, 0x000078cd84526bc0, 0x000078cd845286b0,
0x000078cd84546ee0, 0x000078cd84548830, 0x000078cd8454a0f0, 0x000078cd8454bf30,
0x000078cd84555900, 0x000078cd845a4990, 0x000078cd845a7990
}

Java Threads: ( => current thread )
=>0x000078cd8402b240 JavaThread "main"                              [_thread_in_vm, id=506267, stack(0x000078cd8a900000,0x000078cd8aa00000) (1024K)]
  0x000078cd84525330 JavaThread "Reference Handler"          daemon [_thread_blocked, id=506273, stack(0x000078cd89542000,0x000078cd89642000) (1024K)]
  0x000078cd84526bc0 JavaThread "Finalizer"                  daemon [_thread_blocked, id=506274, stack(0x000078cd89100000,0x000078cd89200000) (1024K)]
  0x000078cd845286b0 JavaThread "MMTk Finalizer Thread"      daemon [_thread_blocked, id=506275, stack(0x000078cd89000000,0x000078cd89100000) (1024K)]
  0x000078cd84546ee0 JavaThread "Signal Dispatcher"          daemon [_thread_blocked, id=506299, stack(0x00006c2094cfc000,0x00006c2094dfc000) (1024K)]
  0x000078cd84548830 JavaThread "Service Thread"             daemon [_thread_blocked, id=506300, stack(0x00006c2094bfc000,0x00006c2094cfc000) (1024K)]
  0x000078cd8454a0f0 JavaThread "Monitor Deflation Thread"   daemon [_thread_blocked, id=506301, stack(0x00006c2094afc000,0x00006c2094bfc000) (1024K)]
  0x000078cd8454bf30 JavaThread "C2 CompilerThread0"         daemon [_thread_blocked, id=506302, stack(0x00006c20949fc000,0x00006c2094afc000) (1024K)]
  0x000078cd84555900 JavaThread "C1 CompilerThread0"         daemon [_thread_blocked, id=506303, stack(0x00006c20948fc000,0x00006c20949fc000) (1024K)]
  0x000078cd845a4990 JavaThread "Notification Thread"        daemon [_thread_blocked, id=506306, stack(0x00006c20945fc000,0x00006c20946fc000) (1024K)]
  0x000078cd845a7990 JavaThread "Common-Cleaner"             daemon [_thread_blocked, id=506307, stack(0x00006c20944fc000,0x00006c20945fc000) (1024K)]
Total: 11

Other Threads:
  0x000078cd84519e80 VMThread "VM Thread"                           [id=506272, stack(0x000078cd89643000,0x000078cd89743000) (1024K)]
  0x000078cd84507ab0 WatcherThread "VM Periodic Task Thread"        [id=506271, stack(0x000078cd89744000,0x000078cd89844000) (1024K)]
Total: 2

Threads with active compile tasks:
Total: 0

VM state: not at safepoint (normal execution)

VM Mutex/Monitor currently owned by a thread: None

Heap address: 0x0000000040000000, size: 3072 MB, Compressed Oops mode: 32-bit

CDS archive(s) mapped at: [0x00006c204f000000-0x00006c204fca3000-0x00006c204fca3000), size 13250560, SharedBaseAddress: 0x00006c204f000000, ArchiveRelocationMode: 1.
Compressed class space mapped at: 0x00006c2050000000-0x00006c2090000000, reserved size: 1073741824
Narrow klass base: 0x00006c204f000000, Narrow klass shift: 0, Narrow klass range: 0x100000000

GC Precious Log:
<Empty>

Heap:

[error occurred during error reporting (printing heap information), id 0xe0000000, Internal Error (/mydata/mmtk-openjdk/openjdk/share/mmtkHeap.cpp:424)]
Metaspace:

Usage:
  Non-class:      8.82 MB used.
      Class:      1.04 MB used.
       Both:      9.86 MB used.

Virtual space:
  Non-class space:       64.00 MB reserved,       9.00 MB ( 14%) committed,  1 nodes.
      Class space:        1.00 GB reserved,       1.19 MB ( <1%) committed,  1 nodes.
             Both:        1.06 GB reserved,      10.19 MB ( <1%) committed. 

Chunk freelists:
   Non-Class:  6.59 MB
       Class:  14.75 MB
        Both:  21.34 MB

MaxMetaspaceSize: unlimited
CompressedClassSpaceSize: 1.00 GB
Initial GC threshold: 21.00 MB
Current GC threshold: 21.00 MB
CDS: on
 - commit_granule_bytes: 65536.
 - commit_granule_words: 8192.
 - virtual_space_node_default_size: 8388608.
 - enlarge_chunks_in_place: 1.
 - use_allocation_guard: 0.


Internal statistics:

num_allocs_failed_limit: 0.
num_arena_births: 268.
num_arena_deaths: 0.
num_vsnodes_births: 2.
num_vsnodes_deaths: 0.
num_space_committed: 163.
num_space_uncommitted: 0.
num_chunks_returned_to_freelist: 0.
num_chunks_taken_from_freelist: 571.
num_chunk_merges: 0.
num_chunk_splits: 381.
num_chunks_enlarged: 263.
num_inconsistent_stats: 0.

CodeHeap 'non-profiled nmethods': size=118880Kb used=4477Kb max_used=4477Kb free=114402Kb
 bounds [0x000078cd743e8000, 0x000078cd74848000, 0x000078cd7b800000]
CodeHeap 'profiled nmethods': size=118876Kb used=5757Kb max_used=5757Kb free=113118Kb
 bounds [0x000078cd6c800000, 0x000078cd6cda0000, 0x000078cd73c17000]
CodeHeap 'non-nmethods': size=8004Kb used=1251Kb max_used=3074Kb free=6752Kb
 bounds [0x000078cd73c17000, 0x000078cd73f87000, 0x000078cd743e8000]
CodeCache: size=245760Kb, used=11485Kb, max_used=13308Kb, free=234272Kb
 total_blobs=4085, nmethods=3553, adapters=435, full_count=0
Compilation: enabled, stopped_count=0, restarted_count=0

Compilation events (20 events):
Event: 29.502 Thread 0x000078cd84555900 3547       3       org.apache.lucene.util.packed.PackedLongValues$Iterator::fillBlock (64 bytes)
Event: 29.502 Thread 0x000078cd84555900 nmethod 3547 0x000078cd6cd9b990 code [0x000078cd6cd9bb40, 0x000078cd6cd9bda8]
Event: 29.502 Thread 0x000078cd84555900 3546       3       java.util.Collections$SetFromMap::isEmpty (10 bytes)
Event: 29.502 Thread 0x000078cd84555900 nmethod 3546 0x000078cd6cd9be90 code [0x000078cd6cd9c040, 0x000078cd6cd9c210]
Event: 29.502 Thread 0x000078cd84555900 3549       3       java.lang.invoke.VarHandleByteArrayAsInts$ArrayHandle::set (39 bytes)
Event: 29.502 Thread 0x000078cd84555900 nmethod 3549 0x000078cd6cd9c310 code [0x000078cd6cd9c4e0, 0x000078cd6cd9c8b8]
Event: 29.502 Thread 0x000078cd84555900 3550   !   3       sun.nio.fs.UnixFileAttributes::toFileTime (60 bytes)
Event: 29.502 Thread 0x000078cd84555900 nmethod 3550 0x000078cd6cd9ca90 code [0x000078cd6cd9cc80, 0x000078cd6cd9cf80]
Event: 29.502 Thread 0x000078cd84555900 3551       3       java.nio.file.attribute.FileTime::from (18 bytes)
Event: 29.503 Thread 0x000078cd84555900 nmethod 3551 0x000078cd6cd9d110 code [0x000078cd6cd9d2e0, 0x000078cd6cd9d718]
Event: 29.503 Thread 0x000078cd84555900 3552       3       java.nio.file.attribute.FileTime::<init> (21 bytes)
Event: 29.503 Thread 0x000078cd84555900 nmethod 3552 0x000078cd6cd9d890 code [0x000078cd6cd9da20, 0x000078cd6cd9db90]
Event: 29.503 Thread 0x000078cd84555900 3553       3       org.apache.lucene.store.FilterDirectory::openInput (10 bytes)
Event: 29.503 Thread 0x000078cd84555900 nmethod 3553 0x000078cd6cd9dc90 code [0x000078cd6cd9de40, 0x000078cd6cd9e010]
Event: 29.583 Thread 0x000078cd8454bf30 3554       4       java.lang.StringConcatHelper::stringOf (20 bytes)
Event: 29.584 Thread 0x000078cd8454bf30 nmethod 3554 0x000078cd74843790 code [0x000078cd74843920, 0x000078cd748439e8]
Event: 29.585 Thread 0x000078cd8454bf30 3555       4       org.apache.lucene.codecs.lucene90.blocktree.Lucene90BlockTreeTermsWriter::write (139 bytes)
Event: 29.615 Thread 0x000078cd8454bf30 nmethod 3555 0x000078cd74843b10 code [0x000078cd74843f80, 0x000078cd74845ee8]
Event: 29.725 Thread 0x000078cd84555900 3556       3       org.apache.lucene.util.fst.FST::writeNodeForBinarySearch (228 bytes)
Event: 29.726 Thread 0x000078cd84555900 nmethod 3556 0x000078cd6cd9e110 code [0x000078cd6cd9e3c0, 0x000078cd6cd9f020]

GC Heap History (0 events):
No events

Dll operation events (8 events):
Event: 0.001 Loaded shared library /mydata/openjdk-mmtk/build/b0test/images/jdk/lib/libjava.so
Event: 2.193 Loaded shared library /mydata/openjdk-mmtk/build/b0test/images/jdk/lib/libjsvml.so
Event: 2.206 Loaded shared library /mydata/openjdk-mmtk/build/b0test/images/jdk/lib/libnio.so
Event: 2.209 Loaded shared library /mydata/openjdk-mmtk/build/b0test/images/jdk/lib/libzip.so
Event: 2.222 Loaded shared library /mydata/openjdk-mmtk/build/b0test/images/jdk/lib/libjimage.so
Event: 2.248 Loaded shared library /mydata/openjdk-mmtk/build/b0test/images/jdk/lib/libnet.so
Event: 16.781 Loaded shared library /mydata/openjdk-mmtk/build/b0test/images/jdk/lib/libmanagement.so
Event: 16.782 Loaded shared library /mydata/openjdk-mmtk/build/b0test/images/jdk/lib/libmanagement_ext.so

Deoptimization events (20 events):
Event: 27.349 Thread 0x000078cd8484d610 Uncommon trap: trap_request=0xfffffff4 fr.pc=0x000078cd74807518 relative=0x00000000000029b8
Event: 27.349 Thread 0x000078cd8484d610 Uncommon trap: reason=null_check action=make_not_entrant pc=0x000078cd74807518 method=org.apache.lucene.index.MappedMultiFields$MappedMultiTermsEnum.postings(Lorg/apache/lucene/index/PostingsEnum;I)Lorg/apache/lucene/index/PostingsEnum; @ 1 c2
Event: 27.349 Thread 0x000078cd8484d610 DEOPT PACKING pc=0x000078cd74807518 sp=0x00006c20942fa190
Event: 27.349 Thread 0x000078cd8484d610 DEOPT UNPACKING pc=0x000078cd73c6a399 sp=0x00006c20942fa188 mode 2
Event: 27.349 Thread 0x000078cd8484d610 Uncommon trap: trap_request=0xffffff45 fr.pc=0x000078cd747eba0c relative=0x0000000000000d0c
Event: 27.349 Thread 0x000078cd8484d610 Uncommon trap: reason=unstable_if action=reinterpret pc=0x000078cd747eba0c method=org.apache.lucene.codecs.lucene90.Lucene90PostingsReader$BlockDocsEnum.reset(Lorg/apache/lucene/codecs/lucene90/Lucene90PostingsFormat$IntBlockTermState;I)Lorg/apache/lucene
Event: 27.349 Thread 0x000078cd8484d610 DEOPT PACKING pc=0x000078cd747eba0c sp=0x00006c20942fa080
Event: 27.349 Thread 0x000078cd8484d610 DEOPT UNPACKING pc=0x000078cd73c6a399 sp=0x00006c20942f9fd0 mode 2
Event: 28.154 Thread 0x000078cd8402b240 Uncommon trap: trap_request=0xffffffc6 fr.pc=0x000078cd7444918c relative=0x00000000000003ac
Event: 28.154 Thread 0x000078cd8402b240 Uncommon trap: reason=bimorphic_or_optimized_type_check action=maybe_recompile pc=0x000078cd7444918c method=java.util.concurrent.ConcurrentHashMap.get(Ljava/lang/Object;)Ljava/lang/Object; @ 149 c2
Event: 28.154 Thread 0x000078cd8402b240 DEOPT PACKING pc=0x000078cd7444918c sp=0x000078cd8a9fe000
Event: 28.154 Thread 0x000078cd8402b240 DEOPT UNPACKING pc=0x000078cd73c6a399 sp=0x000078cd8a9fdfa0 mode 2
Event: 29.583 Thread 0x000078cd8402b240 Uncommon trap: trap_request=0xffffffbe fr.pc=0x000078cd747a7d88 relative=0x0000000000002ce8
Event: 29.583 Thread 0x000078cd8402b240 Uncommon trap: reason=profile_predicate action=maybe_recompile pc=0x000078cd747a7d88 method=org.apache.lucene.codecs.lucene90.blocktree.Lucene90BlockTreeTermsWriter.write(Lorg/apache/lucene/index/Fields;Lorg/apache/lucene/codecs/NormsProducer;)V @ 111 c2
Event: 29.583 Thread 0x000078cd8402b240 DEOPT PACKING pc=0x000078cd747a7d88 sp=0x000078cd8a9fdac0
Event: 29.583 Thread 0x000078cd8402b240 DEOPT UNPACKING pc=0x000078cd73c6a399 sp=0x000078cd8a9fdb08 mode 2
Event: 29.733 Thread 0x000078cd8402b240 Uncommon trap: trap_request=0xffffffde fr.pc=0x000078cd746a8084 relative=0x00000000000026a4
Event: 29.733 Thread 0x000078cd8402b240 Uncommon trap: reason=class_check action=maybe_recompile pc=0x000078cd746a8084 method=org.apache.lucene.store.ByteBuffersDataOutput.size()J @ 34 c2
Event: 29.733 Thread 0x000078cd8402b240 DEOPT PACKING pc=0x000078cd746a8084 sp=0x000078cd8a9fd890
Event: 29.733 Thread 0x000078cd8402b240 DEOPT UNPACKING pc=0x000078cd73c6a399 sp=0x000078cd8a9fd7e8 mode 2

Classes loaded (20 events):
Event: 22.952 Loading class java/util/function/BooleanSupplier
Event: 22.952 Loading class java/util/function/BooleanSupplier done
Event: 22.953 Loading class java/lang/invoke/MethodHandle$1
Event: 22.953 Loading class java/lang/invoke/MethodHandle$1 done
Event: 22.984 Loading class java/nio/file/StandardCopyOption
Event: 22.984 Loading class java/nio/file/StandardCopyOption done
Event: 22.984 Loading class sun/nio/fs/UnixFileSystem$Flags
Event: 22.984 Loading class sun/nio/fs/UnixFileSystem$Flags done
Event: 22.985 Loading class java/util/ArrayDeque$DeqSpliterator
Event: 22.985 Loading class java/util/ArrayDeque$DeqSpliterator done
Event: 22.986 Loading class java/io/FileOutputStream$1
Event: 22.986 Loading class java/io/FileOutputStream$1 done
Event: 22.986 Loading class java/security/NoSuchAlgorithmException
Event: 22.986 Loading class java/security/GeneralSecurityException
Event: 22.986 Loading class java/security/GeneralSecurityException done
Event: 22.986 Loading class java/security/NoSuchAlgorithmException done
Event: 22.986 Loading class sun/security/provider/SHA
Event: 22.986 Loading class sun/security/provider/SHA done
Event: 22.987 Loading class sun/security/provider/ByteArrayAccess$BE
Event: 22.987 Loading class sun/security/provider/ByteArrayAccess$BE done

Classes unloaded (0 events):
No events

Classes redefined (0 events):
No events

Internal exceptions (20 events):
Event: 19.097 Thread 0x000078cd8402b240 Exception <a 'java/lang/NoSuchMethodError'{0x0000000043c3cf98}: 'void java.lang.invoke.DirectMethodHandle$Holder.invokeInterface(java.lang.Object, java.lang.Object, java.lang.Object)'> (0x0000000043c3cf98) 
thrown [src/hotspot/share/interpreter/linkResolver.cpp, line 772]
Event: 19.109 Thread 0x000078cd8402b240 Implicit null exception at 0x000078cd745014ba to 0x000078cd7450175c
Event: 19.112 Thread 0x000078cd8402b240 Implicit null exception at 0x000078cd7449da9d to 0x000078cd7449f130
Event: 20.766 Thread 0x000078cd8402b240 Implicit null exception at 0x000078cd74519f86 to 0x000078cd7451a1cc
Event: 20.766 Thread 0x000078cd8402b240 Implicit null exception at 0x000078cd745d7d0e to 0x000078cd745dd594
Event: 21.945 Thread 0x000078cd848c4bc0 Implicit null exception at 0x000078cd74413d6b to 0x000078cd74413e10
Event: 21.962 Thread 0x000078cd848c4bc0 Implicit null exception at 0x000078cd7442173f to 0x000078cd74421a18
Event: 22.930 Thread 0x000078cd848c4bc0 Implicit null exception at 0x000078cd747af9c9 to 0x000078cd747b1da0
Event: 22.930 Thread 0x000078cd848c4bc0 Implicit null exception at 0x000078cd746fa8e2 to 0x000078cd746fafd8
Event: 22.930 Thread 0x000078cd848c4bc0 Implicit null exception at 0x000078cd7470185b to 0x000078cd74702418
Event: 22.930 Thread 0x000078cd848c4bc0 Implicit null exception at 0x000078cd746ebfd4 to 0x000078cd746ec44c
Event: 22.933 Thread 0x000078cd848c4bc0 Implicit null exception at 0x000078cd746db196 to 0x000078cd746db2c8
Event: 22.950 Thread 0x000078cd848c4bc0 Exception <a 'java/lang/NoSuchMethodError'{0x00000000452d2ca8}: 'java.lang.Object java.lang.invoke.DirectMethodHandle$Holder.newInvokeSpecial(java.lang.Object, java.lang.Object, java.lang.Object, int)'> (0x00000000452d2ca8) 
thrown [src/hotspot/share/interpreter/linkResolver.cpp, line 772]
Event: 22.951 Thread 0x000078cd848c4bc0 Exception <a 'java/lang/NoSuchMethodError'{0x00000000452d6c00}: 'java.lang.Object java.lang.invoke.DirectMethodHandle$Holder.invokeSpecial(java.lang.Object, java.lang.Object, java.lang.Object, java.lang.Object, int)'> (0x00000000452d6c00) 
thrown [src/hotspot/share/interpreter/linkResolver.cpp, line 772]
Event: 22.951 Thread 0x000078cd848c4bc0 Exception <a 'java/lang/NoSuchMethodError'{0x00000000452ca0b0}: 'java.lang.Object java.lang.invoke.Invokers$Holder.linkToTargetMethod(java.lang.Object, java.lang.Object, int, java.lang.Object)'> (0x00000000452ca0b0) 
thrown [src/hotspot/share/interpreter/linkResolver.cpp, line 772]
Event: 22.951 Thread 0x000078cd848c4bc0 Exception <a 'java/lang/NoSuchMethodError'{0x00000000452c1e60}: 'java.lang.Object java.lang.invoke.DirectMethodHandle$Holder.invokeInterface(java.lang.Object, java.lang.Object)'> (0x00000000452c1e60) 
thrown [src/hotspot/share/interpreter/linkResolver.cpp, line 772]
Event: 23.004 Thread 0x000078cd8402b240 Exception <a 'sun/nio/fs/UnixException'{0x000000004523ad28}> (0x000000004523ad28) 
thrown [src/hotspot/share/prims/jni.cpp, line 520]
Event: 27.349 Thread 0x000078cd8484d610 Implicit null exception at 0x000078cd74804ba5 to 0x000078cd74807508
Event: 27.349 Thread 0x000078cd8484d610 Implicit null exception at 0x000078cd747eaf2d to 0x000078cd747eb9f8
Event: 28.169 Thread 0x000078cd8402b240 Exception <a 'sun/nio/fs/UnixException'{0x0000000040fd2cb0}> (0x0000000040fd2cb0) 
thrown [src/hotspot/share/prims/jni.cpp, line 520]

ZGC Phase Switch (0 events):
No events

VM Operations (20 events):
Event: 28.124 Executing VM operation: HandshakeAllThreads (CloseScopedMemory)
Event: 28.124 Executing VM operation: HandshakeAllThreads (CloseScopedMemory) done
Event: 28.157 Executing VM operation: ThirdPartyHeapOperation
Event: 28.168 Executing VM operation: ThirdPartyHeapOperation done
Event: 28.171 Executing VM operation: ThirdPartyHeapOperation
Event: 28.192 Executing VM operation: ThirdPartyHeapOperation done
Event: 28.913 Executing VM operation: ThirdPartyHeapOperation
Event: 28.929 Executing VM operation: ThirdPartyHeapOperation done
Event: 28.932 Executing VM operation: ThirdPartyHeapOperation
Event: 28.953 Executing VM operation: ThirdPartyHeapOperation done
Event: 29.502 Executing VM operation: HandshakeAllThreads (CloseScopedMemory)
Event: 29.502 Executing VM operation: HandshakeAllThreads (CloseScopedMemory) done
Event: 29.502 Executing VM operation: HandshakeAllThreads (CloseScopedMemory)
Event: 29.502 Executing VM operation: HandshakeAllThreads (CloseScopedMemory) done
Event: 29.503 Executing VM operation: HandshakeAllThreads (CloseScopedMemory)
Event: 29.503 Executing VM operation: HandshakeAllThreads (CloseScopedMemory) done
Event: 29.675 Executing VM operation: ThirdPartyHeapOperation
Event: 29.690 Executing VM operation: ThirdPartyHeapOperation done
Event: 29.694 Executing VM operation: ThirdPartyHeapOperation
Event: 29.721 Executing VM operation: ThirdPartyHeapOperation done

Memory protections (20 events):
Event: 18.731 Protecting memory [0x00006c204ef00000,0x00006c204ef04000] with protection modes 0
Event: 18.733 Protecting memory [0x00006c204ee00000,0x00006c204ee04000] with protection modes 0
Event: 18.733 Protecting memory [0x00006c204ed00000,0x00006c204ed04000] with protection modes 0
Event: 20.774 Protecting memory [0x00006c20947fc000,0x00006c2094800000] with protection modes 0
Event: 20.774 Protecting memory [0x00006c20940fc000,0x00006c2094100000] with protection modes 0
Event: 20.778 Protecting memory [0x00006c204ef00000,0x00006c204ef04000] with protection modes 0
Event: 21.875 Protecting memory [0x00006c20941fc000,0x00006c2094200000] with protection modes 0
Event: 21.875 Protecting memory [0x00006c20947fc000,0x00006c2094800000] with protection modes 0
Event: 21.939 Protecting memory [0x00006c20940fc000,0x00006c2094100000] with protection modes 0
Event: 21.969 Protecting memory [0x00006c204ef00000,0x00006c204ef04000] with protection modes 0
Event: 21.997 Protecting memory [0x00006c204ee00000,0x00006c204ee04000] with protection modes 0
Event: 21.999 Protecting memory [0x00006c204ed00000,0x00006c204ed04000] with protection modes 0
Event: 21.999 Protecting memory [0x00006c204ec00000,0x00006c204ec04000] with protection modes 0
Event: 22.006 Protecting memory [0x00006c204e300000,0x00006c204e304000] with protection modes 0
Event: 22.023 Protecting memory [0x00006c204df00000,0x00006c204df04000] with protection modes 0
Event: 22.024 Protecting memory [0x00006c204de00000,0x00006c204de04000] with protection modes 0
Event: 23.292 Protecting memory [0x00006c20947fc000,0x00006c2094800000] with protection modes 0
Event: 26.154 Protecting memory [0x00006c20941fc000,0x00006c2094200000] with protection modes 0
Event: 27.338 Protecting memory [0x00006c20941fc000,0x00006c2094200000] with protection modes 0
Event: 28.131 Protecting memory [0x00006c20941fc000,0x00006c2094200000] with protection modes 0

Nmethod flushes (0 events):
No events

Events (20 events):
Event: 22.924 Thread 0x00006c1fac266980 Thread exited: 0x00006c1fac266980
Event: 22.930 Thread 0x00006c1fb0249970 Thread exited: 0x00006c1fb0249970
Event: 22.930 Thread 0x00006c1fac264fb0 Thread exited: 0x00006c1fac264fb0
Event: 22.959 Thread 0x000078cd848c4bc0 Thread exited: 0x000078cd848c4bc0
Event: 23.213 Thread 0x00006c1fac263fc0 Thread exited: 0x00006c1fac263fc0
Event: 23.214 Thread 0x00006c1fac263560 Thread exited: 0x00006c1fac263560
Event: 23.264 Thread 0x00006c1fa4062ea0 Thread exited: 0x00006c1fa4062ea0
Event: 23.265 Thread 0x00006c1fc4255a60 Thread exited: 0x00006c1fc4255a60
Event: 23.292 Thread 0x000078cd8454bf30 Thread added: 0x00006c1fc4255990
Event: 23.789 Thread 0x00006c1fc80aff60 Thread exited: 0x00006c1fc80aff60
Event: 23.789 Thread 0x00006c1fc80aee30 Thread exited: 0x00006c1fc80aee30
Event: 23.955 Thread 0x00006c1fc4255990 Thread exited: 0x00006c1fc4255990
Event: 23.955 Thread 0x00006c1fc80361c0 Thread exited: 0x00006c1fc80361c0
Event: 24.290 Thread 0x00006c1fc4254b10 Thread exited: 0x00006c1fc4254b10
Event: 26.154 Thread 0x000078cd84555900 Thread added: 0x00006c1fc820cbe0
Event: 27.163 Thread 0x00006c1fc820cbe0 Thread exited: 0x00006c1fc820cbe0
Event: 27.338 Thread 0x000078cd8402b240 Thread added: 0x000078cd8484d610
Event: 28.127 Thread 0x000078cd8484d610 Thread exited: 0x000078cd8484d610
Event: 28.131 Thread 0x000078cd84555900 Thread added: 0x00006c1fc8210370
Event: 28.987 Thread 0x00006c1fc8210370 Thread exited: 0x00006c1fc8210370


Dynamic libraries:
40000000-40400000 rw-p 00000000 00:00 0                                  [anon:mmtk:space:immix]
40400000-40800000 rw-p 00000000 00:00 0                                  [anon:mmtk:space:los]
40800000-41400000 rw-p 00000000 00:00 0                                  [anon:mmtk:space:immix]
41400000-43c00000 rw-p 00000000 00:00 0                                  [anon:mmtk:space:los]
43c00000-44000000 rw-p 00000000 00:00 0                                  [anon:mmtk:space:immix]
44000000-45c00000 rw-p 00000000 00:00 0                                  [anon:mmtk:space:los]
45c00000-46000000 rw-p 00000000 00:00 0                                  [anon:mmtk:space:immix]
46000000-47800000 rw-p 00000000 00:00 0                                  [anon:mmtk:space:los]
47800000-47c00000 rw-p 00000000 00:00 0                                  [anon:mmtk:space:immix]
47c00000-49000000 rw-p 00000000 00:00 0                                  [anon:mmtk:space:los]
49000000-49400000 rw-p 00000000 00:00 0                                  [anon:mmtk:space:immix]
49400000-4a000000 rw-p 00000000 00:00 0                                  [anon:mmtk:space:los]
4a000000-4a400000 rw-p 00000000 00:00 0                                  [anon:mmtk:space:immix]
4a400000-4c400000 rw-p 00000000 00:00 0                                  [anon:mmtk:space:los]
4c400000-4c800000 rw-p 00000000 00:00 0                                  [anon:mmtk:space:immix]
4c800000-4e000000 rw-p 00000000 00:00 0                                  [anon:mmtk:space:los]
4e000000-4e400000 rw-p 00000000 00:00 0                                  [anon:mmtk:space:immix]
4e400000-4f400000 rw-p 00000000 00:00 0                                  [anon:mmtk:space:los]
4f400000-4f800000 rw-p 00000000 00:00 0                                  [anon:mmtk:space:immix]
4f800000-50000000 rw-p 00000000 00:00 0                                  [anon:mmtk:space:los]
50000000-51000000 rw-p 00000000 00:00 0                                  [anon:mmtk:space:los]
51000000-51400000 rw-p 00000000 00:00 0                                  [anon:mmtk:space:immix]
51400000-51c00000 rw-p 00000000 00:00 0                                  [anon:mmtk:space:los]
51c00000-52c00000 rw-p 00000000 00:00 0                                  [anon:mmtk:space:los]
52c00000-53400000 rw-p 00000000 00:00 0                                  [anon:mmtk:space:los]
53400000-53800000 rw-p 00000000 00:00 0                                  [anon:mmtk:space:los]
53800000-54000000 rw-p 00000000 00:00 0                                  [anon:mmtk:space:los]
54000000-54800000 rw-p 00000000 00:00 0                                  [anon:mmtk:space:los]
54800000-55000000 rw-p 00000000 00:00 0                                  [anon:mmtk:space:los]
55000000-5c400000 rw-p 00000000 00:00 0                                  [anon:mmtk:space:los]
5c400000-5f400000 rw-p 00000000 00:00 0                                  [anon:mmtk:space:los]
5f400000-5fc00000 rw-p 00000000 00:00 0                                  [anon:mmtk:space:los]
200000000000-2000c00c0000 rw-s 00000000 00:10 68                         anon_inode:bpf-map
62af51481000-62af51482000 r--p 00000000 fc:00 49676352                   /mydata/openjdk-mmtk/build/b0test/images/jdk/bin/java
62af51482000-62af51483000 r-xp 00001000 fc:00 49676352                   /mydata/openjdk-mmtk/build/b0test/images/jdk/bin/java
62af51483000-62af51484000 r--p 00002000 fc:00 49676352                   /mydata/openjdk-mmtk/build/b0test/images/jdk/bin/java
62af51484000-62af51485000 r--p 00002000 fc:00 49676352                   /mydata/openjdk-mmtk/build/b0test/images/jdk/bin/java
62af51485000-62af51486000 rw-p 00003000 fc:00 49676352                   /mydata/openjdk-mmtk/build/b0test/images/jdk/bin/java
62af8d33e000-62af8d386000 rw-p 00000000 00:00 0                          [heap]
6c1f84000000-6c1f84938000 rw-p 00000000 00:00 0 
6c1f84938000-6c1f88000000 ---p 00000000 00:00 0 
6c1f8c000000-6c1f8ca7a000 rw-p 00000000 00:00 0 
6c1f8ca7a000-6c1f90000000 ---p 00000000 00:00 0 
6c1f90000000-6c1f90b82000 rw-p 00000000 00:00 0 
6c1f90b82000-6c1f94000000 ---p 00000000 00:00 0 
6c1f94000000-6c1f955f2000 rw-p 00000000 00:00 0 
6c1f955f2000-6c1f98000000 ---p 00000000 00:00 0 
6c1f98000000-6c1f98832000 rw-p 00000000 00:00 0 
6c1f98832000-6c1f9c000000 ---p 00000000 00:00 0 
6c1f9c000000-6c1f9cd7e000 rw-p 00000000 00:00 0 
6c1f9cd7e000-6c1fa0000000 ---p 00000000 00:00 0 
6c1fa0000000-6c1fa15ac000 rw-p 00000000 00:00 0 
6c1fa15ac000-6c1fa4000000 ---p 00000000 00:00 0 
6c1fa4000000-6c1fa580e000 rw-p 00000000 00:00 0 
6c1fa580e000-6c1fa8000000 ---p 00000000 00:00 0 
6c1fa8000000-6c1fa9488000 rw-p 00000000 00:00 0 
6c1fa9488000-6c1fac000000 ---p 00000000 00:00 0 
6c1fac000000-6c1fac284000 rw-p 00000000 00:00 0 
6c1fac284000-6c1fb0000000 ---p 00000000 00:00 0 
6c1fb0000000-6c1fb0251000 rw-p 00000000 00:00 0 
6c1fb0251000-6c1fb4000000 ---p 00000000 00:00 0 
6c1fb4000000-6c1fb4021000 rw-p 00000000 00:00 0 
6c1fb4021000-6c1fb8000000 ---p 00000000 00:00 0 
6c1fb8000000-6c1fb8021000 rw-p 00000000 00:00 0 
6c1fb8021000-6c1fbc000000 ---p 00000000 00:00 0 
6c1fbc000000-6c1fbd0c3000 rw-p 00000000 00:00 0 
6c1fbd0c3000-6c1fc0000000 ---p 00000000 00:00 0 
6c1fc0000000-6c1fc021d000 rw-p 00000000 00:00 0 
6c1fc021d000-6c1fc4000000 ---p 00000000 00:00 0 
6c1fc4000000-6c1fc57ce000 rw-p 00000000 00:00 0 
6c1fc57ce000-6c1fc8000000 ---p 00000000 00:00 0 
6c1fc8000000-6c1fc821d000 rw-p 00000000 00:00 0 
6c1fc821d000-6c1fcc000000 ---p 00000000 00:00 0 
6c1fcc000000-6c1fcc021000 rw-p 00000000 00:00 0 
6c1fcc021000-6c1fd0000000 ---p 00000000 00:00 0 
6c1fd0000000-6c1fd0021000 rw-p 00000000 00:00 0 
6c1fd0021000-6c1fd4000000 ---p 00000000 00:00 0 
6c1fd4000000-6c1fd404b000 rw-p 00000000 00:00 0 
6c1fd404b000-6c1fd8000000 ---p 00000000 00:00 0 
6c1fd8000000-6c1fd8021000 rw-p 00000000 00:00 0 
6c1fd8021000-6c1fdc000000 ---p 00000000 00:00 0 
6c1fdc000000-6c1fdc09b000 rw-p 00000000 00:00 0 
6c1fdc09b000-6c1fe0000000 ---p 00000000 00:00 0 
6c1fe0000000-6c1fe00d2000 rw-p 00000000 00:00 0 
6c1fe00d2000-6c1fe4000000 ---p 00000000 00:00 0 
6c1fe4000000-6c1fe40de000 rw-p 00000000 00:00 0 
6c1fe40de000-6c1fe8000000 ---p 00000000 00:00 0 
6c1fe8000000-6c1fe8061000 rw-p 00000000 00:00 0 
6c1fe8061000-6c1fec000000 ---p 00000000 00:00 0 
6c1fec000000-6c1fec098000 rw-p 00000000 00:00 0 
6c1fec098000-6c1ff0000000 ---p 00000000 00:00 0 
6c1ff0000000-6c1ff00a4000 rw-p 00000000 00:00 0 
6c1ff00a4000-6c1ff4000000 ---p 00000000 00:00 0 
6c1ff4000000-6c1ff40ac000 rw-p 00000000 00:00 0 
6c1ff40ac000-6c1ff8000000 ---p 00000000 00:00 0 
6c1ff8000000-6c1ff803a000 rw-p 00000000 00:00 0 
6c1ff803a000-6c1ffc000000 ---p 00000000 00:00 0 
6c1ffc000000-6c1ffc0a1000 rw-p 00000000 00:00 0 
6c1ffc0a1000-6c2000000000 ---p 00000000 00:00 0 
6c2000000000-6c2000043000 rw-p 00000000 00:00 0 
6c2000043000-6c2004000000 ---p 00000000 00:00 0 
6c2004000000-6c2004099000 rw-p 00000000 00:00 0 
6c2004099000-6c2008000000 ---p 00000000 00:00 0 
6c2008000000-6c20080d2000 rw-p 00000000 00:00 0 
6c20080d2000-6c200c000000 ---p 00000000 00:00 0 
6c200c000000-6c200c043000 rw-p 00000000 00:00 0 
6c200c043000-6c2010000000 ---p 00000000 00:00 0 
6c2010000000-6c201010b000 rw-p 00000000 00:00 0 
6c201010b000-6c2014000000 ---p 00000000 00:00 0 
6c2014000000-6c20140e3000 rw-p 00000000 00:00 0 
6c20140e3000-6c2018000000 ---p 00000000 00:00 0 
6c2018000000-6c20180e3000 rw-p 00000000 00:00 0 
6c20180e3000-6c201c000000 ---p 00000000 00:00 0 
6c201c000000-6c201c09a000 rw-p 00000000 00:00 0 
6c201c09a000-6c2020000000 ---p 00000000 00:00 0 
6c2020000000-6c20200d2000 rw-p 00000000 00:00 0 
6c20200d2000-6c2024000000 ---p 00000000 00:00 0 
6c2024000000-6c20240a7000 rw-p 00000000 00:00 0 
6c20240a7000-6c2028000000 ---p 00000000 00:00 0 
6c2028000000-6c202803a000 rw-p 00000000 00:00 0 
6c202803a000-6c202c000000 ---p 00000000 00:00 0 
6c202c000000-6c202c066000 rw-p 00000000 00:00 0 
6c202c066000-6c2030000000 ---p 00000000 00:00 0 
6c2030000000-6c20300a2000 rw-p 00000000 00:00 0 
6c20300a2000-6c2034000000 ---p 00000000 00:00 0 
6c2034000000-6c2034021000 rw-p 00000000 00:00 0 
6c2034021000-6c2038000000 ---p 00000000 00:00 0 
6c2038000000-6c2038021000 rw-p 00000000 00:00 0 
6c2038021000-6c203c000000 ---p 00000000 00:00 0 
6c203c000000-6c203c021000 rw-p 00000000 00:00 0 
6c203c021000-6c2040000000 ---p 00000000 00:00 0 
6c2040000000-6c2040021000 rw-p 00000000 00:00 0 
6c2040021000-6c2044000000 ---p 00000000 00:00 0 
6c2044000000-6c2044390000 rw-p 00000000 00:00 0 
6c2044390000-6c2044400000 ---p 00000000 00:00 0 
6c2044400000-6c2044970000 rw-p 00000000 00:00 0 
6c2044970000-6c2048000000 ---p 00000000 00:00 0 
6c2048000000-6c2048021000 rw-p 00000000 00:00 0 
6c2048021000-6c204c000000 ---p 00000000 00:00 0 
6c204de00000-6c204de04000 ---p 00000000 00:00 0 
6c204de04000-6c204df00000 rw-p 00000000 00:00 0 
6c204df00000-6c204df04000 ---p 00000000 00:00 0 
6c204df04000-6c204e000000 rw-p 00000000 00:00 0 
6c204e300000-6c204e304000 ---p 00000000 00:00 0 
6c204e304000-6c204e400000 rw-p 00000000 00:00 0 
6c204e620000-6c204ec00000 rw-p 00000000 00:00 0 
6c204ec00000-6c204ec04000 ---p 00000000 00:00 0 
6c204ec04000-6c204ed00000 rw-p 00000000 00:00 0 
6c204ed00000-6c204ed04000 ---p 00000000 00:00 0 
6c204ed04000-6c204ee00000 rw-p 00000000 00:00 0 
6c204ee00000-6c204ee04000 ---p 00000000 00:00 0 
6c204ee04000-6c204ef00000 rw-p 00000000 00:00 0 
6c204ef00000-6c204ef04000 ---p 00000000 00:00 0 
6c204ef04000-6c204f000000 rw-p 00000000 00:00 0 
6c204f000000-6c204fca3000 rw-p 00001000 fc:00 49677060                   /mydata/openjdk-mmtk/build/b0test/images/jdk/lib/server/classes.jsa
6c204fca3000-6c2050000000 ---p 00000000 00:00 0 
6c2050000000-6c2050040000 rw-p 00000000 00:00 0 
6c2050040000-6c20500c0000 rw-p 00000000 00:00 0 
6c20500c0000-6c20500e0000 rw-p 00000000 00:00 0 
6c20500e0000-6c2050100000 ---p 00000000 00:00 0 
6c2050100000-6c2050150000 rw-p 00000000 00:00 0 
6c2050150000-6c2090000000 ---p 00000000 00:00 0 
6c2090000000-6c2090021000 rw-p 00000000 00:00 0 
6c2090021000-6c2094000000 ---p 00000000 00:00 0 
6c20940fc000-6c2094100000 ---p 00000000 00:00 0 
6c2094100000-6c20941fc000 rw-p 00000000 00:00 0 
6c20941fc000-6c2094200000 ---p 00000000 00:00 0 
6c2094200000-6c20942fc000 rw-p 00000000 00:00 0 
6c20942fc000-6c2094300000 ---p 00000000 00:00 0 
6c2094300000-6c20943fc000 rw-p 00000000 00:00 0 
6c20943fc000-6c2094400000 ---p 00000000 00:00 0 
6c2094400000-6c20944fc000 rw-p 00000000 00:00 0 
6c20944fc000-6c2094500000 ---p 00000000 00:00 0 
6c2094500000-6c20945fc000 rw-p 00000000 00:00 0 
6c20945fc000-6c2094600000 ---p 00000000 00:00 0 
6c2094600000-6c20946fc000 rw-p 00000000 00:00 0 
6c20946fc000-6c2094700000 ---p 00000000 00:00 0 
6c2094700000-6c20947fc000 rw-p 00000000 00:00 0 
6c20947fc000-6c2094800000 ---p 00000000 00:00 0 
6c2094800000-6c20948fc000 rw-p 00000000 00:00 0 
6c20948fc000-6c2094900000 ---p 00000000 00:00 0 
6c2094900000-6c20949fc000 rw-p 00000000 00:00 0 
6c20949fc000-6c2094a00000 ---p 00000000 00:00 0 
6c2094a00000-6c2094afc000 rw-p 00000000 00:00 0 
6c2094afc000-6c2094b00000 ---p 00000000 00:00 0 
6c2094b00000-6c2094bfc000 rw-p 00000000 00:00 0 
6c2094bfc000-6c2094c00000 ---p 00000000 00:00 0 
6c2094c00000-6c2094cfc000 rw-p 00000000 00:00 0 
6c2094cfc000-6c2094d00000 ---p 00000000 00:00 0 
6c2094d00000-6c2094dfc000 rw-p 00000000 00:00 0 
6c2094dfc000-6c2094dfd000 ---p 00000000 00:00 0 
6c2094dfd000-6c2094efd000 rw-p 00000000 00:00 0 
6c2094efd000-6c2094efe000 ---p 00000000 00:00 0 
6c2094efe000-6c2094ffe000 rw-p 00000000 00:00 0 
6c2094ffe000-6c2094fff000 ---p 00000000 00:00 0 
6c2094fff000-6c20950ff000 rw-p 00000000 00:00 0 
6c20950ff000-6c2095100000 ---p 00000000 00:00 0 
6c2095100000-6c2095200000 rw-p 00000000 00:00 0 
6c2095200000-6c2098200000 rw-p 00000000 00:00 0 
6c20982fb000-6c20982fc000 ---p 00000000 00:00 0 
6c20982fc000-6c20983fc000 rw-p 00000000 00:00 0 
6c20983fc000-6c20c8400000 rw-p 00000000 00:00 0 
6c20c8400000-6c20c9400000 ---p 00000000 00:00 0                          [anon:mmtk:sidemeta:all:all-quarantined]
6c20c9400000-6c20c9800000 rw-p 00000000 00:00 0                          [anon:mmtk:sidemeta:immix:VO_BIT]
6c20c9800000-6c20c9c00000 rw-p 00000000 00:00 0                          [anon:mmtk:sidemeta:los:VO_BIT]
6c20c9c00000-6e20ca400000 ---p 00000000 00:00 0                          [anon:mmtk:sidemeta:all:all-quarantined]
6e20ca400000-6e20ca800000 rw-p 00000000 00:00 0                          [anon:mmtk:sidemeta:immix:CHUNK_MARK]
6e20ca800000-6e20cd400000 ---p 00000000 00:00 0                          [anon:mmtk:sidemeta:all:all-quarantined]
6e20cd400000-6e20cd800000 rw-p 00000000 00:00 0                          [anon:mmtk:sidemeta:immix:VMGlobalLogBitSpec]
6e20cd800000-6e20cdc00000 rw-p 00000000 00:00 0                          [anon:mmtk:sidemeta:los:VMGlobalLogBitSpec]
6e20cdc00000-7028cc800000 ---p 00000000 00:00 0                          [anon:mmtk:sidemeta:all:all-quarantined]
7028cc800000-7028ccc00000 rw-p 00000000 00:00 0                          [anon:mmtk:sidemeta:immix:IX_LINE_MARK]
7028ccc00000-70a8cc400000 ---p 00000000 00:00 0                          [anon:mmtk:sidemeta:all:all-quarantined]
70a8cc400000-70a8cc800000 rw-p 00000000 00:00 0                          [anon:mmtk:sidemeta:immix:IX_BLOCK_DEFRAG]
70a8cc800000-70a9cc400000 ---p 00000000 00:00 0                          [anon:mmtk:sidemeta:all:all-quarantined]
70a9cc400000-70a9cc800000 rw-p 00000000 00:00 0                          [anon:mmtk:sidemeta:immix:IX_BLOCK_MARK]
70a9cc800000-76cb4c400000 ---p 00000000 00:00 0                          [anon:mmtk:sidemeta:all:all-quarantined]
76cb4c400000-76cb4c800000 rw-p 00000000 00:00 0                          [anon:mmtk:sidemeta:los:VMLocalLOSMarkNurserySpec]
76cb4c800000-76cd4d400000 ---p 00000000 00:00 0                          [anon:mmtk:sidemeta:all:all-quarantined]
76cd4d400000-76cd4dc00000 rw-p 00000000 00:00 0                          [anon:mmtk:sidemeta:immix:VMLocalMarkBitSpec]
76cd4dc00000-78cd4c400000 ---p 00000000 00:00 0                          [anon:mmtk:sidemeta:all:all-quarantined]
78cd4c4fc000-78cd4c4fd000 ---p 00000000 00:00 0 
78cd4c4fd000-78cd4c5fd000 rw-p 00000000 00:00 0 
78cd4c5fd000-78cd4c5fe000 ---p 00000000 00:00 0 
78cd4c5fe000-78cd4c6fe000 rw-p 00000000 00:00 0 
78cd4c6fe000-78cd4c6ff000 ---p 00000000 00:00 0 
78cd4c6ff000-78cd4c7ff000 rw-p 00000000 00:00 0 
78cd4c7ff000-78cd6c800000 rw-p 00000000 00:00 0 
78cd6c800000-78cd6cda0000 rwxp 00000000 00:00 0 
78cd6cda0000-78cd73c17000 ---p 00000000 00:00 0 
78cd73c17000-78cd73f87000 rwxp 00000000 00:00 0 
78cd73f87000-78cd743e8000 ---p 00000000 00:00 0 
78cd743e8000-78cd74848000 rwxp 00000000 00:00 0 
78cd74848000-78cd7b800000 ---p 00000000 00:00 0 
78cd7b800000-78cd83fa0000 r--s 00000000 fc:00 49676300                   /mydata/openjdk-mmtk/build/b0test/images/jdk/lib/modules
78cd84000000-78cd84bda000 rw-p 00000000 00:00 0 
78cd84bda000-78cd88000000 ---p 00000000 00:00 0 
78cd88020000-78cd88025000 r--p 00000000 fc:00 49676433                   /mydata/openjdk-mmtk/build/b0test/images/jdk/lib/libjsvml.so
78cd88025000-78cd88066000 r-xp 00005000 fc:00 49676433                   /mydata/openjdk-mmtk/build/b0test/images/jdk/lib/libjsvml.so
78cd88066000-78cd880ef000 r--p 00046000 fc:00 49676433                   /mydata/openjdk-mmtk/build/b0test/images/jdk/lib/libjsvml.so
78cd880ef000-78cd880f0000 r--p 000ce000 fc:00 49676433                   /mydata/openjdk-mmtk/build/b0test/images/jdk/lib/libjsvml.so
78cd880f0000-78cd880f1000 rw-p 000cf000 fc:00 49676433                   /mydata/openjdk-mmtk/build/b0test/images/jdk/lib/libjsvml.so
78cd880f1000-78cd880f2000 ---p 00000000 00:00 0 
78cd880f2000-78cd881f2000 rw-p 00000000 00:00 0 
78cd881f2000-78cd881f3000 ---p 00000000 00:00 0 
78cd881f3000-78cd882f3000 rw-p 00000000 00:00 0 
78cd882f3000-78cd882f4000 ---p 00000000 00:00 0 
78cd882f4000-78cd883f4000 rw-p 00000000 00:00 0 
78cd883f4000-78cd883f5000 ---p 00000000 00:00 0 
78cd883f5000-78cd884f5000 rw-p 00000000 00:00 0 
78cd884f5000-78cd884f6000 ---p 00000000 00:00 0 
78cd884f6000-78cd885f6000 rw-p 00000000 00:00 0 
78cd885f6000-78cd885f7000 ---p 00000000 00:00 0 
78cd885f7000-78cd886f7000 rw-p 00000000 00:00 0 
78cd886f7000-78cd886f8000 ---p 00000000 00:00 0 
78cd886f8000-78cd887f8000 rw-p 00000000 00:00 0 
78cd887f8000-78cd887f9000 ---p 00000000 00:00 0 
78cd887f9000-78cd888f9000 rw-p 00000000 00:00 0 
78cd888f9000-78cd888fa000 ---p 00000000 00:00 0 
78cd888fa000-78cd889fa000 rw-p 00000000 00:00 0 
78cd889fa000-78cd889fb000 ---p 00000000 00:00 0 
78cd889fb000-78cd88afb000 rw-p 00000000 00:00 0 
78cd88afb000-78cd88afc000 ---p 00000000 00:00 0 
78cd88afc000-78cd88bfc000 rw-p 00000000 00:00 0 
78cd88bfc000-78cd88bfd000 ---p 00000000 00:00 0 
78cd88bfd000-78cd88cfd000 rw-p 00000000 00:00 0 
78cd88cfd000-78cd88cfe000 ---p 00000000 00:00 0 
78cd88cfe000-78cd88dfe000 rw-p 00000000 00:00 0 
78cd88dfe000-78cd88dff000 ---p 00000000 00:00 0 
78cd88dff000-78cd88eff000 rw-p 00000000 00:00 0 
78cd88eff000-78cd88f00000 ---p 00000000 00:00 0 
78cd88f00000-78cd89000000 rw-p 00000000 00:00 0 
78cd89000000-78cd89004000 ---p 00000000 00:00 0 
78cd89004000-78cd89100000 rw-p 00000000 00:00 0 
78cd89100000-78cd89104000 ---p 00000000 00:00 0 
78cd89104000-78cd89200000 rw-p 00000000 00:00 0 
78cd89200000-78cd894eb000 r--p 00000000 08:03 1410552                    /usr/lib/locale/locale-archive
78cd89542000-78cd89546000 ---p 00000000 00:00 0 
78cd89546000-78cd89642000 rw-p 00000000 00:00 0 
78cd89642000-78cd89643000 ---p 00000000 00:00 0 
78cd89643000-78cd89743000 rw-p 00000000 00:00 0 
78cd89743000-78cd89744000 ---p 00000000 00:00 0 
78cd89744000-78cd89844000 rw-p 00000000 00:00 0 
78cd89844000-78cd89845000 ---p 00000000 00:00 0 
78cd89845000-78cd89945000 rw-p 00000000 00:00 0 
78cd89945000-78cd89f46000 rw-p 00000000 00:00 0 
78cd89f46000-78cd89f4a000 r--p 00000000 08:03 1410107                    /usr/lib/x86_64-linux-gnu/libzstd.so.1.5.5
78cd89f4a000-78cd89ff1000 r-xp 00004000 08:03 1410107                    /usr/lib/x86_64-linux-gnu/libzstd.so.1.5.5
78cd89ff1000-78cd89ffe000 r--p 000ab000 08:03 1410107                    /usr/lib/x86_64-linux-gnu/libzstd.so.1.5.5
78cd89ffe000-78cd89fff000 r--p 000b7000 08:03 1410107                    /usr/lib/x86_64-linux-gnu/libzstd.so.1.5.5
78cd89fff000-78cd8a000000 rw-p 000b8000 08:03 1410107                    /usr/lib/x86_64-linux-gnu/libzstd.so.1.5.5
78cd8a000000-78cd8a00c000 r--p 00000000 fc:00 13107820                   /mydata/gc-bpf-fault/shim/libgcbpf.so
78cd8a00c000-78cd8a06e000 r-xp 0000c000 fc:00 13107820                   /mydata/gc-bpf-fault/shim/libgcbpf.so
78cd8a06e000-78cd8a2de000 r--p 0006e000 fc:00 13107820                   /mydata/gc-bpf-fault/shim/libgcbpf.so
78cd8a2de000-78cd8a2e0000 r--p 002de000 fc:00 13107820                   /mydata/gc-bpf-fault/shim/libgcbpf.so
78cd8a2e0000-78cd8a2e1000 rw-p 002e0000 fc:00 13107820                   /mydata/gc-bpf-fault/shim/libgcbpf.so
78cd8a2e1000-78cd8a2e2000 rw-p 00000000 00:00 0 
78cd8a317000-78cd8a320000 rw-p 00000000 00:00 0 
78cd8a320000-78cd8a400000 ---p 00000000 00:00 0 
78cd8a400000-78cd8a54b000 r--p 00000000 fc:00 49676390                   /mydata/openjdk-mmtk/build/b0test/images/jdk/lib/server/libmmtk_openjdk.so
78cd8a54b000-78cd8a7d0000 r-xp 0014a000 fc:00 49676390                   /mydata/openjdk-mmtk/build/b0test/images/jdk/lib/server/libmmtk_openjdk.so
78cd8a7d0000-78cd8a811000 r--p 003ce000 fc:00 49676390                   /mydata/openjdk-mmtk/build/b0test/images/jdk/lib/server/libmmtk_openjdk.so
78cd8a811000-78cd8a814000 rw-p 0040e000 fc:00 49676390                   /mydata/openjdk-mmtk/build/b0test/images/jdk/lib/server/libmmtk_openjdk.so
78cd8a814000-78cd8a816000 rw-p 00000000 00:00 0 
78cd8a817000-78cd8a823000 rw-p 00000000 00:00 0 
78cd8a823000-78cd8a900000 ---p 00000000 00:00 0 
78cd8a900000-78cd8a904000 ---p 00000000 00:00 0 
78cd8a904000-78cd8aa00000 rw-p 00000000 00:00 0 
78cd8aa00000-78cd8aca9000 r--p 00000000 fc:00 49676389                   /mydata/openjdk-mmtk/build/b0test/images/jdk/lib/server/libjvm.so
78cd8aca9000-78cd8bb3c000 r-xp 002a9000 fc:00 49676389                   /mydata/openjdk-mmtk/build/b0test/images/jdk/lib/server/libjvm.so
78cd8bb3c000-78cd8be20000 r--p 0113c000 fc:00 49676389                   /mydata/openjdk-mmtk/build/b0test/images/jdk/lib/server/libjvm.so
78cd8be20000-78cd8bef6000 r--p 0141f000 fc:00 49676389                   /mydata/openjdk-mmtk/build/b0test/images/jdk/lib/server/libjvm.so
78cd8bef6000-78cd8bf26000 rw-p 014f5000 fc:00 49676389                   /mydata/openjdk-mmtk/build/b0test/images/jdk/lib/server/libjvm.so
78cd8bf26000-78cd8bf8c000 rw-p 00000000 00:00 0 
78cd8bf90000-78cd8bf97000 r--s 00000000 08:03 1436340                    /usr/lib/x86_64-linux-gnu/gconv/gconv-modules.cache
78cd8bf97000-78cd8bf99000 r--p 00000000 fc:00 49676380                   /mydata/openjdk-mmtk/build/b0test/images/jdk/lib/libzip.so
78cd8bf99000-78cd8bf9e000 r-xp 00002000 fc:00 49676380                   /mydata/openjdk-mmtk/build/b0test/images/jdk/lib/libzip.so
78cd8bf9e000-78cd8bfa0000 r--p 00007000 fc:00 49676380                   /mydata/openjdk-mmtk/build/b0test/images/jdk/lib/libzip.so
78cd8bfa0000-78cd8bfa1000 r--p 00008000 fc:00 49676380                   /mydata/openjdk-mmtk/build/b0test/images/jdk/lib/libzip.so
78cd8bfa1000-78cd8bfa2000 rw-p 00009000 fc:00 49676380                   /mydata/openjdk-mmtk/build/b0test/images/jdk/lib/libzip.so
78cd8bfa2000-78cd8bfa5000 r--p 00000000 fc:00 49676376                   /mydata/openjdk-mmtk/build/b0test/images/jdk/lib/libnet.so
78cd8bfa5000-78cd8bfad000 r-xp 00003000 fc:00 49676376                   /mydata/openjdk-mmtk/build/b0test/images/jdk/lib/libnet.so
78cd8bfad000-78cd8bfaf000 r--p 0000b000 fc:00 49676376                   /mydata/openjdk-mmtk/build/b0test/images/jdk/lib/libnet.so
78cd8bfaf000-78cd8bfb0000 r--p 0000c000 fc:00 49676376                   /mydata/openjdk-mmtk/build/b0test/images/jdk/lib/libnet.so
78cd8bfb0000-78cd8bfb1000 rw-p 0000d000 fc:00 49676376                   /mydata/openjdk-mmtk/build/b0test/images/jdk/lib/libnet.so
78cd8bfb1000-78cd8bfb8000 r--p 00000000 fc:00 49676377                   /mydata/openjdk-mmtk/build/b0test/images/jdk/lib/libnio.so
78cd8bfb8000-78cd8bfc1000 r-xp 00007000 fc:00 49676377                   /mydata/openjdk-mmtk/build/b0test/images/jdk/lib/libnio.so
78cd8bfc1000-78cd8bfc5000 r--p 00010000 fc:00 49676377                   /mydata/openjdk-mmtk/build/b0test/images/jdk/lib/libnio.so
78cd8bfc5000-78cd8bfc6000 r--p 00014000 fc:00 49676377                   /mydata/openjdk-mmtk/build/b0test/images/jdk/lib/libnio.so
78cd8bfc6000-78cd8bfc7000 rw-p 00015000 fc:00 49676377                   /mydata/openjdk-mmtk/build/b0test/images/jdk/lib/libnio.so
78cd8bfc7000-78cd8bfca000 r--p 00000000 08:03 1410420                    /usr/lib/x86_64-linux-gnu/libelf-0.190.so
78cd8bfca000-78cd8bfe0000 r-xp 00003000 08:03 1410420                    /usr/lib/x86_64-linux-gnu/libelf-0.190.so
78cd8bfe0000-78cd8bfe4000 r--p 00019000 08:03 1410420                    /usr/lib/x86_64-linux-gnu/libelf-0.190.so
78cd8bfe4000-78cd8bfe5000 r--p 0001c000 08:03 1410420                    /usr/lib/x86_64-linux-gnu/libelf-0.190.so
78cd8bfe5000-78cd8bfe6000 rw-p 0001d000 08:03 1410420                    /usr/lib/x86_64-linux-gnu/libelf-0.190.so
78cd8bfe8000-78cd8bfea000 r--p 00000000 fc:00 49676482                   /mydata/openjdk-mmtk/build/b0test/images/jdk/lib/libmanagement_ext.so
78cd8bfea000-78cd8bfed000 r-xp 00002000 fc:00 49676482                   /mydata/openjdk-mmtk/build/b0test/images/jdk/lib/libmanagement_ext.so
78cd8bfed000-78cd8bfee000 r--p 00005000 fc:00 49676482                   /mydata/openjdk-mmtk/build/b0test/images/jdk/lib/libmanagement_ext.so
78cd8bfee000-78cd8bfef000 r--p 00006000 fc:00 49676482                   /mydata/openjdk-mmtk/build/b0test/images/jdk/lib/libmanagement_ext.so
78cd8bfef000-78cd8bff0000 rw-p 00007000 fc:00 49676482                   /mydata/openjdk-mmtk/build/b0test/images/jdk/lib/libmanagement_ext.so
78cd8bff0000-78cd8bff7000 rw-p 00000000 00:00 0 
78cd8bff7000-78cd8c000000 ---p 00000000 00:00 0 
78cd8c000000-78cd8c028000 r--p 00000000 08:03 1410238                    /usr/lib/x86_64-linux-gnu/libc.so.6
78cd8c028000-78cd8c1b0000 r-xp 00028000 08:03 1410238                    /usr/lib/x86_64-linux-gnu/libc.so.6
78cd8c1b0000-78cd8c1ff000 r--p 001b0000 08:03 1410238                    /usr/lib/x86_64-linux-gnu/libc.so.6
78cd8c1ff000-78cd8c203000 r--p 001fe000 08:03 1410238                    /usr/lib/x86_64-linux-gnu/libc.so.6
78cd8c203000-78cd8c205000 rw-p 00202000 08:03 1410238                    /usr/lib/x86_64-linux-gnu/libc.so.6
78cd8c205000-78cd8c212000 rw-p 00000000 00:00 0 
78cd8c214000-78cd8c216000 r--p 00000000 fc:00 49676410                   /mydata/openjdk-mmtk/build/b0test/images/jdk/lib/libmanagement.so
78cd8c216000-78cd8c217000 r-xp 00002000 fc:00 49676410                   /mydata/openjdk-mmtk/build/b0test/images/jdk/lib/libmanagement.so
78cd8c217000-78cd8c218000 r--p 00003000 fc:00 49676410                   /mydata/openjdk-mmtk/build/b0test/images/jdk/lib/libmanagement.so
78cd8c218000-78cd8c219000 r--p 00003000 fc:00 49676410                   /mydata/openjdk-mmtk/build/b0test/images/jdk/lib/libmanagement.so
78cd8c219000-78cd8c21a000 rw-p 00004000 fc:00 49676410                   /mydata/openjdk-mmtk/build/b0test/images/jdk/lib/libmanagement.so
78cd8c21a000-78cd8c227000 r--p 00000000 fc:00 49676369                   /mydata/openjdk-mmtk/build/b0test/images/jdk/lib/libjava.so
78cd8c227000-78cd8c236000 r-xp 0000d000 fc:00 49676369                   /mydata/openjdk-mmtk/build/b0test/images/jdk/lib/libjava.so
78cd8c236000-78cd8c23b000 r--p 0001c000 fc:00 49676369                   /mydata/openjdk-mmtk/build/b0test/images/jdk/lib/libjava.so
78cd8c23b000-78cd8c23c000 r--p 00021000 fc:00 49676369                   /mydata/openjdk-mmtk/build/b0test/images/jdk/lib/libjava.so
78cd8c23c000-78cd8c23d000 rw-p 00022000 fc:00 49676369                   /mydata/openjdk-mmtk/build/b0test/images/jdk/lib/libjava.so
78cd8c23d000-78cd8c23e000 rw-p 00000000 00:00 0 
78cd8c23e000-78cd8c246000 rw-s 00000000 08:03 237600                     /tmp/hsperfdata_root/506266
78cd8c246000-78cd8c24a000 r--p 00000000 fc:00 49676370                   /mydata/openjdk-mmtk/build/b0test/images/jdk/lib/libjimage.so
78cd8c24a000-78cd8c261000 r-xp 00004000 fc:00 49676370                   /mydata/openjdk-mmtk/build/b0test/images/jdk/lib/libjimage.so
78cd8c261000-78cd8c266000 r--p 0001b000 fc:00 49676370                   /mydata/openjdk-mmtk/build/b0test/images/jdk/lib/libjimage.so
78cd8c266000-78cd8c268000 r--p 00020000 fc:00 49676370                   /mydata/openjdk-mmtk/build/b0test/images/jdk/lib/libjimage.so
78cd8c268000-78cd8c269000 rw-p 00022000 fc:00 49676370                   /mydata/openjdk-mmtk/build/b0test/images/jdk/lib/libjimage.so
78cd8c269000-78cd8c26d000 r--p 00000000 08:03 1410148                    /usr/lib/x86_64-linux-gnu/libgcc_s.so.1
78cd8c26d000-78cd8c291000 r-xp 00004000 08:03 1410148                    /usr/lib/x86_64-linux-gnu/libgcc_s.so.1
78cd8c291000-78cd8c295000 r--p 00028000 08:03 1410148                    /usr/lib/x86_64-linux-gnu/libgcc_s.so.1
78cd8c295000-78cd8c296000 r--p 0002b000 08:03 1410148                    /usr/lib/x86_64-linux-gnu/libgcc_s.so.1
78cd8c296000-78cd8c297000 rw-p 0002c000 08:03 1410148                    /usr/lib/x86_64-linux-gnu/libgcc_s.so.1
78cd8c297000-78cd8c2a7000 r--p 00000000 08:03 1411099                    /usr/lib/x86_64-linux-gnu/libm.so.6
78cd8c2a7000-78cd8c326000 r-xp 00010000 08:03 1411099                    /usr/lib/x86_64-linux-gnu/libm.so.6
78cd8c326000-78cd8c37e000 r--p 0008f000 08:03 1411099                    /usr/lib/x86_64-linux-gnu/libm.so.6
78cd8c37e000-78cd8c37f000 r--p 000e7000 08:03 1411099                    /usr/lib/x86_64-linux-gnu/libm.so.6
78cd8c37f000-78cd8c380000 rw-p 000e8000 08:03 1411099                    /usr/lib/x86_64-linux-gnu/libm.so.6
78cd8c380000-78cd8c382000 rw-p 00000000 00:00 0 
78cd8c382000-78cd8c384000 r--p 00000000 08:03 1409104                    /usr/lib/x86_64-linux-gnu/libz.so.1.3
78cd8c384000-78cd8c396000 r-xp 00002000 08:03 1409104                    /usr/lib/x86_64-linux-gnu/libz.so.1.3
78cd8c396000-78cd8c39c000 r--p 00014000 08:03 1409104                    /usr/lib/x86_64-linux-gnu/libz.so.1.3
78cd8c39c000-78cd8c39d000 r--p 0001a000 08:03 1409104                    /usr/lib/x86_64-linux-gnu/libz.so.1.3
78cd8c39d000-78cd8c39e000 rw-p 0001b000 08:03 1409104                    /usr/lib/x86_64-linux-gnu/libz.so.1.3
78cd8c3a2000-78cd8c3a3000 r--s 00000000 fc:00 13239104                   /mydata/gc-bpf-fault/scratch/index/_0.nvd
78cd8c3a3000-78cd8c3a4000 rw-s 00000000 00:10 68                         anon_inode:bpf-map
78cd8c3a4000-78cd8c3a5000 r--s 00000000 00:10 68                         anon_inode:bpf-map
78cd8c3a5000-78cd8c3a6000 ---p 00000000 00:00 0 
78cd8c3a6000-78cd8c3a7000 r--p 00000000 00:00 0 
78cd8c3a7000-78cd8c3a8000 ---p 00000000 00:00 0 
78cd8c3a8000-78cd8c3aa000 r--p 00000000 fc:00 49676372                   /mydata/openjdk-mmtk/build/b0test/images/jdk/lib/libjli.so
78cd8c3aa000-78cd8c3b4000 r-xp 00002000 fc:00 49676372                   /mydata/openjdk-mmtk/build/b0test/images/jdk/lib/libjli.so
78cd8c3b4000-78cd8c3b7000 r--p 0000c000 fc:00 49676372                   /mydata/openjdk-mmtk/build/b0test/images/jdk/lib/libjli.so
78cd8c3b7000-78cd8c3b8000 r--p 0000f000 fc:00 49676372                   /mydata/openjdk-mmtk/build/b0test/images/jdk/lib/libjli.so
78cd8c3b8000-78cd8c3b9000 rw-p 00010000 fc:00 49676372                   /mydata/openjdk-mmtk/build/b0test/images/jdk/lib/libjli.so
78cd8c3b9000-78cd8c3bb000 rw-p 00000000 00:00 0 
78cd8c3bb000-78cd8c3bf000 r--p 00000000 00:00 0                          [vvar]
78cd8c3bf000-78cd8c3c1000 r--p 00000000 00:00 0                          [vvar_vclock]
78cd8c3c1000-78cd8c3c3000 r-xp 00000000 00:00 0                          [vdso]
78cd8c3c3000-78cd8c3c4000 r--p 00000000 08:03 1409763                    /usr/lib/x86_64-linux-gnu/ld-linux-x86-64.so.2
78cd8c3c4000-78cd8c3ef000 r-xp 00001000 08:03 1409763                    /usr/lib/x86_64-linux-gnu/ld-linux-x86-64.so.2
78cd8c3ef000-78cd8c3f9000 r--p 0002c000 08:03 1409763                    /usr/lib/x86_64-linux-gnu/ld-linux-x86-64.so.2
78cd8c3f9000-78cd8c3fb000 r--p 00036000 08:03 1409763                    /usr/lib/x86_64-linux-gnu/ld-linux-x86-64.so.2
78cd8c3fb000-78cd8c3fd000 rw-p 00038000 08:03 1409763                    /usr/lib/x86_64-linux-gnu/ld-linux-x86-64.so.2
7ffc23d6c000-7ffc23d8d000 rw-p 00000000 00:00 0                          [stack]
ffffffffff600000-ffffffffff601000 --xp 00000000 00:00 0                  [vsyscall]
Total number of mappings: 403

JVMTI agents: none


VM Arguments:
jvm_args: -XX:+UseThirdPartyHeap -Xms512m -Xmx512m 
java_command: /mydata/dacapo/dacapo-23.11/dacapo-23.11-MR2-chopin.jar luindex -n 3
java_class_path (initial): /mydata/dacapo/dacapo-23.11/dacapo-23.11-MR2-chopin.jar
Launcher Type: SUN_STANDARD

[Global flags]
     intx CICompilerCount                          = 15                                        {product} {ergonomic}
   size_t InitialHeapSize                          = 536870912                                 {product} {command line}
   size_t MaxHeapSize                              = 536870912                                 {product} {command line}
   size_t MinHeapDeltaBytes                        = 524288                                    {product} {ergonomic}
   size_t MinHeapSize                              = 536870912                                 {product} {command line}
    uintx NonNMethodCodeHeapSize                   = 8192380                                {pd product} {ergonomic}
    uintx NonProfiledCodeHeapSize                  = 121732930                              {pd product} {ergonomic}
    uintx ProfiledCodeHeapSize                     = 121732930                              {pd product} {ergonomic}
    uintx ReservedCodeCacheSize                    = 251658240                              {pd product} {ergonomic}
     bool SegmentedCodeCache                       = true                                      {product} {ergonomic}
   size_t SoftMaxHeapSize                          = 536870912                              {manageable} {ergonomic}
     bool UseCompressedOops                        = true                           {product lp64_product} {ergonomic}

Logging:
Log output configuration:
 #0: stdout all=warning uptime,level,tags foldmultilines=false
 #1: stderr all=off uptime,level,tags foldmultilines=false

Release file:
IMPLEMENTOR="N/A"
JAVA_RUNTIME_VERSION="21.0.9-internal-adhoc.talzuss.openjdk-mmtk"
JAVA_VERSION="21.0.9"
JAVA_VERSION_DATE="2025-10-21"
LIBC="gnu"
MODULES="java.base java.compiler java.datatransfer java.xml java.prefs java.desktop java.instrument java.logging java.management java.security.sasl java.naming java.rmi java.management.rmi java.net.http java.scripting java.security.jgss java.transaction.xa java.sql java.sql.rowset java.xml.crypto java.se java.smartcardio jdk.accessibility jdk.internal.jvmstat jdk.attach jdk.charsets jdk.internal.opt jdk.zipfs jdk.compiler jdk.crypto.ec jdk.crypto.cryptoki jdk.dynalink jdk.internal.ed jdk.editpad jdk.hotspot.agent jdk.httpserver jdk.incubator.vector jdk.internal.le jdk.internal.vm.ci jdk.internal.vm.compiler jdk.internal.vm.compiler.management jdk.jartool jdk.javadoc jdk.jcmd jdk.management jdk.management.agent jdk.jconsole jdk.jdeps jdk.jdwp.agent jdk.jdi jdk.jfr jdk.jlink jdk.jpackage jdk.jshell jdk.jsobject jdk.jstatd jdk.localedata jdk.management.jfr jdk.naming.dns jdk.naming.rmi jdk.net jdk.nio.mapmode jdk.random jdk.sctp jdk.security.auth jdk.security.jgss jdk.unsupported jdk.unsupported.desktop jdk.xml.dom"
OS_ARCH="x86_64"
OS_NAME="Linux"
SOURCE=".:git:b557520f04b3+"

Environment Variables:
PATH=/usr/local/sbin:/usr/local/bin:/usr/sbin:/usr/bin:/sbin:/bin:/snap/bin
SHELL=/bin/bash
LANG=en_US.UTF-8
TERM=tmux-256color

Active Locale:
LC_ALL=en_US.UTF-8
LC_COLLATE=en_US.UTF-8
LC_CTYPE=en_US.UTF-8
LC_MESSAGES=en_US.UTF-8
LC_MONETARY=en_US.UTF-8
LC_NUMERIC=en_US.UTF-8
LC_TIME=en_US.UTF-8

Signal Handlers:
   SIGSEGV: crash_handler in libjvm.so, mask=11100100010111111101111111111110, flags=SA_RESTART|SA_SIGINFO, unblocked
    SIGBUS: crash_handler in libjvm.so, mask=11100100010111111101111111111110, flags=SA_RESTART|SA_SIGINFO, unblocked
    SIGFPE: crash_handler in libjvm.so, mask=11100100010111111101111111111110, flags=SA_RESTART|SA_SIGINFO, unblocked
   SIGPIPE: javaSignalHandler in libjvm.so, mask=11100100010111111101111111111110, flags=SA_RESTART|SA_SIGINFO, blocked
   SIGXFSZ: javaSignalHandler in libjvm.so, mask=11100100010111111101111111111110, flags=SA_RESTART|SA_SIGINFO, blocked
    SIGILL: crash_handler in libjvm.so, mask=11100100010111111101111111111110, flags=SA_RESTART|SA_SIGINFO, unblocked
   SIGUSR2: SR_handler in libjvm.so, mask=00000000000000000000000000000000, flags=SA_RESTART|SA_SIGINFO, blocked
    SIGHUP: UserHandler in libjvm.so, mask=11100100010111111101111111111110, flags=SA_RESTART|SA_SIGINFO, blocked
    SIGINT: UserHandler in libjvm.so, mask=11100100010111111101111111111110, flags=SA_RESTART|SA_SIGINFO, blocked
   SIGTERM: UserHandler in libjvm.so, mask=11100100010111111101111111111110, flags=SA_RESTART|SA_SIGINFO, blocked
   SIGQUIT: UserHandler in libjvm.so, mask=11100100010111111101111111111110, flags=SA_RESTART|SA_SIGINFO, blocked
   SIGTRAP: crash_handler in libjvm.so, mask=11100100010111111101111111111110, flags=SA_RESTART|SA_SIGINFO, unblocked


Periodic native trim disabled

---------------  S Y S T E M  ---------------

OS:
DISTRIB_ID=Ubuntu
DISTRIB_RELEASE=24.04
DISTRIB_CODENAME=noble
DISTRIB_DESCRIPTION="Ubuntu 24.04.4 LTS"
uname: Linux 6.17.0-bpf-fault+ #1 SMP PREEMPT_DYNAMIC Mon Jul  6 16:43:12 MDT 2026 x86_64
OS uptime: 1 days 5:49 hours
libc: glibc 2.39 NPTL 2.39 
rlimit (soft/hard): STACK 8192k/infinity , CORE 0k/0k , NPROC 513205/513205 , NOFILE 1048576/1048576 , AS infinity/infinity , CPU infinity/infinity , DATA infinity/infinity , FSIZE infinity/infinity , MEMLOCK 16436528k/16436528k
load average: 1.26 0.99 0.74

/proc/meminfo:
MemTotal:       131492232 kB
MemFree:        63428324 kB
MemAvailable:   111856732 kB
Buffers:          591696 kB
Cached:         47060484 kB
SwapCached:            0 kB
Active:          4719136 kB
Inactive:       46829068 kB
Active(anon):    3912624 kB
Inactive(anon):        0 kB
Active(file):     806512 kB
Inactive(file): 46829068 kB
Unevictable:       41912 kB
Mlocked:           38840 kB
SwapTotal:       8388604 kB
SwapFree:        8388604 kB
Zswap:                 0 kB
Zswapped:              0 kB
Dirty:            535628 kB
Writeback:         53248 kB
AnonPages:       3939492 kB
Mapped:         12906332 kB
Shmem:              5316 kB
KReclaimable:    2044512 kB
Slab:            2590524 kB
SReclaimable:    2044512 kB
SUnreclaim:       546012 kB
KernelStack:       12160 kB
PageTables:        73256 kB
SecPageTables:      9900 kB
NFS_Unstable:          0 kB
Bounce:                0 kB
WritebackTmp:          0 kB
CommitLimit:    74134720 kB
Committed_AS:   165392804 kB
VmallocTotal:   34359738367 kB
VmallocUsed:       38204 kB
VmallocChunk:          0 kB
Percpu:            51840 kB
HardwareCorrupted:     0 kB
AnonHugePages:         0 kB
ShmemHugePages:        0 kB
ShmemPmdMapped:        0 kB
FileHugePages:   2177024 kB
FilePmdMapped:         0 kB
Unaccepted:            0 kB
Balloon:               0 kB
HugePages_Total:       0
HugePages_Free:        0
HugePages_Rsvd:        0
HugePages_Surp:        0
Hugepagesize:       2048 kB
Hugetlb:               0 kB
DirectMap4k:     1329984 kB
DirectMap2M:    30763008 kB
DirectMap1G:    101711872 kB

/sys/kernel/mm/transparent_hugepage/enabled: always [madvise] never
/sys/kernel/mm/transparent_hugepage/hpage_pmd_size: 2097152
/sys/kernel/mm/transparent_hugepage/defrag (defrag/compaction efforts parameter): always defer defer+madvise [madvise] never

Process Memory:
Virtual Size: 13618407420K (peak: 13618407460K)
Resident Set Size: 4502572K (peak: 4502572K) (anon: 1328736K, file: 3173836K, shmem: 0K)
Swapped out: 0K
C-Heap outstanding allocations: 1344597K, retained: 156718K
glibc malloc tunables: (default)

/proc/sys/kernel/threads-max (system-wide limit on the number of threads): 1026411
/proc/sys/vm/max_map_count (maximum number of memory map areas a process may have): 1048576
/proc/sys/vm/swappiness (control to define how aggressively the kernel swaps out anonymous memory): 60
/proc/sys/kernel/pid_max (system-wide limit on number of process identifiers): 4194304

container information not found.
Steal ticks since vm start: 0
Steal ticks percentage since vm start:  0.000

CPU: total 32 (initial active 32) (32 cores per cpu, 2 threads per core) family 23 model 49 stepping 0 microcode 0x830107c, cx8, cmov, fxsr, ht, mmx, 3dnowpref, sse, sse2, sse3, ssse3, sse4a, sse4.1, sse4.2, popcnt, lzcnt, tsc, tscinvbit, avx, avx2, aes, clmul, bmi1, bmi2, adx, sha, fma, vzeroupper, clflush, clflushopt, rdtscp, rdpid, f16c
CPU Model and flags from /proc/cpuinfo:
model name	: AMD EPYC 7302P 16-Core Processor
flags		: fpu vme de pse tsc msr pae mce cx8 apic sep mtrr pge mca cmov pat pse36 clflush mmx fxsr sse sse2 ht syscall nx mmxext fxsr_opt pdpe1gb rdtscp lm constant_tsc rep_good nopl xtopology nonstop_tsc cpuid extd_apicid aperfmperf rapl pni pclmulqdq monitor ssse3 fma cx16 sse4_1 sse4_2 movbe popcnt aes xsave avx f16c rdrand lahf_lm cmp_legacy svm extapic cr8_legacy abm sse4a misalignsse 3dnowprefetch osvw ibs skinit wdt tce topoext perfctr_core perfctr_nb bpext perfctr_llc mwaitx cpb cat_l3 cdp_l3 hw_pstate ssbd mba ibrs ibpb stibp vmmcall fsgsbase bmi1 avx2 smep bmi2 cqm rdt_a rdseed adx smap clflushopt clwb sha_ni xsaveopt xsavec xgetbv1 xsaves cqm_llc cqm_occup_llc cqm_mbm_total cqm_mbm_local clzero irperf xsaveerptr rdpru wbnoinvd amd_ppin arat npt lbrv svm_lock nrip_save tsc_scale vmcb_clean flushbyasid decodeassists pausefilter pfthreshold avic v_vmsave_vmload vgif v_spec_ctrl umip rdpid overflow_recov succor smca sev sev_es

Online cpus: 0-31
Offline cpus: 
BIOS frequency limitation: <Not Available>
Frequency switch latency (ns): <Not Available>
Available cpu frequencies: <Not Available>
Current governor: <Not Available>
Core performance/turbo boost: <Not Available>

Memory: 4k page, physical 131492232k(111856732k free), swap 8388604k(8388604k free)
Page Sizes: 4k

vm_info: OpenJDK 64-Bit Server VM (21.0.9-internal-adhoc.talzuss.openjdk-mmtk) for linux-amd64 JRE (21.0.9-internal-adhoc.talzuss.openjdk-mmtk), built on 2026-07-06T23:13:08Z by "talzuss" with gcc 13.3.0
heap_info: MMTk OpenJDK 0.32.0 (dd145e6), using MMTk 0.32.0 (da28534-dirty, BUILTIN_ENV_LOGGER, DEFAULT, EAGER_SWEEPING, VO_BIT)

END.
