#
# A fatal error has been detected by the Java Runtime Environment:
#
#  SIGSEGV (0xb) at pc=0x00007a03ebbe84ed, pid=506551, tid=506604
#
# JRE version: OpenJDK Runtime Environment (21.0.9) (build 21.0.9-internal-adhoc.talzuss.openjdk-mmtk)
# Java VM: OpenJDK 64-Bit Server VM (21.0.9-internal-adhoc.talzuss.openjdk-mmtk, mixed mode, sharing, tiered, compressed oops, compressed class ptrs, third-party gc, linux-amd64)
# Problematic frame:
# V  [libjvm.so+0xde84ed]  SharedRuntime::generate_class_cast_message(Klass*, Klass*, Symbol*)+0x5d
#
# No core dump will be written. Core dumps have been disabled. To enable core dumping, try "ulimit -c unlimited" before starting Java again
#
# If you would like to submit a bug report, please visit:
#   https://bugreport.java.com/bugreport/crash.jsp
#

---------------  S U M M A R Y ------------

Command Line: -XX:+UseThirdPartyHeap -Xms512m -Xmx512m /mydata/dacapo/dacapo-23.11/dacapo-23.11-MR2-chopin.jar xalan -n 3

Host: AMD EPYC 7302P 16-Core Processor, 32 cores, 125G, Ubuntu 24.04.4 LTS
Time: Tue Jul  7 22:47:15 2026 MDT elapsed time: 3.470621 seconds (0d 0h 0m 3s)

---------------  T H R E A D  ---------------

Current thread (0x00007a03e47dfac0):  JavaThread "Thread-7"         [_thread_in_vm, id=506604, stack(0x00006d56aec00000,0x00006d56aed00000) (1024K)]

Stack: [0x00006d56aec00000,0x00006d56aed00000],  sp=0x00006d56aecfbfc0,  free space=1007k
Native frames: (J=compiled Java code, j=interpreted, Vv=VM code, C=native code)
V  [libjvm.so+0xde84ed]  SharedRuntime::generate_class_cast_message(Klass*, Klass*, Symbol*)+0x5d  (sharedRuntime.cpp:2190)
V  [libjvm.so+0xdeb170]  SharedRuntime::generate_class_cast_message(JavaThread*, Klass*)+0xf0  (sharedRuntime.cpp:2171)
V  [libjvm.so+0x57819f]  Runtime1::throw_class_cast_exception(JavaThread*, oopDesc*)+0x6f  (c1_Runtime1.cpp:735)
v  ~RuntimeStub::throw_class_cast_exception Runtime1 stub 0x00007a03d3d14860
J 2245 c1 org.apache.xalan.templates.ElemNumber.formatNumberList(Lorg/apache/xalan/transformer/TransformerImpl;[JI)Ljava/lang/String; (421 bytes) @ 0x00007a03cccb50d6 [0x00007a03cccb1b20+0x00000000000035b6]
J 2240 c1 org.apache.xalan.templates.ElemNumber.getCountString(Lorg/apache/xalan/transformer/TransformerImpl;I)Ljava/lang/String; (247 bytes) @ 0x00007a03ccc94aac [0x00007a03ccc93b60+0x0000000000000f4c]
J 2239 c1 org.apache.xalan.templates.ElemNumber.execute(Lorg/apache/xalan/transformer/TransformerImpl;)V (99 bytes) @ 0x00007a03ccc9f60c [0x00007a03ccc9f3e0+0x000000000000022c]
J 2302 c2 org.apache.xalan.templates.ElemApplyTemplates.transformSelectedNodes(Lorg/apache/xalan/transformer/TransformerImpl;)V (979 bytes) @ 0x00007a03d458d598 [0x00007a03d458c780+0x0000000000000e18]
J 2477 c2 org.apache.xalan.templates.ElemApplyTemplates.execute(Lorg/apache/xalan/transformer/TransformerImpl;)V (141 bytes) @ 0x00007a03d452a584 [0x00007a03d452a380+0x0000000000000204]
J 2946 c2 org.apache.xalan.templates.ElemLiteralResult.execute(Lorg/apache/xalan/transformer/TransformerImpl;)V (312 bytes) @ 0x00007a03d4572734 [0x00007a03d4572380+0x00000000000003b4]
J 2302 c2 org.apache.xalan.templates.ElemApplyTemplates.transformSelectedNodes(Lorg/apache/xalan/transformer/TransformerImpl;)V (979 bytes) @ 0x00007a03d458d598 [0x00007a03d458c780+0x0000000000000e18]
J 2477 c2 org.apache.xalan.templates.ElemApplyTemplates.execute(Lorg/apache/xalan/transformer/TransformerImpl;)V (141 bytes) @ 0x00007a03d452a584 [0x00007a03d452a380+0x0000000000000204]
J 2946 c2 org.apache.xalan.templates.ElemLiteralResult.execute(Lorg/apache/xalan/transformer/TransformerImpl;)V (312 bytes) @ 0x00007a03d4572734 [0x00007a03d4572380+0x00000000000003b4]
J 2302 c2 org.apache.xalan.templates.ElemApplyTemplates.transformSelectedNodes(Lorg/apache/xalan/transformer/TransformerImpl;)V (979 bytes) @ 0x00007a03d458d598 [0x00007a03d458c780+0x0000000000000e18]
J 2477 c2 org.apache.xalan.templates.ElemApplyTemplates.execute(Lorg/apache/xalan/transformer/TransformerImpl;)V (141 bytes) @ 0x00007a03d452a584 [0x00007a03d452a380+0x0000000000000204]
J 2946 c2 org.apache.xalan.templates.ElemLiteralResult.execute(Lorg/apache/xalan/transformer/TransformerImpl;)V (312 bytes) @ 0x00007a03d4572734 [0x00007a03d4572380+0x00000000000003b4]
J 2302 c2 org.apache.xalan.templates.ElemApplyTemplates.transformSelectedNodes(Lorg/apache/xalan/transformer/TransformerImpl;)V (979 bytes) @ 0x00007a03d458d598 [0x00007a03d458c780+0x0000000000000e18]
J 2477 c2 org.apache.xalan.templates.ElemApplyTemplates.execute(Lorg/apache/xalan/transformer/TransformerImpl;)V (141 bytes) @ 0x00007a03d452a584 [0x00007a03d452a380+0x0000000000000204]
J 2301 c2 org.apache.xalan.transformer.TransformerImpl.executeChildTemplates(Lorg/apache/xalan/templates/ElemTemplateElement;Z)V (218 bytes) @ 0x00007a03d44b179c [0x00007a03d44b1620+0x000000000000017c]
J 2768 c1 org.apache.xalan.transformer.TransformerImpl.applyTemplateToNode(Lorg/apache/xalan/templates/ElemTemplateElement;Lorg/apache/xalan/templates/ElemTemplate;I)Z (577 bytes) @ 0x00007a03ccdbe114 [0x00007a03ccdbd320+0x0000000000000df4]
J 3240 c2 org.apache.xalan.transformer.TransformerImpl.transformNode(I)V (489 bytes) @ 0x00007a03d45fddec [0x00007a03d45fd440+0x00000000000009ac]
J 2901 c1 org.apache.xalan.transformer.TransformerImpl.transform(Ljavax/xml/transform/Source;Z)V (567 bytes) @ 0x00007a03ccdffd64 [0x00007a03ccdfeea0+0x0000000000000ec4]
J 2934 c1 org.apache.xalan.transformer.TransformerImpl.transform(Ljavax/xml/transform/Source;Ljavax/xml/transform/Result;Z)V (47 bytes) @ 0x00007a03ccdf9964 [0x00007a03ccdf9840+0x0000000000000124]
J 3038 c1 org.apache.xalan.transformer.TransformerImpl.transform(Ljavax/xml/transform/Source;Ljavax/xml/transform/Result;)V (8 bytes) @ 0x00007a03cce3400c [0x00007a03cce33fa0+0x000000000000006c]
j  org.dacapo.xalan.XSLTBench$XalanWorker.run()V+209
v  ~StubRoutines::call_stub 0x00007a03d3c17cc6
V  [libjvm.so+0x92b2fa]  JavaCalls::call_helper(JavaValue*, methodHandle const&, JavaCallArguments*, JavaThread*)+0x2da  (javaCalls.cpp:415)
V  [libjvm.so+0x92ccb2]  JavaCalls::call_virtual(JavaValue*, Handle, Klass*, Symbol*, Symbol*, JavaThread*)+0x1c2  (javaCalls.cpp:329)
V  [libjvm.so+0x9fc323]  thread_entry(JavaThread*, JavaThread*)+0x93  (jvm.cpp:2930)
V  [libjvm.so+0x941e38]  JavaThread::thread_main_inner() [clone .part.0]+0xb8  (javaThread.cpp:717)
V  [libjvm.so+0xf9e927]  Thread::call_run()+0xa7  (thread.cpp:236)
V  [libjvm.so+0xd290e5]  thread_native_entry(Thread*)+0xd5  (os_linux.cpp:789)
C  [libc.so.6+0x9caa4]
Java frames: (J=compiled Java code, j=interpreted, Vv=VM code)
v  ~RuntimeStub::throw_class_cast_exception Runtime1 stub 0x00007a03d3d14860
J 2245 c1 org.apache.xalan.templates.ElemNumber.formatNumberList(Lorg/apache/xalan/transformer/TransformerImpl;[JI)Ljava/lang/String; (421 bytes) @ 0x00007a03cccb50d6 [0x00007a03cccb1b20+0x00000000000035b6]
J 2240 c1 org.apache.xalan.templates.ElemNumber.getCountString(Lorg/apache/xalan/transformer/TransformerImpl;I)Ljava/lang/String; (247 bytes) @ 0x00007a03ccc94aac [0x00007a03ccc93b60+0x0000000000000f4c]
J 2239 c1 org.apache.xalan.templates.ElemNumber.execute(Lorg/apache/xalan/transformer/TransformerImpl;)V (99 bytes) @ 0x00007a03ccc9f60c [0x00007a03ccc9f3e0+0x000000000000022c]
J 2302 c2 org.apache.xalan.templates.ElemApplyTemplates.transformSelectedNodes(Lorg/apache/xalan/transformer/TransformerImpl;)V (979 bytes) @ 0x00007a03d458d598 [0x00007a03d458c780+0x0000000000000e18]
J 2477 c2 org.apache.xalan.templates.ElemApplyTemplates.execute(Lorg/apache/xalan/transformer/TransformerImpl;)V (141 bytes) @ 0x00007a03d452a584 [0x00007a03d452a380+0x0000000000000204]
J 2946 c2 org.apache.xalan.templates.ElemLiteralResult.execute(Lorg/apache/xalan/transformer/TransformerImpl;)V (312 bytes) @ 0x00007a03d4572734 [0x00007a03d4572380+0x00000000000003b4]
J 2302 c2 org.apache.xalan.templates.ElemApplyTemplates.transformSelectedNodes(Lorg/apache/xalan/transformer/TransformerImpl;)V (979 bytes) @ 0x00007a03d458d598 [0x00007a03d458c780+0x0000000000000e18]
J 2477 c2 org.apache.xalan.templates.ElemApplyTemplates.execute(Lorg/apache/xalan/transformer/TransformerImpl;)V (141 bytes) @ 0x00007a03d452a584 [0x00007a03d452a380+0x0000000000000204]
J 2946 c2 org.apache.xalan.templates.ElemLiteralResult.execute(Lorg/apache/xalan/transformer/TransformerImpl;)V (312 bytes) @ 0x00007a03d4572734 [0x00007a03d4572380+0x00000000000003b4]
J 2302 c2 org.apache.xalan.templates.ElemApplyTemplates.transformSelectedNodes(Lorg/apache/xalan/transformer/TransformerImpl;)V (979 bytes) @ 0x00007a03d458d598 [0x00007a03d458c780+0x0000000000000e18]
J 2477 c2 org.apache.xalan.templates.ElemApplyTemplates.execute(Lorg/apache/xalan/transformer/TransformerImpl;)V (141 bytes) @ 0x00007a03d452a584 [0x00007a03d452a380+0x0000000000000204]
J 2946 c2 org.apache.xalan.templates.ElemLiteralResult.execute(Lorg/apache/xalan/transformer/TransformerImpl;)V (312 bytes) @ 0x00007a03d4572734 [0x00007a03d4572380+0x00000000000003b4]
J 2302 c2 org.apache.xalan.templates.ElemApplyTemplates.transformSelectedNodes(Lorg/apache/xalan/transformer/TransformerImpl;)V (979 bytes) @ 0x00007a03d458d598 [0x00007a03d458c780+0x0000000000000e18]
J 2477 c2 org.apache.xalan.templates.ElemApplyTemplates.execute(Lorg/apache/xalan/transformer/TransformerImpl;)V (141 bytes) @ 0x00007a03d452a584 [0x00007a03d452a380+0x0000000000000204]
J 2301 c2 org.apache.xalan.transformer.TransformerImpl.executeChildTemplates(Lorg/apache/xalan/templates/ElemTemplateElement;Z)V (218 bytes) @ 0x00007a03d44b179c [0x00007a03d44b1620+0x000000000000017c]
J 2768 c1 org.apache.xalan.transformer.TransformerImpl.applyTemplateToNode(Lorg/apache/xalan/templates/ElemTemplateElement;Lorg/apache/xalan/templates/ElemTemplate;I)Z (577 bytes) @ 0x00007a03ccdbe114 [0x00007a03ccdbd320+0x0000000000000df4]
J 3240 c2 org.apache.xalan.transformer.TransformerImpl.transformNode(I)V (489 bytes) @ 0x00007a03d45fddec [0x00007a03d45fd440+0x00000000000009ac]
J 2901 c1 org.apache.xalan.transformer.TransformerImpl.transform(Ljavax/xml/transform/Source;Z)V (567 bytes) @ 0x00007a03ccdffd64 [0x00007a03ccdfeea0+0x0000000000000ec4]
J 2934 c1 org.apache.xalan.transformer.TransformerImpl.transform(Ljavax/xml/transform/Source;Ljavax/xml/transform/Result;Z)V (47 bytes) @ 0x00007a03ccdf9964 [0x00007a03ccdf9840+0x0000000000000124]
J 3038 c1 org.apache.xalan.transformer.TransformerImpl.transform(Ljavax/xml/transform/Source;Ljavax/xml/transform/Result;)V (8 bytes) @ 0x00007a03cce3400c [0x00007a03cce33fa0+0x000000000000006c]
j  org.dacapo.xalan.XSLTBench$XalanWorker.run()V+209
v  ~StubRoutines::call_stub 0x00007a03d3c17cc6

siginfo: si_signo: 11 (SIGSEGV), si_code: 1 (SEGV_MAPERR), si_addr: 0x0000000000000088

Registers:
RAX=0x0000000000000000, RBX=0x00006d56b00d8248, RCX=0x0000000000000025, RDX=0x00006d5620024f58
RSP=0x00006d56aecfbfc0, RBP=0x00006d56aecfc010, RSI=0x0000000000000072, RDI=0x00006d56af000000
R8 =0x00007a03cccb6972, R9 =0x0000000000000000, R10=0x00007a03eb37ad90, R11=0x00007a03cccb6971
R12=0x00006d56af000000, R13=0x00006d5620024f58, R14=0x0000000000000000, R15=0x00006d5620024f50
RIP=0x00007a03ebbe84ed, EFLAGS=0x0000000000010212, CSGSFS=0x002b000000000033, ERR=0x0000000000000004
  TRAPNO=0x000000000000000e

XMM[0]=0x0000000000000000 0x0000000000000000
XMM[1]=0x0000000000000000 0x0000000000000000
XMM[2]=0x00007a03cccb50d6 0x00006d56aecfd840
XMM[3]=0x0000000000000000 0x00007a03cccb1390
XMM[4]=0x0000000000000000 0x00007a0000000000
XMM[5]=0x00006d56aecfd830 0x00007a0000000000
XMM[6]=0x0000000000000000 0x0000000000000000
XMM[7]=0x0000000000000000 0x00007a03d3d14710
XMM[8]=0xff00ff00ff00ff00 0xff00ff00ff00ff00
XMM[9]=0x0000000000000000 0x0000000000000000
XMM[10]=0x0000000000000000 0x000000003bbd35ba
XMM[11]=0x0d1890d00d1890d0 0x0d1890d0fabd6962
XMM[12]=0x0000000000000000 0x00000000eda4d892
XMM[13]=0x0000000000000000 0x0000000000000000
XMM[14]=0x0000000000000000 0x0000000000000000
XMM[15]=0x0000000000000000 0x0000000000000000
  MXCSR=0x00001fa2


Register to memory mapping:

RAX=0x0 is null
RBX=
[error occurred during error reporting (printing register info), id 0xe0000000, Internal Error (/mydata/mmtk-openjdk/openjdk/share/mmtkHeap.cpp:444)]
RCX=
[error occurred during error reporting (printing register info, attempt 2), id 0xe0000000, Internal Error (/mydata/mmtk-openjdk/openjdk/share/mmtkHeap.cpp:444)]
RDX=
[error occurred during error reporting (printing register info, attempt 3), id 0xe0000000, Internal Error (/mydata/mmtk-openjdk/openjdk/share/mmtkHeap.cpp:444)]
Top of Stack: (sp=0x00006d56aecfbfc0)
0x00006d56aecfbfc0:   00007a03e47dfac0 0000000000000000
0x00006d56aecfbfd0:   00010101ffffffff 0000000000000045
0x00006d56aecfbfe0:   0000000000000000 00006d56af000000
0x00006d56aecfbff0:   00007a03ec32bde0 00006d56a47fab16
0x00006d56aecfc000:   00006d56aecfc020 00006d56b00d8248
0x00006d56aecfc010:   00006d56aecfd350 00007a03ebbeb170
0x00006d56aecfc020:   00006d56a47fa720 00007a03e47dfac0
0x00006d56aecfc030:   00006d56aecfd840 00007a03cccb50d6
0x00006d56aecfc040:   00007a03cccb1390 0000000000000000
0x00006d56aecfc050:   00007a0000000000 0000000000000000
0x00006d56aecfc060:   00006d56aecfd840 00007a03e47dfac0
0x00006d56aecfc070:   00006d56aecfd828 00006d56aecfd82c
0x00006d56aecfc080:   00006d56aecfd820 00006d56aecfd824
0x00006d56aecfc090:   00006d56aecfd818 00006d56aecfd81c
0x00006d56aecfc0a0:   00006d56aecfd810 00006d56aecfd814
0x00006d56aecfc0b0:   00006d56aecfe110 00006d56aecfdf8c
0x00006d56aecfc0c0:   00006d56aecfd830 00006d56aecfd830
0x00006d56aecfc0d0:   00006d56aecfd7f8 00006d56aecfd7fc
0x00006d56aecfc0e0:   00006d56aecfd7f0 00006d56aecfd7f4
0x00006d56aecfc0f0:   00006d56aecfd7e8 00006d56aecfd7ec
0x00006d56aecfc100:   00006d56aecfd7e0 00006d56aecfd7e4
0x00006d56aecfc110:   00006d56aecfd7d8 00006d56aecfd7dc
0x00006d56aecfc120:   00006d56aecfd7d0 00006d56aecfd7d4
0x00006d56aecfc130:   00006d56aecfd7c8 00006d56aecfd7cc
0x00006d56aecfc140:   00006d56aecfd7c0 00006d56aecfd7c4
0x00006d56aecfc150:   00006d56aecfd7b8 00006d56aecfd7bc
0x00006d56aecfc160:   00006d56aecfd7b0 00006d56aecfd7b4
0x00006d56aecfc170:   00006d56aecfe090 00006d56aecfe094
0x00006d56aecfc180:   00006d56aecfe088 00006d56aecfe08c
0x00006d56aecfc190:   00006d56aecfe080 00006d56aecfe084
0x00006d56aecfc1a0:   00006d56aecfe078 00006d56aecfe07c
0x00006d56aecfc1b0:   00006d56aecfe070 00006d56aecfe074 

Instructions: (pc=0x00007a03ebbe84ed)
0x00007a03ebbe83ed:   0f 1f 00 ba 01 00 00 00 be 01 00 00 00 48 89 df
0x00007a03ebbe83fd:   e8 5e 84 ff ff 8b 83 60 07 00 00 a8 0c 74 ce 48
0x00007a03ebbe840d:   89 df e8 3c bb b5 ff eb c4 66 2e 0f 1f 84 00 00
0x00007a03ebbe841d:   00 00 00 48 8b 7f 08 e9 2c ff ff ff 0f 1f 80 00
0x00007a03ebbe842d:   00 00 00 48 8d 05 89 cb 77 00 45 31 c0 ba 5d 08
0x00007a03ebbe843d:   00 00 48 89 df 48 8d 35 9f 86 3d 00 48 8b 88 08
0x00007a03ebbe844d:   05 00 00 e8 5b 0c 9b ff 4c 8b a3 98 01 00 00 49
0x00007a03ebbe845d:   8b 44 24 10 48 83 38 00 0f 85 1b ff ff ff e9 23
0x00007a03ebbe846d:   ff ff ff 48 8d bb e0 07 00 00 e8 84 66 0c 00 e9
0x00007a03ebbe847d:   44 ff ff ff 90 66 66 2e 0f 1f 84 00 00 00 00 00
0x00007a03ebbe848d:   0f 1f 00 f3 0f 1e fa 55 48 89 e5 41 57 41 56 41
0x00007a03ebbe849d:   55 49 89 d5 41 54 49 89 fc 53 48 89 f3 48 83 ec
0x00007a03ebbe84ad:   28 e8 cd 3f d7 ff 49 89 c7 48 85 db 0f 84 09 01
0x00007a03ebbe84bd:   00 00 48 89 df e8 b9 3f d7 ff 4c 89 ff 49 89 c5
0x00007a03ebbe84cd:   e8 ce 10 4c ff 4c 89 ef 49 89 c6 e8 c3 10 4c ff
0x00007a03ebbe84dd:   4c 89 e7 49 8d 44 06 20 48 89 45 c8 49 8b 04 24
0x00007a03ebbe84ed:   ff 90 88 00 00 00 48 89 df 49 89 c6 48 8b 03 ff
0x00007a03ebbe84fd:   90 88 00 00 00 31 d2 49 39 c6 0f 84 33 01 00 00
0x00007a03ebbe850d:   31 f6 4c 89 e7 e8 59 41 d7 ff 31 d2 48 89 df 31
0x00007a03ebbe851d:   f6 49 89 c6 e8 4a 41 d7 ff 48 89 c7 48 89 c3 e8
0x00007a03ebbe852d:   6f 10 4c ff 48 c7 45 c0 02 00 00 00 48 8d 0d 52
0x00007a03ebbe853d:   c4 37 00 48 89 c2 4c 89 f7 48 89 55 b0 48 89 4d
0x00007a03ebbe854d:   b8 e8 4d 10 4c ff 48 8b 55 b0 48 8b 4d c0 48 89
0x00007a03ebbe855d:   c6 48 8b 45 c8 48 8d 44 10 03 48 01 c8 48 01 f0
0x00007a03ebbe856d:   be 01 00 00 00 48 89 c7 48 89 45 c8 e8 02 55 fe
0x00007a03ebbe857d:   ff 48 8b 4d b8 48 85 c0 48 89 c7 0f 84 92 00 00
0x00007a03ebbe858d:   00 53 4d 89 f1 4d 89 e8 48 8d 15 c4 88 3d 00 51
0x00007a03ebbe859d:   48 8b 75 c8 4c 89 f9 48 89 45 c8 31 c0 e8 81 0a
0x00007a03ebbe85ad:   4c ff 58 48 8b 45 c8 5a 48 8d 65 d8 5b 41 5c 41
0x00007a03ebbe85bd:   5d 41 5e 41 5f 5d c3 0f 1f 40 00 4c 89 ef e8 60
0x00007a03ebbe85cd:   e6 15 00 4c 89 ff 49 89 c5 e8 c5 0f 4c ff 4c 89
0x00007a03ebbe85dd:   ef 48 89 c3 e8 ba 0f 4c ff 31 d2 31 f6 4c 89 e7 


Stack slot to memory mapping:

stack at sp + 0 slots: 
[error occurred during error reporting (inspecting top of stack), id 0xe0000000, Internal Error (/mydata/mmtk-openjdk/openjdk/share/mmtkHeap.cpp:444)]
stack at sp + 1 slots: 0x0 is null
stack at sp + 2 slots: 
[error occurred during error reporting (inspecting top of stack, attempt 2), id 0xe0000000, Internal Error (/mydata/mmtk-openjdk/openjdk/share/mmtkHeap.cpp:444)]
stack at sp + 3 slots: 
[error occurred during error reporting (inspecting top of stack, attempt 3), id 0xe0000000, Internal Error (/mydata/mmtk-openjdk/openjdk/share/mmtkHeap.cpp:444)]
--------------------------------------------------------------------------------
Decoding CodeBlob, name: throw_class_cast_exception Runtime1 stub, at  [0x00007a03d3d14780, 0x00007a03d3d148b0]  304 bytes
[MachCode]
  0x00007a03d3d14780: 5548 8bec | 4881 ec80 | 0000 0048 | 8944 2478 | 4889 4c24 | 7048 8954 | 2468 4889 | 5c24 6048 
  0x00007a03d3d147a0: 896c 2450 | 4889 7424 | 4848 897c | 2440 4c89 | 4424 384c | 894c 2430 | 4c89 5424 | 284c 895c 
  0x00007a03d3d147c0: 2420 4c89 | 6424 184c | 896c 2410 | 4c89 7424 | 084c 893c | 2448 81ec | f003 0000 | c5fb 1144 
  0x00007a03d3d147e0: 2408 c5fb | 114c 2410 | c5fb 1154 | 2418 c5fb | 115c 2420 | c5fb 1164 | 2428 c5fb | 116c 2430 
  0x00007a03d3d14800: c5fb 1174 | 2438 c5fb | 117c 2440 | c57b 1144 | 2448 c57b | 114c 2450 | c57b 1154 | 2458 c57b 
  0x00007a03d3d14820: 115c 2460 | c57b 1164 | 2468 c57b | 116c 2470 | c57b 1174 | 2478 c57b | 11bc 2480 | 0000 0048 
  0x00007a03d3d14840: 8b75 1048 | 8b55 1849 | 8bff c5f8 | 7749 89af | c806 0000 | 4989 a7b8 | 0600 00e8 | d038 6617 
  0x00007a03d3d14860: 49c7 87b8 | 0600 0000 | 0000 0049 | c787 c806 | 0000 0000 | 0000 49c7 | 87c0 0600 | 0000 0000 
  0x00007a03d3d14880: 00c5 f877 | 4983 7f08 | 000f 8409 | 0000 0049 | 8b47 08e9 | e8bf ffff | 48bf bb51 | f4eb 037a 
  0x00007a03d3d148a0: 0000 4883 | e4f0 e8a5 | 65cf 17f4 | c9c3 6690 
[/MachCode]
--------------------------------------------------------------------------------


Compiled method (c1) 5234 2245   !   3       org.apache.xalan.templates.ElemNumber::formatNumberList (421 bytes)
 total in heap  [0x00007a03cccb1390,0x00007a03cccb88f0] = 30048
 relocation     [0x00007a03cccb14e8,0x00007a03cccb1b10] = 1576
 main code      [0x00007a03cccb1b20,0x00007a03cccb5f68] = 17480
 stub code      [0x00007a03cccb5f68,0x00007a03cccb6110] = 424
 oops           [0x00007a03cccb6110,0x00007a03cccb6128] = 24
 metadata       [0x00007a03cccb6128,0x00007a03cccb6230] = 264
 scopes data    [0x00007a03cccb6230,0x00007a03cccb72c8] = 4248
 scopes pcs     [0x00007a03cccb72c8,0x00007a03cccb7e88] = 3008
 dependencies   [0x00007a03cccb7e88,0x00007a03cccb7ea0] = 24
 handler table  [0x00007a03cccb7ea0,0x00007a03cccb87d0] = 2352
 nul chk table  [0x00007a03cccb87d0,0x00007a03cccb88f0] = 288

[Constant Pool (empty)]

[MachCode]
[Entry Point]
  # {method} {0x00006d56a454c8d0} 'formatNumberList' '(Lorg/apache/xalan/transformer/TransformerImpl;[JI)Ljava/lang/String;' in 'org/apache/xalan/templates/ElemNumber'
  # this:     rsi:rsi   = 'org/apache/xalan/templates/ElemNumber'
  # parm0:    rdx:rdx   = 'org/apache/xalan/transformer/TransformerImpl'
  # parm1:    rcx:rcx   = '[J'
  # parm2:    r8        = int
  #           [sp+0x210]  (sp of caller)
  0x00007a03cccb1b20: 448b 5608 | 49bb 0000 | 00af 566d | 0000 4d03 | d34c 3bd0 

  0x00007a03cccb1b34: ;   {runtime_call ic_miss_stub}
  0x00007a03cccb1b34: 0f85 4632 | fb06 660f | 1f44 0000 
[Verified Entry Point]
  0x00007a03cccb1b40: e93b c4f6 | 06fe ff55 | 4881 ec00 | 0200 0090 | 4181 7f20 | 0100 0000 

  0x00007a03cccb1b58: ;   {runtime_call StubRoutines (final stubs)}
  0x00007a03cccb1b58: 7405 e801 | d3f9 0648 | 89b4 24e8 | 0000 0048 | 8994 24f0 | 0000 0048 | 898c 24e0 | 0000 0044 
  0x00007a03cccb1b78: 8984 24f8 

  0x00007a03cccb1b7c: ;   {metadata(method data for {method} {0x00006d56a454c8d0} 'formatNumberList' '(Lorg/apache/xalan/transformer/TransformerImpl;[JI)Ljava/lang/String;' in 'org/apache/xalan/templates/ElemNumber')}
  0x00007a03cccb1b7c: 0000 0048 | b870 8885 | a456 6d00 | 008b b8f4 | 0000 0083 | c702 89b8 | f400 0000 | 81e7 fe07 
  0x00007a03cccb1b9c: 0000 85ff | 0f84 c834 

  0x00007a03cccb1ba4: ;   {metadata(method data for {method} {0x00006d56a454c8d0} 'formatNumberList' '(Lorg/apache/xalan/transformer/TransformerImpl;[JI)Ljava/lang/String;' in 'org/apache/xalan/templates/ElemNumber')}
  0x00007a03cccb1ba4: 0000 48b8 | 7088 85a4 | 566d 0000 | 4883 8038 | 0100 0001 

  0x00007a03cccb1bb8: ;   {oop(a 'java/lang/Class'{0x000000004002deb8} = 'org/apache/xml/utils/StringBufferPool')}
  0x00007a03cccb1bb8: 48bf b8de | 0240 0000 | 0000 488d | 9c24 d801 | 0000 4889 | 7b08 488b | 0748 83c8 | 0148 8903 
  0x00007a03cccb1bd8: f048 0fb1 | 1f0f 8412 | 0000 0048 | 2bc4 4825 | 07f0 ffff | 4889 030f | 859f 3400 | 0049 ff87 
  0x00007a03cccb1bf8: 6808 0000 

  0x00007a03cccb1bfc: ;   {metadata(method data for {method} {0x00006d56a47fab20} 'get' '()Lorg/apache/xml/utils/FastStringBuffer;' in 'org/apache/xml/utils/StringBufferPool')}
  0x00007a03cccb1bfc: 48bb c8f0 | 84a4 566d | 0000 8b83 | f400 0000 | 83c0 0289 | 83f4 0000 | 0025 feff | 1f00 85c0 
  0x00007a03cccb1c1c: 0f84 8534 | 0000 8b7f | 7048 3b07 

  0x00007a03cccb1c28: ;   {metadata(method data for {method} {0x00006d56a47fab20} 'get' '()Lorg/apache/xml/utils/FastStringBuffer;' in 'org/apache/xml/utils/StringBufferPool')}
  0x00007a03cccb1c28: 488b df48 | b8c8 f084 | a456 6d00 | 0048 8380 | 5001 0000 | 0148 8bf7 | 0f1f 8000 

  0x00007a03cccb1c44: ;   {optimized virtual_call}
  0x00007a03cccb1c44: 0000 00e8 

  0x00007a03cccb1c48: ; ImmutableOopMap {[224]=Oop [232]=Oop [240]=Oop [480]=Oop }
                      ;*invokevirtual getInstance {reexecute=0 rethrow=0 return_oop=0}
                      ; - org.apache.xml.utils.StringBufferPool::get@3 (line 44)
                      ; - org.apache.xalan.templates.ElemNumber::formatNumberList@0 (line 1171)
  0x00007a03cccb1c48: 14de 8c07 

  0x00007a03cccb1c4c: ;   {other}
  0x00007a03cccb1c4c: 0f1f 8400 | bc08 0000 | 4885 c075 

  0x00007a03cccb1c58: ;   {metadata(method data for {method} {0x00006d56a47fab20} 'get' '()Lorg/apache/xml/utils/FastStringBuffer;' in 'org/apache/xml/utils/StringBufferPool')}
  0x00007a03cccb1c58: 1648 bac8 | f084 a456 | 6d00 0080 | 8a69 0100 | 0001 e9cc 

  0x00007a03cccb1c6c: ;   {metadata('org/apache/xml/utils/FastStringBuffer')}
  0x00007a03cccb1c6c: 0000 0048 | b948 820d | b056 6d00 | 008b 7808 | 49ba 0000 | 00af 566d | 0000 4903 | fa48 3bcf 
  0x00007a03cccb1c8c: 0f85 8d00 

  0x00007a03cccb1c90: ;   {metadata(method data for {method} {0x00006d56a47fab20} 'get' '()Lorg/apache/xml/utils/FastStringBuffer;' in 'org/apache/xml/utils/StringBufferPool')}
  0x00007a03cccb1c90: 0000 48ba | c8f0 84a4 | 566d 0000 | 8b48 0849 | ba00 0000 | af56 6d00 | 0049 03ca | 483b 8a80 
  0x00007a03cccb1cb0: 0100 0075 | 0d48 8382 | 8801 0000 | 01e9 7900 | 0000 483b | 8a90 0100 | 0075 0d48 | 8382 9801 
  0x00007a03cccb1cd0: 0000 01e9 | 6300 0000 | 4883 ba80 | 0100 0000 | 7517 4889 | 8a80 0100 | 0048 c782 | 8801 0000 
  0x00007a03cccb1cf0: 0100 0000 | e942 0000 | 0048 83ba | 9001 0000 | 0075 1748 | 898a 9001 | 0000 48c7 | 8298 0100 
  0x00007a03cccb1d10: 0001 0000 | 00e9 2100 | 0000 e91c 

  0x00007a03cccb1d1c: ;   {metadata(method data for {method} {0x00006d56a47fab20} 'get' '()Lorg/apache/xml/utils/FastStringBuffer;' in 'org/apache/xml/utils/StringBufferPool')}
  0x00007a03cccb1d1c: 0000 0048 | bac8 f084 | a456 6d00 | 0048 83aa | 7001 0000 | 01e9 9733 | 0000 e900 | 0000 0048 
  0x00007a03cccb1d3c: 8bf8 4889 | bc24 0001 | 0000 488d | 8424 d801 | 0000 488b | 1048 85d2 | 0f84 0f00 | 0000 488b 
  0x00007a03cccb1d5c: 4808 f048 | 0fb1 110f | 856d 3300 | 0049 ff8f | 6808 0000 | 488b 8c24 | e000 0000 | 488b b424 
  0x00007a03cccb1d7c: e800 0000 

  0x00007a03cccb1d80: ; implicit exception: dispatches to 0x00007a03cccb50ec
  0x00007a03cccb1d80: 8b59 0c89 | 9c24 fc00 | 0000 8b46 | 6048 85c0 

  0x00007a03cccb1d90: ;   {metadata(method data for {method} {0x00006d56a454c8d0} 'formatNumberList' '(Lorg/apache/xalan/transformer/TransformerImpl;[JI)Ljava/lang/String;' in 'org/apache/xalan/templates/ElemNumber')}
  0x00007a03cccb1d90: 48ba 7088 | 85a4 566d | 0000 49c7 | c048 0100 | 0074 0749 | c7c0 5801 | 0000 4e8b | 0c02 4d8d 
  0x00007a03cccb1db0: 4901 4e89 | 0c02 0f84 | 8500 0000 | 488b 9424 | f000 0000 

  0x00007a03cccb1dc4: ; implicit exception: dispatches to 0x00007a03cccb50f1
  0x00007a03cccb1dc4: 483b 024c 

  0x00007a03cccb1dc8: ;   {metadata(method data for {method} {0x00006d56a454c8d0} 'formatNumberList' '(Lorg/apache/xalan/transformer/TransformerImpl;[JI)Ljava/lang/String;' in 'org/apache/xalan/templates/ElemNumber')}
  0x00007a03cccb1dc8: 8bc2 49b9 | 7088 85a4 | 566d 0000 | 4983 8168 | 0100 0001 | 448b 425c 

  0x00007a03cccb1de0: ; implicit exception: dispatches to 0x00007a03cccb50f6
  0x00007a03cccb1de0: 483b 004c 

  0x00007a03cccb1de4: ;   {metadata(method data for {method} {0x00006d56a454c8d0} 'formatNumberList' '(Lorg/apache/xalan/transformer/TransformerImpl;[JI)Ljava/lang/String;' in 'org/apache/xalan/templates/ElemNumber')}
  0x00007a03cccb1de4: 8bc8 49bb | 7088 85a4 | 566d 0000 

  0x00007a03cccb1df0: ;   {metadata('org/apache/xalan/templates/AVT')}
  0x00007a03cccb1df0: 49ba 707b | 03b0 566d | 0000 4d89 | 93b0 0100 | 0049 8383 | b801 0000 | 0149 8bd0 | 8b8c 24f8 
  0x00007a03cccb1e10: 0000 004c | 8bc6 488b | f066 0f1f 

  0x00007a03cccb1e1c: ;   {optimized virtual_call}
  0x00007a03cccb1e1c: 4400 00e8 

  0x00007a03cccb1e20: ; ImmutableOopMap {[224]=Oop [232]=Oop [240]=Oop [256]=Oop }
                      ;*invokevirtual evaluate {reexecute=0 rethrow=0 return_oop=0}
                      ; - org.apache.xalan.templates.ElemNumber::formatNumberList@47 (line 1190)
  0x00007a03cccb1e20: 1c03 8607 

  0x00007a03cccb1e24: ;   {other}
  0x00007a03cccb1e24: 0f1f 8400 | 940a 0001 

  0x00007a03cccb1e2c: ;   {metadata(method data for {method} {0x00006d56a454c8d0} 'formatNumberList' '(Lorg/apache/xalan/transformer/TransformerImpl;[JI)Ljava/lang/String;' in 'org/apache/xalan/templates/ElemNumber')}
  0x00007a03cccb1e2c: 48ba 7088 | 85a4 566d | 0000 ff82 | d801 0000 | e90a 0000 

  0x00007a03cccb1e40: ;   {oop(nullptr)}
  0x00007a03cccb1e40: 0048 b800 | 0000 0000 | 0000 0048 

  0x00007a03cccb1e4c: ;   {metadata(method data for {method} {0x00006d56a454c8d0} 'formatNumberList' '(Lorg/apache/xalan/transformer/TransformerImpl;[JI)Ljava/lang/String;' in 'org/apache/xalan/templates/ElemNumber')}
  0x00007a03cccb1e4c: 85c0 48ba | 7088 85a4 | 566d 0000 | 48c7 c600 | 0200 0074 | 0748 c7c6 | f001 0000 | 488b 3c32 
  0x00007a03cccb1e6c: 488d 7f01 | 4889 3c32 | 0f84 0800 | 0000 488b | d8e9 0a00 

  0x00007a03cccb1e80: ;   {oop("1"{0x00000000402d0340})}
  0x00007a03cccb1e80: 0000 48bb | 4003 2d40 | 0000 0000 | 488b b424 | e800 0000 

  0x00007a03cccb1e94: ;   {metadata('org/apache/xalan/templates/ElemNumber$NumberFormatStringTokenizer')}
  0x00007a03cccb1e94: 48ba c0e1 | 0fb0 566d | 0000 4c8b | c649 8b87 | b804 0000 | 488d 4820 | 483b c80f | 8246 3200 
  0x00007a03cccb1eb4: 0049 3b8f | c004 0000 | 0f87 3932 | 0000 4989 | 8fb8 0400 | 0048 8bf8 | 48c1 ef06 | 49ba 0000 
  0x00007a03cccb1ed4: 4028 576d | 0000 458a | 143a 488b | c848 c1e9 | 0348 83e1 | 0748 c7c7 | 0100 0000 | 48d3 e74c 
  0x00007a03cccb1ef4: 0bd7 488b | f848 c1ef | 0648 b900 | 0040 2857 | 6d00 0044 | 8814 3949 | 8387 2802 | 0000 2049 
  0x00007a03cccb1f14: 8387 2802 | 0000 0048 | c700 0100 | 0000 488b | ca49 ba00 | 0000 af56 | 6d00 0049 | 2bca 8948 
  0x00007a03cccb1f34: 0848 33c9 | 8948 0c48 | 33c9 4889 | 4810 4889 | 4818 4889 | 8424 2801 | 0000 488b 

  0x00007a03cccb1f50: ;   {metadata(method data for {method} {0x00006d56a454c8d0} 'formatNumberList' '(Lorg/apache/xalan/transformer/TransformerImpl;[JI)Ljava/lang/String;' in 'org/apache/xalan/templates/ElemNumber')}
  0x00007a03cccb1f50: c848 be70 | 8885 a456 | 6d00 0048 | 8386 1002 

  0x00007a03cccb1f60: ;   {metadata(method data for {method} {0x00006d56a47fb668} '<init>' '(Lorg/apache/xalan/templates/ElemNumber;Ljava/lang/String;)V' in 'org/apache/xalan/templates/ElemNumber$NumberFormatStringTokenizer')}
  0x00007a03cccb1f60: 0000 0148 | b900 9485 | a456 6d00 | 008b b1f4 | 0000 0083 | c602 89b1 | f400 0000 | 81e6 feff 
  0x00007a03cccb1f80: 1f00 85f6 | 0f84 7e31 | 0000 488b 

  0x00007a03cccb1f8c: ;   {metadata(method data for {method} {0x00006d56a47fb668} '<init>' '(Lorg/apache/xalan/templates/ElemNumber;Ljava/lang/String;)V' in 'org/apache/xalan/templates/ElemNumber$NumberFormatStringTokenizer')}
  0x00007a03cccb1f8c: c848 be00 | 9485 a456 | 6d00 0048 | 8386 3801 

  0x00007a03cccb1f9c: ;   {metadata(method data for {method} {0x00006d56af4791f0} '<init>' '()V' in 'java/lang/Object')}
  0x00007a03cccb1f9c: 0000 0148 | b9f0 7000 | a456 6d00 | 008b b1f4 | 0000 0083 | c602 89b1 | f400 0000 | 81e6 feff 
  0x00007a03cccb1fbc: 1f00 85f6 | 0f84 6331 | 0000 4d8b | d044 8950 | 184c 8bd3 | 4489 5014 

  0x00007a03cccb1fd4: ; implicit exception: dispatches to 0x00007a03cccb514a
  0x00007a03cccb1fd4: 483b 0348 

  0x00007a03cccb1fd8: ;   {metadata(method data for {method} {0x00006d56a47fb668} '<init>' '(Lorg/apache/xalan/templates/ElemNumber;Ljava/lang/String;)V' in 'org/apache/xalan/templates/ElemNumber$NumberFormatStringTokenizer')}
  0x00007a03cccb1fd8: 8bcb 48be | 0094 85a4 | 566d 0000 | 4883 8648 | 0100 0001 

  0x00007a03cccb1fec: ;   {metadata(method data for {method} {0x00006d56af00f028} 'length' '()I' in 'java/lang/String')}
  0x00007a03cccb1fec: 48b9 d0ff | 00a4 566d | 0000 8bb1 | f400 0000 | 83c6 0289 | b1f4 0000 | 0081 e6fe | ff1f 0085 
  0x00007a03cccb200c: f60f 843c | 3100 008b | 4b14 8b71 | 0c48 8bcb 

  0x00007a03cccb201c: ;   {metadata(method data for {method} {0x00006d56af00f028} 'length' '()I' in 'java/lang/String')}
  0x00007a03cccb201c: 48bf d0ff | 00a4 566d | 0000 4883 | 8738 0100 

  0x00007a03cccb202c: ;   {metadata(method data for {method} {0x00006d56af459438} 'coder' '()B' in 'java/lang/String')}
  0x00007a03cccb202c: 0001 48b9 | 30fe 00a4 | 566d 0000 | 8bb9 f400 | 0000 83c7 | 0289 b9f4 | 0000 0081 | e7fe ff1f 
  0x00007a03cccb204c: 0085 ff0f | 8420 3100 

  0x00007a03cccb2054: ;   {metadata(method data for {method} {0x00006d56af459438} 'coder' '()B' in 'java/lang/String')}
  0x00007a03cccb2054: 0048 b930 | fe00 a456 | 6d00 00ff | 8148 0100 | 000f be4b 

  0x00007a03cccb2068: ;   {metadata(method data for {method} {0x00006d56af459438} 'coder' '()B' in 'java/lang/String')}
  0x00007a03cccb2068: 1048 bf30 | fe00 a456 | 6d00 00ff | 8758 0100 | 00c1 e118 | c1f9 18d3 | fe89 7010 | bf00 0000 
  0x00007a03cccb2088: 00bb 0100 

  0x00007a03cccb208c: ;   {oop("."{0x000000004025f620})}
  0x00007a03cccb208c: 0000 48ba | 20f6 2540 | 0000 0000 

  0x00007a03cccb2098: ;   {oop(nullptr)}
  0x00007a03cccb2098: 48b9 0000 | 0000 0000 

  0x00007a03cccb20a0: ;   {oop(nullptr)}
  0x00007a03cccb20a0: 0000 49b9 | 0000 0000 | 0000 0000 | 41bb 3100 | 0000 41bd | 0100 0000 | 899c 240c | 0100 0090 
  0x00007a03cccb20c0: 8b9c 24fc | 0000 003b 

  0x00007a03cccb20c8: ;   {metadata(method data for {method} {0x00006d56a454c8d0} 'formatNumberList' '(Lorg/apache/xalan/transformer/TransformerImpl;[JI)Ljava/lang/String;' in 'org/apache/xalan/templates/ElemNumber')}
  0x00007a03cccb20c8: fb48 be70 | 8885 a456 | 6d00 0089 | bc24 0801 | 0000 48c7 | c720 0200 | 007d 0748 | c7c7 3002 
  0x00007a03cccb20e8: 0000 488b | 1c3e 488d | 5b01 4889 | 1c3e 0f8d | 7620 0000 

  0x00007a03cccb20fc: ;   {metadata(method data for {method} {0x00006d56a454c8d0} 'formatNumberList' '(Lorg/apache/xalan/transformer/TransformerImpl;[JI)Ljava/lang/String;' in 'org/apache/xalan/templates/ElemNumber')}
  0x00007a03cccb20fc: 488b f048 | bf70 8885 | a456 6d00 

  0x00007a03cccb2108: ;   {metadata('org/apache/xalan/templates/ElemNumber$NumberFormatStringTokenizer')}
  0x00007a03cccb2108: 0049 bac0 | e10f b056 | 6d00 004c | 8997 5002 | 0000 4883 | 8758 0200 

  0x00007a03cccb2120: ;   {metadata(method data for {method} {0x00006d56a47fbad0} 'hasMoreTokens' '()Z' in 'org/apache/xalan/templates/ElemNumber$NumberFormatStringTokenizer')}
  0x00007a03cccb2120: 0001 48be | 009b 83a4 | 566d 0000 | 8bbe f400 | 0000 83c7 | 0289 bef4 | 0000 0081 | e7fe ff1f 
  0x00007a03cccb2140: 0085 ff0f | 844d 3000 | 008b 700c | 8b78 103b 

  0x00007a03cccb2150: ;   {metadata(method data for {method} {0x00006d56a47fbad0} 'hasMoreTokens' '()Z' in 'org/apache/xalan/templates/ElemNumber$NumberFormatStringTokenizer')}
  0x00007a03cccb2150: f748 be00 | 9b83 a456 | 6d00 0048 | c7c7 3801 | 0000 7c07 | 48c7 c748 | 0100 0048 | 8b1c 3e48 
  0x00007a03cccb2170: 8d5b 0148 | 891c 3e0f | 8c1a 0000 

  0x00007a03cccb217c: ;   {metadata(method data for {method} {0x00006d56a47fbad0} 'hasMoreTokens' '()Z' in 'org/apache/xalan/templates/ElemNumber$NumberFormatStringTokenizer')}
  0x00007a03cccb217c: 0048 be00 | 9b83 a456 | 6d00 00ff | 8658 0100 | 00be 0000 | 0000 e905 | 0000 00be | 0100 0000 
  0x00007a03cccb219c: 83e6 0185 

  0x00007a03cccb21a0: ;   {metadata(method data for {method} {0x00006d56a454c8d0} 'formatNumberList' '(Lorg/apache/xalan/transformer/TransformerImpl;[JI)Ljava/lang/String;' in 'org/apache/xalan/templates/ElemNumber')}
  0x00007a03cccb21a0: f648 be70 | 8885 a456 | 6d00 0048 | c7c7 7802 | 0000 7407 | 48c7 c788 | 0200 0048 | 8b1c 3e48 
  0x00007a03cccb21c0: 8d5b 0148 | 891c 3e0f | 8498 1c00 | 0048 8994 | 2410 0100 | 0048 898c | 2418 0100 | 004c 898c 
  0x00007a03cccb21e0: 2420 0100 | 0044 899c | 2430 0100 | 0044 89ac | 2434 0100 | 0048 8bf8 

  0x00007a03cccb21f8: ;   {metadata(method data for {method} {0x00006d56a454c8d0} 'formatNumberList' '(Lorg/apache/xalan/transformer/TransformerImpl;[JI)Ljava/lang/String;' in 'org/apache/xalan/templates/ElemNumber')}
  0x00007a03cccb21f8: 48bb 7088 | 85a4 566d 

  0x00007a03cccb2200: ;   {metadata('org/apache/xalan/templates/ElemNumber$NumberFormatStringTokenizer')}
  0x00007a03cccb2200: 0000 49ba | c0e1 0fb0 | 566d 0000 | 4c89 93a8 | 0200 0048 | 8383 b002 | 0000 0148 

  0x00007a03cccb221c: ;   {optimized virtual_call}
  0x00007a03cccb221c: 8bf0 90e8 

  0x00007a03cccb2220: ; ImmutableOopMap {[224]=Oop [232]=Oop [240]=Oop [256]=Oop [272]=Oop [280]=Oop [288]=Oop [296]=Oop }
                      ;*invokevirtual nextToken {reexecute=0 rethrow=0 return_oop=0}
                      ; - org.apache.xalan.templates.ElemNumber::formatNumberList@98 (line 1207)
  0x00007a03cccb2220: 5c91 8907 

  0x00007a03cccb2224: ;   {other}
  0x00007a03cccb2224: 0f1f 8400 | 940e 0002 | 4889 8424 | 4001 0000 

  0x00007a03cccb2234: ; implicit exception: dispatches to 0x00007a03cccb51b7
  0x00007a03cccb2234: 483b 0048 

  0x00007a03cccb2238: ;   {metadata(method data for {method} {0x00006d56a454c8d0} 'formatNumberList' '(Lorg/apache/xalan/transformer/TransformerImpl;[JI)Ljava/lang/String;' in 'org/apache/xalan/templates/ElemNumber')}
  0x00007a03cccb2238: 8bc8 48be | 7088 85a4 | 566d 0000 | 4883 86d0 | 0200 0001 

  0x00007a03cccb224c: ;   {metadata(method data for {method} {0x00006d56af00f028} 'length' '()I' in 'java/lang/String')}
  0x00007a03cccb224c: 48b9 d0ff | 00a4 566d | 0000 8bb1 | f400 0000 | 83c6 0289 | b1f4 0000 | 0081 e6fe | ff1f 0085 
  0x00007a03cccb226c: f60f 8449 | 2f00 008b | 7014 8b7e | 0c48 8bc8 

  0x00007a03cccb227c: ;   {metadata(method data for {method} {0x00006d56af00f028} 'length' '()I' in 'java/lang/String')}
  0x00007a03cccb227c: 48bb d0ff | 00a4 566d | 0000 4883 | 8338 0100 

  0x00007a03cccb228c: ;   {metadata(method data for {method} {0x00006d56af459438} 'coder' '()B' in 'java/lang/String')}
  0x00007a03cccb228c: 0001 48b9 | 30fe 00a4 | 566d 0000 | 8b99 f400 | 0000 83c3 | 0289 99f4 | 0000 0081 | e3fe ff1f 
  0x00007a03cccb22ac: 0085 db0f | 842d 2f00 

  0x00007a03cccb22b4: ;   {metadata(method data for {method} {0x00006d56af459438} 'coder' '()B' in 'java/lang/String')}
  0x00007a03cccb22b4: 0048 b930 | fe00 a456 | 6d00 00ff | 8148 0100 | 000f be58 

  0x00007a03cccb22c8: ;   {metadata(method data for {method} {0x00006d56af459438} 'coder' '()B' in 'java/lang/String')}
  0x00007a03cccb22c8: 1048 b930 | fe00 a456 | 6d00 00ff | 8158 0100 | 0048 8bcb | c1e1 18c1 | f918 488b | d7d3 faff 
  0x00007a03cccb22e8: ca48 8bc8 

  0x00007a03cccb22ec: ;   {metadata(method data for {method} {0x00006d56a454c8d0} 'formatNumberList' '(Lorg/apache/xalan/transformer/TransformerImpl;[JI)Ljava/lang/String;' in 'org/apache/xalan/templates/ElemNumber')}
  0x00007a03cccb22ec: 49b8 7088 | 85a4 566d | 0000 4983 | 8008 0300 

  0x00007a03cccb22fc: ;   {metadata(method data for {method} {0x00006d56af00f080} 'charAt' '(I)C' in 'java/lang/String')}
  0x00007a03cccb22fc: 0001 48b9 | 101d 01a4 | 566d 0000 | 448b 81f4 | 0000 0041 | 83c0 0244 | 8981 f400 | 0000 4181 
  0x00007a03cccb231c: e0fe ff1f | 0045 85c0 | 0f84 d92e | 0000 488b 

  0x00007a03cccb232c: ;   {metadata(method data for {method} {0x00006d56af00f080} 'charAt' '(I)C' in 'java/lang/String')}
  0x00007a03cccb232c: c849 b810 | 1d01 a456 | 6d00 0049 | 8380 3801 

  0x00007a03cccb233c: ;   {metadata(method data for {method} {0x00006d56af458830} 'isLatin1' '()Z' in 'java/lang/String')}
  0x00007a03cccb233c: 0000 0148 | b948 9c00 | a456 6d00 | 0044 8b81 | f400 0000 | 4183 c002 | 4489 81f4 | 0000 0041 
  0x00007a03cccb235c: 81e0 feff | 1f00 4585 | c00f 84b9 

  0x00007a03cccb2368: ;   {metadata(method data for {method} {0x00006d56af458830} 'isLatin1' '()Z' in 'java/lang/String')}
  0x00007a03cccb2368: 2e00 0048 | b948 9c00 | a456 6d00 | 00ff 8148 | 0100 0085 

  0x00007a03cccb237c: ;   {metadata(method data for {method} {0x00006d56af458830} 'isLatin1' '()Z' in 'java/lang/String')}
  0x00007a03cccb237c: db48 bb48 | 9c00 a456 | 6d00 0048 | c7c1 5801 | 0000 7507 | 48c7 c168 | 0100 004c | 8b04 0b4d 
  0x00007a03cccb239c: 8d40 014c | 8904 0b0f | 851a 0000 

  0x00007a03cccb23a8: ;   {metadata(method data for {method} {0x00006d56af458830} 'isLatin1' '()Z' in 'java/lang/String')}
  0x00007a03cccb23a8: 0048 bb48 | 9c00 a456 | 6d00 00ff | 8378 0100 | 00bb 0100 | 0000 e905 | 0000 00bb | 0000 0000 
  0x00007a03cccb23c8: 83e3 0185 

  0x00007a03cccb23cc: ;   {metadata(method data for {method} {0x00006d56af00f080} 'charAt' '(I)C' in 'java/lang/String')}
  0x00007a03cccb23cc: db48 bb10 | 1d01 a456 | 6d00 0048 | c7c1 7001 | 0000 7407 | 48c7 c180 | 0100 004c | 8b04 0b4d 
  0x00007a03cccb23ec: 8d40 014c | 8904 0b0f | 84cd 0000 

  0x00007a03cccb23f8: ;   {metadata(method data for {method} {0x00006d56af00f080} 'charAt' '(I)C' in 'java/lang/String')}
  0x00007a03cccb23f8: 0048 bb10 | 1d01 a456 | 6d00 0048 | 8383 9001 

  0x00007a03cccb2408: ;   {metadata(method data for {method} {0x00006d56af024530} 'charAt' '([BI)C' in 'java/lang/StringLatin1')}
  0x00007a03cccb2408: 0000 0148 | bbe8 2001 | a456 6d00 | 008b 8bf4 | 0000 0083 | c102 898b | f400 0000 | 81e1 feff 
  0x00007a03cccb2428: 1f00 85c9 | 0f84 132e 

  0x00007a03cccb2430: ;   {metadata(method data for {method} {0x00006d56af024530} 'charAt' '([BI)C' in 'java/lang/StringLatin1')}
  0x00007a03cccb2430: 0000 48bb | e820 01a4 | 566d 0000 | 4883 8338 | 0100 0001 

  0x00007a03cccb2444: ;   {metadata(method data for {method} {0x00006d56af459ac0} 'checkIndex' '(II)V' in 'java/lang/String')}
  0x00007a03cccb2444: 48bb a822 | 01a4 566d | 0000 8b8b | f400 0000 | 83c1 0289 | 8bf4 0000 | 0081 e1fe | ff1f 0085 
  0x00007a03cccb2464: c90f 84fb 

  0x00007a03cccb2468: ;   {metadata(method data for {method} {0x00006d56af459ac0} 'checkIndex' '(II)V' in 'java/lang/String')}
  0x00007a03cccb2468: 2d00 0048 | bba8 2201 | a456 6d00 | 0048 8383 | 3801 0000 

  0x00007a03cccb247c: ;   {oop(a 'jdk/internal/util/Preconditions$4'{0x00000000403f0b08})}
  0x00007a03cccb247c: 0148 bb08 | 0b3f 4000 | 0000 00bb | 0000 0000 | 3bd3 0f8c | f32d 0000 | 3bd7 0f8d | f82d 0000 
  0x00007a03cccb249c: 488b da3b | fa0f 86fa | 2d00 0048 | 63d2 0fbe | 7416 1081 | e6ff 0000 | 0081 e6ff | ff00 0081 
  0x00007a03cccb24bc: e6ff ff00 | 00e9 2e01 

  0x00007a03cccb24c4: ;   {metadata(method data for {method} {0x00006d56af00f080} 'charAt' '(I)C' in 'java/lang/String')}
  0x00007a03cccb24c4: 0000 48bb | 101d 01a4 | 566d 0000 | 4883 83a0 | 0100 0001 

  0x00007a03cccb24d8: ;   {metadata(method data for {method} {0x00006d56af0278b0} 'charAt' '([BI)C' in 'java/lang/StringUTF16')}
  0x00007a03cccb24d8: 48bb 60bc | 0da4 566d | 0000 8b8b | f400 0000 | 83c1 0289 | 8bf4 0000 | 0081 e1fe | ff1f 0085 
  0x00007a03cccb24f8: c90f 84b0 

  0x00007a03cccb24fc: ;   {metadata(method data for {method} {0x00006d56af0278b0} 'charAt' '([BI)C' in 'java/lang/StringUTF16')}
  0x00007a03cccb24fc: 2d00 0048 | bb60 bc0d | a456 6d00 | 0048 8383 | 3801 0000 

  0x00007a03cccb2510: ;   {metadata(method data for {method} {0x00006d56af026e08} 'checkIndex' '(I[B)V' in 'java/lang/StringUTF16')}
  0x00007a03cccb2510: 0148 bbc0 | 1f09 a456 | 6d00 008b | 8bf4 0000 | 0083 c102 | 898b f400 | 0000 81e1 | feff 1f00 
  0x00007a03cccb2530: 85c9 0f84 | 982d 0000 

  0x00007a03cccb2538: ;   {metadata(method data for {method} {0x00006d56af026e08} 'checkIndex' '(I[B)V' in 'java/lang/StringUTF16')}
  0x00007a03cccb2538: 48bb c01f | 09a4 566d | 0000 4883 | 8338 0100 

  0x00007a03cccb2548: ;   {metadata(method data for {method} {0x00006d56af026db0} 'length' '([B)I' in 'java/lang/StringUTF16')}
  0x00007a03cccb2548: 0001 48bb | 6021 09a4 | 566d 0000 | 8b8b f400 | 0000 83c1 | 0289 8bf4 | 0000 0081 | e1fe ff1f 
  0x00007a03cccb2568: 0085 c90f | 8480 2d00 

  0x00007a03cccb2570: ;   {metadata(method data for {method} {0x00006d56af026e08} 'checkIndex' '(I[B)V' in 'java/lang/StringUTF16')}
  0x00007a03cccb2570: 0048 bbc0 | 1f09 a456 | 6d00 0048 | 8383 4801 | 0000 01d1 

  0x00007a03cccb2584: ;   {metadata(method data for {method} {0x00006d56af459ac0} 'checkIndex' '(II)V' in 'java/lang/String')}
  0x00007a03cccb2584: ff48 bba8 | 2201 a456 | 6d00 008b | 8bf4 0000 | 0083 c102 | 898b f400 | 0000 81e1 | feff 1f00 
  0x00007a03cccb25a4: 85c9 0f84 | 662d 0000 

  0x00007a03cccb25ac: ;   {metadata(method data for {method} {0x00006d56af459ac0} 'checkIndex' '(II)V' in 'java/lang/String')}
  0x00007a03cccb25ac: 48bb a822 | 01a4 566d | 0000 4883 | 8338 0100 

  0x00007a03cccb25bc: ;   {oop(a 'jdk/internal/util/Preconditions$4'{0x00000000403f0b08})}
  0x00007a03cccb25bc: 0001 48bb | 080b 3f40 | 0000 0000 | bb00 0000 | 003b d30f | 8c5e 2d00 | 003b d70f | 8d63 2d00 
  0x00007a03cccb25dc: 0048 8bfa | 4863 d20f | b774 5610 | 81e6 ffff | 0000 81e6 | ffff 0000 

  0x00007a03cccb25f4: ;   {metadata(method data for {method} {0x00006d56a454c8d0} 'formatNumberList' '(Lorg/apache/xalan/transformer/TransformerImpl;[JI)Ljava/lang/String;' in 'org/apache/xalan/templates/ElemNumber')}
  0x00007a03cccb25f4: 48bf 7088 | 85a4 566d | 0000 4883 | 8740 0300 

  0x00007a03cccb2604: ;   {metadata(method data for {method} {0x00006d56af425a60} 'isLetterOrDigit' '(C)Z' in 'java/lang/Character')}
  0x00007a03cccb2604: 0001 48bf | 80f7 20a4 | 566d 0000 | 8b9f f400 | 0000 83c3 | 0289 9ff4 | 0000 0081 | e3fe ff1f 
  0x00007a03cccb2624: 0085 db0f | 8420 2d00 

  0x00007a03cccb262c: ;   {metadata(method data for {method} {0x00006d56af425a60} 'isLetterOrDigit' '(C)Z' in 'java/lang/Character')}
  0x00007a03cccb262c: 0048 bf80 | f720 a456 | 6d00 0048 | 8387 3801 

  0x00007a03cccb263c: ;   {metadata(method data for {method} {0x00006d56af425ab8} 'isLetterOrDigit' '(I)Z' in 'java/lang/Character')}
  0x00007a03cccb263c: 0000 0148 | bf08 f920 | a456 6d00 | 008b 9ff4 | 0000 0083 | c302 899f | f400 0000 | 81e3 feff 
  0x00007a03cccb265c: 1f00 85db | 0f84 082d 

  0x00007a03cccb2664: ;   {metadata(method data for {method} {0x00006d56af425ab8} 'isLetterOrDigit' '(I)Z' in 'java/lang/Character')}
  0x00007a03cccb2664: 0000 48bf | 08f9 20a4 | 566d 0000 | 4883 8738 | 0100 0001 

  0x00007a03cccb2678: ;   {metadata(method data for {method} {0x00006d56af425bc0} 'getType' '(I)I' in 'java/lang/Character')}
  0x00007a03cccb2678: 48bf f85f | 1fa4 566d | 0000 8b9f | f400 0000 | 83c3 0289 | 9ff4 0000 | 0081 e3fe | ff1f 0085 
  0x00007a03cccb2698: db0f 84f0 

  0x00007a03cccb269c: ;   {metadata(method data for {method} {0x00006d56af425bc0} 'getType' '(I)I' in 'java/lang/Character')}
  0x00007a03cccb269c: 2c00 0048 | bff8 5f1f | a456 6d00 | 0048 8387 | 3801 0000 | 0148 8bfe | 488b f789 | bc24 3801 
  0x00007a03cccb26bc: ;   {static_call}
  0x00007a03cccb26bc: 0000 90e8 

  0x00007a03cccb26c0: ; ImmutableOopMap {[224]=Oop [232]=Oop [240]=Oop [256]=Oop [272]=Oop [280]=Oop [288]=Oop [296]=Oop [320]=Oop }
                      ;*invokestatic of {reexecute=0 rethrow=0 return_oop=0}
                      ; - java.lang.Character::getType@1 (line 11560)
                      ; - java.lang.Character::isLetterOrDigit@4 (line 10303)
                      ; - java.lang.Character::isLetterOrDigit@1 (line 10277)
                      ; - org.apache.xalan.templates.ElemNumber::formatNumberList@115 (line 1211)
  0x00007a03cccb26c0: bc78 7907 

  0x00007a03cccb26c4: ;   {other}
  0x00007a03cccb26c4: 0f1f 8400 | 3413 0003 

  0x00007a03cccb26cc: ; implicit exception: dispatches to 0x00007a03cccb53b0
  0x00007a03cccb26cc: 483b 0048 

  0x00007a03cccb26d0: ;   {metadata(method data for {method} {0x00006d56af425bc0} 'getType' '(I)I' in 'java/lang/Character')}
  0x00007a03cccb26d0: 8bd0 48be | f85f 1fa4 | 566d 0000 | 8b52 0849 | ba00 0000 | af56 6d00 | 0049 03d2 | 483b 9658 
  0x00007a03cccb26f0: 0100 0075 | 0d48 8386 | 6001 0000 | 01e9 6000 | 0000 483b | 9668 0100 | 0075 0d48 | 8386 7001 
  0x00007a03cccb2710: 0000 01e9 | 4a00 0000 | 4883 be58 | 0100 0000 | 7517 4889 | 9658 0100 | 0048 c786 | 6001 0000 
  0x00007a03cccb2730: 0100 0000 | e929 0000 | 0048 83be | 6801 0000 | 0075 1748 | 8996 6801 | 0000 48c7 | 8670 0100 
  0x00007a03cccb2750: 0001 0000 | 00e9 0800 | 0000 4883 | 8648 0100 | 0001 8b94 | 2438 0100 | 0048 8bf0 | 9048 b858 
  0x00007a03cccb2770: f702 af56 

  0x00007a03cccb2774: ;   {virtual_call}
  0x00007a03cccb2774: 6d00 00e8 

  0x00007a03cccb2778: ; ImmutableOopMap {[224]=Oop [232]=Oop [240]=Oop [256]=Oop [272]=Oop [280]=Oop [288]=Oop [296]=Oop [320]=Oop }
                      ;*invokevirtual getType {reexecute=0 rethrow=0 return_oop=0}
                      ; - java.lang.Character::getType@5 (line 11560)
                      ; - java.lang.Character::isLetterOrDigit@4 (line 10303)
                      ; - java.lang.Character::isLetterOrDigit@1 (line 10277)
                      ; - org.apache.xalan.templates.ElemNumber::formatNumberList@115 (line 1211)
  0x00007a03cccb2778: 04d2 8707 

  0x00007a03cccb277c: ;   {other}
  0x00007a03cccb277c: 0f1f 8400 | ec13 0004 | 488b c8be | 3e02 0000 | d3fe 83e6 

  0x00007a03cccb2790: ;   {metadata(method data for {method} {0x00006d56af425ab8} 'isLetterOrDigit' '(I)Z' in 'java/lang/Character')}
  0x00007a03cccb2790: 0185 f648 | b908 f920 | a456 6d00 | 0048 c7c6 | 4801 0000 | 7407 48c7 | c658 0100 | 0048 8b3c 
  0x00007a03cccb27b0: 3148 8d7f | 0148 893c | 310f 841a 

  0x00007a03cccb27bc: ;   {metadata(method data for {method} {0x00006d56af425ab8} 'isLetterOrDigit' '(I)Z' in 'java/lang/Character')}
  0x00007a03cccb27bc: 0000 0048 | b908 f920 | a456 6d00 | 00ff 8168 | 0100 00b9 | 0100 0000 | e905 0000 | 00b9 0000 
  0x00007a03cccb27dc: 0000 83e1 | 0183 e101 

  0x00007a03cccb27e4: ;   {metadata(method data for {method} {0x00006d56a454c8d0} 'formatNumberList' '(Lorg/apache/xalan/transformer/TransformerImpl;[JI)Ljava/lang/String;' in 'org/apache/xalan/templates/ElemNumber')}
  0x00007a03cccb27e4: 85c9 48b9 | 7088 85a4 | 566d 0000 | 48c7 c650 | 0300 0074 | 0748 c7c6 | 6003 0000 | 488b 3c31 
  0x00007a03cccb2804: 488d 7f01 | 4889 3c31 | 0f84 f603 | 0000 488b | 8424 4001 | 0000 488b 

  0x00007a03cccb281c: ;   {metadata(method data for {method} {0x00006d56a454c8d0} 'formatNumberList' '(Lorg/apache/xalan/transformer/TransformerImpl;[JI)Ljava/lang/String;' in 'org/apache/xalan/templates/ElemNumber')}
  0x00007a03cccb281c: c848 be70 | 8885 a456 | 6d00 0048 | 8386 7003 

  0x00007a03cccb282c: ;   {metadata(method data for {method} {0x00006d56af00f028} 'length' '()I' in 'java/lang/String')}
  0x00007a03cccb282c: 0000 0148 | b9d0 ff00 | a456 6d00 | 008b b1f4 | 0000 0083 | c602 89b1 | f400 0000 | 81e6 feff 
  0x00007a03cccb284c: 1f00 85f6 | 0f84 5f2b | 0000 8b70 | 148b 7e0c 

  0x00007a03cccb285c: ;   {metadata(method data for {method} {0x00006d56af00f028} 'length' '()I' in 'java/lang/String')}
  0x00007a03cccb285c: 488b c848 | bbd0 ff00 | a456 6d00 | 0048 8383 | 3801 0000 

  0x00007a03cccb2870: ;   {metadata(method data for {method} {0x00006d56af459438} 'coder' '()B' in 'java/lang/String')}
  0x00007a03cccb2870: 0148 b930 | fe00 a456 | 6d00 008b | 99f4 0000 | 0083 c302 | 8999 f400 | 0000 81e3 | feff 1f00 
  0x00007a03cccb2890: 85db 0f84 | 432b 0000 

  0x00007a03cccb2898: ;   {metadata(method data for {method} {0x00006d56af459438} 'coder' '()B' in 'java/lang/String')}
  0x00007a03cccb2898: 48b9 30fe | 00a4 566d | 0000 ff81 | 4801 0000 | 0fbe 5810 

  0x00007a03cccb28ac: ;   {metadata(method data for {method} {0x00006d56af459438} 'coder' '()B' in 'java/lang/String')}
  0x00007a03cccb28ac: 48b9 30fe | 00a4 566d | 0000 ff81 | 5801 0000 | 488b cbc1 | e118 c1f9 | 184c 8bc7 | 41d3 f849 
  0x00007a03cccb28cc: 8bd0 ffca 

  0x00007a03cccb28d0: ;   {metadata(method data for {method} {0x00006d56a454c8d0} 'formatNumberList' '(Lorg/apache/xalan/transformer/TransformerImpl;[JI)Ljava/lang/String;' in 'org/apache/xalan/templates/ElemNumber')}
  0x00007a03cccb28d0: 488b c849 | b970 8885 | a456 6d00 | 0049 8381 | a803 0000 

  0x00007a03cccb28e4: ;   {metadata(method data for {method} {0x00006d56af00f080} 'charAt' '(I)C' in 'java/lang/String')}
  0x00007a03cccb28e4: 0148 b910 | 1d01 a456 | 6d00 0044 | 8b89 f400 | 0000 4183 | c102 4489 | 89f4 0000 | 0041 81e1 
  0x00007a03cccb2904: feff 1f00 | 4585 c90f | 84eb 2a00 | 0048 8bc8 

  0x00007a03cccb2914: ;   {metadata(method data for {method} {0x00006d56af00f080} 'charAt' '(I)C' in 'java/lang/String')}
  0x00007a03cccb2914: 49b9 101d | 01a4 566d | 0000 4983 | 8138 0100 

  0x00007a03cccb2924: ;   {metadata(method data for {method} {0x00006d56af458830} 'isLatin1' '()Z' in 'java/lang/String')}
  0x00007a03cccb2924: 0001 48b9 | 489c 00a4 | 566d 0000 | 448b 89f4 | 0000 0041 | 83c1 0244 | 8989 f400 | 0000 4181 
  0x00007a03cccb2944: e1fe ff1f | 0045 85c9 | 0f84 cb2a 

  0x00007a03cccb2950: ;   {metadata(method data for {method} {0x00006d56af458830} 'isLatin1' '()Z' in 'java/lang/String')}
  0x00007a03cccb2950: 0000 48b8 | 489c 00a4 | 566d 0000 | ff80 4801 | 0000 85db 

  0x00007a03cccb2964: ;   {metadata(method data for {method} {0x00006d56af458830} 'isLatin1' '()Z' in 'java/lang/String')}
  0x00007a03cccb2964: 48bb 489c | 00a4 566d | 0000 48c7 | c058 0100 | 0075 0748 | c7c0 6801 | 0000 488b | 0c03 488d 
  0x00007a03cccb2984: 4901 4889 | 0c03 0f85 | 1a00 0000 

  0x00007a03cccb2990: ;   {metadata(method data for {method} {0x00006d56af458830} 'isLatin1' '()Z' in 'java/lang/String')}
  0x00007a03cccb2990: 48bb 489c | 00a4 566d | 0000 ff83 | 7801 0000 | bb01 0000 | 00e9 0500 | 0000 bb00 | 0000 0083 
  0x00007a03cccb29b0: e301 85db 

  0x00007a03cccb29b4: ;   {metadata(method data for {method} {0x00006d56af00f080} 'charAt' '(I)C' in 'java/lang/String')}
  0x00007a03cccb29b4: 48bb 101d | 01a4 566d | 0000 48c7 | c070 0100 | 0074 0748 | c7c0 8001 | 0000 488b | 0c03 488d 
  0x00007a03cccb29d4: 4901 4889 | 0c03 0f84 | cb00 0000 

  0x00007a03cccb29e0: ;   {metadata(method data for {method} {0x00006d56af00f080} 'charAt' '(I)C' in 'java/lang/String')}
  0x00007a03cccb29e0: 48bb 101d | 01a4 566d | 0000 4883 | 8390 0100 

  0x00007a03cccb29f0: ;   {metadata(method data for {method} {0x00006d56af024530} 'charAt' '([BI)C' in 'java/lang/StringLatin1')}
  0x00007a03cccb29f0: 0001 48bb | e820 01a4 | 566d 0000 | 8b83 f400 | 0000 83c0 | 0289 83f4 | 0000 0025 | feff 1f00 
  0x00007a03cccb2a10: 85c0 0f84 | 262a 0000 

  0x00007a03cccb2a18: ;   {metadata(method data for {method} {0x00006d56af024530} 'charAt' '([BI)C' in 'java/lang/StringLatin1')}
  0x00007a03cccb2a18: 48bb e820 | 01a4 566d | 0000 4883 | 8338 0100 

  0x00007a03cccb2a28: ;   {metadata(method data for {method} {0x00006d56af459ac0} 'checkIndex' '(II)V' in 'java/lang/String')}
  0x00007a03cccb2a28: 0001 48bb | a822 01a4 | 566d 0000 | 8b83 f400 | 0000 83c0 | 0289 83f4 | 0000 0025 | feff 1f00 
  0x00007a03cccb2a48: 85c0 0f84 | 0f2a 0000 

  0x00007a03cccb2a50: ;   {metadata(method data for {method} {0x00006d56af459ac0} 'checkIndex' '(II)V' in 'java/lang/String')}
  0x00007a03cccb2a50: 48bb a822 | 01a4 566d | 0000 4883 | 8338 0100 

  0x00007a03cccb2a60: ;   {oop(a 'jdk/internal/util/Preconditions$4'{0x00000000403f0b08})}
  0x00007a03cccb2a60: 0001 48bb | 080b 3f40 | 0000 0000 | bb00 0000 | 003b d30f | 8c07 2a00 | 003b d70f | 8d0c 2a00 
  0x00007a03cccb2a80: 0048 8bda | 3bfa 0f86 | 0e2a 0000 | 4863 d20f | be74 1610 | 81e6 ff00 | 0000 81e6 | ffff 0000 
  0x00007a03cccb2aa0: 81e6 ffff | 0000 e92a 

  0x00007a03cccb2aa8: ;   {metadata(method data for {method} {0x00006d56af00f080} 'charAt' '(I)C' in 'java/lang/String')}
  0x00007a03cccb2aa8: 0100 0048 | bb10 1d01 | a456 6d00 | 0048 8383 | a001 0000 

  0x00007a03cccb2abc: ;   {metadata(method data for {method} {0x00006d56af0278b0} 'charAt' '([BI)C' in 'java/lang/StringUTF16')}
  0x00007a03cccb2abc: 0148 bb60 | bc0d a456 | 6d00 008b | 83f4 0000 | 0083 c002 | 8983 f400 | 0000 25fe | ff1f 0085 
  0x00007a03cccb2adc: c00f 84c5 

  0x00007a03cccb2ae0: ;   {metadata(method data for {method} {0x00006d56af0278b0} 'charAt' '([BI)C' in 'java/lang/StringUTF16')}
  0x00007a03cccb2ae0: 2900 0048 | bb60 bc0d | a456 6d00 | 0048 8383 | 3801 0000 

  0x00007a03cccb2af4: ;   {metadata(method data for {method} {0x00006d56af026e08} 'checkIndex' '(I[B)V' in 'java/lang/StringUTF16')}
  0x00007a03cccb2af4: 0148 bbc0 | 1f09 a456 | 6d00 008b | 83f4 0000 | 0083 c002 | 8983 f400 | 0000 25fe | ff1f 0085 
  0x00007a03cccb2b14: c00f 84ae 

  0x00007a03cccb2b18: ;   {metadata(method data for {method} {0x00006d56af026e08} 'checkIndex' '(I[B)V' in 'java/lang/StringUTF16')}
  0x00007a03cccb2b18: 2900 0048 | bbc0 1f09 | a456 6d00 | 0048 8383 | 3801 0000 

  0x00007a03cccb2b2c: ;   {metadata(method data for {method} {0x00006d56af026db0} 'length' '([B)I' in 'java/lang/StringUTF16')}
  0x00007a03cccb2b2c: 0148 bb60 | 2109 a456 | 6d00 008b | 83f4 0000 | 0083 c002 | 8983 f400 | 0000 25fe | ff1f 0085 
  0x00007a03cccb2b4c: c00f 8497 

  0x00007a03cccb2b50: ;   {metadata(method data for {method} {0x00006d56af026e08} 'checkIndex' '(I[B)V' in 'java/lang/StringUTF16')}
  0x00007a03cccb2b50: 2900 0048 | bbc0 1f09 | a456 6d00 | 0048 8383 | 4801 0000 

  0x00007a03cccb2b64: ;   {metadata(method data for {method} {0x00006d56af459ac0} 'checkIndex' '(II)V' in 'java/lang/String')}
  0x00007a03cccb2b64: 01d1 ff48 | bba8 2201 | a456 6d00 | 008b 83f4 | 0000 0083 | c002 8983 | f400 0000 | 25fe ff1f 
  0x00007a03cccb2b84: 0085 c00f | 847e 2900 

  0x00007a03cccb2b8c: ;   {metadata(method data for {method} {0x00006d56af459ac0} 'checkIndex' '(II)V' in 'java/lang/String')}
  0x00007a03cccb2b8c: 0048 bba8 | 2201 a456 | 6d00 0048 | 8383 3801 

  0x00007a03cccb2b9c: ;   {oop(a 'jdk/internal/util/Preconditions$4'{0x00000000403f0b08})}
  0x00007a03cccb2b9c: 0000 0148 | bb08 0b3f | 4000 0000 | 00bb 0000 | 0000 3bd3 | 0f8c 7629 | 0000 3bd7 | 0f8d 7b29 
  0x00007a03cccb2bbc: 0000 488b | fa48 63d2 | 0fb7 7456 | 1081 e6ff | ff00 0081 | e6ff ff00 

  0x00007a03cccb2bd4: ;   {metadata(method data for {method} {0x00006d56a454c8d0} 'formatNumberList' '(Lorg/apache/xalan/transformer/TransformerImpl;[JI)Ljava/lang/String;' in 'org/apache/xalan/templates/ElemNumber')}
  0x00007a03cccb2bd4: 0048 bf70 | 8885 a456 | 6d00 00ff | 87e0 0300 | 0048 8b94 | 2410 0100 | 0048 8b8c | 2418 0100 
  0x00007a03cccb2bf4: 004c 8b8c | 2420 0100 | 004c 8bde | 4d8b e8e9 | 5d12 0000 | 488b b424 | 2801 0000 

  0x00007a03cccb2c10: ;   {metadata(method data for {method} {0x00006d56a454c8d0} 'formatNumberList' '(Lorg/apache/xalan/transformer/TransformerImpl;[JI)Ljava/lang/String;' in 'org/apache/xalan/templates/ElemNumber')}
  0x00007a03cccb2c10: 48bf 7088 | 85a4 566d 

  0x00007a03cccb2c18: ;   {metadata('org/apache/xalan/templates/ElemNumber$NumberFormatStringTokenizer')}
  0x00007a03cccb2c18: 0000 49ba | c0e1 0fb0 | 566d 0000 | 4c89 9708 | 0400 0048 | 8387 1004 | 0000 0148 | 8bb4 2428 
  0x00007a03cccb2c38: 0100 000f 

  0x00007a03cccb2c3c: ;   {optimized virtual_call}
  0x00007a03cccb2c3c: 1f40 00e8 

  0x00007a03cccb2c40: ; ImmutableOopMap {[224]=Oop [232]=Oop [240]=Oop [256]=Oop [272]=Oop [280]=Oop [288]=Oop [296]=Oop [320]=Oop }
                      ;*invokevirtual isLetterOrDigitAhead {reexecute=0 rethrow=0 return_oop=0}
                      ; - org.apache.xalan.templates.ElemNumber::formatNumberList@144 (line 1220)
  0x00007a03cccb2c40: 5c83 8d07 

  0x00007a03cccb2c44: ;   {other}
  0x00007a03cccb2c44: 0f1f 8400 | b418 0005 

  0x00007a03cccb2c4c: ;   {metadata(method data for {method} {0x00006d56a454c8d0} 'formatNumberList' '(Lorg/apache/xalan/transformer/TransformerImpl;[JI)Ljava/lang/String;' in 'org/apache/xalan/templates/ElemNumber')}
  0x00007a03cccb2c4c: 85c0 48ba | 7088 85a4 | 566d 0000 | 48c7 c630 | 0400 0074 | 0748 c7c6 | 4004 0000 | 488b 3c32 
  0x00007a03cccb2c6c: 488d 7f01 | 4889 3c32 | 0f84 2e0d 

  0x00007a03cccb2c78: ;   {metadata('java/lang/StringBuffer')}
  0x00007a03cccb2c78: 0000 48ba | a0af 04af | 566d 0000 | 498b 87b8 | 0400 0048 | 8d48 2048 | 3bc8 0f82 | ae28 0000 
  0x00007a03cccb2c98: 493b 8fc0 | 0400 000f | 87a1 2800 | 0049 898f | b804 0000 | 488b f848 | c1ef 0649 | ba00 0040 
  0x00007a03cccb2cb8: 2857 6d00 | 0045 8a14 | 3a48 8bc8 | 48c1 e903 | 4883 e107 | 48c7 c701 | 0000 0048 | d3e7 4c0b 
  0x00007a03cccb2cd8: d748 8bf8 | 48c1 ef06 | 48b9 0000 | 4028 576d | 0000 4488 | 1439 4983 | 8728 0200 | 0020 4983 
  0x00007a03cccb2cf8: 8728 0200 | 0000 48c7 | 0001 0000 | 0048 8bca | 49ba 0000 | 00af 566d | 0000 492b | ca89 4808 
  0x00007a03cccb2d18: 4833 c989 | 480c 4833 | c948 8948 | 1048 8948 | 1848 8984 | 2448 0100 | 0048 8bd0 

  0x00007a03cccb2d34: ;   {metadata(method data for {method} {0x00006d56a454c8d0} 'formatNumberList' '(Lorg/apache/xalan/transformer/TransformerImpl;[JI)Ljava/lang/String;' in 'org/apache/xalan/templates/ElemNumber')}
  0x00007a03cccb2d34: 48be 7088 | 85a4 566d | 0000 4883 | 8650 0400 

  0x00007a03cccb2d44: ;   {metadata(method data for {method} {0x00006d56af04d9c8} '<init>' '(Ljava/lang/String;)V' in 'java/lang/StringBuffer')}
  0x00007a03cccb2d44: 0001 48ba | 803c 22a4 | 566d 0000 | 8bb2 f400 | 0000 83c6 | 0289 b2f4 | 0000 0081 | e6fe ff1f 
  0x00007a03cccb2d64: 0085 f60f | 84e6 2700 | 0048 8bd0 

  0x00007a03cccb2d70: ;   {metadata(method data for {method} {0x00006d56af04d9c8} '<init>' '(Ljava/lang/String;)V' in 'java/lang/StringBuffer')}
  0x00007a03cccb2d70: 48be 803c | 22a4 566d | 0000 4883 | 8638 0100 | 0001 488b | 9424 4001 | 0000 488b 

  0x00007a03cccb2d8c: ;   {optimized virtual_call}
  0x00007a03cccb2d8c: f066 90e8 

  0x00007a03cccb2d90: ; ImmutableOopMap {[224]=Oop [232]=Oop [240]=Oop [256]=Oop [272]=Oop [288]=Oop [296]=Oop [328]=Oop }
                      ;*invokespecial <init> {reexecute=0 rethrow=0 return_oop=0}
                      ; - java.lang.StringBuffer::<init>@2 (line 158)
                      ; - org.apache.xalan.templates.ElemNumber::formatNumberList@156 (line 1222)
  0x00007a03cccb2d90: 0c69 e3ff 

  0x00007a03cccb2d94: ;   {other}
  0x00007a03cccb2d94: 0f1f 8400 | 041a 0006 | 0f1f 4000 | 488b 8424 | 2801 0000 

  0x00007a03cccb2da8: ;   {metadata(method data for {method} {0x00006d56a454c8d0} 'formatNumberList' '(Lorg/apache/xalan/transformer/TransformerImpl;[JI)Ljava/lang/String;' in 'org/apache/xalan/templates/ElemNumber')}
  0x00007a03cccb2da8: 488b f048 | bb70 8885 | a456 6d00 

  0x00007a03cccb2db4: ;   {metadata('org/apache/xalan/templates/ElemNumber$NumberFormatStringTokenizer')}
  0x00007a03cccb2db4: 0049 bac0 | e10f b056 | 6d00 004c | 8993 7004 | 0000 4883 | 8378 0400 

  0x00007a03cccb2dcc: ;   {metadata(method data for {method} {0x00006d56a47fba18} 'nextIsSep' '()Z' in 'org/apache/xalan/templates/ElemNumber$NumberFormatStringTokenizer')}
  0x00007a03cccb2dcc: 0001 48be | d89e 85a4 | 566d 0000 | 8b9e f400 | 0000 83c3 | 0289 9ef4 | 0000 0081 | e3fe ff1f 
  0x00007a03cccb2dec: 0085 db0f | 847f 2700 | 008b 7014 | 8b58 0c48 | 3b06 488b 

  0x00007a03cccb2e00: ;   {metadata(method data for {method} {0x00006d56a47fba18} 'nextIsSep' '()Z' in 'org/apache/xalan/templates/ElemNumber$NumberFormatStringTokenizer')}
  0x00007a03cccb2e00: d648 b9d8 | 9e85 a456 | 6d00 0048 | 8381 3801 

  0x00007a03cccb2e10: ;   {metadata(method data for {method} {0x00006d56af00f080} 'charAt' '(I)C' in 'java/lang/String')}
  0x00007a03cccb2e10: 0000 0148 | ba10 1d01 | a456 6d00 | 008b 8af4 | 0000 0083 | c102 898a | f400 0000 | 81e1 feff 
  0x00007a03cccb2e30: 1f00 85c9 | 0f84 6027 | 0000 488b 

  0x00007a03cccb2e3c: ;   {metadata(method data for {method} {0x00006d56af00f080} 'charAt' '(I)C' in 'java/lang/String')}
  0x00007a03cccb2e3c: d648 b910 | 1d01 a456 | 6d00 0048 | 8381 3801 

  0x00007a03cccb2e4c: ;   {metadata(method data for {method} {0x00006d56af458830} 'isLatin1' '()Z' in 'java/lang/String')}
  0x00007a03cccb2e4c: 0000 0148 | ba48 9c00 | a456 6d00 | 008b 8af4 | 0000 0083 | c102 898a | f400 0000 | 81e1 feff 
  0x00007a03cccb2e6c: 1f00 85c9 | 0f84 4527 

  0x00007a03cccb2e74: ;   {metadata(method data for {method} {0x00006d56af458830} 'isLatin1' '()Z' in 'java/lang/String')}
  0x00007a03cccb2e74: 0000 48ba | 489c 00a4 | 566d 0000 | ff82 4801 | 0000 0fbe | 5610 85d2 

  0x00007a03cccb2e8c: ;   {metadata(method data for {method} {0x00006d56af458830} 'isLatin1' '()Z' in 'java/lang/String')}
  0x00007a03cccb2e8c: 48ba 489c | 00a4 566d | 0000 48c7 | c158 0100 | 0075 0748 | c7c1 6801 | 0000 4c8b | 040a 4d8d 
  0x00007a03cccb2eac: 4001 4c89 | 040a 0f85 | 1a00 0000 

  0x00007a03cccb2eb8: ;   {metadata(method data for {method} {0x00006d56af458830} 'isLatin1' '()Z' in 'java/lang/String')}
  0x00007a03cccb2eb8: 48ba 489c | 00a4 566d | 0000 ff82 | 7801 0000 | ba01 0000 | 00e9 0500 | 0000 ba00 | 0000 0083 
  0x00007a03cccb2ed8: e201 85d2 

  0x00007a03cccb2edc: ;   {metadata(method data for {method} {0x00006d56af00f080} 'charAt' '(I)C' in 'java/lang/String')}
  0x00007a03cccb2edc: 48ba 101d | 01a4 566d | 0000 48c7 | c170 0100 | 0074 0748 | c7c1 8001 | 0000 4c8b | 040a 4d8d 
  0x00007a03cccb2efc: 4001 4c89 | 040a 0f84 | d800 0000 

  0x00007a03cccb2f08: ;   {metadata(method data for {method} {0x00006d56af00f080} 'charAt' '(I)C' in 'java/lang/String')}
  0x00007a03cccb2f08: 8b76 1448 | ba10 1d01 | a456 6d00 | 0048 8382 | 9001 0000 

  0x00007a03cccb2f1c: ;   {metadata(method data for {method} {0x00006d56af024530} 'charAt' '([BI)C' in 'java/lang/StringLatin1')}
  0x00007a03cccb2f1c: 0148 bae8 | 2001 a456 | 6d00 008b | 8af4 0000 | 0083 c102 | 898a f400 | 0000 81e1 | feff 1f00 
  0x00007a03cccb2f3c: 85c9 0f84 | 9826 0000 

  0x00007a03cccb2f44: ; implicit exception: dispatches to 0x00007a03cccb55fd
                      ;   {metadata(method data for {method} {0x00006d56af024530} 'charAt' '([BI)C' in 'java/lang/StringLatin1')}
  0x00007a03cccb2f44: 8b56 0c48 | b9e8 2001 | a456 6d00 | 0048 8381 | 3801 0000 

  0x00007a03cccb2f58: ;   {metadata(method data for {method} {0x00006d56af459ac0} 'checkIndex' '(II)V' in 'java/lang/String')}
  0x00007a03cccb2f58: 0148 b9a8 | 2201 a456 | 6d00 0044 | 8b81 f400 | 0000 4183 | c002 4489 | 81f4 0000 | 0041 81e0 
  0x00007a03cccb2f78: feff 1f00 | 4585 c00f | 847d 2600 

  0x00007a03cccb2f84: ;   {metadata(method data for {method} {0x00006d56af459ac0} 'checkIndex' '(II)V' in 'java/lang/String')}
  0x00007a03cccb2f84: 0048 b9a8 | 2201 a456 | 6d00 0048 | 8381 3801 

  0x00007a03cccb2f94: ;   {oop(a 'jdk/internal/util/Preconditions$4'{0x00000000403f0b08})}
  0x00007a03cccb2f94: 0000 0148 | b908 0b3f | 4000 0000 | 00b9 0000 | 0000 3bd9 | 0f8c 7526 | 0000 3bda | 0f8d 7a26 
  0x00007a03cccb2fb4: 0000 488b | cb3b d30f | 867c 2600 | 0048 63db | 0fbe 741e | 1081 e6ff | 0000 0081 | e6ff ff00 
  0x00007a03cccb2fd4: 0081 e6ff | ff00 00e9 | 3901 0000 

  0x00007a03cccb2fe0: ;   {metadata(method data for {method} {0x00006d56af00f080} 'charAt' '(I)C' in 'java/lang/String')}
  0x00007a03cccb2fe0: 8b76 1448 | ba10 1d01 | a456 6d00 | 0048 8382 | a001 0000 

  0x00007a03cccb2ff4: ;   {metadata(method data for {method} {0x00006d56af0278b0} 'charAt' '([BI)C' in 'java/lang/StringUTF16')}
  0x00007a03cccb2ff4: 0148 ba60 | bc0d a456 | 6d00 008b | 8af4 0000 | 0083 c102 | 898a f400 | 0000 81e1 | feff 1f00 
  0x00007a03cccb3014: 85c9 0f84 | 2f26 0000 

  0x00007a03cccb301c: ;   {metadata(method data for {method} {0x00006d56af0278b0} 'charAt' '([BI)C' in 'java/lang/StringUTF16')}
  0x00007a03cccb301c: 48ba 60bc | 0da4 566d | 0000 4883 | 8238 0100 

  0x00007a03cccb302c: ;   {metadata(method data for {method} {0x00006d56af026e08} 'checkIndex' '(I[B)V' in 'java/lang/StringUTF16')}
  0x00007a03cccb302c: 0001 48ba | c01f 09a4 | 566d 0000 | 8b8a f400 | 0000 83c1 | 0289 8af4 | 0000 0081 | e1fe ff1f 
  0x00007a03cccb304c: 0085 c90f | 8417 2600 

  0x00007a03cccb3054: ;   {metadata(method data for {method} {0x00006d56af026e08} 'checkIndex' '(I[B)V' in 'java/lang/StringUTF16')}
  0x00007a03cccb3054: 0048 bac0 | 1f09 a456 | 6d00 0048 | 8382 3801 

  0x00007a03cccb3064: ;   {metadata(method data for {method} {0x00006d56af026db0} 'length' '([B)I' in 'java/lang/StringUTF16')}
  0x00007a03cccb3064: 0000 0148 | ba60 2109 | a456 6d00 | 008b 8af4 | 0000 0083 | c102 898a | f400 0000 | 81e1 feff 
  0x00007a03cccb3084: 1f00 85c9 | 0f84 ff25 | 0000 8b56 

  0x00007a03cccb3090: ;   {metadata(method data for {method} {0x00006d56af026e08} 'checkIndex' '(I[B)V' in 'java/lang/StringUTF16')}
  0x00007a03cccb3090: 0c48 b9c0 | 1f09 a456 | 6d00 0048 | 8381 4801 | 0000 01d1 

  0x00007a03cccb30a4: ;   {metadata(method data for {method} {0x00006d56af459ac0} 'checkIndex' '(II)V' in 'java/lang/String')}
  0x00007a03cccb30a4: fa48 b9a8 | 2201 a456 | 6d00 0044 | 8b81 f400 | 0000 4183 | c002 4489 | 81f4 0000 | 0041 81e0 
  0x00007a03cccb30c4: feff 1f00 | 4585 c00f | 84e2 2500 

  0x00007a03cccb30d0: ;   {metadata(method data for {method} {0x00006d56af459ac0} 'checkIndex' '(II)V' in 'java/lang/String')}
  0x00007a03cccb30d0: 0048 b9a8 | 2201 a456 | 6d00 0048 | 8381 3801 

  0x00007a03cccb30e0: ;   {oop(a 'jdk/internal/util/Preconditions$4'{0x00000000403f0b08})}
  0x00007a03cccb30e0: 0000 0148 | b908 0b3f | 4000 0000 | 00b9 0000 | 0000 3bd9 | 0f8c da25 | 0000 3bda | 0f8d df25 
  0x00007a03cccb3100: 0000 488b | d348 63db | 0fb7 745e | 1081 e6ff | ff00 0081 | e6ff ff00 

  0x00007a03cccb3118: ;   {metadata(method data for {method} {0x00006d56a47fba18} 'nextIsSep' '()Z' in 'org/apache/xalan/templates/ElemNumber$NumberFormatStringTokenizer')}
  0x00007a03cccb3118: 0048 bbd8 | 9e85 a456 | 6d00 0048 | 8383 7001 

  0x00007a03cccb3128: ;   {metadata(method data for {method} {0x00006d56af425a60} 'isLetterOrDigit' '(C)Z' in 'java/lang/Character')}
  0x00007a03cccb3128: 0000 0148 | bb80 f720 | a456 6d00 | 008b 93f4 | 0000 0083 | c202 8993 | f400 0000 | 81e2 feff 
  0x00007a03cccb3148: 1f00 85d2 | 0f84 9c25 

  0x00007a03cccb3150: ;   {metadata(method data for {method} {0x00006d56af425a60} 'isLetterOrDigit' '(C)Z' in 'java/lang/Character')}
  0x00007a03cccb3150: 0000 48bb | 80f7 20a4 | 566d 0000 | 4883 8338 | 0100 0001 

  0x00007a03cccb3164: ;   {metadata(method data for {method} {0x00006d56af425ab8} 'isLetterOrDigit' '(I)Z' in 'java/lang/Character')}
  0x00007a03cccb3164: 48bb 08f9 | 20a4 566d | 0000 8b93 | f400 0000 | 83c2 0289 | 93f4 0000 | 0081 e2fe | ff1f 0085 
  0x00007a03cccb3184: d20f 8484 

  0x00007a03cccb3188: ;   {metadata(method data for {method} {0x00006d56af425ab8} 'isLetterOrDigit' '(I)Z' in 'java/lang/Character')}
  0x00007a03cccb3188: 2500 0048 | bb08 f920 | a456 6d00 | 0048 8383 | 3801 0000 

  0x00007a03cccb319c: ;   {metadata(method data for {method} {0x00006d56af425bc0} 'getType' '(I)I' in 'java/lang/Character')}
  0x00007a03cccb319c: 0148 bbf8 | 5f1f a456 | 6d00 008b | 93f4 0000 | 0083 c202 | 8993 f400 | 0000 81e2 | feff 1f00 
  0x00007a03cccb31bc: 85d2 0f84 | 6c25 0000 

  0x00007a03cccb31c4: ;   {metadata(method data for {method} {0x00006d56af425bc0} 'getType' '(I)I' in 'java/lang/Character')}
  0x00007a03cccb31c4: 48bb f85f | 1fa4 566d | 0000 4883 | 8338 0100 | 0001 488b | de48 8bf3 | 899c 243c | 0100 000f 
  0x00007a03cccb31e4: ;   {static_call}
  0x00007a03cccb31e4: 1f40 00e8 

  0x00007a03cccb31e8: ; ImmutableOopMap {[224]=Oop [232]=Oop [240]=Oop [256]=Oop [272]=Oop [288]=Oop [296]=Oop [328]=Oop }
                      ;*invokestatic of {reexecute=0 rethrow=0 return_oop=0}
                      ; - java.lang.Character::getType@1 (line 11560)
                      ; - java.lang.Character::isLetterOrDigit@4 (line 10303)
                      ; - java.lang.Character::isLetterOrDigit@1 (line 10277)
                      ; - org.apache.xalan.templates.ElemNumber$NumberFormatStringTokenizer::nextIsSep@11 (line 2110)
                      ; - org.apache.xalan.templates.ElemNumber::formatNumberList@163 (line 1227)
  0x00007a03cccb31e8: 946d 7907 

  0x00007a03cccb31ec: ;   {other}
  0x00007a03cccb31ec: 0f1f 8400 | 5c1e 0007 

  0x00007a03cccb31f4: ; implicit exception: dispatches to 0x00007a03cccb5751
  0x00007a03cccb31f4: 483b 0048 

  0x00007a03cccb31f8: ;   {metadata(method data for {method} {0x00006d56af425bc0} 'getType' '(I)I' in 'java/lang/Character')}
  0x00007a03cccb31f8: 8bd0 48be | f85f 1fa4 | 566d 0000 | 8b52 0849 | ba00 0000 | af56 6d00 | 0049 03d2 | 483b 9658 
  0x00007a03cccb3218: 0100 0075 | 0d48 8386 | 6001 0000 | 01e9 6000 | 0000 483b | 9668 0100 | 0075 0d48 | 8386 7001 
  0x00007a03cccb3238: 0000 01e9 | 4a00 0000 | 4883 be58 | 0100 0000 | 7517 4889 | 9658 0100 | 0048 c786 | 6001 0000 
  0x00007a03cccb3258: 0100 0000 | e929 0000 | 0048 83be | 6801 0000 | 0075 1748 | 8996 6801 | 0000 48c7 | 8670 0100 
  0x00007a03cccb3278: 0001 0000 | 00e9 0800 | 0000 4883 | 8648 0100 | 0001 8b94 | 243c 0100 | 0048 8bf0 | 9048 b858 
  0x00007a03cccb3298: f702 af56 

  0x00007a03cccb329c: ;   {virtual_call}
  0x00007a03cccb329c: 6d00 00e8 

  0x00007a03cccb32a0: ; ImmutableOopMap {[224]=Oop [232]=Oop [240]=Oop [256]=Oop [272]=Oop [288]=Oop [296]=Oop [328]=Oop }
                      ;*invokevirtual getType {reexecute=0 rethrow=0 return_oop=0}
                      ; - java.lang.Character::getType@5 (line 11560)
                      ; - java.lang.Character::isLetterOrDigit@4 (line 10303)
                      ; - java.lang.Character::isLetterOrDigit@1 (line 10277)
                      ; - org.apache.xalan.templates.ElemNumber$NumberFormatStringTokenizer::nextIsSep@11 (line 2110)
                      ; - org.apache.xalan.templates.ElemNumber::formatNumberList@163 (line 1227)
  0x00007a03cccb32a0: dcc6 8707 

  0x00007a03cccb32a4: ;   {other}
  0x00007a03cccb32a4: 0f1f 8400 | 141f 0008 | 488b c8be | 3e02 0000 | d3fe 83e6 

  0x00007a03cccb32b8: ;   {metadata(method data for {method} {0x00006d56af425ab8} 'isLetterOrDigit' '(I)Z' in 'java/lang/Character')}
  0x00007a03cccb32b8: 0185 f648 | be08 f920 | a456 6d00 | 0048 c7c7 | 4801 0000 | 7407 48c7 | c758 0100 | 0048 8b1c 
  0x00007a03cccb32d8: 3e48 8d5b | 0148 891c | 3e0f 841a 

  0x00007a03cccb32e4: ;   {metadata(method data for {method} {0x00006d56af425ab8} 'isLetterOrDigit' '(I)Z' in 'java/lang/Character')}
  0x00007a03cccb32e4: 0000 0048 | be08 f920 | a456 6d00 | 00ff 8668 | 0100 00be | 0100 0000 | e905 0000 | 00be 0000 
  0x00007a03cccb3304: 0000 83e6 | 0183 e601 

  0x00007a03cccb330c: ;   {metadata(method data for {method} {0x00006d56a47fba18} 'nextIsSep' '()Z' in 'org/apache/xalan/templates/ElemNumber$NumberFormatStringTokenizer')}
  0x00007a03cccb330c: 85f6 48be | d89e 85a4 | 566d 0000 | 48c7 c780 | 0100 0074 | 0748 c7c7 | 9001 0000 | 488b 1c3e 
  0x00007a03cccb332c: 488d 5b01 | 4889 1c3e | 0f84 0a00 | 0000 be00 | 0000 00e9 | 0500 0000 | be01 0000 

  0x00007a03cccb3348: ;   {metadata(method data for {method} {0x00006d56a454c8d0} 'formatNumberList' '(Lorg/apache/xalan/transformer/TransformerImpl;[JI)Ljava/lang/String;' in 'org/apache/xalan/templates/ElemNumber')}
  0x00007a03cccb3348: 0085 f648 | be70 8885 | a456 6d00 | 0048 c7c7 | 9804 0000 | 7407 48c7 | c7a8 0400 | 0048 8b1c 
  0x00007a03cccb3368: 3e48 8d5b | 0148 891c | 3e0f 846d | 0100 0048 | 8bb4 2428 

  0x00007a03cccb337c: ;   {metadata(method data for {method} {0x00006d56a454c8d0} 'formatNumberList' '(Lorg/apache/xalan/transformer/TransformerImpl;[JI)Ljava/lang/String;' in 'org/apache/xalan/templates/ElemNumber')}
  0x00007a03cccb337c: 0100 0048 | bf70 8885 | a456 6d00 

  0x00007a03cccb3388: ;   {metadata('org/apache/xalan/templates/ElemNumber$NumberFormatStringTokenizer')}
  0x00007a03cccb3388: 0049 bac0 | e10f b056 | 6d00 004c | 8997 c804 | 0000 4883 | 87d0 0400 | 0001 488b | b424 2801 
  0x00007a03cccb33a8: 0000 0f1f 

  0x00007a03cccb33ac: ;   {optimized virtual_call}
  0x00007a03cccb33ac: 4400 00e8 

  0x00007a03cccb33b0: ; ImmutableOopMap {[224]=Oop [232]=Oop [240]=Oop [256]=Oop [272]=Oop [288]=Oop [296]=Oop [328]=Oop }
                      ;*invokevirtual nextToken {reexecute=0 rethrow=0 return_oop=0}
                      ; - org.apache.xalan.templates.ElemNumber::formatNumberList@171 (line 1229)
  0x00007a03cccb33b0: cc1c fb06 

  0x00007a03cccb33b4: ;   {other}
  0x00007a03cccb33b4: 0f1f 8400 | 2420 0009 | 488b d048 | 8b84 2448 

  0x00007a03cccb33c4: ;   {metadata(method data for {method} {0x00006d56a454c8d0} 'formatNumberList' '(Lorg/apache/xalan/transformer/TransformerImpl;[JI)Ljava/lang/String;' in 'org/apache/xalan/templates/ElemNumber')}
  0x00007a03cccb33c4: 0100 0048 | be70 8885 | a456 6d00 | 0048 8386 | f004 0000 | 0148 8db4 | 24d8 0100 | 0048 8bbc 
  0x00007a03cccb33e4: 2448 0100 | 0048 897e | 0848 8b07 | 4883 c801 | 4889 06f0 | 480f b137 | 0f84 1200 | 0000 482b 
  0x00007a03cccb3404: c448 2507 | f0ff ff48 | 8906 0f85 | 4223 0000 | 49ff 8768 

  0x00007a03cccb3418: ;   {metadata(method data for {method} {0x00006d56af04dde8} 'append' '(Ljava/lang/String;)Ljava/lang/StringBuffer;' in 'java/lang/StringBuffer')}
  0x00007a03cccb3418: 0800 0048 | be88 0f20 | a456 6d00 | 008b 9ef4 | 0000 0083 | c302 899e | f400 0000 | 81e3 feff 
  0x00007a03cccb3438: 1f00 85db | 0f84 2723 | 0000 c747 | 1800 0000 | 0048 8bc7 

  0x00007a03cccb344c: ;   {metadata(method data for {method} {0x00006d56af04dde8} 'append' '(Ljava/lang/String;)Ljava/lang/StringBuffer;' in 'java/lang/StringBuffer')}
  0x00007a03cccb344c: 48be 880f | 20a4 566d | 0000 4883 | 8638 0100 | 0001 488b | f766 0f1f 

  0x00007a03cccb3464: ;   {optimized virtual_call}
  0x00007a03cccb3464: 4400 00e8 

  0x00007a03cccb3468: ; ImmutableOopMap {[224]=Oop [232]=Oop [240]=Oop [256]=Oop [272]=Oop [288]=Oop [296]=Oop [328]=Oop [480]=Oop }
                      ;*invokespecial append {reexecute=0 rethrow=0 return_oop=0}
                      ; - java.lang.StringBuffer::append@7 (line 313)
                      ; - org.apache.xalan.templates.ElemNumber::formatNumberList@180 (line 1230)
  0x00007a03cccb3468: 141c fb06 

  0x00007a03cccb346c: ;   {other}
  0x00007a03cccb346c: 0f1f 8400 | dc20 000a | 488d 8424 | d801 0000 | 488b 3048 | 85f6 0f84 | 0f00 0000 | 488b 7808 
  0x00007a03cccb348c: f048 0fb1 | 370f 85f3 | 2200 0049 | ff8f 6808 

  0x00007a03cccb349c: ;   {metadata(method data for {method} {0x00006d56a454c8d0} 'formatNumberList' '(Lorg/apache/xalan/transformer/TransformerImpl;[JI)Ljava/lang/String;' in 'org/apache/xalan/templates/ElemNumber')}
  0x00007a03cccb349c: 0000 48be | 7088 85a4 | 566d 0000 | 8bbe f800 | 0000 83c7 | 0289 bef8 | 0000 0081 | e7fe 3f00 
  0x00007a03cccb34bc: 0085 ff0f | 84db 2200 | 004d 8b97 

  0x00007a03cccb34c8: ; ImmutableOopMap {[224]=Oop [232]=Oop [240]=Oop [256]=Oop [272]=Oop [288]=Oop [296]=Oop [328]=Oop }
                      ;*goto {reexecute=1 rethrow=0 return_oop=0}
                      ; - (reexecute) org.apache.xalan.templates.ElemNumber::formatNumberList@184 (line 1230)
  0x00007a03cccb34c8: 7007 0000 

  0x00007a03cccb34cc: ;   {poll}
  0x00007a03cccb34cc: 4185 0248 | be70 8885 | a456 6d00 | 00ff 8628 | 0500 00e9 | bcf8 ffff | 488b 8424 | 4801 0000 
  0x00007a03cccb34ec: ;   {metadata(method data for {method} {0x00006d56a454c8d0} 'formatNumberList' '(Lorg/apache/xalan/transformer/TransformerImpl;[JI)Ljava/lang/String;' in 'org/apache/xalan/templates/ElemNumber')}
  0x00007a03cccb34ec: 48be 7088 | 85a4 566d | 0000 4883 | 8640 0500 | 0001 488b | b424 4801 

  0x00007a03cccb3504: ;   {optimized virtual_call}
  0x00007a03cccb3504: 0000 90e8 

  0x00007a03cccb3508: ; ImmutableOopMap {[224]=Oop [232]=Oop [240]=Oop [256]=Oop [272]=Oop [288]=Oop [296]=Oop }
                      ;*invokevirtual toString {reexecute=0 rethrow=0 return_oop=0}
                      ; - org.apache.xalan.templates.ElemNumber::formatNumberList@189 (line 1232)
  0x00007a03cccb3508: f4de 8b07 

  0x00007a03cccb350c: ;   {other}
  0x00007a03cccb350c: 0f1f 8400 | 7c21 000c | 8b9c 240c | 0100 0085 

  0x00007a03cccb351c: ;   {metadata(method data for {method} {0x00006d56a454c8d0} 'formatNumberList' '(Lorg/apache/xalan/transformer/TransformerImpl;[JI)Ljava/lang/String;' in 'org/apache/xalan/templates/ElemNumber')}
  0x00007a03cccb351c: db48 be70 | 8885 a456 | 6d00 0048 | c7c7 8805 | 0000 7407 | 48c7 c778 | 0500 0048 | 8b14 3e48 
  0x00007a03cccb353c: 8d52 0148 | 8914 3e0f | 840d 0000 | 0048 8b94 | 2410 0100 | 00e9 0300 | 0000 488b | d048 8994 
  0x00007a03cccb355c: 2450 0100 | 0048 8984 | 2458 0100 | 0089 9c24 | 0c01 0000 | 488b b424 | 2801 0000 

  0x00007a03cccb3578: ;   {metadata(method data for {method} {0x00006d56a454c8d0} 'formatNumberList' '(Lorg/apache/xalan/transformer/TransformerImpl;[JI)Ljava/lang/String;' in 'org/apache/xalan/templates/ElemNumber')}
  0x00007a03cccb3578: 48bf 7088 | 85a4 566d 

  0x00007a03cccb3580: ;   {metadata('org/apache/xalan/templates/ElemNumber$NumberFormatStringTokenizer')}
  0x00007a03cccb3580: 0000 49ba | c0e1 0fb0 | 566d 0000 | 4c89 97a8 | 0500 0048 | 8387 b005 | 0000 0148 | 8bb4 2428 
  0x00007a03cccb35a0: 0100 000f 

  0x00007a03cccb35a4: ;   {optimized virtual_call}
  0x00007a03cccb35a4: 1f40 00e8 

  0x00007a03cccb35a8: ; ImmutableOopMap {[224]=Oop [232]=Oop [240]=Oop [256]=Oop [288]=Oop [296]=Oop [336]=Oop [344]=Oop }
                      ;*invokevirtual nextToken {reexecute=0 rethrow=0 return_oop=0}
                      ; - org.apache.xalan.templates.ElemNumber::formatNumberList@205 (line 1242)
  0x00007a03cccb35a8: d47d 8907 

  0x00007a03cccb35ac: ;   {other}
  0x00007a03cccb35ac: 0f1f 8400 | 1c22 000d 

  0x00007a03cccb35b4: ; implicit exception: dispatches to 0x00007a03cccb57c1
  0x00007a03cccb35b4: 483b 0048 

  0x00007a03cccb35b8: ;   {metadata(method data for {method} {0x00006d56a454c8d0} 'formatNumberList' '(Lorg/apache/xalan/transformer/TransformerImpl;[JI)Ljava/lang/String;' in 'org/apache/xalan/templates/ElemNumber')}
  0x00007a03cccb35b8: 8bc8 48be | 7088 85a4 | 566d 0000 | 4883 86d0 | 0500 0001 

  0x00007a03cccb35cc: ;   {metadata(method data for {method} {0x00006d56af00f028} 'length' '()I' in 'java/lang/String')}
  0x00007a03cccb35cc: 48b9 d0ff | 00a4 566d | 0000 8bb1 | f400 0000 | 83c6 0289 | b1f4 0000 | 0081 e6fe | ff1f 0085 
  0x00007a03cccb35ec: f60f 84d3 | 2100 008b | 7014 8b7e | 0c48 8bc8 

  0x00007a03cccb35fc: ;   {metadata(method data for {method} {0x00006d56af00f028} 'length' '()I' in 'java/lang/String')}
  0x00007a03cccb35fc: 48bb d0ff | 00a4 566d | 0000 4883 | 8338 0100 

  0x00007a03cccb360c: ;   {metadata(method data for {method} {0x00006d56af459438} 'coder' '()B' in 'java/lang/String')}
  0x00007a03cccb360c: 0001 48b9 | 30fe 00a4 | 566d 0000 | 8b99 f400 | 0000 83c3 | 0289 99f4 | 0000 0081 | e3fe ff1f 
  0x00007a03cccb362c: 0085 db0f | 84b7 2100 

  0x00007a03cccb3634: ;   {metadata(method data for {method} {0x00006d56af459438} 'coder' '()B' in 'java/lang/String')}
  0x00007a03cccb3634: 0048 b930 | fe00 a456 | 6d00 00ff | 8148 0100 | 000f be58 

  0x00007a03cccb3648: ;   {metadata(method data for {method} {0x00006d56af459438} 'coder' '()B' in 'java/lang/String')}
  0x00007a03cccb3648: 1048 b930 | fe00 a456 | 6d00 00ff | 8158 0100 | 0048 8bcb | c1e1 18c1 | f918 4c8b | c741 d3f8 
  0x00007a03cccb3668: 498b d0ff | ca48 8bc8 

  0x00007a03cccb3670: ;   {metadata(method data for {method} {0x00006d56a454c8d0} 'formatNumberList' '(Lorg/apache/xalan/transformer/TransformerImpl;[JI)Ljava/lang/String;' in 'org/apache/xalan/templates/ElemNumber')}
  0x00007a03cccb3670: 49b9 7088 | 85a4 566d | 0000 4983 | 8108 0600 

  0x00007a03cccb3680: ;   {metadata(method data for {method} {0x00006d56af00f080} 'charAt' '(I)C' in 'java/lang/String')}
  0x00007a03cccb3680: 0001 48b9 | 101d 01a4 | 566d 0000 | 448b 89f4 | 0000 0041 | 83c1 0244 | 8989 f400 | 0000 4181 
  0x00007a03cccb36a0: e1fe ff1f | 0045 85c9 | 0f84 5f21 | 0000 488b 

  0x00007a03cccb36b0: ;   {metadata(method data for {method} {0x00006d56af00f080} 'charAt' '(I)C' in 'java/lang/String')}
  0x00007a03cccb36b0: c849 b910 | 1d01 a456 | 6d00 0049 | 8381 3801 

  0x00007a03cccb36c0: ;   {metadata(method data for {method} {0x00006d56af458830} 'isLatin1' '()Z' in 'java/lang/String')}
  0x00007a03cccb36c0: 0000 0148 | b948 9c00 | a456 6d00 | 0044 8b89 | f400 0000 | 4183 c102 | 4489 89f4 | 0000 0041 
  0x00007a03cccb36e0: 81e1 feff | 1f00 4585 | c90f 843f 

  0x00007a03cccb36ec: ;   {metadata(method data for {method} {0x00006d56af458830} 'isLatin1' '()Z' in 'java/lang/String')}
  0x00007a03cccb36ec: 2100 0048 | b848 9c00 | a456 6d00 | 00ff 8048 | 0100 0085 

  0x00007a03cccb3700: ;   {metadata(method data for {method} {0x00006d56af458830} 'isLatin1' '()Z' in 'java/lang/String')}
  0x00007a03cccb3700: db48 bb48 | 9c00 a456 | 6d00 0048 | c7c0 5801 | 0000 7507 | 48c7 c068 | 0100 0048 | 8b0c 0348 
  0x00007a03cccb3720: 8d49 0148 | 890c 030f | 851a 0000 

  0x00007a03cccb372c: ;   {metadata(method data for {method} {0x00006d56af458830} 'isLatin1' '()Z' in 'java/lang/String')}
  0x00007a03cccb372c: 0048 bb48 | 9c00 a456 | 6d00 00ff | 8378 0100 | 00bb 0100 | 0000 e905 | 0000 00bb | 0000 0000 
  0x00007a03cccb374c: 83e3 0185 

  0x00007a03cccb3750: ;   {metadata(method data for {method} {0x00006d56af00f080} 'charAt' '(I)C' in 'java/lang/String')}
  0x00007a03cccb3750: db48 bb10 | 1d01 a456 | 6d00 0048 | c7c0 7001 | 0000 7407 | 48c7 c080 | 0100 0048 | 8b0c 0348 
  0x00007a03cccb3770: 8d49 0148 | 890c 030f | 84cb 0000 

  0x00007a03cccb377c: ;   {metadata(method data for {method} {0x00006d56af00f080} 'charAt' '(I)C' in 'java/lang/String')}
  0x00007a03cccb377c: 0048 bb10 | 1d01 a456 | 6d00 0048 | 8383 9001 

  0x00007a03cccb378c: ;   {metadata(method data for {method} {0x00006d56af024530} 'charAt' '([BI)C' in 'java/lang/StringLatin1')}
  0x00007a03cccb378c: 0000 0148 | bbe8 2001 | a456 6d00 | 008b 83f4 | 0000 0083 | c002 8983 | f400 0000 | 25fe ff1f 
  0x00007a03cccb37ac: 0085 c00f | 849a 2000 

  0x00007a03cccb37b4: ;   {metadata(method data for {method} {0x00006d56af024530} 'charAt' '([BI)C' in 'java/lang/StringLatin1')}
  0x00007a03cccb37b4: 0048 bbe8 | 2001 a456 | 6d00 0048 | 8383 3801 

  0x00007a03cccb37c4: ;   {metadata(method data for {method} {0x00006d56af459ac0} 'checkIndex' '(II)V' in 'java/lang/String')}
  0x00007a03cccb37c4: 0000 0148 | bba8 2201 | a456 6d00 | 008b 83f4 | 0000 0083 | c002 8983 | f400 0000 | 25fe ff1f 
  0x00007a03cccb37e4: 0085 c00f | 8483 2000 

  0x00007a03cccb37ec: ;   {metadata(method data for {method} {0x00006d56af459ac0} 'checkIndex' '(II)V' in 'java/lang/String')}
  0x00007a03cccb37ec: 0048 bba8 | 2201 a456 | 6d00 0048 | 8383 3801 

  0x00007a03cccb37fc: ;   {oop(a 'jdk/internal/util/Preconditions$4'{0x00000000403f0b08})}
  0x00007a03cccb37fc: 0000 0148 | bb08 0b3f | 4000 0000 | 00bb 0000 | 0000 3bd3 | 0f8c 7b20 | 0000 3bd7 | 0f8d 8020 
  0x00007a03cccb381c: 0000 488b | da3b fa0f | 8682 2000 | 0048 63d2 | 0fbe 7416 | 1081 e6ff | 0000 0081 | e6ff ff00 
  0x00007a03cccb383c: 0081 e6ff | ff00 00e9 | 2a01 0000 

  0x00007a03cccb3848: ;   {metadata(method data for {method} {0x00006d56af00f080} 'charAt' '(I)C' in 'java/lang/String')}
  0x00007a03cccb3848: 48bb 101d | 01a4 566d | 0000 4883 | 83a0 0100 

  0x00007a03cccb3858: ;   {metadata(method data for {method} {0x00006d56af0278b0} 'charAt' '([BI)C' in 'java/lang/StringUTF16')}
  0x00007a03cccb3858: 0001 48bb | 60bc 0da4 | 566d 0000 | 8b83 f400 | 0000 83c0 | 0289 83f4 | 0000 0025 | feff 1f00 
  0x00007a03cccb3878: 85c0 0f84 | 3920 0000 

  0x00007a03cccb3880: ;   {metadata(method data for {method} {0x00006d56af0278b0} 'charAt' '([BI)C' in 'java/lang/StringUTF16')}
  0x00007a03cccb3880: 48bb 60bc | 0da4 566d | 0000 4883 | 8338 0100 

  0x00007a03cccb3890: ;   {metadata(method data for {method} {0x00006d56af026e08} 'checkIndex' '(I[B)V' in 'java/lang/StringUTF16')}
  0x00007a03cccb3890: 0001 48bb | c01f 09a4 | 566d 0000 | 8b83 f400 | 0000 83c0 | 0289 83f4 | 0000 0025 | feff 1f00 
  0x00007a03cccb38b0: 85c0 0f84 | 2220 0000 

  0x00007a03cccb38b8: ;   {metadata(method data for {method} {0x00006d56af026e08} 'checkIndex' '(I[B)V' in 'java/lang/StringUTF16')}
  0x00007a03cccb38b8: 48bb c01f | 09a4 566d | 0000 4883 | 8338 0100 

  0x00007a03cccb38c8: ;   {metadata(method data for {method} {0x00006d56af026db0} 'length' '([B)I' in 'java/lang/StringUTF16')}
  0x00007a03cccb38c8: 0001 48bb | 6021 09a4 | 566d 0000 | 8b83 f400 | 0000 83c0 | 0289 83f4 | 0000 0025 | feff 1f00 
  0x00007a03cccb38e8: 85c0 0f84 | 0b20 0000 

  0x00007a03cccb38f0: ;   {metadata(method data for {method} {0x00006d56af026e08} 'checkIndex' '(I[B)V' in 'java/lang/StringUTF16')}
  0x00007a03cccb38f0: 48bb c01f | 09a4 566d | 0000 4883 | 8348 0100 | 0001 d1ff 

  0x00007a03cccb3904: ;   {metadata(method data for {method} {0x00006d56af459ac0} 'checkIndex' '(II)V' in 'java/lang/String')}
  0x00007a03cccb3904: 48bb a822 | 01a4 566d | 0000 8b83 | f400 0000 | 83c0 0289 | 83f4 0000 | 0025 feff | 1f00 85c0 
  0x00007a03cccb3924: 0f84 f21f 

  0x00007a03cccb3928: ;   {metadata(method data for {method} {0x00006d56af459ac0} 'checkIndex' '(II)V' in 'java/lang/String')}
  0x00007a03cccb3928: 0000 48bb | a822 01a4 | 566d 0000 | 4883 8338 | 0100 0001 

  0x00007a03cccb393c: ;   {oop(a 'jdk/internal/util/Preconditions$4'{0x00000000403f0b08})}
  0x00007a03cccb393c: 48bb 080b | 3f40 0000 | 0000 bb00 | 0000 003b | d30f 8cea | 1f00 003b | d70f 8def | 1f00 0048 
  0x00007a03cccb395c: 8bfa 4863 | d20f b774 | 5610 81e6 | ffff 0000 | 81e6 ffff | 0000 488b | 9424 5001 | 0000 488b 
  0x00007a03cccb397c: 8424 5801 

  0x00007a03cccb3980: ;   {metadata(method data for {method} {0x00006d56a454c8d0} 'formatNumberList' '(Lorg/apache/xalan/transformer/TransformerImpl;[JI)Ljava/lang/String;' in 'org/apache/xalan/templates/ElemNumber')}
  0x00007a03cccb3980: 0000 48bf | 7088 85a4 | 566d 0000 | ff87 4006 | 0000 488b | c84c 8b8c | 2420 0100 | 004c 8bde 
  0x00007a03cccb39a0: 4d8b e8e9 | bd04 0000 | 488b 8424 | 4001 0000 | 4889 8424 | 6001 0000 | 488b 8424 | 2801 0000 
  0x00007a03cccb39c0: ;   {metadata(method data for {method} {0x00006d56a454c8d0} 'formatNumberList' '(Lorg/apache/xalan/transformer/TransformerImpl;[JI)Ljava/lang/String;' in 'org/apache/xalan/templates/ElemNumber')}
  0x00007a03cccb39c0: 488b f048 | bb70 8885 | a456 6d00 

  0x00007a03cccb39cc: ;   {metadata('org/apache/xalan/templates/ElemNumber$NumberFormatStringTokenizer')}
  0x00007a03cccb39cc: 0049 bac0 | e10f b056 | 6d00 004c | 8993 6806 | 0000 4883 | 8370 0600 

  0x00007a03cccb39e4: ;   {metadata(method data for {method} {0x00006d56a47fbad0} 'hasMoreTokens' '()Z' in 'org/apache/xalan/templates/ElemNumber$NumberFormatStringTokenizer')}
  0x00007a03cccb39e4: 0001 48be | 009b 83a4 | 566d 0000 | 8b9e f400 | 0000 83c3 | 0289 9ef4 | 0000 0081 | e3fe ff1f 
  0x00007a03cccb3a04: 0085 db0f | 844a 1f00 | 008b 700c | 8b58 103b 

  0x00007a03cccb3a14: ;   {metadata(method data for {method} {0x00006d56a47fbad0} 'hasMoreTokens' '()Z' in 'org/apache/xalan/templates/ElemNumber$NumberFormatStringTokenizer')}
  0x00007a03cccb3a14: f348 be00 | 9b83 a456 | 6d00 0048 | c7c3 3801 | 0000 7c07 | 48c7 c348 | 0100 0048 | 8b14 1e48 
  0x00007a03cccb3a34: 8d52 0148 | 8914 1e0f | 8c1a 0000 

  0x00007a03cccb3a40: ;   {metadata(method data for {method} {0x00006d56a47fbad0} 'hasMoreTokens' '()Z' in 'org/apache/xalan/templates/ElemNumber$NumberFormatStringTokenizer')}
  0x00007a03cccb3a40: 0048 be00 | 9b83 a456 | 6d00 00ff | 8658 0100 | 00be 0000 | 0000 e905 | 0000 00be | 0100 0000 
  0x00007a03cccb3a60: 83e6 0185 

  0x00007a03cccb3a64: ;   {metadata(method data for {method} {0x00006d56a454c8d0} 'formatNumberList' '(Lorg/apache/xalan/transformer/TransformerImpl;[JI)Ljava/lang/String;' in 'org/apache/xalan/templates/ElemNumber')}
  0x00007a03cccb3a64: f648 be70 | 8885 a456 | 6d00 0048 | c7c3 9006 | 0000 7407 | 48c7 c3a0 | 0600 0048 | 8b14 1e48 
  0x00007a03cccb3a84: 8d52 0148 | 8914 1e0f | 84a9 0300 | 0048 8bf0 

  0x00007a03cccb3a94: ;   {metadata(method data for {method} {0x00006d56a454c8d0} 'formatNumberList' '(Lorg/apache/xalan/transformer/TransformerImpl;[JI)Ljava/lang/String;' in 'org/apache/xalan/templates/ElemNumber')}
  0x00007a03cccb3a94: 48bb 7088 | 85a4 566d 

  0x00007a03cccb3a9c: ;   {metadata('org/apache/xalan/templates/ElemNumber$NumberFormatStringTokenizer')}
  0x00007a03cccb3a9c: 0000 49ba | c0e1 0fb0 | 566d 0000 | 4c89 93c0 | 0600 0048 | 8383 c806 | 0000 0148 | 8bf0 0f1f 
  0x00007a03cccb3abc: ;   {optimized virtual_call}
  0x00007a03cccb3abc: 4400 00e8 

  0x00007a03cccb3ac0: ; ImmutableOopMap {[224]=Oop [232]=Oop [240]=Oop [256]=Oop [272]=Oop [280]=Oop [296]=Oop [352]=Oop }
                      ;*invokevirtual nextToken {reexecute=0 rethrow=0 return_oop=0}
                      ; - org.apache.xalan.templates.ElemNumber::formatNumberList@245 (line 1256)
  0x00007a03cccb3ac0: bc15 fb06 

  0x00007a03cccb3ac4: ;   {other}
  0x00007a03cccb3ac4: 0f1f 8400 | 3427 000e 

  0x00007a03cccb3acc: ;   {metadata('java/lang/StringBuffer')}
  0x00007a03cccb3acc: 48ba a0af | 04af 566d | 0000 4889 | 8424 7001 | 0000 498b | 87b8 0400 | 0048 8d48 | 2048 3bc8 
  0x00007a03cccb3aec: 0f82 861e | 0000 493b | 8fc0 0400 | 000f 8779 | 1e00 0049 | 898f b804 | 0000 488b | f848 c1ef 
  0x00007a03cccb3b0c: 0649 ba00 | 0040 2857 | 6d00 0045 | 8a14 3a48 | 8bc8 48c1 | e903 4883 | e107 48c7 | c701 0000 
  0x00007a03cccb3b2c: 0048 d3e7 | 4c0b d748 | 8bf8 48c1 | ef06 48b9 | 0000 4028 | 576d 0000 | 4488 1439 | 4983 8728 
  0x00007a03cccb3b4c: 0200 0020 | 4983 8728 | 0200 0000 | 48c7 0001 | 0000 0048 | 8bca 49ba | 0000 00af | 566d 0000 
  0x00007a03cccb3b6c: 492b ca89 | 4808 4833 | c989 480c | 4833 c948 | 8948 1048 | 8948 1848 | 8984 2468 | 0100 0048 
  0x00007a03cccb3b8c: ;   {metadata(method data for {method} {0x00006d56a454c8d0} 'formatNumberList' '(Lorg/apache/xalan/transformer/TransformerImpl;[JI)Ljava/lang/String;' in 'org/apache/xalan/templates/ElemNumber')}
  0x00007a03cccb3b8c: 8bd0 48be | 7088 85a4 | 566d 0000 | 4883 86e8 | 0600 0001 

  0x00007a03cccb3ba0: ;   {metadata(method data for {method} {0x00006d56af04da78} '<init>' '()V' in 'java/lang/StringBuffer')}
  0x00007a03cccb3ba0: 48ba 200e | 20a4 566d | 0000 8bb2 | f400 0000 | 83c6 0289 | b2f4 0000 | 0081 e6fe | ff1f 0085 
  0x00007a03cccb3bc0: f60f 84be | 1d00 0048 

  0x00007a03cccb3bc8: ;   {metadata(method data for {method} {0x00006d56af04da78} '<init>' '()V' in 'java/lang/StringBuffer')}
  0x00007a03cccb3bc8: 8bd0 48be | 200e 20a4 | 566d 0000 | 4883 8638 | 0100 0001 | ba10 0000 | 0048 8bf0 

  0x00007a03cccb3be4: ;   {optimized virtual_call}
  0x00007a03cccb3be4: 6666 90e8 

  0x00007a03cccb3be8: ; ImmutableOopMap {[224]=Oop [232]=Oop [240]=Oop [256]=Oop [272]=Oop [280]=Oop [296]=Oop [352]=Oop [360]=Oop [368]=Oop }
                      ;*invokespecial <init> {reexecute=0 rethrow=0 return_oop=0}
                      ; - java.lang.StringBuffer::<init>@3 (line 133)
                      ; - org.apache.xalan.templates.ElemNumber::formatNumberList@254 (line 1257)
  0x00007a03cccb3be8: 9414 fb06 

  0x00007a03cccb3bec: ;   {other}
  0x00007a03cccb3bec: 0f1f 8400 | 5c28 000f | 488b 8424 | 6801 0000 

  0x00007a03cccb3bfc: ;   {metadata(method data for {method} {0x00006d56a454c8d0} 'formatNumberList' '(Lorg/apache/xalan/transformer/TransformerImpl;[JI)Ljava/lang/String;' in 'org/apache/xalan/templates/ElemNumber')}
  0x00007a03cccb3bfc: 48ba 7088 | 85a4 566d | 0000 4883 | 82f8 0600 | 0001 488d | 9424 d801 | 0000 488b | bc24 6801 
  0x00007a03cccb3c1c: 0000 4889 | 7a08 488b | 0748 83c8 | 0148 8902 | f048 0fb1 | 170f 8412 | 0000 0048 | 2bc4 4825 
  0x00007a03cccb3c3c: 07f0 ffff | 4889 020f | 855d 1d00 | 0049 ff87 | 6808 0000 

  0x00007a03cccb3c50: ;   {metadata(method data for {method} {0x00006d56af04dde8} 'append' '(Ljava/lang/String;)Ljava/lang/StringBuffer;' in 'java/lang/StringBuffer')}
  0x00007a03cccb3c50: 48ba 880f | 20a4 566d | 0000 8bb2 | f400 0000 | 83c6 0289 | b2f4 0000 | 0081 e6fe | ff1f 0085 
  0x00007a03cccb3c70: f60f 8442 | 1d00 00c7 | 4718 0000 | 0000 488b 

  0x00007a03cccb3c80: ;   {metadata(method data for {method} {0x00006d56af04dde8} 'append' '(Ljava/lang/String;)Ljava/lang/StringBuffer;' in 'java/lang/StringBuffer')}
  0x00007a03cccb3c80: c748 ba88 | 0f20 a456 | 6d00 0048 | 8382 3801 | 0000 0148 | 8b94 2460 | 0100 0048 

  0x00007a03cccb3c9c: ;   {optimized virtual_call}
  0x00007a03cccb3c9c: 8bf7 90e8 

  0x00007a03cccb3ca0: ; ImmutableOopMap {[224]=Oop [232]=Oop [240]=Oop [256]=Oop [272]=Oop [280]=Oop [296]=Oop [360]=Oop [368]=Oop [480]=Oop }
                      ;*invokespecial append {reexecute=0 rethrow=0 return_oop=0}
                      ; - java.lang.StringBuffer::append@7 (line 313)
                      ; - org.apache.xalan.templates.ElemNumber::formatNumberList@259 (line 1257)
  0x00007a03cccb3ca0: dc13 fb06 

  0x00007a03cccb3ca4: ;   {other}
  0x00007a03cccb3ca4: 0f1f 8400 | 1429 0010 | 488d 8424 | d801 0000 | 488b 1048 | 85d2 0f84 | 0f00 0000 | 488b 7008 
  0x00007a03cccb3cc4: f048 0fb1 | 160f 850b | 1d00 0049 | ff8f 6808 | 0000 488b | 8424 6801 

  0x00007a03cccb3cdc: ;   {metadata(method data for {method} {0x00006d56a454c8d0} 'formatNumberList' '(Lorg/apache/xalan/transformer/TransformerImpl;[JI)Ljava/lang/String;' in 'org/apache/xalan/templates/ElemNumber')}
  0x00007a03cccb3cdc: 0000 48ba | 7088 85a4 | 566d 0000 | 4883 8230 | 0700 0001 | 488d 9424 | d801 0000 | 488b bc24 
  0x00007a03cccb3cfc: 6801 0000 | 4889 7a08 | 488b 0748 | 83c8 0148 | 8902 f048 | 0fb1 170f | 8412 0000 | 0048 2bc4 
  0x00007a03cccb3d1c: 4825 07f0 | ffff 4889 | 020f 85c5 | 1c00 0049 | ff87 6808 

  0x00007a03cccb3d30: ;   {metadata(method data for {method} {0x00006d56af04dde8} 'append' '(Ljava/lang/String;)Ljava/lang/StringBuffer;' in 'java/lang/StringBuffer')}
  0x00007a03cccb3d30: 0000 48ba | 880f 20a4 | 566d 0000 | 8bb2 f400 | 0000 83c6 | 0289 b2f4 | 0000 0081 | e6fe ff1f 
  0x00007a03cccb3d50: 0085 f60f | 84aa 1c00 | 00c7 4718 | 0000 0000 

  0x00007a03cccb3d60: ;   {metadata(method data for {method} {0x00006d56af04dde8} 'append' '(Ljava/lang/String;)Ljava/lang/StringBuffer;' in 'java/lang/StringBuffer')}
  0x00007a03cccb3d60: 488b c748 | ba88 0f20 | a456 6d00 | 0048 8382 | 3801 0000 | 0148 8b94 | 2470 0100 | 0048 8bf7 
  0x00007a03cccb3d80: 0f1f 8000 

  0x00007a03cccb3d84: ;   {optimized virtual_call}
  0x00007a03cccb3d84: 0000 00e8 

  0x00007a03cccb3d88: ; ImmutableOopMap {[224]=Oop [232]=Oop [240]=Oop [256]=Oop [272]=Oop [280]=Oop [296]=Oop [360]=Oop [368]=Oop [480]=Oop }
                      ;*invokespecial append {reexecute=0 rethrow=0 return_oop=0}
                      ; - java.lang.StringBuffer::append@7 (line 313)
                      ; - org.apache.xalan.templates.ElemNumber::formatNumberList@264 (line 1257)
  0x00007a03cccb3d88: f412 fb06 

  0x00007a03cccb3d8c: ;   {other}
  0x00007a03cccb3d8c: 0f1f 8400 | fc29 0011 | 488d 8424 | d801 0000 | 488b 3048 | 85f6 0f84 | 0f00 0000 | 488b 7808 
  0x00007a03cccb3dac: f048 0fb1 | 370f 856d | 1c00 0049 | ff8f 6808 | 0000 488b | 8424 6801 

  0x00007a03cccb3dc4: ;   {metadata(method data for {method} {0x00006d56a454c8d0} 'formatNumberList' '(Lorg/apache/xalan/transformer/TransformerImpl;[JI)Ljava/lang/String;' in 'org/apache/xalan/templates/ElemNumber')}
  0x00007a03cccb3dc4: 0000 48be | 7088 85a4 | 566d 0000 | 4883 8668 | 0700 0001 | 488b b424 | 6801 0000 | 0f1f 8000 
  0x00007a03cccb3de4: ;   {optimized virtual_call}
  0x00007a03cccb3de4: 0000 00e8 

  0x00007a03cccb3de8: ; ImmutableOopMap {[224]=Oop [232]=Oop [240]=Oop [256]=Oop [272]=Oop [280]=Oop [296]=Oop [368]=Oop }
                      ;*invokevirtual toString {reexecute=0 rethrow=0 return_oop=0}
                      ; - org.apache.xalan.templates.ElemNumber::formatNumberList@267 (line 1257)
  0x00007a03cccb3de8: 9412 fb06 

  0x00007a03cccb3dec: ;   {other}
  0x00007a03cccb3dec: 0f1f 8400 | 5c2a 0012 

  0x00007a03cccb3df4: ;   {metadata(method data for {method} {0x00006d56a454c8d0} 'formatNumberList' '(Lorg/apache/xalan/transformer/TransformerImpl;[JI)Ljava/lang/String;' in 'org/apache/xalan/templates/ElemNumber')}
  0x00007a03cccb3df4: 48ba 7088 | 85a4 566d | 0000 8bb2 | f800 0000 | 83c6 0289 | b2f8 0000 | 0081 e6fe | 3f00 0085 
  0x00007a03cccb3e14: f60f 841f | 1c00 004d | 8b97 7007 

  0x00007a03cccb3e20: ; ImmutableOopMap {rax=Oop [224]=Oop [232]=Oop [240]=Oop [256]=Oop [272]=Oop [280]=Oop [296]=Oop [368]=Oop }
                      ;*goto {reexecute=1 rethrow=0 return_oop=0}
                      ; - (reexecute) org.apache.xalan.templates.ElemNumber::formatNumberList@272 (line 1257)
                      ;   {poll}
  0x00007a03cccb3e20: 0000 4185 

  0x00007a03cccb3e24: ;   {metadata(method data for {method} {0x00006d56a454c8d0} 'formatNumberList' '(Lorg/apache/xalan/transformer/TransformerImpl;[JI)Ljava/lang/String;' in 'org/apache/xalan/templates/ElemNumber')}
  0x00007a03cccb3e24: 0248 ba70 | 8885 a456 | 6d00 00ff | 82a0 0700 | 00e9 76fb | ffff 488b | 8424 6001 | 0000 488b 
  0x00007a03cccb3e44: 9424 1001 | 0000 488b | 8c24 1801 | 0000 4c8b | c844 8b9c | 2430 0100 | 0044 8bac | 2434 0100 
  0x00007a03cccb3e64: 0048 85c9 

  0x00007a03cccb3e68: ;   {metadata(method data for {method} {0x00006d56a454c8d0} 'formatNumberList' '(Lorg/apache/xalan/transformer/TransformerImpl;[JI)Ljava/lang/String;' in 'org/apache/xalan/templates/ElemNumber')}
  0x00007a03cccb3e68: 48be 7088 | 85a4 566d | 0000 48c7 | c7b8 0700 | 0074 0748 | c7c7 c807 | 0000 488b | 1c3e 488d 
  0x00007a03cccb3e88: 5b01 4889 | 1c3e 8b9c | 240c 0100 | 000f 842e | 0000 0085 

  0x00007a03cccb3e9c: ;   {metadata(method data for {method} {0x00006d56a454c8d0} 'formatNumberList' '(Lorg/apache/xalan/transformer/TransformerImpl;[JI)Ljava/lang/String;' in 'org/apache/xalan/templates/ElemNumber')}
  0x00007a03cccb3e9c: db48 be70 | 8885 a456 | 6d00 0048 | c7c7 e807 | 0000 7507 | 48c7 c7d8 | 0700 0048 | 8b04 3e48 
  0x00007a03cccb3ebc: 8d40 0148 | 8904 3e0f | 8510 0100 | 0048 85d2 

  0x00007a03cccb3ecc: ;   {metadata(method data for {method} {0x00006d56a454c8d0} 'formatNumberList' '(Lorg/apache/xalan/transformer/TransformerImpl;[JI)Ljava/lang/String;' in 'org/apache/xalan/templates/ElemNumber')}
  0x00007a03cccb3ecc: 48be 7088 | 85a4 566d | 0000 48c7 | c758 0800 | 0075 0748 | c7c7 4808 | 0000 488b | 043e 488d 
  0x00007a03cccb3eec: 4001 4889 | 043e 0f85 | 1d00 0000 | 4889 9424 | 8801 0000 | 4889 8c24 | 7801 0000 | 4c89 8c24 
  0x00007a03cccb3f0c: 9001 0000 | e947 0100 

  0x00007a03cccb3f14: ;   {metadata(method data for {method} {0x00006d56a454c8d0} 'formatNumberList' '(Lorg/apache/xalan/transformer/TransformerImpl;[JI)Ljava/lang/String;' in 'org/apache/xalan/templates/ElemNumber')}
  0x00007a03cccb3f14: 0085 db48 | be70 8885 | a456 6d00 | 0048 c7c7 | 7808 0000 | 7407 48c7 | c768 0800 | 0048 8b1c 
  0x00007a03cccb3f34: 3e48 8d5b | 0148 891c | 3e0f 841d | 0000 0048 | 8994 2488 | 0100 0048 | 898c 2478 | 0100 004c 
  0x00007a03cccb3f54: 898c 2490 | 0100 00e9 | fc00 0000 | 4889 8c24 | 7801 0000 | 4c89 8c24 | 9001 0000 | 4489 9c24 
  0x00007a03cccb3f74: 8001 0000 | 4489 ac24 | 8401 0000 | 488b bc24 | 0001 0000 

  0x00007a03cccb3f88: ; implicit exception: dispatches to 0x00007a03cccb5a5b
  0x00007a03cccb3f88: 483b 0748 

  0x00007a03cccb3f8c: ;   {metadata(method data for {method} {0x00006d56a454c8d0} 'formatNumberList' '(Lorg/apache/xalan/transformer/TransformerImpl;[JI)Ljava/lang/String;' in 'org/apache/xalan/templates/ElemNumber')}
  0x00007a03cccb3f8c: 8bf7 48bb | 7088 85a4 | 566d 0000 | 4883 8388 | 0800 0001 | 488b da48 | 8bd3 488b | f748 899c 
  0x00007a03cccb3fac: 2488 0100 | 0066 0f1f 

  0x00007a03cccb3fb4: ;   {optimized virtual_call}
  0x00007a03cccb3fb4: 4400 00e8 

  0x00007a03cccb3fb8: ; ImmutableOopMap {[224]=Oop [232]=Oop [240]=Oop [256]=Oop [296]=Oop [376]=Oop [392]=Oop [400]=Oop }
                      ;*invokevirtual append {reexecute=0 rethrow=0 return_oop=0}
                      ; - org.apache.xalan.templates.ElemNumber::formatNumberList@311 (line 1271)
  0x00007a03cccb3fb8: 243a 8607 

  0x00007a03cccb3fbc: ;   {other}
  0x00007a03cccb3fbc: 0f1f 8400 | 2c2c 0014 | 448b 9c24 | 8001 0000 | 448b ac24 | 8401 0000 | e983 0000 | 0048 8994 
  0x00007a03cccb3fdc: 2488 0100 | 0048 898c | 2478 0100 | 004c 898c | 2490 0100 | 0044 899c | 2480 0100 | 0044 89ac 
  0x00007a03cccb3ffc: 2484 0100 | 0048 8bbc | 2400 0100 | 0048 3b07 

  0x00007a03cccb400c: ;   {metadata(method data for {method} {0x00006d56a454c8d0} 'formatNumberList' '(Lorg/apache/xalan/transformer/TransformerImpl;[JI)Ljava/lang/String;' in 'org/apache/xalan/templates/ElemNumber')}
  0x00007a03cccb400c: 488b d748 | be70 8885 | a456 6d00 | 0048 8386 | f807 0000 | 0148 8b94 | 2478 0100 | 0048 8bf7 
  0x00007a03cccb402c: ;   {optimized virtual_call}
  0x00007a03cccb402c: 6666 90e8 

  0x00007a03cccb4030: ; ImmutableOopMap {[224]=Oop [232]=Oop [240]=Oop [256]=Oop [296]=Oop [376]=Oop [392]=Oop [400]=Oop }
                      ;*invokevirtual append {reexecute=0 rethrow=0 return_oop=0}
                      ; - org.apache.xalan.templates.ElemNumber::formatNumberList@290 (line 1268)
  0x00007a03cccb4030: 4c10 fb06 

  0x00007a03cccb4034: ;   {other}
  0x00007a03cccb4034: 0f1f 8400 | a42c 0015 

  0x00007a03cccb403c: ;   {metadata(method data for {method} {0x00006d56a454c8d0} 'formatNumberList' '(Lorg/apache/xalan/transformer/TransformerImpl;[JI)Ljava/lang/String;' in 'org/apache/xalan/templates/ElemNumber')}
  0x00007a03cccb403c: 48ba 7088 | 85a4 566d | 0000 ff82 | 3008 0000 | 448b 9c24 | 8001 0000 | 448b ac24 | 8401 0000 
  0x00007a03cccb405c: 8bbc 2408 | 0100 0048 | 8b9c 2400 | 0100 0048 | 8b8c 24e0 | 0000 004c | 63c7 4a8b | 74c1 104c 
  0x00007a03cccb407c: 8b84 24e8 

  0x00007a03cccb4080: ;   {metadata(method data for {method} {0x00006d56a454c8d0} 'formatNumberList' '(Lorg/apache/xalan/transformer/TransformerImpl;[JI)Ljava/lang/String;' in 'org/apache/xalan/templates/ElemNumber')}
  0x00007a03cccb4080: 0000 0049 | be70 8885 | a456 6d00 | 0049 8386 | c008 0000 | 0148 8b94 | 24f0 0000 | 008b 8c24 
  0x00007a03cccb40a0: f800 0000 | 4d8b c34d | 8bcd 89bc | 2408 0100 | 0048 8bfe | 4889 1c24 | 488b b424 | e800 0000 
  0x00007a03cccb40c0: 4489 ac24 | 8401 0000 | 4489 9c24 | 8001 0000 | 0f1f 8000 

  0x00007a03cccb40d4: ;   {optimized virtual_call}
  0x00007a03cccb40d4: 0000 00e8 

  0x00007a03cccb40d8: ; ImmutableOopMap {[224]=Oop [232]=Oop [240]=Oop [256]=Oop [296]=Oop [376]=Oop [392]=Oop [400]=Oop }
                      ;*invokespecial getFormattedNumber {reexecute=0 rethrow=0 return_oop=0}
                      ; - org.apache.xalan.templates.ElemNumber::formatNumberList@327 (line 1273)
  0x00007a03cccb40d8: e427 9207 

  0x00007a03cccb40dc: ;   {other}
  0x00007a03cccb40dc: 0f1f 8400 | 4c2d 0016 | 8bbc 2408 | 0100 00ff 

  0x00007a03cccb40ec: ;   {metadata(method data for {method} {0x00006d56a454c8d0} 'formatNumberList' '(Lorg/apache/xalan/transformer/TransformerImpl;[JI)Ljava/lang/String;' in 'org/apache/xalan/templates/ElemNumber')}
  0x00007a03cccb40ec: c748 be70 | 8885 a456 | 6d00 008b | 9ef8 0000 | 0083 c302 | 899e f800 | 0000 81e3 | fe3f 0000 
  0x00007a03cccb410c: 85db 0f84 | 5119 0000 | 4d8b 9770 

  0x00007a03cccb4118: ; ImmutableOopMap {[224]=Oop [232]=Oop [240]=Oop [256]=Oop [296]=Oop [376]=Oop [392]=Oop [400]=Oop }
                      ;*goto {reexecute=1 rethrow=0 return_oop=0}
                      ; - (reexecute) org.apache.xalan.templates.ElemNumber::formatNumberList@336 (line 1201)
                      ;   {poll}
  0x00007a03cccb4118: 0700 0041 

  0x00007a03cccb411c: ;   {metadata(method data for {method} {0x00006d56a454c8d0} 'formatNumberList' '(Lorg/apache/xalan/transformer/TransformerImpl;[JI)Ljava/lang/String;' in 'org/apache/xalan/templates/ElemNumber')}
  0x00007a03cccb411c: 8502 48be | 7088 85a4 | 566d 0000 | ff86 d008 | 0000 488b | b424 8801 | 0000 488b | 8c24 7801 
  0x00007a03cccb413c: 0000 4c8b | 8c24 9001 | 0000 448b | 9c24 8001 | 0000 448b | ac24 8401 | 0000 bb00 | 0000 0089 
  0x00007a03cccb415c: 9c24 0c01 | 0000 488b | d648 8b84 | 2428 0100 | 00e9 4edf | ffff 4c89 | 8c24 2001 | 0000 e986 
  0x00007a03cccb417c: 0000 0090 | 488b 8424 | 2801 0000 

  0x00007a03cccb4188: ;   {metadata(method data for {method} {0x00006d56a454c8d0} 'formatNumberList' '(Lorg/apache/xalan/transformer/TransformerImpl;[JI)Ljava/lang/String;' in 'org/apache/xalan/templates/ElemNumber')}
  0x00007a03cccb4188: 48be 7088 | 85a4 566d 

  0x00007a03cccb4190: ;   {metadata('org/apache/xalan/templates/ElemNumber$NumberFormatStringTokenizer')}
  0x00007a03cccb4190: 0000 49ba | c0e1 0fb0 | 566d 0000 | 4c89 9650 | 0900 0048 | 8386 5809 | 0000 0148 | 8bb4 2428 
  0x00007a03cccb41b0: 0100 000f 

  0x00007a03cccb41b4: ;   {optimized virtual_call}
  0x00007a03cccb41b4: 1f40 00e8 

  0x00007a03cccb41b8: ; ImmutableOopMap {[256]=Oop [288]=Oop [296]=Oop }
                      ;*invokevirtual nextToken {reexecute=0 rethrow=0 return_oop=0}
                      ; - org.apache.xalan.templates.ElemNumber::formatNumberList@349 (line 1283)
  0x00007a03cccb41b8: c471 8907 

  0x00007a03cccb41bc: ;   {other}
  0x00007a03cccb41bc: 0f1f 8400 | 2c2e 0018 

  0x00007a03cccb41c4: ;   {metadata(method data for {method} {0x00006d56a454c8d0} 'formatNumberList' '(Lorg/apache/xalan/transformer/TransformerImpl;[JI)Ljava/lang/String;' in 'org/apache/xalan/templates/ElemNumber')}
  0x00007a03cccb41c4: 48ba 7088 | 85a4 566d | 0000 8bb2 | f800 0000 | 83c6 0289 | b2f8 0000 | 0081 e6fe | 3f00 0085 
  0x00007a03cccb41e4: f60f 849b | 1800 004d | 8b97 7007 

  0x00007a03cccb41f0: ; ImmutableOopMap {[256]=Oop [288]=Oop [296]=Oop }
                      ;*goto {reexecute=1 rethrow=0 return_oop=0}
                      ; - (reexecute) org.apache.xalan.templates.ElemNumber::formatNumberList@353 (line 1283)
                      ;   {poll}
  0x00007a03cccb41f0: 0000 4185 

  0x00007a03cccb41f4: ;   {metadata(method data for {method} {0x00006d56a454c8d0} 'formatNumberList' '(Lorg/apache/xalan/transformer/TransformerImpl;[JI)Ljava/lang/String;' in 'org/apache/xalan/templates/ElemNumber')}
  0x00007a03cccb41f4: 0248 ba70 | 8885 a456 | 6d00 00ff | 8278 0900 | 0048 8b84 | 2428 0100 

  0x00007a03cccb420c: ;   {metadata(method data for {method} {0x00006d56a454c8d0} 'formatNumberList' '(Lorg/apache/xalan/transformer/TransformerImpl;[JI)Ljava/lang/String;' in 'org/apache/xalan/templates/ElemNumber')}
  0x00007a03cccb420c: 0048 be70 | 8885 a456 

  0x00007a03cccb4214: ;   {metadata('org/apache/xalan/templates/ElemNumber$NumberFormatStringTokenizer')}
  0x00007a03cccb4214: 6d00 0049 | bac0 e10f | b056 6d00 | 004c 8996 | f808 0000 | 4883 8600 | 0900 0001 | 488b b424 
  0x00007a03cccb4234: 2801 0000 | 0f1f 8000 

  0x00007a03cccb423c: ;   {optimized virtual_call}
  0x00007a03cccb423c: 0000 00e8 

  0x00007a03cccb4240: ; ImmutableOopMap {[256]=Oop [288]=Oop [296]=Oop }
                      ;*invokevirtual isLetterOrDigitAhead {reexecute=0 rethrow=0 return_oop=0}
                      ; - org.apache.xalan.templates.ElemNumber::formatNumberList@341 (line 1281)
  0x00007a03cccb4240: 5c6d 8d07 

  0x00007a03cccb4244: ;   {other}
  0x00007a03cccb4244: 0f1f 8400 | b42e 001a 

  0x00007a03cccb424c: ;   {metadata(method data for {method} {0x00006d56a454c8d0} 'formatNumberList' '(Lorg/apache/xalan/transformer/TransformerImpl;[JI)Ljava/lang/String;' in 'org/apache/xalan/templates/ElemNumber')}
  0x00007a03cccb424c: 85c0 48be | 7088 85a4 | 566d 0000 | 48c7 c730 | 0900 0075 | 0748 c7c7 | 2009 0000 | 488b 1c3e 
  0x00007a03cccb426c: 488d 5b01 | 4889 1c3e | 0f85 06ff | ffff 4c8b | 8c24 2001 | 0000 4d85 

  0x00007a03cccb4284: ;   {metadata(method data for {method} {0x00006d56a454c8d0} 'formatNumberList' '(Lorg/apache/xalan/transformer/TransformerImpl;[JI)Ljava/lang/String;' in 'org/apache/xalan/templates/ElemNumber')}
  0x00007a03cccb4284: c948 ba70 | 8885 a456 | 6d00 0048 | c7c6 9009 | 0000 7407 | 48c7 c6a0 | 0900 0048 | 8b3c 3248 
  0x00007a03cccb42a4: 8d7f 0148 | 893c 320f | 8437 0000 | 0048 8bbc | 2400 0100 | 0048 3b07 

  0x00007a03cccb42bc: ;   {metadata(method data for {method} {0x00006d56a454c8d0} 'formatNumberList' '(Lorg/apache/xalan/transformer/TransformerImpl;[JI)Ljava/lang/String;' in 'org/apache/xalan/templates/ElemNumber')}
  0x00007a03cccb42bc: 488b d748 | be70 8885 | a456 6d00 | 0048 8386 | b009 0000 | 0149 8bd1 

  0x00007a03cccb42d4: ;   {optimized virtual_call}
  0x00007a03cccb42d4: 488b f7e8 

  0x00007a03cccb42d8: ; ImmutableOopMap {[256]=Oop [296]=Oop }
                      ;*invokevirtual append {reexecute=0 rethrow=0 return_oop=0}
                      ; - org.apache.xalan.templates.ElemNumber::formatNumberList@365 (line 1287)
  0x00007a03cccb42d8: a40d fb06 

  0x00007a03cccb42dc: ;   {other}
  0x00007a03cccb42dc: 0f1f 8400 | 4c2f 001b | 0f1f 4000 | 488b 8424 | 2801 0000 

  0x00007a03cccb42f0: ;   {metadata(method data for {method} {0x00006d56a454c8d0} 'formatNumberList' '(Lorg/apache/xalan/transformer/TransformerImpl;[JI)Ljava/lang/String;' in 'org/apache/xalan/templates/ElemNumber')}
  0x00007a03cccb42f0: 488b f048 | bb70 8885 | a456 6d00 

  0x00007a03cccb42fc: ;   {metadata('org/apache/xalan/templates/ElemNumber$NumberFormatStringTokenizer')}
  0x00007a03cccb42fc: 0049 bac0 | e10f b056 | 6d00 004c | 8993 f809 | 0000 4883 | 8300 0a00 

  0x00007a03cccb4314: ;   {metadata(method data for {method} {0x00006d56a47fbad0} 'hasMoreTokens' '()Z' in 'org/apache/xalan/templates/ElemNumber$NumberFormatStringTokenizer')}
  0x00007a03cccb4314: 0001 48be | 009b 83a4 | 566d 0000 | 8b9e f400 | 0000 83c3 | 0289 9ef4 | 0000 0081 | e3fe ff1f 
  0x00007a03cccb4334: 0085 db0f | 846f 1700 | 008b 700c | 8b58 103b 

  0x00007a03cccb4344: ;   {metadata(method data for {method} {0x00006d56a47fbad0} 'hasMoreTokens' '()Z' in 'org/apache/xalan/templates/ElemNumber$NumberFormatStringTokenizer')}
  0x00007a03cccb4344: f348 be00 | 9b83 a456 | 6d00 0048 | c7c3 3801 | 0000 7c07 | 48c7 c348 | 0100 0048 | 8b14 1e48 
  0x00007a03cccb4364: 8d52 0148 | 8914 1e0f | 8c1a 0000 

  0x00007a03cccb4370: ;   {metadata(method data for {method} {0x00006d56a47fbad0} 'hasMoreTokens' '()Z' in 'org/apache/xalan/templates/ElemNumber$NumberFormatStringTokenizer')}
  0x00007a03cccb4370: 0048 be00 | 9b83 a456 | 6d00 00ff | 8658 0100 | 00be 0000 | 0000 e905 | 0000 00be | 0100 0000 
  0x00007a03cccb4390: 83e6 0185 

  0x00007a03cccb4394: ;   {metadata(method data for {method} {0x00006d56a454c8d0} 'formatNumberList' '(Lorg/apache/xalan/transformer/TransformerImpl;[JI)Ljava/lang/String;' in 'org/apache/xalan/templates/ElemNumber')}
  0x00007a03cccb4394: f648 be70 | 8885 a456 | 6d00 0048 | c7c3 200a | 0000 7407 | 48c7 c330 | 0a00 0048 | 8b14 1e48 
  0x00007a03cccb43b4: 8d52 0148 | 8914 1e0f | 84b9 0000 | 0048 8bf0 

  0x00007a03cccb43c4: ;   {metadata(method data for {method} {0x00006d56a454c8d0} 'formatNumberList' '(Lorg/apache/xalan/transformer/TransformerImpl;[JI)Ljava/lang/String;' in 'org/apache/xalan/templates/ElemNumber')}
  0x00007a03cccb43c4: 48bb 7088 | 85a4 566d 

  0x00007a03cccb43cc: ;   {metadata('org/apache/xalan/templates/ElemNumber$NumberFormatStringTokenizer')}
  0x00007a03cccb43cc: 0000 49ba | c0e1 0fb0 | 566d 0000 | 4c89 9350 | 0a00 0048 | 8383 580a | 0000 0148 | 8bf0 0f1f 
  0x00007a03cccb43ec: ;   {optimized virtual_call}
  0x00007a03cccb43ec: 4400 00e8 

  0x00007a03cccb43f0: ; ImmutableOopMap {[256]=Oop [296]=Oop }
                      ;*invokevirtual nextToken {reexecute=0 rethrow=0 return_oop=0}
                      ; - org.apache.xalan.templates.ElemNumber::formatNumberList@378 (line 1291)
  0x00007a03cccb43f0: 8c6f 8907 

  0x00007a03cccb43f4: ;   {other}
  0x00007a03cccb43f4: 0f1f 8400 | 6430 001c | 488b bc24 | 0001 0000 

  0x00007a03cccb4404: ; implicit exception: dispatches to 0x00007a03cccb5acd
  0x00007a03cccb4404: 483b 0748 

  0x00007a03cccb4408: ;   {metadata(method data for {method} {0x00006d56a454c8d0} 'formatNumberList' '(Lorg/apache/xalan/transformer/TransformerImpl;[JI)Ljava/lang/String;' in 'org/apache/xalan/templates/ElemNumber')}
  0x00007a03cccb4408: 8bd7 48be | 7088 85a4 | 566d 0000 | 4883 8678 | 0a00 0001 | 488b d048 | 8bf7 0f1f 

  0x00007a03cccb4424: ;   {optimized virtual_call}
  0x00007a03cccb4424: 4400 00e8 

  0x00007a03cccb4428: ; ImmutableOopMap {[256]=Oop [296]=Oop }
                      ;*invokevirtual append {reexecute=0 rethrow=0 return_oop=0}
                      ; - org.apache.xalan.templates.ElemNumber::formatNumberList@387 (line 1293)
  0x00007a03cccb4428: b435 8607 

  0x00007a03cccb442c: ;   {other}
  0x00007a03cccb442c: 0f1f 8400 | 9c30 001d 

  0x00007a03cccb4434: ;   {metadata(method data for {method} {0x00006d56a454c8d0} 'formatNumberList' '(Lorg/apache/xalan/transformer/TransformerImpl;[JI)Ljava/lang/String;' in 'org/apache/xalan/templates/ElemNumber')}
  0x00007a03cccb4434: 48be 7088 | 85a4 566d | 0000 8bbe | f800 0000 | 83c7 0289 | bef8 0000 | 0081 e7fe | 3f00 0085 
  0x00007a03cccb4454: ff0f 8477 | 1600 004d | 8b97 7007 

  0x00007a03cccb4460: ; ImmutableOopMap {[256]=Oop [296]=Oop }
                      ;*goto {reexecute=1 rethrow=0 return_oop=0}
                      ; - (reexecute) org.apache.xalan.templates.ElemNumber::formatNumberList@390 (line 1293)
                      ;   {poll}
  0x00007a03cccb4460: 0000 4185 

  0x00007a03cccb4464: ;   {metadata(method data for {method} {0x00006d56a454c8d0} 'formatNumberList' '(Lorg/apache/xalan/transformer/TransformerImpl;[JI)Ljava/lang/String;' in 'org/apache/xalan/templates/ElemNumber')}
  0x00007a03cccb4464: 0248 be70 | 8885 a456 | 6d00 00ff | 86b0 0a00 | 00e9 6efe | ffff 488b | bc24 0001 | 0000 483b 
  0x00007a03cccb4484: 0748 8bf7 

  0x00007a03cccb4488: ;   {metadata(method data for {method} {0x00006d56a454c8d0} 'formatNumberList' '(Lorg/apache/xalan/transformer/TransformerImpl;[JI)Ljava/lang/String;' in 'org/apache/xalan/templates/ElemNumber')}
  0x00007a03cccb4488: 48bb 7088 | 85a4 566d | 0000 4883 | 83c8 0a00 | 0001 488b 

  0x00007a03cccb449c: ;   {optimized virtual_call}
  0x00007a03cccb449c: f766 90e8 

  0x00007a03cccb44a0: ; ImmutableOopMap {[256]=Oop }
                      ;*invokevirtual toString {reexecute=0 rethrow=0 return_oop=0}
                      ; - org.apache.xalan.templates.ElemNumber::formatNumberList@395 (line 1296)
  0x00007a03cccb44a0: 5c7d f7ff 

  0x00007a03cccb44a4: ;   {other}
  0x00007a03cccb44a4: 0f1f 8400 | 1431 001f | 4889 8424 | a001 0000 

  0x00007a03cccb44b4: ;   {metadata(method data for {method} {0x00006d56a454c8d0} 'formatNumberList' '(Lorg/apache/xalan/transformer/TransformerImpl;[JI)Ljava/lang/String;' in 'org/apache/xalan/templates/ElemNumber')}
  0x00007a03cccb44b4: 48ba 7088 | 85a4 566d | 0000 4883 | 8200 0b00 

  0x00007a03cccb44c4: ;   {oop(a 'java/lang/Class'{0x000000004002deb8} = 'org/apache/xml/utils/StringBufferPool')}
  0x00007a03cccb44c4: 0001 48bf | b8de 0240 | 0000 0000 | 488d 9424 | d801 0000 | 4889 7a08 | 488b 0748 | 83c8 0148 
  0x00007a03cccb44e4: 8902 f048 | 0fb1 170f | 8412 0000 | 0048 2bc4 | 4825 07f0 | ffff 4889 | 020f 85f5 | 1500 0049 
  0x00007a03cccb4504: ff87 6808 

  0x00007a03cccb4508: ;   {metadata(method data for {method} {0x00006d56a47fabd8} 'free' '(Lorg/apache/xml/utils/FastStringBuffer;)V' in 'org/apache/xml/utils/StringBufferPool')}
  0x00007a03cccb4508: 0000 48ba | 30f4 84a4 | 566d 0000 | 8bb2 f400 | 0000 83c6 | 0289 b2f4 | 0000 0081 | e6fe ff1f 
  0x00007a03cccb4528: 0085 f60f | 84da 1500 | 0048 8b94 | 2400 0100 

  0x00007a03cccb4538: ;   {metadata(method data for {method} {0x00006d56a47fabd8} 'free' '(Lorg/apache/xml/utils/FastStringBuffer;)V' in 'org/apache/xml/utils/StringBufferPool')}
  0x00007a03cccb4538: 0048 be30 | f484 a456 | 6d00 0048 | 8386 3801 | 0000 01ba | 0000 0000 | 488b b424 | 0001 0000 
  0x00007a03cccb4558: 4889 bc24 | 9801 0000 | 0f1f 8000 

  0x00007a03cccb4564: ;   {optimized virtual_call}
  0x00007a03cccb4564: 0000 00e8 

  0x00007a03cccb4568: ; ImmutableOopMap {[256]=Oop [408]=Oop [416]=Oop [480]=Oop }
                      ;*invokevirtual setLength {reexecute=0 rethrow=0 return_oop=0}
                      ; - org.apache.xml.utils.StringBufferPool::free@2 (line 57)
                      ; - org.apache.xalan.templates.ElemNumber::formatNumberList@402 (line 1300)
  0x00007a03cccb4568: d4e8 9207 

  0x00007a03cccb456c: ;   {other}
  0x00007a03cccb456c: 0f1f 8400 | dc31 0020 | 488b bc24 | 9801 0000 | 8b57 7048 | 3b02 488b 

  0x00007a03cccb4584: ;   {metadata(method data for {method} {0x00006d56a47fabd8} 'free' '(Lorg/apache/xml/utils/FastStringBuffer;)V' in 'org/apache/xml/utils/StringBufferPool')}
  0x00007a03cccb4584: c248 be30 | f484 a456 | 6d00 0048 | 8386 8801 | 0000 0148 | 8db4 24e8 | 0100 0048 | 8956 0848 
  0x00007a03cccb45a4: 8b02 4883 | c801 4889 | 06f0 480f | b132 0f84 | 1200 0000 | 482b c448 | 2507 f0ff | ff48 8906 
  0x00007a03cccb45c4: 0f85 6715 | 0000 49ff | 8768 0800 

  0x00007a03cccb45d0: ;   {metadata(method data for {method} {0x00006d56a4757b20} 'freeInstance' '(Ljava/lang/Object;)V' in 'org/apache/xml/utils/ObjectPool')}
  0x00007a03cccb45d0: 0048 bea0 | 1683 a456 | 6d00 008b | bef4 0000 | 0083 c702 | 89be f400 | 0000 81e7 | feff 1f00 
  0x00007a03cccb45f0: 85ff 0f84 | 4c15 0000 | 8b7a 1048 | 3b07 488b 

  0x00007a03cccb4600: ;   {metadata(method data for {method} {0x00006d56a4757b20} 'freeInstance' '(Ljava/lang/Object;)V' in 'org/apache/xml/utils/ObjectPool')}
  0x00007a03cccb4600: d748 bea0 | 1683 a456 | 6d00 0048 | 8386 5001 

  0x00007a03cccb4610: ;   {metadata(method data for {method} {0x00006d56af0bcfb0} 'add' '(Ljava/lang/Object;)Z' in 'java/util/ArrayList')}
  0x00007a03cccb4610: 0000 0148 | baf8 df12 | a456 6d00 | 008b b2f4 | 0000 0083 | c602 89b2 | f400 0000 | 81e6 feff 
  0x00007a03cccb4630: 1f00 85f6 | 0f84 3015 | 0000 8b57 | 0cff c289 | 570c 8b57 | 148b 5f10 

  0x00007a03cccb4648: ;   {metadata(method data for {method} {0x00006d56af0bcfb0} 'add' '(Ljava/lang/Object;)Z' in 'java/util/ArrayList')}
  0x00007a03cccb4648: 488b f748 | b8f8 df12 | a456 6d00 | 0048 8380 | 3801 0000 

  0x00007a03cccb465c: ;   {metadata(method data for {method} {0x00006d56af0bded0} 'add' '(Ljava/lang/Object;[Ljava/lang/Object;I)V' in 'java/util/ArrayList')}
  0x00007a03cccb465c: 0148 beb0 | e112 a456 | 6d00 008b | 86f4 0000 | 0083 c002 | 8986 f400 | 0000 25fe | ff1f 0085 
  0x00007a03cccb467c: c00f 8408 | 1500 008b | 720c 3bde 

  0x00007a03cccb4688: ;   {metadata(method data for {method} {0x00006d56af0bded0} 'add' '(Ljava/lang/Object;[Ljava/lang/Object;I)V' in 'java/util/ArrayList')}
  0x00007a03cccb4688: 48be b0e1 | 12a4 566d | 0000 48c7 | c048 0100 | 0074 0748 | c7c0 3801 | 0000 488b | 0c06 488d 
  0x00007a03cccb46a8: 4901 4889 | 0c06 0f84 | 0800 0000 | 488b c7e9 | 8a00 0000 

  0x00007a03cccb46bc: ;   {metadata(method data for {method} {0x00006d56af0bded0} 'add' '(Ljava/lang/Object;[Ljava/lang/Object;I)V' in 'java/util/ArrayList')}
  0x00007a03cccb46bc: 488b d748 | beb0 e112 | a456 6d00 | 0048 8386 | 5801 0000 

  0x00007a03cccb46d0: ;   {metadata(method data for {method} {0x00006d56af0bdfd8} 'grow' '()[Ljava/lang/Object;' in 'java/util/ArrayList')}
  0x00007a03cccb46d0: 0148 ba00 | e412 a456 | 6d00 008b | b2f4 0000 | 0083 c602 | 89b2 f400 | 0000 81e6 | feff 1f00 
  0x00007a03cccb46f0: 85f6 0f84 | b914 0000 

  0x00007a03cccb46f8: ;   {metadata(method data for {method} {0x00006d56af0bdfd8} 'grow' '()[Ljava/lang/Object;' in 'java/util/ArrayList')}
  0x00007a03cccb46f8: 488b d748 | be00 e412 | a456 6d00 | 0048 8386 | 3801 0000 | 0148 8bd3 | ffc2 488b | f748 89bc 
  0x00007a03cccb4718: 24b0 0100 | 0089 9c24 | a801 0000 

  0x00007a03cccb4724: ;   {optimized virtual_call}
  0x00007a03cccb4724: 6666 90e8 

  0x00007a03cccb4728: ; ImmutableOopMap {[256]=Oop [416]=Oop [432]=Oop [480]=Oop [496]=Oop }
                      ;*invokevirtual grow {reexecute=0 rethrow=0 return_oop=0}
                      ; - java.util.ArrayList::grow@7 (line 244)
                      ; - java.util.ArrayList::add@7 (line 483)
                      ; - java.util.ArrayList::add@20 (line 496)
                      ; - org.apache.xml.utils.ObjectPool::freeInstance@5 (line 167)
                      ; - org.apache.xml.utils.StringBufferPool::free@9 (line 58)
                      ; - org.apache.xalan.templates.ElemNumber::formatNumberList@402 (line 1300)
  0x00007a03cccb4728: 5409 fb06 

  0x00007a03cccb472c: ;   {other}
  0x00007a03cccb472c: 0f1f 8400 | 9c33 0021 | 488b d08b | 9c24 a801 | 0000 488b | 8424 b001 | 0000 488b | bc24 0001 
  0x00007a03cccb474c: 0000 3b5a | 0c0f 8385 | 1400 0048 | 85ff 7516 

  0x00007a03cccb475c: ;   {metadata(method data for {method} {0x00006d56af0bded0} 'add' '(Ljava/lang/Object;[Ljava/lang/Object;I)V' in 'java/util/ArrayList')}
  0x00007a03cccb475c: 48b9 b0e1 | 12a4 566d | 0000 8089 | 8901 0000 | 01e9 fa00 | 0000 8b72 | 0849 ba00 | 0000 af56 
  0x00007a03cccb477c: 6d00 0049 | 03f2 8b4f | 0849 ba00 | 0000 af56 | 6d00 0049 | 03ca 488b | b6e0 0000 | 0048 3bce 
  0x00007a03cccb479c: 0f84 2900 | 0000 448b | 4614 4a3b | 3401 0f84 | 1b00 0000 | 4183 f820 | 0f85 9b00 | 0000 5156 
  0x00007a03cccb47bc: ;   {runtime_call slow_subtype_check Runtime1 stub}
  0x00007a03cccb47bc: e8bf 0506 | 0759 5e85 | f60f 848a 

  0x00007a03cccb47c8: ;   {metadata(method data for {method} {0x00006d56af0bded0} 'add' '(Ljava/lang/Object;[Ljava/lang/Object;I)V' in 'java/util/ArrayList')}
  0x00007a03cccb47c8: 0000 0048 | b9b0 e112 | a456 6d00 | 008b 7708 | 49ba 0000 | 00af 566d | 0000 4903 | f248 3bb1 
  0x00007a03cccb47e8: a001 0000 | 750d 4883 | 81a8 0100 | 0001 e971 | 0000 0048 | 3bb1 b001 | 0000 750d | 4883 81b8 
  0x00007a03cccb4808: 0100 0001 | e95b 0000 | 0048 83b9 | a001 0000 | 0075 1748 | 89b1 a001 | 0000 48c7 | 81a8 0100 
  0x00007a03cccb4828: 0001 0000 | 00e9 3a00 | 0000 4883 | b9b0 0100 | 0000 7517 | 4889 b1b0 | 0100 0048 | c781 b801 
  0x00007a03cccb4848: 0000 0100 | 0000 e919 | 0000 00eb 

  0x00007a03cccb4854: ;   {metadata(method data for {method} {0x00006d56af0bded0} 'add' '(Ljava/lang/Object;[Ljava/lang/Object;I)V' in 'java/util/ArrayList')}
  0x00007a03cccb4854: 1748 b9b0 | e112 a456 | 6d00 0048 | 83a9 9001 | 0000 01e9 | 8313 0000 | 4863 f34c | 8bd7 4489 
  0x00007a03cccb4874: 54b2 10ff | c389 5810 | 488d 8424 | e801 0000 | 488b 1048 | 85d2 0f84 | 0f00 0000 | 488b 7008 
  0x00007a03cccb4894: f048 0fb1 | 160f 8559 | 1300 0049 | ff8f 6808 

  0x00007a03cccb48a4: ;   {oop(a 'java/lang/Class'{0x000000004002deb8} = 'org/apache/xml/utils/StringBufferPool')}
  0x00007a03cccb48a4: 0000 48b8 | b8de 0240 | 0000 0000 | 488d 8424 | d801 0000 | 488b 1048 | 85d2 0f84 | 0f00 0000 
  0x00007a03cccb48c4: 488b 7008 | f048 0fb1 | 160f 853b | 1300 0049 | ff8f 6808 

  0x00007a03cccb48d8: ;   {metadata(method data for {method} {0x00006d56a454c8d0} 'formatNumberList' '(Lorg/apache/xalan/transformer/TransformerImpl;[JI)Ljava/lang/String;' in 'org/apache/xalan/templates/ElemNumber')}
  0x00007a03cccb48d8: 0000 48b8 | 7088 85a4 | 566d 0000 | ff80 100b | 0000 488b | 8424 a001 | 0000 4881 | c400 0200 
  0x00007a03cccb48f8: ;   {poll_return}
  0x00007a03cccb48f8: 005d 493b | a768 0700 | 000f 871d | 1300 00c3 | 498b 8718 | 0800 004d | 33d2 4d89 | 9718 0800 
  0x00007a03cccb4918: 004d 33d2 | 4d89 9720 | 0800 0048 | 8bd0 488d | 8424 e801 | 0000 488b | 3848 85ff | 0f84 0f00 
  0x00007a03cccb4938: 0000 488b | 5808 f048 | 0fb1 3b0f | 85f1 1200 | 0049 ff8f | 6808 0000 

  0x00007a03cccb4950: ; ImmutableOopMap {rsi=Oop rax=Oop [480]=Oop }
                      ;*invokevirtual freeInstance {reexecute=0 rethrow=0 return_oop=0}
                      ; - org.apache.xml.utils.StringBufferPool::free@9 (line 58)
                      ; - org.apache.xalan.templates.ElemNumber::formatNumberList@402 (line 1300)
                      ;   {section_word}
  0x00007a03cccb4950: 488b c248 | ba53 49cb | cc03 7a00 

  0x00007a03cccb495c: ;   {runtime_call handle_exception_nofpu Runtime1 stub}
  0x00007a03cccb495c: 00e8 1ee9 | 0507 9049 | 8b87 1808 | 0000 4d33 | d24d 8997 | 1808 0000 | 4d33 d24d | 8997 2008 
  0x00007a03cccb497c: 0000 488b 

  0x00007a03cccb4980: ;   {oop(a 'java/lang/Class'{0x000000004002deb8} = 'org/apache/xml/utils/StringBufferPool')}
  0x00007a03cccb4980: d048 b8b8 | de02 4000 | 0000 0048 | 8d84 24d8 | 0100 0048 | 8b30 4885 | f60f 840f | 0000 0048 
  0x00007a03cccb49a0: 8b78 08f0 | 480f b137 | 0f85 a212 | 0000 49ff | 8f68 0800 | 0048 8bc2 | e999 1500 | 0049 8b87 
  0x00007a03cccb49c0: 1808 0000 | 4d33 d24d | 8997 1808 | 0000 4d33 | d24d 8997 | 2008 0000 | 488b d048 | 8d84 24d8 
  0x00007a03cccb49e0: 0100 004c | 8b08 4d85 | c90f 840f | 0000 004c | 8b70 08f0 | 4d0f b10e | 0f85 6812 | 0000 49ff 
  0x00007a03cccb4a00: 8f68 0800 

  0x00007a03cccb4a04: ; ImmutableOopMap {rsi=Oop rcx=Oop rax=Oop [224]=Oop [232]=Oop [240]=Oop [256]=Oop [296]=Oop }
                      ;*invokevirtual append {reexecute=0 rethrow=0 return_oop=0}
                      ; - org.apache.xalan.templates.ElemNumber::formatNumberList@264 (line 1257)
  0x00007a03cccb4a04: 0048 8bc2 

  0x00007a03cccb4a08: ;   {section_word}
  0x00007a03cccb4a08: 48ba 084a | cbcc 037a 

  0x00007a03cccb4a10: ;   {runtime_call handle_exception_nofpu Runtime1 stub}
  0x00007a03cccb4a10: 0000 e869 | e805 0790 | 498b 8718 | 0800 004d | 33d2 4d89 | 9718 0800 | 004d 33d2 | 4d89 9720 
  0x00007a03cccb4a30: 0800 0048 | 8bd0 488d | 8424 d801 | 0000 4c8b | 304d 85f6 | 0f84 0f00 | 0000 4c8b | 4008 f04d 
  0x00007a03cccb4a50: 0fb1 300f | 8523 1200 | 0049 ff8f | 6808 0000 

  0x00007a03cccb4a60: ; ImmutableOopMap {r9=Oop rcx=Oop rsi=Oop rax=Oop [224]=Oop [232]=Oop [240]=Oop [256]=Oop [296]=Oop }
                      ;*invokevirtual append {reexecute=0 rethrow=0 return_oop=0}
                      ; - org.apache.xalan.templates.ElemNumber::formatNumberList@259 (line 1257)
                      ;   {section_word}
  0x00007a03cccb4a60: 488b c248 | ba63 4acb | cc03 7a00 

  0x00007a03cccb4a6c: ;   {runtime_call handle_exception_nofpu Runtime1 stub}
  0x00007a03cccb4a6c: 00e8 0ee8 | 0507 904c | 8b9c 2448 | 0100 0048 | 8b8c 2428 | 0100 0044 | 8bac 24fc | 0000 0044 
  0x00007a03cccb4a8c: 8bb4 24f8 | 0000 004c | 8b84 24e0 | 0000 0048 | 8b94 24f0 | 0000 0049 | 8b87 1808 | 0000 4d33 
  0x00007a03cccb4aac: d24d 8997 | 1808 0000 | 4d33 d24d | 8997 2008 | 0000 4889 | 8424 b801 | 0000 488d | 8424 d801 
  0x00007a03cccb4acc: 0000 488b | 3048 85f6 | 0f84 0f00 | 0000 488b | 7808 f048 | 0fb1 370f | 85a9 1100 | 0049 ff8f 
  0x00007a03cccb4aec: 6808 0000 | 488b 8424 | b801 0000 

  0x00007a03cccb4af8: ; ImmutableOopMap {r9=Oop rcx=Oop r8=Oop r11=Oop rsi=Oop rax=Oop [224]=Oop [232]=Oop [240]=Oop [256]=Oop [272]=Oop [296]=Oop [328]=Oop }
                      ;*invokevirtual append {reexecute=0 rethrow=0 return_oop=0}
                      ; - org.apache.xalan.templates.ElemNumber::formatNumberList@180 (line 1230)
                      ;   {section_word}
  0x00007a03cccb4af8: 488b f248 | bafb 4acb | cc03 7a00 

  0x00007a03cccb4b04: ;   {runtime_call handle_exception_nofpu Runtime1 stub}
  0x00007a03cccb4b04: 00e8 76e7 | 0507 9049 | 8b87 1808 | 0000 4d33 | d24d 8997 | 1808 0000 | 4d33 d24d | 8997 2008 
  0x00007a03cccb4b24: 0000 4889 | 8424 c801 | 0000 488b | bc24 0001 

  0x00007a03cccb4b34: ;   {metadata(method data for {method} {0x00006d56a454c8d0} 'formatNumberList' '(Lorg/apache/xalan/transformer/TransformerImpl;[JI)Ljava/lang/String;' in 'org/apache/xalan/templates/ElemNumber')}
  0x00007a03cccb4b34: 0000 48ba | 7088 85a4 | 566d 0000 | 4883 8228 | 0b00 0001 

  0x00007a03cccb4b48: ;   {oop(a 'java/lang/Class'{0x000000004002deb8} = 'org/apache/xml/utils/StringBufferPool')}
  0x00007a03cccb4b48: 48bb b8de | 0240 0000 | 0000 488d | 9424 d801 | 0000 4889 | 5a08 488b | 0348 83c8 | 0148 8902 
  0x00007a03cccb4b68: f048 0fb1 | 130f 8412 | 0000 0048 | 2bc4 4825 | 07f0 ffff | 4889 020f | 8523 1100 | 0049 ff87 
  0x00007a03cccb4b88: 6808 0000 

  0x00007a03cccb4b8c: ;   {metadata(method data for {method} {0x00006d56a47fabd8} 'free' '(Lorg/apache/xml/utils/FastStringBuffer;)V' in 'org/apache/xml/utils/StringBufferPool')}
  0x00007a03cccb4b8c: 48ba 30f4 | 84a4 566d | 0000 8bb2 | f400 0000 | 83c6 0289 | b2f4 0000 | 0081 e6fe | ff1f 0085 
  0x00007a03cccb4bac: f60f 8408 | 1100 0048 | 3b07 488b 

  0x00007a03cccb4bb8: ;   {metadata(method data for {method} {0x00006d56a47fabd8} 'free' '(Lorg/apache/xml/utils/FastStringBuffer;)V' in 'org/apache/xml/utils/StringBufferPool')}
  0x00007a03cccb4bb8: d748 be30 | f484 a456 | 6d00 0048 | 8386 3801 | 0000 01ba | 0000 0000 | 488b f748 | 899c 24c0 
  0x00007a03cccb4bd8: 0100 000f 

  0x00007a03cccb4bdc: ;   {optimized virtual_call}
  0x00007a03cccb4bdc: 1f40 00e8 

  0x00007a03cccb4be0: ; ImmutableOopMap {[256]=Oop [448]=Oop [456]=Oop [480]=Oop }
                      ;*invokevirtual setLength {reexecute=0 rethrow=0 return_oop=0}
                      ; - org.apache.xml.utils.StringBufferPool::free@2 (line 57)
                      ; - org.apache.xalan.templates.ElemNumber::formatNumberList@412 (line 1300)
  0x00007a03cccb4be0: 9c04 fb06 

  0x00007a03cccb4be4: ;   {other}
  0x00007a03cccb4be4: 0f1f 8400 | 5438 0026 | 488b 9c24 | c001 0000 | 8b53 7048 | 3b02 488b 

  0x00007a03cccb4bfc: ;   {metadata(method data for {method} {0x00006d56a47fabd8} 'free' '(Lorg/apache/xml/utils/FastStringBuffer;)V' in 'org/apache/xml/utils/StringBufferPool')}
  0x00007a03cccb4bfc: c248 be30 | f484 a456 | 6d00 0048 | 8386 8801 | 0000 0148 | 8db4 24e8 | 0100 0048 | 8956 0848 
  0x00007a03cccb4c1c: 8b02 4883 | c801 4889 | 06f0 480f | b132 0f84 | 1200 0000 | 482b c448 | 2507 f0ff | ff48 8906 
  0x00007a03cccb4c3c: 0f85 a410 | 0000 49ff | 8768 0800 

  0x00007a03cccb4c48: ;   {metadata(method data for {method} {0x00006d56a4757b20} 'freeInstance' '(Ljava/lang/Object;)V' in 'org/apache/xml/utils/ObjectPool')}
  0x00007a03cccb4c48: 0048 bea0 | 1683 a456 | 6d00 008b | bef4 0000 | 0083 c702 | 89be f400 | 0000 81e7 | feff 1f00 
  0x00007a03cccb4c68: 85ff 0f84 | 8910 0000 | 8b7a 1048 | 3b07 488b 

  0x00007a03cccb4c78: ;   {metadata(method data for {method} {0x00006d56a4757b20} 'freeInstance' '(Ljava/lang/Object;)V' in 'org/apache/xml/utils/ObjectPool')}
  0x00007a03cccb4c78: d748 bea0 | 1683 a456 | 6d00 0048 | 8386 5001 

  0x00007a03cccb4c88: ;   {metadata(method data for {method} {0x00006d56af0bcfb0} 'add' '(Ljava/lang/Object;)Z' in 'java/util/ArrayList')}
  0x00007a03cccb4c88: 0000 0148 | baf8 df12 | a456 6d00 | 008b b2f4 | 0000 0083 | c602 89b2 | f400 0000 | 81e6 feff 
  0x00007a03cccb4ca8: 1f00 85f6 | 0f84 6d10 | 0000 8b57 | 0cff c289 | 570c 8b57 | 148b 5f10 

  0x00007a03cccb4cc0: ;   {metadata(method data for {method} {0x00006d56af0bcfb0} 'add' '(Ljava/lang/Object;)Z' in 'java/util/ArrayList')}
  0x00007a03cccb4cc0: 488b f748 | b8f8 df12 | a456 6d00 | 0048 8380 | 3801 0000 

  0x00007a03cccb4cd4: ;   {metadata(method data for {method} {0x00006d56af0bded0} 'add' '(Ljava/lang/Object;[Ljava/lang/Object;I)V' in 'java/util/ArrayList')}
  0x00007a03cccb4cd4: 0148 beb0 | e112 a456 | 6d00 008b | 86f4 0000 | 0083 c002 | 8986 f400 | 0000 25fe | ff1f 0085 
  0x00007a03cccb4cf4: c00f 8445 | 1000 008b | 720c 3bde 

  0x00007a03cccb4d00: ;   {metadata(method data for {method} {0x00006d56af0bded0} 'add' '(Ljava/lang/Object;[Ljava/lang/Object;I)V' in 'java/util/ArrayList')}
  0x00007a03cccb4d00: 48be b0e1 | 12a4 566d | 0000 48c7 | c048 0100 | 0074 0748 | c7c0 3801 | 0000 488b | 0c06 488d 
  0x00007a03cccb4d20: 4901 4889 | 0c06 0f84 | 0800 0000 | 488b c7e9 | 8a00 0000 

  0x00007a03cccb4d34: ;   {metadata(method data for {method} {0x00006d56af0bded0} 'add' '(Ljava/lang/Object;[Ljava/lang/Object;I)V' in 'java/util/ArrayList')}
  0x00007a03cccb4d34: 488b d748 | beb0 e112 | a456 6d00 | 0048 8386 | 5801 0000 

  0x00007a03cccb4d48: ;   {metadata(method data for {method} {0x00006d56af0bdfd8} 'grow' '()[Ljava/lang/Object;' in 'java/util/ArrayList')}
  0x00007a03cccb4d48: 0148 ba00 | e412 a456 | 6d00 008b | b2f4 0000 | 0083 c602 | 89b2 f400 | 0000 81e6 | feff 1f00 
  0x00007a03cccb4d68: 85f6 0f84 | f60f 0000 

  0x00007a03cccb4d70: ;   {metadata(method data for {method} {0x00006d56af0bdfd8} 'grow' '()[Ljava/lang/Object;' in 'java/util/ArrayList')}
  0x00007a03cccb4d70: 488b d748 | be00 e412 | a456 6d00 | 0048 8386 | 3801 0000 | 0148 8bd3 | ffc2 488b | f748 89bc 
  0x00007a03cccb4d90: 24d0 0100 | 0089 9c24 | ac01 0000 

  0x00007a03cccb4d9c: ;   {optimized virtual_call}
  0x00007a03cccb4d9c: 6666 90e8 

  0x00007a03cccb4da0: ; ImmutableOopMap {[256]=Oop [456]=Oop [464]=Oop [480]=Oop [496]=Oop }
                      ;*invokevirtual grow {reexecute=0 rethrow=0 return_oop=0}
                      ; - java.util.ArrayList::grow@7 (line 244)
                      ; - java.util.ArrayList::add@7 (line 483)
                      ; - java.util.ArrayList::add@20 (line 496)
                      ; - org.apache.xml.utils.ObjectPool::freeInstance@5 (line 167)
                      ; - org.apache.xml.utils.StringBufferPool::free@9 (line 58)
                      ; - org.apache.xalan.templates.ElemNumber::formatNumberList@412 (line 1300)
  0x00007a03cccb4da0: dc02 fb06 

  0x00007a03cccb4da4: ;   {other}
  0x00007a03cccb4da4: 0f1f 8400 | 143a 0027 | 488b d08b | 9c24 ac01 | 0000 488b | 8424 d001 | 0000 488b | bc24 0001 
  0x00007a03cccb4dc4: 0000 3b5a | 0c0f 83c2 | 0f00 0048 | 85ff 7516 

  0x00007a03cccb4dd4: ;   {metadata(method data for {method} {0x00006d56af0bded0} 'add' '(Ljava/lang/Object;[Ljava/lang/Object;I)V' in 'java/util/ArrayList')}
  0x00007a03cccb4dd4: 48b9 b0e1 | 12a4 566d | 0000 8089 | 8901 0000 | 01e9 fa00 | 0000 8b72 | 0849 ba00 | 0000 af56 
  0x00007a03cccb4df4: 6d00 0049 | 03f2 8b4f | 0849 ba00 | 0000 af56 | 6d00 0049 | 03ca 488b | b6e0 0000 | 0048 3bce 
  0x00007a03cccb4e14: 0f84 2900 | 0000 448b | 4614 4a3b | 3401 0f84 | 1b00 0000 | 4183 f820 | 0f85 9b00 | 0000 5156 
  0x00007a03cccb4e34: ;   {runtime_call slow_subtype_check Runtime1 stub}
  0x00007a03cccb4e34: e847 ff05 | 0759 5e85 | f60f 848a 

  0x00007a03cccb4e40: ;   {metadata(method data for {method} {0x00006d56af0bded0} 'add' '(Ljava/lang/Object;[Ljava/lang/Object;I)V' in 'java/util/ArrayList')}
  0x00007a03cccb4e40: 0000 0048 | b9b0 e112 | a456 6d00 | 008b 7708 | 49ba 0000 | 00af 566d | 0000 4903 | f248 3bb1 
  0x00007a03cccb4e60: a001 0000 | 750d 4883 | 81a8 0100 | 0001 e971 | 0000 0048 | 3bb1 b001 | 0000 750d | 4883 81b8 
  0x00007a03cccb4e80: 0100 0001 | e95b 0000 | 0048 83b9 | a001 0000 | 0075 1748 | 89b1 a001 | 0000 48c7 | 81a8 0100 
  0x00007a03cccb4ea0: 0001 0000 | 00e9 3a00 | 0000 4883 | b9b0 0100 | 0000 7517 | 4889 b1b0 | 0100 0048 | c781 b801 
  0x00007a03cccb4ec0: 0000 0100 | 0000 e919 | 0000 00eb 

  0x00007a03cccb4ecc: ;   {metadata(method data for {method} {0x00006d56af0bded0} 'add' '(Ljava/lang/Object;[Ljava/lang/Object;I)V' in 'java/util/ArrayList')}
  0x00007a03cccb4ecc: 1748 b9b0 | e112 a456 | 6d00 0048 | 83a9 9001 | 0000 01e9 | c00e 0000 | 4863 f34c | 8bd7 4489 
  0x00007a03cccb4eec: 54b2 10ff | c389 5810 | 488d 8424 | e801 0000 | 488b 1048 | 85d2 0f84 | 0f00 0000 | 488b 7008 
  0x00007a03cccb4f0c: f048 0fb1 | 160f 8596 | 0e00 0049 | ff8f 6808 

  0x00007a03cccb4f1c: ;   {oop(a 'java/lang/Class'{0x000000004002deb8} = 'org/apache/xml/utils/StringBufferPool')}
  0x00007a03cccb4f1c: 0000 48b8 | b8de 0240 | 0000 0000 | 488d 8424 | d801 0000 | 488b 1048 | 85d2 0f84 | 0f00 0000 
  0x00007a03cccb4f3c: 488b 7008 | f048 0fb1 | 160f 8578 | 0e00 0049 | ff8f 6808 | 0000 488b | 8424 c801 | 0000 e9f7 
  0x00007a03cccb4f5c: 0f00 0049 | 8b87 1808 | 0000 4d33 | d24d 8997 | 1808 0000 | 4d33 d24d | 8997 2008 | 0000 488b 
  0x00007a03cccb4f7c: d048 8d84 | 24e8 0100 | 0048 8b38 | 4885 ff0f | 840f 0000 | 0048 8b58 | 08f0 480f | b13b 0f85 
  0x00007a03cccb4f9c: 390e 0000 | 49ff 8f68 | 0800 0048 

  0x00007a03cccb4fa8: ; ImmutableOopMap {rsi=Oop rax=Oop [480]=Oop }
                      ;*invokevirtual freeInstance {reexecute=0 rethrow=0 return_oop=0}
                      ; - org.apache.xml.utils.StringBufferPool::free@9 (line 58)
                      ; - org.apache.xalan.templates.ElemNumber::formatNumberList@412 (line 1300)
                      ;   {section_word}
  0x00007a03cccb4fa8: 8bc2 48ba | aa4f cbcc | 037a 0000 

  0x00007a03cccb4fb4: ;   {runtime_call handle_exception_nofpu Runtime1 stub}
  0x00007a03cccb4fb4: e8c7 e205 | 0790 498b | 8718 0800 | 004d 33d2 | 4d89 9718 | 0800 004d | 33d2 4d89 | 9720 0800 
  0x00007a03cccb4fd4: 0048 8bf0 

  0x00007a03cccb4fd8: ;   {oop(a 'java/lang/Class'{0x000000004002deb8} = 'org/apache/xml/utils/StringBufferPool')}
  0x00007a03cccb4fd8: 48b8 b8de | 0240 0000 | 0000 488d | 8424 d801 | 0000 488b | 3848 85ff | 0f84 0f00 | 0000 488b 
  0x00007a03cccb4ff8: 5808 f048 | 0fb1 3b0f | 85ea 0d00 | 0049 ff8f | 6808 0000 | 488b c6e9 | 420f 0000 | 498b 8718 
  0x00007a03cccb5018: 0800 004d | 33d2 4d89 | 9718 0800 | 004d 33d2 | 4d89 9720 | 0800 0048 

  0x00007a03cccb5030: ;   {oop(a 'java/lang/Class'{0x000000004002deb8} = 'org/apache/xml/utils/StringBufferPool')}
  0x00007a03cccb5030: 8bf0 48b8 | b8de 0240 | 0000 0000 | 488d 8424 | d801 0000 | 488b 3848 | 85ff 0f84 | 0f00 0000 
  0x00007a03cccb5050: 488b 5808 | f048 0fb1 | 3b0f 85a6 | 0d00 0049 | ff8f 6808 | 0000 488b | c6e9 e80e 

  0x00007a03cccb506c: ;   {metadata({method} {0x00006d56a454c8d0} 'formatNumberList' '(Lorg/apache/xalan/transformer/TransformerImpl;[JI)Ljava/lang/String;' in 'org/apache/xalan/templates/ElemNumber')}
  0x00007a03cccb506c: 0000 49ba | d0c8 54a4 | 566d 0000 | 4c89 5424 | 0848 c704 | 24ff ffff 

  0x00007a03cccb5084: ;   {runtime_call counter_overflow Runtime1 stub}
  0x00007a03cccb5084: ffe8 7639 

  0x00007a03cccb5088: ; ImmutableOopMap {rsi=Oop rdx=Oop rcx=Oop [224]=Oop [232]=Oop [240]=Oop }
                      ;*synchronization entry
                      ; - org.apache.xalan.templates.ElemNumber::formatNumberList@-1 (line 1171)
  0x00007a03cccb5088: 0607 e917 

  0x00007a03cccb508c: ;   {runtime_call throw_null_pointer_exception Runtime1 stub}
  0x00007a03cccb508c: cbff ffe8 

  0x00007a03cccb5090: ; ImmutableOopMap {rdi=Oop [224]=Oop [232]=Oop [240]=Oop }
                      ;*synchronization entry
                      ; - org.apache.xml.utils.StringBufferPool::get@-1 (line 44)
                      ; - org.apache.xalan.templates.ElemNumber::formatNumberList@0 (line 1171)
  0x00007a03cccb5090: ecc9 0507 | 4889 7c24 | 0848 891c 

  0x00007a03cccb509c: ;   {runtime_call monitorenter_nofpu Runtime1 stub}
  0x00007a03cccb509c: 24e8 de05 

  0x00007a03cccb50a0: ; ImmutableOopMap {rdi=Oop [224]=Oop [232]=Oop [240]=Oop [480]=Oop }
                      ;*synchronization entry
                      ; - org.apache.xml.utils.StringBufferPool::get@-1 (line 44)
                      ; - org.apache.xalan.templates.ElemNumber::formatNumberList@0 (line 1171)
  0x00007a03cccb50a0: 0607 e955 

  0x00007a03cccb50a4: ;   {metadata({method} {0x00006d56a47fab20} 'get' '()Lorg/apache/xml/utils/FastStringBuffer;' in 'org/apache/xml/utils/StringBufferPool')}
  0x00007a03cccb50a4: cbff ff49 | ba20 ab7f | a456 6d00 | 004c 8954 | 2408 48c7 | 0424 ffff 

  0x00007a03cccb50bc: ;   {runtime_call counter_overflow Runtime1 stub}
  0x00007a03cccb50bc: ffff e83d 

  0x00007a03cccb50c0: ; ImmutableOopMap {rdi=Oop [224]=Oop [232]=Oop [240]=Oop [480]=Oop }
                      ;*synchronization entry
                      ; - org.apache.xml.utils.StringBufferPool::get@-1 (line 44)
                      ; - org.apache.xalan.templates.ElemNumber::formatNumberList@0 (line 1171)
  0x00007a03cccb50c0: 3906 07e9 | 5acb ffff 

  0x00007a03cccb50c8: ;   {runtime_call throw_null_pointer_exception Runtime1 stub}
  0x00007a03cccb50c8: e8b3 c905 

  0x00007a03cccb50cc: ; ImmutableOopMap {rdi=Oop [224]=Oop [232]=Oop [240]=Oop [480]=Oop }
                      ;*invokevirtual getInstance {reexecute=0 rethrow=0 return_oop=0}
                      ; - org.apache.xml.utils.StringBufferPool::get@3 (line 44)
                      ; - org.apache.xalan.templates.ElemNumber::formatNumberList@0 (line 1171)
  0x00007a03cccb50cc: 0748 8904 

  0x00007a03cccb50d0: ;   {runtime_call throw_class_cast_exception Runtime1 stub}
  0x00007a03cccb50d0: 24e8 aaf6 

  0x00007a03cccb50d4: ; ImmutableOopMap {[224]=Oop [232]=Oop [240]=Oop [480]=Oop }
                      ;*checkcast {reexecute=0 rethrow=0 return_oop=0}
                      ; - org.apache.xml.utils.StringBufferPool::get@6 (line 44)
                      ; - org.apache.xalan.templates.ElemNumber::formatNumberList@0 (line 1171)
  0x00007a03cccb50d4: 0507 488d | 8424 d801 | 0000 4889 

  0x00007a03cccb50e0: ;   {runtime_call monitorexit_nofpu Runtime1 stub}
  0x00007a03cccb50e0: 0424 e899 | 0b06 07e9 | 84cc ffff 

  0x00007a03cccb50ec: ;   {runtime_call throw_null_pointer_exception Runtime1 stub}
  0x00007a03cccb50ec: e88f c905 

  0x00007a03cccb50f0: ; ImmutableOopMap {rdi=Oop rsi=Oop rcx=Oop [224]=Oop [232]=Oop [240]=Oop [256]=Oop }
                      ;*arraylength {reexecute=0 rethrow=0 return_oop=0}
                      ; - org.apache.xalan.templates.ElemNumber::formatNumberList@6 (line 1175)
                      ;   {runtime_call throw_null_pointer_exception Runtime1 stub}
  0x00007a03cccb50f0: 07e8 8ac9 

  0x00007a03cccb50f4: ; ImmutableOopMap {rsi=Oop rax=Oop rdx=Oop [224]=Oop [232]=Oop [240]=Oop [256]=Oop }
                      ;*invokevirtual getXPathContext {reexecute=0 rethrow=0 return_oop=0}
                      ; - org.apache.xalan.templates.ElemNumber::formatNumberList@42 (line 1191)
                      ;   {runtime_call throw_null_pointer_exception Runtime1 stub}
  0x00007a03cccb50f4: 0507 e885 

  0x00007a03cccb50f8: ; ImmutableOopMap {rsi=Oop rax=Oop rdx=Oop r8=Oop [224]=Oop [232]=Oop [240]=Oop [256]=Oop }
                      ;*invokevirtual evaluate {reexecute=0 rethrow=0 return_oop=0}
                      ; - org.apache.xalan.templates.ElemNumber::formatNumberList@47 (line 1190)
  0x00007a03cccb50f8: c905 0748 

  0x00007a03cccb50fc: ;   {runtime_call fast_new_instance Runtime1 stub}
  0x00007a03cccb50fc: 8bd2 e87d 

  0x00007a03cccb5100: ; ImmutableOopMap {rbx=Oop r8=Oop [224]=Oop [232]=Oop [240]=Oop [256]=Oop }
                      ;*new {reexecute=0 rethrow=0 return_oop=0}
                      ; - org.apache.xalan.templates.ElemNumber::formatNumberList@66 (line 1196)
  0x00007a03cccb5100: d205 07e9 | 3ece ffff 

  0x00007a03cccb5108: ;   {metadata({method} {0x00006d56a47fb668} '<init>' '(Lorg/apache/xalan/templates/ElemNumber;Ljava/lang/String;)V' in 'org/apache/xalan/templates/ElemNumber$NumberFormatStringTokenizer')}
  0x00007a03cccb5108: 49ba 68b6 | 7fa4 566d | 0000 4c89 | 5424 0848 | c704 24ff 

  0x00007a03cccb511c: ;   {runtime_call counter_overflow Runtime1 stub}
  0x00007a03cccb511c: ffff ffe8 

  0x00007a03cccb5120: ; ImmutableOopMap {rbx=Oop r8=Oop rax=Oop [224]=Oop [232]=Oop [240]=Oop [256]=Oop [296]=Oop }
                      ;*synchronization entry
                      ; - org.apache.xalan.templates.ElemNumber$NumberFormatStringTokenizer::<init>@-1 (line 2036)
                      ; - org.apache.xalan.templates.ElemNumber::formatNumberList@73 (line 1196)
  0x00007a03cccb5120: dc38 0607 | e961 ceff 

  0x00007a03cccb5128: ;   {metadata({method} {0x00006d56af4791f0} '<init>' '()V' in 'java/lang/Object')}
  0x00007a03cccb5128: ff49 baf0 | 9147 af56 | 6d00 004c | 8954 2408 | 48c7 0424 | ffff ffff 

  0x00007a03cccb5140: ;   {runtime_call counter_overflow Runtime1 stub}
  0x00007a03cccb5140: e8bb 3806 

  0x00007a03cccb5144: ; ImmutableOopMap {rbx=Oop r8=Oop rax=Oop [224]=Oop [232]=Oop [240]=Oop [256]=Oop [296]=Oop }
                      ;*synchronization entry
                      ; - java.lang.Object::<init>@-1 (line 45)
                      ; - org.apache.xalan.templates.ElemNumber$NumberFormatStringTokenizer::<init>@1 (line 2036)
                      ; - org.apache.xalan.templates.ElemNumber::formatNumberList@73 (line 1196)
  0x00007a03cccb5144: 07e9 7cce 

  0x00007a03cccb5148: ;   {runtime_call throw_null_pointer_exception Runtime1 stub}
  0x00007a03cccb5148: ffff e831 

  0x00007a03cccb514c: ; ImmutableOopMap {rbx=Oop r8=Oop rax=Oop [224]=Oop [232]=Oop [240]=Oop [256]=Oop [296]=Oop }
                      ;*invokevirtual length {reexecute=0 rethrow=0 return_oop=0}
                      ; - org.apache.xalan.templates.ElemNumber$NumberFormatStringTokenizer::<init>@16 (line 2038)
                      ; - org.apache.xalan.templates.ElemNumber::formatNumberList@73 (line 1196)
                      ;   {metadata({method} {0x00006d56af00f028} 'length' '()I' in 'java/lang/String')}
  0x00007a03cccb514c: c905 0749 | ba28 f000 | af56 6d00 | 004c 8954 | 2408 48c7 | 0424 ffff 

  0x00007a03cccb5164: ;   {runtime_call counter_overflow Runtime1 stub}
  0x00007a03cccb5164: ffff e895 

  0x00007a03cccb5168: ; ImmutableOopMap {rbx=Oop r8=Oop rax=Oop [224]=Oop [232]=Oop [240]=Oop [256]=Oop [296]=Oop }
                      ;*synchronization entry
                      ; - java.lang.String::length@-1 (line 1519)
                      ; - org.apache.xalan.templates.ElemNumber$NumberFormatStringTokenizer::<init>@16 (line 2038)
                      ; - org.apache.xalan.templates.ElemNumber::formatNumberList@73 (line 1196)
  0x00007a03cccb5168: 3806 07e9 | a3ce ffff 

  0x00007a03cccb5170: ;   {runtime_call throw_null_pointer_exception Runtime1 stub}
  0x00007a03cccb5170: e80b c905 

  0x00007a03cccb5174: ; ImmutableOopMap {rbx=Oop r8=Oop rax=Oop [224]=Oop [232]=Oop [240]=Oop [256]=Oop [296]=Oop }
                      ;*arraylength {reexecute=0 rethrow=0 return_oop=0}
                      ; - java.lang.String::length@4 (line 1519)
                      ; - org.apache.xalan.templates.ElemNumber$NumberFormatStringTokenizer::<init>@16 (line 2038)
                      ; - org.apache.xalan.templates.ElemNumber::formatNumberList@73 (line 1196)
                      ;   {metadata({method} {0x00006d56af459438} 'coder' '()B' in 'java/lang/String')}
  0x00007a03cccb5174: 0749 ba38 | 9445 af56 | 6d00 004c | 8954 2408 | 48c7 0424 | ffff ffff 

  0x00007a03cccb518c: ;   {runtime_call counter_overflow Runtime1 stub}
  0x00007a03cccb518c: e86f 3806 

  0x00007a03cccb5190: ; ImmutableOopMap {rbx=Oop r8=Oop rax=Oop [224]=Oop [232]=Oop [240]=Oop [256]=Oop [296]=Oop }
                      ;*synchronization entry
                      ; - java.lang.String::coder@-1 (line 4813)
                      ; - java.lang.String::length@6 (line 1519)
                      ; - org.apache.xalan.templates.ElemNumber$NumberFormatStringTokenizer::<init>@16 (line 2038)
                      ; - org.apache.xalan.templates.ElemNumber::formatNumberList@73 (line 1196)
  0x00007a03cccb5190: 07e9 bfce 

  0x00007a03cccb5194: ;   {metadata({method} {0x00006d56a47fbad0} 'hasMoreTokens' '()Z' in 'org/apache/xalan/templates/ElemNumber$NumberFormatStringTokenizer')}
  0x00007a03cccb5194: ffff 49ba | d0ba 7fa4 | 566d 0000 | 4c89 5424 | 0848 c704 | 24ff ffff 

  0x00007a03cccb51ac: ;   {runtime_call counter_overflow Runtime1 stub}
  0x00007a03cccb51ac: ffe8 4e38 

  0x00007a03cccb51b0: ; ImmutableOopMap {rax=Oop rdx=Oop rcx=Oop r9=Oop [224]=Oop [232]=Oop [240]=Oop [256]=Oop [296]=Oop }
                      ;*synchronization entry
                      ; - org.apache.xalan.templates.ElemNumber$NumberFormatStringTokenizer::hasMoreTokens@-1 (line 2125)
                      ; - org.apache.xalan.templates.ElemNumber::formatNumberList@90 (line 1205)
  0x00007a03cccb51b0: 0607 e992 

  0x00007a03cccb51b4: ;   {runtime_call throw_null_pointer_exception Runtime1 stub}
  0x00007a03cccb51b4: cfff ffe8 

  0x00007a03cccb51b8: ; ImmutableOopMap {rax=Oop [224]=Oop [232]=Oop [240]=Oop [256]=Oop [272]=Oop [280]=Oop [288]=Oop [296]=Oop [320]=Oop }
                      ;*invokevirtual length {reexecute=0 rethrow=0 return_oop=0}
                      ; - org.apache.xalan.templates.ElemNumber::formatNumberList@107 (line 1212)
  0x00007a03cccb51b8: c4c8 0507 

  0x00007a03cccb51bc: ;   {metadata({method} {0x00006d56af00f028} 'length' '()I' in 'java/lang/String')}
  0x00007a03cccb51bc: 49ba 28f0 | 00af 566d | 0000 4c89 | 5424 0848 | c704 24ff 

  0x00007a03cccb51d0: ;   {runtime_call counter_overflow Runtime1 stub}
  0x00007a03cccb51d0: ffff ffe8 

  0x00007a03cccb51d4: ; ImmutableOopMap {rax=Oop [224]=Oop [232]=Oop [240]=Oop [256]=Oop [272]=Oop [280]=Oop [288]=Oop [296]=Oop [320]=Oop }
                      ;*synchronization entry
                      ; - java.lang.String::length@-1 (line 1519)
                      ; - org.apache.xalan.templates.ElemNumber::formatNumberList@107 (line 1212)
  0x00007a03cccb51d4: 2838 0607 | e996 d0ff 

  0x00007a03cccb51dc: ;   {runtime_call throw_null_pointer_exception Runtime1 stub}
  0x00007a03cccb51dc: ffe8 9ec8 

  0x00007a03cccb51e0: ; ImmutableOopMap {rax=Oop rsi=Oop [224]=Oop [232]=Oop [240]=Oop [256]=Oop [272]=Oop [280]=Oop [288]=Oop [296]=Oop [320]=Oop }
                      ;*arraylength {reexecute=0 rethrow=0 return_oop=0}
                      ; - java.lang.String::length@4 (line 1519)
                      ; - org.apache.xalan.templates.ElemNumber::formatNumberList@107 (line 1212)
                      ;   {metadata({method} {0x00006d56af459438} 'coder' '()B' in 'java/lang/String')}
  0x00007a03cccb51e0: 0507 49ba | 3894 45af | 566d 0000 | 4c89 5424 | 0848 c704 | 24ff ffff 

  0x00007a03cccb51f8: ;   {runtime_call counter_overflow Runtime1 stub}
  0x00007a03cccb51f8: ffe8 0238 

  0x00007a03cccb51fc: ; ImmutableOopMap {rax=Oop rsi=Oop [224]=Oop [232]=Oop [240]=Oop [256]=Oop [272]=Oop [280]=Oop [288]=Oop [296]=Oop [320]=Oop }
                      ;*synchronization entry
                      ; - java.lang.String::coder@-1 (line 4813)
                      ; - java.lang.String::length@6 (line 1519)
                      ; - org.apache.xalan.templates.ElemNumber::formatNumberList@107 (line 1212)
  0x00007a03cccb51fc: 0607 e9b2 

  0x00007a03cccb5200: ;   {metadata({method} {0x00006d56af00f080} 'charAt' '(I)C' in 'java/lang/String')}
  0x00007a03cccb5200: d0ff ff49 | ba80 f000 | af56 6d00 | 004c 8954 | 2408 48c7 | 0424 ffff 

  0x00007a03cccb5218: ;   {runtime_call counter_overflow Runtime1 stub}
  0x00007a03cccb5218: ffff e8e1 

  0x00007a03cccb521c: ; ImmutableOopMap {rax=Oop rsi=Oop [224]=Oop [232]=Oop [240]=Oop [256]=Oop [272]=Oop [280]=Oop [288]=Oop [296]=Oop [320]=Oop }
                      ;*synchronization entry
                      ; - java.lang.String::charAt@-1 (line 1554)
                      ; - org.apache.xalan.templates.ElemNumber::formatNumberList@112 (line 1212)
  0x00007a03cccb521c: 3706 07e9 | 06d1 ffff 

  0x00007a03cccb5224: ;   {metadata({method} {0x00006d56af458830} 'isLatin1' '()Z' in 'java/lang/String')}
  0x00007a03cccb5224: 49ba 3088 | 45af 566d | 0000 4c89 | 5424 0848 | c704 24ff 

  0x00007a03cccb5238: ;   {runtime_call counter_overflow Runtime1 stub}
  0x00007a03cccb5238: ffff ffe8 

  0x00007a03cccb523c: ; ImmutableOopMap {rax=Oop rsi=Oop [224]=Oop [232]=Oop [240]=Oop [256]=Oop [272]=Oop [280]=Oop [288]=Oop [296]=Oop [320]=Oop }
                      ;*synchronization entry
                      ; - java.lang.String::isLatin1@-1 (line 4821)
                      ; - java.lang.String::charAt@1 (line 1554)
                      ; - org.apache.xalan.templates.ElemNumber::formatNumberList@112 (line 1212)
  0x00007a03cccb523c: c037 0607 | e926 d1ff 

  0x00007a03cccb5244: ;   {metadata({method} {0x00006d56af024530} 'charAt' '([BI)C' in 'java/lang/StringLatin1')}
  0x00007a03cccb5244: ff49 ba30 | 4502 af56 | 6d00 004c | 8954 2408 | 48c7 0424 | ffff ffff 

  0x00007a03cccb525c: ;   {runtime_call counter_overflow Runtime1 stub}
  0x00007a03cccb525c: e89f 3706 

  0x00007a03cccb5260: ; ImmutableOopMap {rax=Oop rsi=Oop [224]=Oop [232]=Oop [240]=Oop [256]=Oop [272]=Oop [280]=Oop [288]=Oop [296]=Oop [320]=Oop }
                      ;*synchronization entry
                      ; - java.lang.StringLatin1::charAt@-1 (line 46)
                      ; - java.lang.String::charAt@12 (line 1555)
                      ; - org.apache.xalan.templates.ElemNumber::formatNumberList@112 (line 1212)
  0x00007a03cccb5260: 07e9 ccd1 

  0x00007a03cccb5264: ;   {metadata({method} {0x00006d56af459ac0} 'checkIndex' '(II)V' in 'java/lang/String')}
  0x00007a03cccb5264: ffff 49ba | c09a 45af | 566d 0000 | 4c89 5424 | 0848 c704 | 24ff ffff 

  0x00007a03cccb527c: ;   {runtime_call counter_overflow Runtime1 stub}
  0x00007a03cccb527c: ffe8 7e37 

  0x00007a03cccb5280: ; ImmutableOopMap {rax=Oop rsi=Oop [224]=Oop [232]=Oop [240]=Oop [256]=Oop [272]=Oop [280]=Oop [288]=Oop [296]=Oop [320]=Oop }
                      ;*synchronization entry
                      ; - java.lang.String::checkIndex@-1 (line 4832)
                      ; - java.lang.StringLatin1::charAt@3 (line 46)
                      ; - java.lang.String::charAt@12 (line 1555)
                      ; - org.apache.xalan.templates.ElemNumber::formatNumberList@112 (line 1212)
  0x00007a03cccb5280: 0607 e9e4 | d1ff ff48 | c704 24e4 

  0x00007a03cccb528c: ;   {runtime_call deoptimize Runtime1 stub}
  0x00007a03cccb528c: ffff ffe8 

  0x00007a03cccb5290: ; ImmutableOopMap {rax=Oop rsi=Oop [224]=Oop [232]=Oop [240]=Oop [256]=Oop [272]=Oop [280]=Oop [288]=Oop [296]=Oop [320]=Oop }
                      ;*invokestatic checkIndex {reexecute=0 rethrow=0 return_oop=0}
                      ; - java.lang.String::checkIndex@5 (line 4832)
                      ; - java.lang.StringLatin1::charAt@3 (line 46)
                      ; - java.lang.String::charAt@12 (line 1555)
                      ; - org.apache.xalan.templates.ElemNumber::formatNumberList@112 (line 1212)
  0x00007a03cccb5290: ec0c 0607 | 48c7 0424 | e4ff ffff 

  0x00007a03cccb529c: ;   {runtime_call deoptimize Runtime1 stub}
  0x00007a03cccb529c: e8df 0c06 

  0x00007a03cccb52a0: ; ImmutableOopMap {rax=Oop rsi=Oop [224]=Oop [232]=Oop [240]=Oop [256]=Oop [272]=Oop [280]=Oop [288]=Oop [296]=Oop [320]=Oop }
                      ;*invokestatic checkIndex {reexecute=0 rethrow=0 return_oop=0}
                      ; - java.lang.String::checkIndex@5 (line 4832)
                      ; - java.lang.StringLatin1::charAt@3 (line 46)
                      ; - java.lang.String::charAt@12 (line 1555)
                      ; - org.apache.xalan.templates.ElemNumber::formatNumberList@112 (line 1212)
  0x00007a03cccb52a0: 0748 8914 | 2448 8974 

  0x00007a03cccb52a8: ;   {runtime_call throw_range_check_failed Runtime1 stub}
  0x00007a03cccb52a8: 2408 e8d1 

  0x00007a03cccb52ac: ; ImmutableOopMap {rax=Oop rsi=Oop [224]=Oop [232]=Oop [240]=Oop [256]=Oop [272]=Oop [280]=Oop [288]=Oop [296]=Oop [320]=Oop }
                      ;*baload {reexecute=0 rethrow=0 return_oop=0}
                      ; - java.lang.StringLatin1::charAt@8 (line 47)
                      ; - java.lang.String::charAt@12 (line 1555)
                      ; - org.apache.xalan.templates.ElemNumber::formatNumberList@112 (line 1212)
                      ;   {metadata({method} {0x00006d56af0278b0} 'charAt' '([BI)C' in 'java/lang/StringUTF16')}
  0x00007a03cccb52ac: b805 0749 | bab0 7802 | af56 6d00 | 004c 8954 | 2408 48c7 | 0424 ffff 

  0x00007a03cccb52c4: ;   {runtime_call counter_overflow Runtime1 stub}
  0x00007a03cccb52c4: ffff e835 

  0x00007a03cccb52c8: ; ImmutableOopMap {rax=Oop rsi=Oop [224]=Oop [232]=Oop [240]=Oop [256]=Oop [272]=Oop [280]=Oop [288]=Oop [296]=Oop [320]=Oop }
                      ;*synchronization entry
                      ; - java.lang.StringUTF16::charAt@-1 (line 1418)
                      ; - java.lang.String::charAt@21 (line 1557)
                      ; - org.apache.xalan.templates.ElemNumber::formatNumberList@112 (line 1212)
  0x00007a03cccb52c8: 3706 07e9 | 2fd2 ffff 

  0x00007a03cccb52d0: ;   {metadata({method} {0x00006d56af026e08} 'checkIndex' '(I[B)V' in 'java/lang/StringUTF16')}
  0x00007a03cccb52d0: 49ba 086e | 02af 566d | 0000 4c89 | 5424 0848 | c704 24ff 

  0x00007a03cccb52e4: ;   {runtime_call counter_overflow Runtime1 stub}
  0x00007a03cccb52e4: ffff ffe8 

  0x00007a03cccb52e8: ; ImmutableOopMap {rax=Oop rsi=Oop [224]=Oop [232]=Oop [240]=Oop [256]=Oop [272]=Oop [280]=Oop [288]=Oop [296]=Oop [320]=Oop }
                      ;*synchronization entry
                      ; - java.lang.StringUTF16::checkIndex@-1 (line 1613)
                      ; - java.lang.StringUTF16::charAt@2 (line 1418)
                      ; - java.lang.String::charAt@21 (line 1557)
                      ; - org.apache.xalan.templates.ElemNumber::formatNumberList@112 (line 1212)
  0x00007a03cccb52e8: 1437 0607 | e947 d2ff 

  0x00007a03cccb52f0: ;   {metadata({method} {0x00006d56af026db0} 'length' '([B)I' in 'java/lang/StringUTF16')}
  0x00007a03cccb52f0: ff49 bab0 | 6d02 af56 | 6d00 004c | 8954 2408 | 48c7 0424 | ffff ffff 

  0x00007a03cccb5308: ;   {runtime_call counter_overflow Runtime1 stub}
  0x00007a03cccb5308: e8f3 3606 

  0x00007a03cccb530c: ; ImmutableOopMap {rax=Oop rsi=Oop [224]=Oop [232]=Oop [240]=Oop [256]=Oop [272]=Oop [280]=Oop [288]=Oop [296]=Oop [320]=Oop }
                      ;*synchronization entry
                      ; - java.lang.StringUTF16::length@-1 (line 75)
                      ; - java.lang.StringUTF16::checkIndex@2 (line 1613)
                      ; - java.lang.StringUTF16::charAt@2 (line 1418)
                      ; - java.lang.String::charAt@21 (line 1557)
                      ; - org.apache.xalan.templates.ElemNumber::formatNumberList@112 (line 1212)
  0x00007a03cccb530c: 07e9 5fd2 

  0x00007a03cccb5310: ;   {metadata({method} {0x00006d56af459ac0} 'checkIndex' '(II)V' in 'java/lang/String')}
  0x00007a03cccb5310: ffff 49ba | c09a 45af | 566d 0000 | 4c89 5424 | 0848 c704 | 24ff ffff 

  0x00007a03cccb5328: ;   {runtime_call counter_overflow Runtime1 stub}
  0x00007a03cccb5328: ffe8 d236 

  0x00007a03cccb532c: ; ImmutableOopMap {rax=Oop rsi=Oop [224]=Oop [232]=Oop [240]=Oop [256]=Oop [272]=Oop [280]=Oop [288]=Oop [296]=Oop [320]=Oop }
                      ;*synchronization entry
                      ; - java.lang.String::checkIndex@-1 (line 4832)
                      ; - java.lang.StringUTF16::checkIndex@5 (line 1613)
                      ; - java.lang.StringUTF16::charAt@2 (line 1418)
                      ; - java.lang.String::charAt@21 (line 1557)
                      ; - org.apache.xalan.templates.ElemNumber::formatNumberList@112 (line 1212)
  0x00007a03cccb532c: 0607 e979 | d2ff ff48 | c704 24e4 

  0x00007a03cccb5338: ;   {runtime_call deoptimize Runtime1 stub}
  0x00007a03cccb5338: ffff ffe8 

  0x00007a03cccb533c: ; ImmutableOopMap {rax=Oop rsi=Oop [224]=Oop [232]=Oop [240]=Oop [256]=Oop [272]=Oop [280]=Oop [288]=Oop [296]=Oop [320]=Oop }
                      ;*invokestatic checkIndex {reexecute=0 rethrow=0 return_oop=0}
                      ; - java.lang.String::checkIndex@5 (line 4832)
                      ; - java.lang.StringUTF16::checkIndex@5 (line 1613)
                      ; - java.lang.StringUTF16::charAt@2 (line 1418)
                      ; - java.lang.String::charAt@21 (line 1557)
                      ; - org.apache.xalan.templates.ElemNumber::formatNumberList@112 (line 1212)
  0x00007a03cccb533c: 400c 0607 | 48c7 0424 | e4ff ffff 

  0x00007a03cccb5348: ;   {runtime_call deoptimize Runtime1 stub}
  0x00007a03cccb5348: e833 0c06 

  0x00007a03cccb534c: ; ImmutableOopMap {rax=Oop rsi=Oop [224]=Oop [232]=Oop [240]=Oop [256]=Oop [272]=Oop [280]=Oop [288]=Oop [296]=Oop [320]=Oop }
                      ;*invokestatic checkIndex {reexecute=0 rethrow=0 return_oop=0}
                      ; - java.lang.String::checkIndex@5 (line 4832)
                      ; - java.lang.StringUTF16::checkIndex@5 (line 1613)
                      ; - java.lang.StringUTF16::charAt@2 (line 1418)
                      ; - java.lang.String::charAt@21 (line 1557)
                      ; - org.apache.xalan.templates.ElemNumber::formatNumberList@112 (line 1212)
                      ;   {metadata({method} {0x00006d56af425a60} 'isLetterOrDigit' '(C)Z' in 'java/lang/Character')}
  0x00007a03cccb534c: 0749 ba60 | 5a42 af56 | 6d00 004c | 8954 2408 | 48c7 0424 | ffff ffff 

  0x00007a03cccb5364: ;   {runtime_call counter_overflow Runtime1 stub}
  0x00007a03cccb5364: e897 3606 

  0x00007a03cccb5368: ; ImmutableOopMap {[224]=Oop [232]=Oop [240]=Oop [256]=Oop [272]=Oop [280]=Oop [288]=Oop [296]=Oop [320]=Oop }
                      ;*synchronization entry
                      ; - java.lang.Character::isLetterOrDigit@-1 (line 10277)
                      ; - org.apache.xalan.templates.ElemNumber::formatNumberList@115 (line 1211)
  0x00007a03cccb5368: 07e9 bfd2 

  0x00007a03cccb536c: ;   {metadata({method} {0x00006d56af425ab8} 'isLetterOrDigit' '(I)Z' in 'java/lang/Character')}
  0x00007a03cccb536c: ffff 49ba | b85a 42af | 566d 0000 | 4c89 5424 | 0848 c704 | 24ff ffff 

  0x00007a03cccb5384: ;   {runtime_call counter_overflow Runtime1 stub}
  0x00007a03cccb5384: ffe8 7636 

  0x00007a03cccb5388: ; ImmutableOopMap {[224]=Oop [232]=Oop [240]=Oop [256]=Oop [272]=Oop [280]=Oop [288]=Oop [296]=Oop [320]=Oop }
                      ;*synchronization entry
                      ; - java.lang.Character::isLetterOrDigit@-1 (line 10298)
                      ; - java.lang.Character::isLetterOrDigit@1 (line 10277)
                      ; - org.apache.xalan.templates.ElemNumber::formatNumberList@115 (line 1211)
  0x00007a03cccb5388: 0607 e9d7 

  0x00007a03cccb538c: ;   {metadata({method} {0x00006d56af425bc0} 'getType' '(I)I' in 'java/lang/Character')}
  0x00007a03cccb538c: d2ff ff49 | bac0 5b42 | af56 6d00 | 004c 8954 | 2408 48c7 | 0424 ffff 

  0x00007a03cccb53a4: ;   {runtime_call counter_overflow Runtime1 stub}
  0x00007a03cccb53a4: ffff e855 

  0x00007a03cccb53a8: ; ImmutableOopMap {[224]=Oop [232]=Oop [240]=Oop [256]=Oop [272]=Oop [280]=Oop [288]=Oop [296]=Oop [320]=Oop }
                      ;*synchronization entry
                      ; - java.lang.Character::getType@-1 (line 11560)
                      ; - java.lang.Character::isLetterOrDigit@4 (line 10303)
                      ; - java.lang.Character::isLetterOrDigit@1 (line 10277)
                      ; - org.apache.xalan.templates.ElemNumber::formatNumberList@115 (line 1211)
  0x00007a03cccb53a8: 3606 07e9 | efd2 ffff 

  0x00007a03cccb53b0: ;   {runtime_call throw_null_pointer_exception Runtime1 stub}
  0x00007a03cccb53b0: e8cb c605 

  0x00007a03cccb53b4: ; ImmutableOopMap {rax=Oop [224]=Oop [232]=Oop [240]=Oop [256]=Oop [272]=Oop [280]=Oop [288]=Oop [296]=Oop [320]=Oop }
                      ;*invokevirtual getType {reexecute=0 rethrow=0 return_oop=0}
                      ; - java.lang.Character::getType@5 (line 11560)
                      ; - java.lang.Character::isLetterOrDigit@4 (line 10303)
                      ; - java.lang.Character::isLetterOrDigit@1 (line 10277)
                      ; - org.apache.xalan.templates.ElemNumber::formatNumberList@115 (line 1211)
                      ;   {metadata({method} {0x00006d56af00f028} 'length' '()I' in 'java/lang/String')}
  0x00007a03cccb53b4: 0749 ba28 | f000 af56 | 6d00 004c | 8954 2408 | 48c7 0424 | ffff ffff 

  0x00007a03cccb53cc: ;   {runtime_call counter_overflow Runtime1 stub}
  0x00007a03cccb53cc: e82f 3606 

  0x00007a03cccb53d0: ; ImmutableOopMap {rax=Oop [224]=Oop [232]=Oop [240]=Oop [256]=Oop [272]=Oop [280]=Oop [288]=Oop [296]=Oop [320]=Oop }
                      ;*synchronization entry
                      ; - java.lang.String::length@-1 (line 1519)
                      ; - org.apache.xalan.templates.ElemNumber::formatNumberList@123 (line 1214)
  0x00007a03cccb53d0: 07e9 80d4 

  0x00007a03cccb53d4: ;   {runtime_call throw_null_pointer_exception Runtime1 stub}
  0x00007a03cccb53d4: ffff e8a5 

  0x00007a03cccb53d8: ; ImmutableOopMap {rax=Oop rsi=Oop [224]=Oop [232]=Oop [240]=Oop [256]=Oop [272]=Oop [280]=Oop [288]=Oop [296]=Oop [320]=Oop }
                      ;*arraylength {reexecute=0 rethrow=0 return_oop=0}
                      ; - java.lang.String::length@4 (line 1519)
                      ; - org.apache.xalan.templates.ElemNumber::formatNumberList@123 (line 1214)
                      ;   {metadata({method} {0x00006d56af459438} 'coder' '()B' in 'java/lang/String')}
  0x00007a03cccb53d8: c605 0749 | ba38 9445 | af56 6d00 | 004c 8954 | 2408 48c7 | 0424 ffff 

  0x00007a03cccb53f0: ;   {runtime_call counter_overflow Runtime1 stub}
  0x00007a03cccb53f0: ffff e809 

  0x00007a03cccb53f4: ; ImmutableOopMap {rax=Oop rsi=Oop [224]=Oop [232]=Oop [240]=Oop [256]=Oop [272]=Oop [280]=Oop [288]=Oop [296]=Oop [320]=Oop }
                      ;*synchronization entry
                      ; - java.lang.String::coder@-1 (line 4813)
                      ; - java.lang.String::length@6 (line 1519)
                      ; - org.apache.xalan.templates.ElemNumber::formatNumberList@123 (line 1214)
  0x00007a03cccb53f4: 3606 07e9 | 9cd4 ffff 

  0x00007a03cccb53fc: ;   {metadata({method} {0x00006d56af00f080} 'charAt' '(I)C' in 'java/lang/String')}
  0x00007a03cccb53fc: 49ba 80f0 | 00af 566d | 0000 4c89 | 5424 0848 | c704 24ff 

  0x00007a03cccb5410: ;   {runtime_call counter_overflow Runtime1 stub}
  0x00007a03cccb5410: ffff ffe8 

  0x00007a03cccb5414: ; ImmutableOopMap {rax=Oop rsi=Oop [224]=Oop [232]=Oop [240]=Oop [256]=Oop [272]=Oop [280]=Oop [288]=Oop [296]=Oop [320]=Oop }
                      ;*synchronization entry
                      ; - java.lang.String::charAt@-1 (line 1554)
                      ; - org.apache.xalan.templates.ElemNumber::formatNumberList@134 (line 1215)
  0x00007a03cccb5414: e835 0607 | e9f4 d4ff 

  0x00007a03cccb541c: ;   {metadata({method} {0x00006d56af458830} 'isLatin1' '()Z' in 'java/lang/String')}
  0x00007a03cccb541c: ff49 ba30 | 8845 af56 | 6d00 004c | 8954 2408 | 48c7 0424 | ffff ffff 

  0x00007a03cccb5434: ;   {runtime_call counter_overflow Runtime1 stub}
  0x00007a03cccb5434: e8c7 3506 

  0x00007a03cccb5438: ; ImmutableOopMap {rax=Oop rsi=Oop [224]=Oop [232]=Oop [240]=Oop [256]=Oop [272]=Oop [280]=Oop [288]=Oop [296]=Oop [320]=Oop }
                      ;*synchronization entry
                      ; - java.lang.String::isLatin1@-1 (line 4821)
                      ; - java.lang.String::charAt@1 (line 1554)
                      ; - org.apache.xalan.templates.ElemNumber::formatNumberList@134 (line 1215)
  0x00007a03cccb5438: 07e9 14d5 

  0x00007a03cccb543c: ;   {metadata({method} {0x00006d56af024530} 'charAt' '([BI)C' in 'java/lang/StringLatin1')}
  0x00007a03cccb543c: ffff 49ba | 3045 02af | 566d 0000 | 4c89 5424 | 0848 c704 | 24ff ffff 

  0x00007a03cccb5454: ;   {runtime_call counter_overflow Runtime1 stub}
  0x00007a03cccb5454: ffe8 a635 

  0x00007a03cccb5458: ; ImmutableOopMap {rsi=Oop [224]=Oop [232]=Oop [240]=Oop [256]=Oop [272]=Oop [280]=Oop [288]=Oop [296]=Oop }
                      ;*synchronization entry
                      ; - java.lang.StringLatin1::charAt@-1 (line 46)
                      ; - java.lang.String::charAt@12 (line 1555)
                      ; - org.apache.xalan.templates.ElemNumber::formatNumberList@134 (line 1215)
  0x00007a03cccb5458: 0607 e9b9 

  0x00007a03cccb545c: ;   {metadata({method} {0x00006d56af459ac0} 'checkIndex' '(II)V' in 'java/lang/String')}
  0x00007a03cccb545c: d5ff ff49 | bac0 9a45 | af56 6d00 | 004c 8954 | 2408 48c7 | 0424 ffff 

  0x00007a03cccb5474: ;   {runtime_call counter_overflow Runtime1 stub}
  0x00007a03cccb5474: ffff e885 

  0x00007a03cccb5478: ; ImmutableOopMap {rsi=Oop [224]=Oop [232]=Oop [240]=Oop [256]=Oop [272]=Oop [280]=Oop [288]=Oop [296]=Oop }
                      ;*synchronization entry
                      ; - java.lang.String::checkIndex@-1 (line 4832)
                      ; - java.lang.StringLatin1::charAt@3 (line 46)
                      ; - java.lang.String::charAt@12 (line 1555)
                      ; - org.apache.xalan.templates.ElemNumber::formatNumberList@134 (line 1215)
  0x00007a03cccb5478: 3506 07e9 | d0d5 ffff | 48c7 0424 | e4ff ffff 

  0x00007a03cccb5488: ;   {runtime_call deoptimize Runtime1 stub}
  0x00007a03cccb5488: e8f3 0a06 

  0x00007a03cccb548c: ; ImmutableOopMap {rsi=Oop [224]=Oop [232]=Oop [240]=Oop [256]=Oop [272]=Oop [280]=Oop [288]=Oop [296]=Oop }
                      ;*invokestatic checkIndex {reexecute=0 rethrow=0 return_oop=0}
                      ; - java.lang.String::checkIndex@5 (line 4832)
                      ; - java.lang.StringLatin1::charAt@3 (line 46)
                      ; - java.lang.String::charAt@12 (line 1555)
                      ; - org.apache.xalan.templates.ElemNumber::formatNumberList@134 (line 1215)
  0x00007a03cccb548c: 0748 c704 | 24e4 ffff 

  0x00007a03cccb5494: ;   {runtime_call deoptimize Runtime1 stub}
  0x00007a03cccb5494: ffe8 e60a 

  0x00007a03cccb5498: ; ImmutableOopMap {rsi=Oop [224]=Oop [232]=Oop [240]=Oop [256]=Oop [272]=Oop [280]=Oop [288]=Oop [296]=Oop }
                      ;*invokestatic checkIndex {reexecute=0 rethrow=0 return_oop=0}
                      ; - java.lang.String::checkIndex@5 (line 4832)
                      ; - java.lang.StringLatin1::charAt@3 (line 46)
                      ; - java.lang.String::charAt@12 (line 1555)
                      ; - org.apache.xalan.templates.ElemNumber::formatNumberList@134 (line 1215)
  0x00007a03cccb5498: 0607 4889 | 1424 4889 

  0x00007a03cccb54a0: ;   {runtime_call throw_range_check_failed Runtime1 stub}
  0x00007a03cccb54a0: 7424 08e8 

  0x00007a03cccb54a4: ; ImmutableOopMap {rsi=Oop [224]=Oop [232]=Oop [240]=Oop [256]=Oop [272]=Oop [280]=Oop [288]=Oop [296]=Oop }
                      ;*baload {reexecute=0 rethrow=0 return_oop=0}
                      ; - java.lang.StringLatin1::charAt@8 (line 47)
                      ; - java.lang.String::charAt@12 (line 1555)
                      ; - org.apache.xalan.templates.ElemNumber::formatNumberList@134 (line 1215)
  0x00007a03cccb54a4: d8b6 0507 

  0x00007a03cccb54a8: ;   {metadata({method} {0x00006d56af0278b0} 'charAt' '([BI)C' in 'java/lang/StringUTF16')}
  0x00007a03cccb54a8: 49ba b078 | 02af 566d | 0000 4c89 | 5424 0848 | c704 24ff 

  0x00007a03cccb54bc: ;   {runtime_call counter_overflow Runtime1 stub}
  0x00007a03cccb54bc: ffff ffe8 

  0x00007a03cccb54c0: ; ImmutableOopMap {rsi=Oop [224]=Oop [232]=Oop [240]=Oop [256]=Oop [272]=Oop [280]=Oop [288]=Oop [296]=Oop }
                      ;*synchronization entry
                      ; - java.lang.StringUTF16::charAt@-1 (line 1418)
                      ; - java.lang.String::charAt@21 (line 1557)
                      ; - org.apache.xalan.templates.ElemNumber::formatNumberList@134 (line 1215)
  0x00007a03cccb54c0: 3c35 0607 | e91a d6ff 

  0x00007a03cccb54c8: ;   {metadata({method} {0x00006d56af026e08} 'checkIndex' '(I[B)V' in 'java/lang/StringUTF16')}
  0x00007a03cccb54c8: ff49 ba08 | 6e02 af56 | 6d00 004c | 8954 2408 | 48c7 0424 | ffff ffff 

  0x00007a03cccb54e0: ;   {runtime_call counter_overflow Runtime1 stub}
  0x00007a03cccb54e0: e81b 3506 

  0x00007a03cccb54e4: ; ImmutableOopMap {rsi=Oop [224]=Oop [232]=Oop [240]=Oop [256]=Oop [272]=Oop [280]=Oop [288]=Oop [296]=Oop }
                      ;*synchronization entry
                      ; - java.lang.StringUTF16::checkIndex@-1 (line 1613)
                      ; - java.lang.StringUTF16::charAt@2 (line 1418)
                      ; - java.lang.String::charAt@21 (line 1557)
                      ; - org.apache.xalan.templates.ElemNumber::formatNumberList@134 (line 1215)
  0x00007a03cccb54e4: 07e9 31d6 

  0x00007a03cccb54e8: ;   {metadata({method} {0x00006d56af026db0} 'length' '([B)I' in 'java/lang/StringUTF16')}
  0x00007a03cccb54e8: ffff 49ba | b06d 02af | 566d 0000 | 4c89 5424 | 0848 c704 | 24ff ffff 

  0x00007a03cccb5500: ;   {runtime_call counter_overflow Runtime1 stub}
  0x00007a03cccb5500: ffe8 fa34 

  0x00007a03cccb5504: ; ImmutableOopMap {rsi=Oop [224]=Oop [232]=Oop [240]=Oop [256]=Oop [272]=Oop [280]=Oop [288]=Oop [296]=Oop }
                      ;*synchronization entry
                      ; - java.lang.StringUTF16::length@-1 (line 75)
                      ; - java.lang.StringUTF16::checkIndex@2 (line 1613)
                      ; - java.lang.StringUTF16::charAt@2 (line 1418)
                      ; - java.lang.String::charAt@21 (line 1557)
                      ; - org.apache.xalan.templates.ElemNumber::formatNumberList@134 (line 1215)
  0x00007a03cccb5504: 0607 e948 

  0x00007a03cccb5508: ;   {metadata({method} {0x00006d56af459ac0} 'checkIndex' '(II)V' in 'java/lang/String')}
  0x00007a03cccb5508: d6ff ff49 | bac0 9a45 | af56 6d00 | 004c 8954 | 2408 48c7 | 0424 ffff 

  0x00007a03cccb5520: ;   {runtime_call counter_overflow Runtime1 stub}
  0x00007a03cccb5520: ffff e8d9 

  0x00007a03cccb5524: ; ImmutableOopMap {rsi=Oop [224]=Oop [232]=Oop [240]=Oop [256]=Oop [272]=Oop [280]=Oop [288]=Oop [296]=Oop }
                      ;*synchronization entry
                      ; - java.lang.String::checkIndex@-1 (line 4832)
                      ; - java.lang.StringUTF16::checkIndex@5 (line 1613)
                      ; - java.lang.StringUTF16::charAt@2 (line 1418)
                      ; - java.lang.String::charAt@21 (line 1557)
                      ; - org.apache.xalan.templates.ElemNumber::formatNumberList@134 (line 1215)
  0x00007a03cccb5524: 3406 07e9 | 61d6 ffff | 48c7 0424 | e4ff ffff 

  0x00007a03cccb5534: ;   {runtime_call deoptimize Runtime1 stub}
  0x00007a03cccb5534: e847 0a06 

  0x00007a03cccb5538: ; ImmutableOopMap {rsi=Oop [224]=Oop [232]=Oop [240]=Oop [256]=Oop [272]=Oop [280]=Oop [288]=Oop [296]=Oop }
                      ;*invokestatic checkIndex {reexecute=0 rethrow=0 return_oop=0}
                      ; - java.lang.String::checkIndex@5 (line 4832)
                      ; - java.lang.StringUTF16::checkIndex@5 (line 1613)
                      ; - java.lang.StringUTF16::charAt@2 (line 1418)
                      ; - java.lang.String::charAt@21 (line 1557)
                      ; - org.apache.xalan.templates.ElemNumber::formatNumberList@134 (line 1215)
  0x00007a03cccb5538: 0748 c704 | 24e4 ffff 

  0x00007a03cccb5540: ;   {runtime_call deoptimize Runtime1 stub}
  0x00007a03cccb5540: ffe8 3a0a 

  0x00007a03cccb5544: ; ImmutableOopMap {rsi=Oop [224]=Oop [232]=Oop [240]=Oop [256]=Oop [272]=Oop [280]=Oop [288]=Oop [296]=Oop }
                      ;*invokestatic checkIndex {reexecute=0 rethrow=0 return_oop=0}
                      ; - java.lang.String::checkIndex@5 (line 4832)
                      ; - java.lang.StringUTF16::checkIndex@5 (line 1613)
                      ; - java.lang.StringUTF16::charAt@2 (line 1418)
                      ; - java.lang.String::charAt@21 (line 1557)
                      ; - org.apache.xalan.templates.ElemNumber::formatNumberList@134 (line 1215)
  0x00007a03cccb5544: 0607 488b 

  0x00007a03cccb5548: ;   {runtime_call fast_new_instance Runtime1 stub}
  0x00007a03cccb5548: d2e8 32ce 

  0x00007a03cccb554c: ; ImmutableOopMap {[224]=Oop [232]=Oop [240]=Oop [256]=Oop [272]=Oop [288]=Oop [296]=Oop [320]=Oop }
                      ;*new {reexecute=0 rethrow=0 return_oop=0}
                      ; - org.apache.xalan.templates.ElemNumber::formatNumberList@150 (line 1222)
  0x00007a03cccb554c: 0507 e9d6 

  0x00007a03cccb5550: ;   {metadata({method} {0x00006d56af04d9c8} '<init>' '(Ljava/lang/String;)V' in 'java/lang/StringBuffer')}
  0x00007a03cccb5550: d7ff ff49 | bac8 d904 | af56 6d00 | 004c 8954 | 2408 48c7 | 0424 ffff 

  0x00007a03cccb5568: ;   {runtime_call counter_overflow Runtime1 stub}
  0x00007a03cccb5568: ffff e891 

  0x00007a03cccb556c: ; ImmutableOopMap {rax=Oop [224]=Oop [232]=Oop [240]=Oop [256]=Oop [272]=Oop [288]=Oop [296]=Oop [320]=Oop [328]=Oop }
                      ;*synchronization entry
                      ; - java.lang.StringBuffer::<init>@-1 (line 158)
                      ; - org.apache.xalan.templates.ElemNumber::formatNumberList@156 (line 1222)
  0x00007a03cccb556c: 3406 07e9 | f9d7 ffff 

  0x00007a03cccb5574: ;   {metadata({method} {0x00006d56a47fba18} 'nextIsSep' '()Z' in 'org/apache/xalan/templates/ElemNumber$NumberFormatStringTokenizer')}
  0x00007a03cccb5574: 49ba 18ba | 7fa4 566d | 0000 4c89 | 5424 0848 | c704 24ff 

  0x00007a03cccb5588: ;   {runtime_call counter_overflow Runtime1 stub}
  0x00007a03cccb5588: ffff ffe8 

  0x00007a03cccb558c: ; ImmutableOopMap {rax=Oop [224]=Oop [232]=Oop [240]=Oop [256]=Oop [272]=Oop [288]=Oop [296]=Oop [328]=Oop }
                      ;*synchronization entry
                      ; - org.apache.xalan.templates.ElemNumber$NumberFormatStringTokenizer::nextIsSep@-1 (line 2110)
                      ; - org.apache.xalan.templates.ElemNumber::formatNumberList@163 (line 1227)
  0x00007a03cccb558c: 7034 0607 | e960 d8ff 

  0x00007a03cccb5594: ;   {runtime_call throw_null_pointer_exception Runtime1 stub}
  0x00007a03cccb5594: ffe8 e6c4 

  0x00007a03cccb5598: ; ImmutableOopMap {rax=Oop rsi=Oop [224]=Oop [232]=Oop [240]=Oop [256]=Oop [272]=Oop [288]=Oop [296]=Oop [328]=Oop }
                      ;*invokevirtual charAt {reexecute=0 rethrow=0 return_oop=0}
                      ; - org.apache.xalan.templates.ElemNumber$NumberFormatStringTokenizer::nextIsSep@8 (line 2110)
                      ; - org.apache.xalan.templates.ElemNumber::formatNumberList@163 (line 1227)
                      ;   {metadata({method} {0x00006d56af00f080} 'charAt' '(I)C' in 'java/lang/String')}
  0x00007a03cccb5598: 0507 49ba | 80f0 00af | 566d 0000 | 4c89 5424 | 0848 c704 | 24ff ffff 

  0x00007a03cccb55b0: ;   {runtime_call counter_overflow Runtime1 stub}
  0x00007a03cccb55b0: ffe8 4a34 

  0x00007a03cccb55b4: ; ImmutableOopMap {rax=Oop rsi=Oop [224]=Oop [232]=Oop [240]=Oop [256]=Oop [272]=Oop [288]=Oop [296]=Oop [328]=Oop }
                      ;*synchronization entry
                      ; - java.lang.String::charAt@-1 (line 1554)
                      ; - org.apache.xalan.templates.ElemNumber$NumberFormatStringTokenizer::nextIsSep@8 (line 2110)
                      ; - org.apache.xalan.templates.ElemNumber::formatNumberList@163 (line 1227)
  0x00007a03cccb55b4: 0607 e97f 

  0x00007a03cccb55b8: ;   {metadata({method} {0x00006d56af458830} 'isLatin1' '()Z' in 'java/lang/String')}
  0x00007a03cccb55b8: d8ff ff49 | ba30 8845 | af56 6d00 | 004c 8954 | 2408 48c7 | 0424 ffff 

  0x00007a03cccb55d0: ;   {runtime_call counter_overflow Runtime1 stub}
  0x00007a03cccb55d0: ffff e829 

  0x00007a03cccb55d4: ; ImmutableOopMap {rax=Oop rsi=Oop [224]=Oop [232]=Oop [240]=Oop [256]=Oop [272]=Oop [288]=Oop [296]=Oop [328]=Oop }
                      ;*synchronization entry
                      ; - java.lang.String::isLatin1@-1 (line 4821)
                      ; - java.lang.String::charAt@1 (line 1554)
                      ; - org.apache.xalan.templates.ElemNumber$NumberFormatStringTokenizer::nextIsSep@8 (line 2110)
                      ; - org.apache.xalan.templates.ElemNumber::formatNumberList@163 (line 1227)
  0x00007a03cccb55d4: 3406 07e9 | 9ad8 ffff 

  0x00007a03cccb55dc: ;   {metadata({method} {0x00006d56af024530} 'charAt' '([BI)C' in 'java/lang/StringLatin1')}
  0x00007a03cccb55dc: 49ba 3045 | 02af 566d | 0000 4c89 | 5424 0848 | c704 24ff 

  0x00007a03cccb55f0: ;   {runtime_call counter_overflow Runtime1 stub}
  0x00007a03cccb55f0: ffff ffe8 

  0x00007a03cccb55f4: ; ImmutableOopMap {rax=Oop rsi=Oop [224]=Oop [232]=Oop [240]=Oop [256]=Oop [272]=Oop [288]=Oop [296]=Oop [328]=Oop }
                      ;*synchronization entry
                      ; - java.lang.StringLatin1::charAt@-1 (line 46)
                      ; - java.lang.String::charAt@12 (line 1555)
                      ; - org.apache.xalan.templates.ElemNumber$NumberFormatStringTokenizer::nextIsSep@8 (line 2110)
                      ; - org.apache.xalan.templates.ElemNumber::formatNumberList@163 (line 1227)
  0x00007a03cccb55f4: 0834 0607 | e947 d9ff 

  0x00007a03cccb55fc: ;   {runtime_call throw_null_pointer_exception Runtime1 stub}
  0x00007a03cccb55fc: ffe8 7ec4 

  0x00007a03cccb5600: ; ImmutableOopMap {rax=Oop rsi=Oop [224]=Oop [232]=Oop [240]=Oop [256]=Oop [272]=Oop [288]=Oop [296]=Oop [328]=Oop }
                      ;*arraylength {reexecute=0 rethrow=0 return_oop=0}
                      ; - java.lang.StringLatin1::charAt@2 (line 46)
                      ; - java.lang.String::charAt@12 (line 1555)
                      ; - org.apache.xalan.templates.ElemNumber$NumberFormatStringTokenizer::nextIsSep@8 (line 2110)
                      ; - org.apache.xalan.templates.ElemNumber::formatNumberList@163 (line 1227)
                      ;   {metadata({method} {0x00006d56af459ac0} 'checkIndex' '(II)V' in 'java/lang/String')}
  0x00007a03cccb5600: 0507 49ba | c09a 45af | 566d 0000 | 4c89 5424 | 0848 c704 | 24ff ffff 

  0x00007a03cccb5618: ;   {runtime_call counter_overflow Runtime1 stub}
  0x00007a03cccb5618: ffe8 e233 

  0x00007a03cccb561c: ; ImmutableOopMap {rax=Oop rsi=Oop [224]=Oop [232]=Oop [240]=Oop [256]=Oop [272]=Oop [288]=Oop [296]=Oop [328]=Oop }
                      ;*synchronization entry
                      ; - java.lang.String::checkIndex@-1 (line 4832)
                      ; - java.lang.StringLatin1::charAt@3 (line 46)
                      ; - java.lang.String::charAt@12 (line 1555)
                      ; - org.apache.xalan.templates.ElemNumber$NumberFormatStringTokenizer::nextIsSep@8 (line 2110)
                      ; - org.apache.xalan.templates.ElemNumber::formatNumberList@163 (line 1227)
  0x00007a03cccb561c: 0607 e962 | d9ff ff48 | c704 24e4 

  0x00007a03cccb5628: ;   {runtime_call deoptimize Runtime1 stub}
  0x00007a03cccb5628: ffff ffe8 

  0x00007a03cccb562c: ; ImmutableOopMap {rax=Oop rsi=Oop [224]=Oop [232]=Oop [240]=Oop [256]=Oop [272]=Oop [288]=Oop [296]=Oop [328]=Oop }
                      ;*invokestatic checkIndex {reexecute=0 rethrow=0 return_oop=0}
                      ; - java.lang.String::checkIndex@5 (line 4832)
                      ; - java.lang.StringLatin1::charAt@3 (line 46)
                      ; - java.lang.String::charAt@12 (line 1555)
                      ; - org.apache.xalan.templates.ElemNumber$NumberFormatStringTokenizer::nextIsSep@8 (line 2110)
                      ; - org.apache.xalan.templates.ElemNumber::formatNumberList@163 (line 1227)
  0x00007a03cccb562c: 5009 0607 | 48c7 0424 | e4ff ffff 

  0x00007a03cccb5638: ;   {runtime_call deoptimize Runtime1 stub}
  0x00007a03cccb5638: e843 0906 

  0x00007a03cccb563c: ; ImmutableOopMap {rax=Oop rsi=Oop [224]=Oop [232]=Oop [240]=Oop [256]=Oop [272]=Oop [288]=Oop [296]=Oop [328]=Oop }
                      ;*invokestatic checkIndex {reexecute=0 rethrow=0 return_oop=0}
                      ; - java.lang.String::checkIndex@5 (line 4832)
                      ; - java.lang.StringLatin1::charAt@3 (line 46)
                      ; - java.lang.String::charAt@12 (line 1555)
                      ; - org.apache.xalan.templates.ElemNumber$NumberFormatStringTokenizer::nextIsSep@8 (line 2110)
                      ; - org.apache.xalan.templates.ElemNumber::formatNumberList@163 (line 1227)
  0x00007a03cccb563c: 0748 891c | 2448 8974 

  0x00007a03cccb5644: ;   {runtime_call throw_range_check_failed Runtime1 stub}
  0x00007a03cccb5644: 2408 e835 

  0x00007a03cccb5648: ; ImmutableOopMap {rax=Oop rsi=Oop [224]=Oop [232]=Oop [240]=Oop [256]=Oop [272]=Oop [288]=Oop [296]=Oop [328]=Oop }
                      ;*baload {reexecute=0 rethrow=0 return_oop=0}
                      ; - java.lang.StringLatin1::charAt@8 (line 47)
                      ; - java.lang.String::charAt@12 (line 1555)
                      ; - org.apache.xalan.templates.ElemNumber$NumberFormatStringTokenizer::nextIsSep@8 (line 2110)
                      ; - org.apache.xalan.templates.ElemNumber::formatNumberList@163 (line 1227)
                      ;   {metadata({method} {0x00006d56af0278b0} 'charAt' '([BI)C' in 'java/lang/StringUTF16')}
  0x00007a03cccb5648: b505 0749 | bab0 7802 | af56 6d00 | 004c 8954 | 2408 48c7 | 0424 ffff 

  0x00007a03cccb5660: ;   {runtime_call counter_overflow Runtime1 stub}
  0x00007a03cccb5660: ffff e899 

  0x00007a03cccb5664: ; ImmutableOopMap {rax=Oop rsi=Oop [224]=Oop [232]=Oop [240]=Oop [256]=Oop [272]=Oop [288]=Oop [296]=Oop [328]=Oop }
                      ;*synchronization entry
                      ; - java.lang.StringUTF16::charAt@-1 (line 1418)
                      ; - java.lang.String::charAt@21 (line 1557)
                      ; - org.apache.xalan.templates.ElemNumber$NumberFormatStringTokenizer::nextIsSep@8 (line 2110)
                      ; - org.apache.xalan.templates.ElemNumber::formatNumberList@163 (line 1227)
  0x00007a03cccb5664: 3306 07e9 | b0d9 ffff 

  0x00007a03cccb566c: ;   {metadata({method} {0x00006d56af026e08} 'checkIndex' '(I[B)V' in 'java/lang/StringUTF16')}
  0x00007a03cccb566c: 49ba 086e | 02af 566d | 0000 4c89 | 5424 0848 | c704 24ff 

  0x00007a03cccb5680: ;   {runtime_call counter_overflow Runtime1 stub}
  0x00007a03cccb5680: ffff ffe8 

  0x00007a03cccb5684: ; ImmutableOopMap {rax=Oop rsi=Oop [224]=Oop [232]=Oop [240]=Oop [256]=Oop [272]=Oop [288]=Oop [296]=Oop [328]=Oop }
                      ;*synchronization entry
                      ; - java.lang.StringUTF16::checkIndex@-1 (line 1613)
                      ; - java.lang.StringUTF16::charAt@2 (line 1418)
                      ; - java.lang.String::charAt@21 (line 1557)
                      ; - org.apache.xalan.templates.ElemNumber$NumberFormatStringTokenizer::nextIsSep@8 (line 2110)
                      ; - org.apache.xalan.templates.ElemNumber::formatNumberList@163 (line 1227)
  0x00007a03cccb5684: 7833 0607 | e9c8 d9ff 

  0x00007a03cccb568c: ;   {metadata({method} {0x00006d56af026db0} 'length' '([B)I' in 'java/lang/StringUTF16')}
  0x00007a03cccb568c: ff49 bab0 | 6d02 af56 | 6d00 004c | 8954 2408 | 48c7 0424 | ffff ffff 

  0x00007a03cccb56a4: ;   {runtime_call counter_overflow Runtime1 stub}
  0x00007a03cccb56a4: e857 3306 

  0x00007a03cccb56a8: ; ImmutableOopMap {rax=Oop rsi=Oop [224]=Oop [232]=Oop [240]=Oop [256]=Oop [272]=Oop [288]=Oop [296]=Oop [328]=Oop }
                      ;*synchronization entry
                      ; - java.lang.StringUTF16::length@-1 (line 75)
                      ; - java.lang.StringUTF16::checkIndex@2 (line 1613)
                      ; - java.lang.StringUTF16::charAt@2 (line 1418)
                      ; - java.lang.String::charAt@21 (line 1557)
                      ; - org.apache.xalan.templates.ElemNumber$NumberFormatStringTokenizer::nextIsSep@8 (line 2110)
                      ; - org.apache.xalan.templates.ElemNumber::formatNumberList@163 (line 1227)
  0x00007a03cccb56a8: 07e9 e0d9 

  0x00007a03cccb56ac: ;   {runtime_call throw_null_pointer_exception Runtime1 stub}
  0x00007a03cccb56ac: ffff e8cd 

  0x00007a03cccb56b0: ; ImmutableOopMap {rax=Oop rsi=Oop [224]=Oop [232]=Oop [240]=Oop [256]=Oop [272]=Oop [288]=Oop [296]=Oop [328]=Oop }
                      ;*arraylength {reexecute=0 rethrow=0 return_oop=0}
                      ; - java.lang.StringUTF16::length@1 (line 75)
                      ; - java.lang.StringUTF16::checkIndex@2 (line 1613)
                      ; - java.lang.StringUTF16::charAt@2 (line 1418)
                      ; - java.lang.String::charAt@21 (line 1557)
                      ; - org.apache.xalan.templates.ElemNumber$NumberFormatStringTokenizer::nextIsSep@8 (line 2110)
                      ; - org.apache.xalan.templates.ElemNumber::formatNumberList@163 (line 1227)
                      ;   {metadata({method} {0x00006d56af459ac0} 'checkIndex' '(II)V' in 'java/lang/String')}
  0x00007a03cccb56b0: c305 0749 | bac0 9a45 | af56 6d00 | 004c 8954 | 2408 48c7 | 0424 ffff 

  0x00007a03cccb56c8: ;   {runtime_call counter_overflow Runtime1 stub}
  0x00007a03cccb56c8: ffff e831 

  0x00007a03cccb56cc: ; ImmutableOopMap {rax=Oop rsi=Oop [224]=Oop [232]=Oop [240]=Oop [256]=Oop [272]=Oop [288]=Oop [296]=Oop [328]=Oop }
                      ;*synchronization entry
                      ; - java.lang.String::checkIndex@-1 (line 4832)
                      ; - java.lang.StringUTF16::checkIndex@5 (line 1613)
                      ; - java.lang.StringUTF16::charAt@2 (line 1418)
                      ; - java.lang.String::charAt@21 (line 1557)
                      ; - org.apache.xalan.templates.ElemNumber$NumberFormatStringTokenizer::nextIsSep@8 (line 2110)
                      ; - org.apache.xalan.templates.ElemNumber::formatNumberList@163 (line 1227)
  0x00007a03cccb56cc: 3306 07e9 | fdd9 ffff | 48c7 0424 | e4ff ffff 

  0x00007a03cccb56dc: ;   {runtime_call deoptimize Runtime1 stub}
  0x00007a03cccb56dc: e89f 0806 

  0x00007a03cccb56e0: ; ImmutableOopMap {rax=Oop rsi=Oop [224]=Oop [232]=Oop [240]=Oop [256]=Oop [272]=Oop [288]=Oop [296]=Oop [328]=Oop }
                      ;*invokestatic checkIndex {reexecute=0 rethrow=0 return_oop=0}
                      ; - java.lang.String::checkIndex@5 (line 4832)
                      ; - java.lang.StringUTF16::checkIndex@5 (line 1613)
                      ; - java.lang.StringUTF16::charAt@2 (line 1418)
                      ; - java.lang.String::charAt@21 (line 1557)
                      ; - org.apache.xalan.templates.ElemNumber$NumberFormatStringTokenizer::nextIsSep@8 (line 2110)
                      ; - org.apache.xalan.templates.ElemNumber::formatNumberList@163 (line 1227)
  0x00007a03cccb56e0: 0748 c704 | 24e4 ffff 

  0x00007a03cccb56e8: ;   {runtime_call deoptimize Runtime1 stub}
  0x00007a03cccb56e8: ffe8 9208 

  0x00007a03cccb56ec: ; ImmutableOopMap {rax=Oop rsi=Oop [224]=Oop [232]=Oop [240]=Oop [256]=Oop [272]=Oop [288]=Oop [296]=Oop [328]=Oop }
                      ;*invokestatic checkIndex {reexecute=0 rethrow=0 return_oop=0}
                      ; - java.lang.String::checkIndex@5 (line 4832)
                      ; - java.lang.StringUTF16::checkIndex@5 (line 1613)
                      ; - java.lang.StringUTF16::charAt@2 (line 1418)
                      ; - java.lang.String::charAt@21 (line 1557)
                      ; - org.apache.xalan.templates.ElemNumber$NumberFormatStringTokenizer::nextIsSep@8 (line 2110)
                      ; - org.apache.xalan.templates.ElemNumber::formatNumberList@163 (line 1227)
                      ;   {metadata({method} {0x00006d56af425a60} 'isLetterOrDigit' '(C)Z' in 'java/lang/Character')}
  0x00007a03cccb56ec: 0607 49ba | 605a 42af | 566d 0000 | 4c89 5424 | 0848 c704 | 24ff ffff 

  0x00007a03cccb5704: ;   {runtime_call counter_overflow Runtime1 stub}
  0x00007a03cccb5704: ffe8 f632 

  0x00007a03cccb5708: ; ImmutableOopMap {[224]=Oop [232]=Oop [240]=Oop [256]=Oop [272]=Oop [288]=Oop [296]=Oop [328]=Oop }
                      ;*synchronization entry
                      ; - java.lang.Character::isLetterOrDigit@-1 (line 10277)
                      ; - org.apache.xalan.templates.ElemNumber$NumberFormatStringTokenizer::nextIsSep@11 (line 2110)
                      ; - org.apache.xalan.templates.ElemNumber::formatNumberList@163 (line 1227)
  0x00007a03cccb5708: 0607 e943 

  0x00007a03cccb570c: ;   {metadata({method} {0x00006d56af425ab8} 'isLetterOrDigit' '(I)Z' in 'java/lang/Character')}
  0x00007a03cccb570c: daff ff49 | bab8 5a42 | af56 6d00 | 004c 8954 | 2408 48c7 | 0424 ffff 

  0x00007a03cccb5724: ;   {runtime_call counter_overflow Runtime1 stub}
  0x00007a03cccb5724: ffff e8d5 

  0x00007a03cccb5728: ; ImmutableOopMap {[224]=Oop [232]=Oop [240]=Oop [256]=Oop [272]=Oop [288]=Oop [296]=Oop [328]=Oop }
                      ;*synchronization entry
                      ; - java.lang.Character::isLetterOrDigit@-1 (line 10298)
                      ; - java.lang.Character::isLetterOrDigit@1 (line 10277)
                      ; - org.apache.xalan.templates.ElemNumber$NumberFormatStringTokenizer::nextIsSep@11 (line 2110)
                      ; - org.apache.xalan.templates.ElemNumber::formatNumberList@163 (line 1227)
  0x00007a03cccb5728: 3206 07e9 | 5bda ffff 

  0x00007a03cccb5730: ;   {metadata({method} {0x00006d56af425bc0} 'getType' '(I)I' in 'java/lang/Character')}
  0x00007a03cccb5730: 49ba c05b | 42af 566d | 0000 4c89 | 5424 0848 | c704 24ff 

  0x00007a03cccb5744: ;   {runtime_call counter_overflow Runtime1 stub}
  0x00007a03cccb5744: ffff ffe8 

  0x00007a03cccb5748: ; ImmutableOopMap {[224]=Oop [232]=Oop [240]=Oop [256]=Oop [272]=Oop [288]=Oop [296]=Oop [328]=Oop }
                      ;*synchronization entry
                      ; - java.lang.Character::getType@-1 (line 11560)
                      ; - java.lang.Character::isLetterOrDigit@4 (line 10303)
                      ; - java.lang.Character::isLetterOrDigit@1 (line 10277)
                      ; - org.apache.xalan.templates.ElemNumber$NumberFormatStringTokenizer::nextIsSep@11 (line 2110)
                      ; - org.apache.xalan.templates.ElemNumber::formatNumberList@163 (line 1227)
  0x00007a03cccb5748: b432 0607 | e973 daff 

  0x00007a03cccb5750: ;   {runtime_call throw_null_pointer_exception Runtime1 stub}
  0x00007a03cccb5750: ffe8 2ac3 

  0x00007a03cccb5754: ; ImmutableOopMap {rax=Oop [224]=Oop [232]=Oop [240]=Oop [256]=Oop [272]=Oop [288]=Oop [296]=Oop [328]=Oop }
                      ;*invokevirtual getType {reexecute=0 rethrow=0 return_oop=0}
                      ; - java.lang.Character::getType@5 (line 11560)
                      ; - java.lang.Character::isLetterOrDigit@4 (line 10303)
                      ; - java.lang.Character::isLetterOrDigit@1 (line 10277)
                      ; - org.apache.xalan.templates.ElemNumber$NumberFormatStringTokenizer::nextIsSep@11 (line 2110)
                      ; - org.apache.xalan.templates.ElemNumber::formatNumberList@163 (line 1227)
  0x00007a03cccb5754: 0507 4889 | 7c24 0848 

  0x00007a03cccb575c: ;   {runtime_call monitorenter_nofpu Runtime1 stub}
  0x00007a03cccb575c: 8934 24e8 

  0x00007a03cccb5760: ; ImmutableOopMap {rdx=Oop rdi=Oop [224]=Oop [232]=Oop [240]=Oop [256]=Oop [272]=Oop [288]=Oop [296]=Oop [328]=Oop [480]=Oop }
                      ;*synchronization entry
                      ; - java.lang.StringBuffer::append@-1 (line 312)
                      ; - org.apache.xalan.templates.ElemNumber::formatNumberList@180 (line 1230)
  0x00007a03cccb5760: 1cff 0507 | e9b2 dcff 

  0x00007a03cccb5768: ;   {metadata({method} {0x00006d56af04dde8} 'append' '(Ljava/lang/String;)Ljava/lang/StringBuffer;' in 'java/lang/StringBuffer')}
  0x00007a03cccb5768: ff49 bae8 | dd04 af56 | 6d00 004c | 8954 2408 | 48c7 0424 | ffff ffff 

  0x00007a03cccb5780: ;   {runtime_call counter_overflow Runtime1 stub}
  0x00007a03cccb5780: e87b 3206 

  0x00007a03cccb5784: ; ImmutableOopMap {rdx=Oop rdi=Oop [224]=Oop [232]=Oop [240]=Oop [256]=Oop [272]=Oop [288]=Oop [296]=Oop [328]=Oop [480]=Oop }
                      ;*synchronization entry
                      ; - java.lang.StringBuffer::append@-1 (line 312)
                      ; - org.apache.xalan.templates.ElemNumber::formatNumberList@180 (line 1230)
  0x00007a03cccb5784: 07e9 b8dc | ffff 488d | 8424 d801 | 0000 4889 

  0x00007a03cccb5794: ;   {runtime_call monitorexit_nofpu Runtime1 stub}
  0x00007a03cccb5794: 0424 e8e5 | 0406 07e9 | fedc ffff 

  0x00007a03cccb57a0: ;   {metadata({method} {0x00006d56a454c8d0} 'formatNumberList' '(Lorg/apache/xalan/transformer/TransformerImpl;[JI)Ljava/lang/String;' in 'org/apache/xalan/templates/ElemNumber')}
  0x00007a03cccb57a0: 49ba d0c8 | 54a4 566d | 0000 4c89 | 5424 0848 | c704 24b8 

  0x00007a03cccb57b4: ;   {runtime_call counter_overflow Runtime1 stub}
  0x00007a03cccb57b4: 0000 00e8 

  0x00007a03cccb57b8: ; ImmutableOopMap {[224]=Oop [232]=Oop [240]=Oop [256]=Oop [272]=Oop [288]=Oop [296]=Oop [328]=Oop }
                      ;*goto {reexecute=1 rethrow=0 return_oop=0}
                      ; - (reexecute) org.apache.xalan.templates.ElemNumber::formatNumberList@184 (line 1230)
  0x00007a03cccb57b8: 4432 0607 | e904 ddff 

  0x00007a03cccb57c0: ;   {runtime_call throw_null_pointer_exception Runtime1 stub}
  0x00007a03cccb57c0: ffe8 bac2 

  0x00007a03cccb57c4: ; ImmutableOopMap {rax=Oop [224]=Oop [232]=Oop [240]=Oop [256]=Oop [288]=Oop [296]=Oop [336]=Oop [344]=Oop }
                      ;*invokevirtual length {reexecute=0 rethrow=0 return_oop=0}
                      ; - org.apache.xalan.templates.ElemNumber::formatNumberList@212 (line 1243)
                      ;   {metadata({method} {0x00006d56af00f028} 'length' '()I' in 'java/lang/String')}
  0x00007a03cccb57c4: 0507 49ba | 28f0 00af | 566d 0000 | 4c89 5424 | 0848 c704 | 24ff ffff 

  0x00007a03cccb57dc: ;   {runtime_call counter_overflow Runtime1 stub}
  0x00007a03cccb57dc: ffe8 1e32 

  0x00007a03cccb57e0: ; ImmutableOopMap {rax=Oop [224]=Oop [232]=Oop [240]=Oop [256]=Oop [288]=Oop [296]=Oop [336]=Oop [344]=Oop }
                      ;*synchronization entry
                      ; - java.lang.String::length@-1 (line 1519)
                      ; - org.apache.xalan.templates.ElemNumber::formatNumberList@212 (line 1243)
  0x00007a03cccb57e0: 0607 e90c 

  0x00007a03cccb57e4: ;   {runtime_call throw_null_pointer_exception Runtime1 stub}
  0x00007a03cccb57e4: deff ffe8 

  0x00007a03cccb57e8: ; ImmutableOopMap {rax=Oop rsi=Oop [224]=Oop [232]=Oop [240]=Oop [256]=Oop [288]=Oop [296]=Oop [336]=Oop [344]=Oop }
                      ;*arraylength {reexecute=0 rethrow=0 return_oop=0}
                      ; - java.lang.String::length@4 (line 1519)
                      ; - org.apache.xalan.templates.ElemNumber::formatNumberList@212 (line 1243)
  0x00007a03cccb57e8: 94c2 0507 

  0x00007a03cccb57ec: ;   {metadata({method} {0x00006d56af459438} 'coder' '()B' in 'java/lang/String')}
  0x00007a03cccb57ec: 49ba 3894 | 45af 566d | 0000 4c89 | 5424 0848 | c704 24ff 

  0x00007a03cccb5800: ;   {runtime_call counter_overflow Runtime1 stub}
  0x00007a03cccb5800: ffff ffe8 

  0x00007a03cccb5804: ; ImmutableOopMap {rax=Oop rsi=Oop [224]=Oop [232]=Oop [240]=Oop [256]=Oop [288]=Oop [296]=Oop [336]=Oop [344]=Oop }
                      ;*synchronization entry
                      ; - java.lang.String::coder@-1 (line 4813)
                      ; - java.lang.String::length@6 (line 1519)
                      ; - org.apache.xalan.templates.ElemNumber::formatNumberList@212 (line 1243)
  0x00007a03cccb5804: f831 0607 | e928 deff 

  0x00007a03cccb580c: ;   {metadata({method} {0x00006d56af00f080} 'charAt' '(I)C' in 'java/lang/String')}
  0x00007a03cccb580c: ff49 ba80 | f000 af56 | 6d00 004c | 8954 2408 | 48c7 0424 | ffff ffff 

  0x00007a03cccb5824: ;   {runtime_call counter_overflow Runtime1 stub}
  0x00007a03cccb5824: e8d7 3106 

  0x00007a03cccb5828: ; ImmutableOopMap {rax=Oop rsi=Oop [224]=Oop [232]=Oop [240]=Oop [256]=Oop [288]=Oop [296]=Oop [336]=Oop [344]=Oop }
                      ;*synchronization entry
                      ; - java.lang.String::charAt@-1 (line 1554)
                      ; - org.apache.xalan.templates.ElemNumber::formatNumberList@223 (line 1244)
  0x00007a03cccb5828: 07e9 80de 

  0x00007a03cccb582c: ;   {metadata({method} {0x00006d56af458830} 'isLatin1' '()Z' in 'java/lang/String')}
  0x00007a03cccb582c: ffff 49ba | 3088 45af | 566d 0000 | 4c89 5424 | 0848 c704 | 24ff ffff 

  0x00007a03cccb5844: ;   {runtime_call counter_overflow Runtime1 stub}
  0x00007a03cccb5844: ffe8 b631 

  0x00007a03cccb5848: ; ImmutableOopMap {rax=Oop rsi=Oop [224]=Oop [232]=Oop [240]=Oop [256]=Oop [288]=Oop [296]=Oop [336]=Oop [344]=Oop }
                      ;*synchronization entry
                      ; - java.lang.String::isLatin1@-1 (line 4821)
                      ; - java.lang.String::charAt@1 (line 1554)
                      ; - org.apache.xalan.templates.ElemNumber::formatNumberList@223 (line 1244)
  0x00007a03cccb5848: 0607 e9a0 

  0x00007a03cccb584c: ;   {metadata({method} {0x00006d56af024530} 'charAt' '([BI)C' in 'java/lang/StringLatin1')}
  0x00007a03cccb584c: deff ff49 | ba30 4502 | af56 6d00 | 004c 8954 | 2408 48c7 | 0424 ffff 

  0x00007a03cccb5864: ;   {runtime_call counter_overflow Runtime1 stub}
  0x00007a03cccb5864: ffff e895 

  0x00007a03cccb5868: ; ImmutableOopMap {rsi=Oop [224]=Oop [232]=Oop [240]=Oop [256]=Oop [288]=Oop [296]=Oop [336]=Oop [344]=Oop }
                      ;*synchronization entry
                      ; - java.lang.StringLatin1::charAt@-1 (line 46)
                      ; - java.lang.String::charAt@12 (line 1555)
                      ; - org.apache.xalan.templates.ElemNumber::formatNumberList@223 (line 1244)
  0x00007a03cccb5868: 3106 07e9 | 45df ffff 

  0x00007a03cccb5870: ;   {metadata({method} {0x00006d56af459ac0} 'checkIndex' '(II)V' in 'java/lang/String')}
  0x00007a03cccb5870: 49ba c09a | 45af 566d | 0000 4c89 | 5424 0848 | c704 24ff 

  0x00007a03cccb5884: ;   {runtime_call counter_overflow Runtime1 stub}
  0x00007a03cccb5884: ffff ffe8 

  0x00007a03cccb5888: ; ImmutableOopMap {rsi=Oop [224]=Oop [232]=Oop [240]=Oop [256]=Oop [288]=Oop [296]=Oop [336]=Oop [344]=Oop }
                      ;*synchronization entry
                      ; - java.lang.String::checkIndex@-1 (line 4832)
                      ; - java.lang.StringLatin1::charAt@3 (line 46)
                      ; - java.lang.String::charAt@12 (line 1555)
                      ; - org.apache.xalan.templates.ElemNumber::formatNumberList@223 (line 1244)
  0x00007a03cccb5888: 7431 0607 | e95c dfff | ff48 c704 | 24e4 ffff 

  0x00007a03cccb5898: ;   {runtime_call deoptimize Runtime1 stub}
  0x00007a03cccb5898: ffe8 e206 

  0x00007a03cccb589c: ; ImmutableOopMap {rsi=Oop [224]=Oop [232]=Oop [240]=Oop [256]=Oop [288]=Oop [296]=Oop [336]=Oop [344]=Oop }
                      ;*invokestatic checkIndex {reexecute=0 rethrow=0 return_oop=0}
                      ; - java.lang.String::checkIndex@5 (line 4832)
                      ; - java.lang.StringLatin1::charAt@3 (line 46)
                      ; - java.lang.String::charAt@12 (line 1555)
                      ; - org.apache.xalan.templates.ElemNumber::formatNumberList@223 (line 1244)
  0x00007a03cccb589c: 0607 48c7 | 0424 e4ff 

  0x00007a03cccb58a4: ;   {runtime_call deoptimize Runtime1 stub}
  0x00007a03cccb58a4: ffff e8d5 

  0x00007a03cccb58a8: ; ImmutableOopMap {rsi=Oop [224]=Oop [232]=Oop [240]=Oop [256]=Oop [288]=Oop [296]=Oop [336]=Oop [344]=Oop }
                      ;*invokestatic checkIndex {reexecute=0 rethrow=0 return_oop=0}
                      ; - java.lang.String::checkIndex@5 (line 4832)
                      ; - java.lang.StringLatin1::charAt@3 (line 46)
                      ; - java.lang.String::charAt@12 (line 1555)
                      ; - org.apache.xalan.templates.ElemNumber::formatNumberList@223 (line 1244)
  0x00007a03cccb58a8: 0606 0748 | 8914 2448 | 8974 2408 

  0x00007a03cccb58b4: ;   {runtime_call throw_range_check_failed Runtime1 stub}
  0x00007a03cccb58b4: e8c7 b205 

  0x00007a03cccb58b8: ; ImmutableOopMap {rsi=Oop [224]=Oop [232]=Oop [240]=Oop [256]=Oop [288]=Oop [296]=Oop [336]=Oop [344]=Oop }
                      ;*baload {reexecute=0 rethrow=0 return_oop=0}
                      ; - java.lang.StringLatin1::charAt@8 (line 47)
                      ; - java.lang.String::charAt@12 (line 1555)
                      ; - org.apache.xalan.templates.ElemNumber::formatNumberList@223 (line 1244)
                      ;   {metadata({method} {0x00006d56af0278b0} 'charAt' '([BI)C' in 'java/lang/StringUTF16')}
  0x00007a03cccb58b8: 0749 bab0 | 7802 af56 | 6d00 004c | 8954 2408 | 48c7 0424 | ffff ffff 

  0x00007a03cccb58d0: ;   {runtime_call counter_overflow Runtime1 stub}
  0x00007a03cccb58d0: e82b 3106 

  0x00007a03cccb58d4: ; ImmutableOopMap {rsi=Oop [224]=Oop [232]=Oop [240]=Oop [256]=Oop [288]=Oop [296]=Oop [336]=Oop [344]=Oop }
                      ;*synchronization entry
                      ; - java.lang.StringUTF16::charAt@-1 (line 1418)
                      ; - java.lang.String::charAt@21 (line 1557)
                      ; - org.apache.xalan.templates.ElemNumber::formatNumberList@223 (line 1244)
  0x00007a03cccb58d4: 07e9 a6df 

  0x00007a03cccb58d8: ;   {metadata({method} {0x00006d56af026e08} 'checkIndex' '(I[B)V' in 'java/lang/StringUTF16')}
  0x00007a03cccb58d8: ffff 49ba | 086e 02af | 566d 0000 | 4c89 5424 | 0848 c704 | 24ff ffff 

  0x00007a03cccb58f0: ;   {runtime_call counter_overflow Runtime1 stub}
  0x00007a03cccb58f0: ffe8 0a31 

  0x00007a03cccb58f4: ; ImmutableOopMap {rsi=Oop [224]=Oop [232]=Oop [240]=Oop [256]=Oop [288]=Oop [296]=Oop [336]=Oop [344]=Oop }
                      ;*synchronization entry
                      ; - java.lang.StringUTF16::checkIndex@-1 (line 1613)
                      ; - java.lang.StringUTF16::charAt@2 (line 1418)
                      ; - java.lang.String::charAt@21 (line 1557)
                      ; - org.apache.xalan.templates.ElemNumber::formatNumberList@223 (line 1244)
  0x00007a03cccb58f4: 0607 e9bd 

  0x00007a03cccb58f8: ;   {metadata({method} {0x00006d56af026db0} 'length' '([B)I' in 'java/lang/StringUTF16')}
  0x00007a03cccb58f8: dfff ff49 | bab0 6d02 | af56 6d00 | 004c 8954 | 2408 48c7 | 0424 ffff 

  0x00007a03cccb5910: ;   {runtime_call counter_overflow Runtime1 stub}
  0x00007a03cccb5910: ffff e8e9 

  0x00007a03cccb5914: ; ImmutableOopMap {rsi=Oop [224]=Oop [232]=Oop [240]=Oop [256]=Oop [288]=Oop [296]=Oop [336]=Oop [344]=Oop }
                      ;*synchronization entry
                      ; - java.lang.StringUTF16::length@-1 (line 75)
                      ; - java.lang.StringUTF16::checkIndex@2 (line 1613)
                      ; - java.lang.StringUTF16::charAt@2 (line 1418)
                      ; - java.lang.String::charAt@21 (line 1557)
                      ; - org.apache.xalan.templates.ElemNumber::formatNumberList@223 (line 1244)
  0x00007a03cccb5914: 3006 07e9 | d4df ffff 

  0x00007a03cccb591c: ;   {metadata({method} {0x00006d56af459ac0} 'checkIndex' '(II)V' in 'java/lang/String')}
  0x00007a03cccb591c: 49ba c09a | 45af 566d | 0000 4c89 | 5424 0848 | c704 24ff 

  0x00007a03cccb5930: ;   {runtime_call counter_overflow Runtime1 stub}
  0x00007a03cccb5930: ffff ffe8 

  0x00007a03cccb5934: ; ImmutableOopMap {rsi=Oop [224]=Oop [232]=Oop [240]=Oop [256]=Oop [288]=Oop [296]=Oop [336]=Oop [344]=Oop }
                      ;*synchronization entry
                      ; - java.lang.String::checkIndex@-1 (line 4832)
                      ; - java.lang.StringUTF16::checkIndex@5 (line 1613)
                      ; - java.lang.StringUTF16::charAt@2 (line 1418)
                      ; - java.lang.String::charAt@21 (line 1557)
                      ; - org.apache.xalan.templates.ElemNumber::formatNumberList@223 (line 1244)
  0x00007a03cccb5934: c830 0607 | e9ed dfff | ff48 c704 | 24e4 ffff 

  0x00007a03cccb5944: ;   {runtime_call deoptimize Runtime1 stub}
  0x00007a03cccb5944: ffe8 3606 

  0x00007a03cccb5948: ; ImmutableOopMap {rsi=Oop [224]=Oop [232]=Oop [240]=Oop [256]=Oop [288]=Oop [296]=Oop [336]=Oop [344]=Oop }
                      ;*invokestatic checkIndex {reexecute=0 rethrow=0 return_oop=0}
                      ; - java.lang.String::checkIndex@5 (line 4832)
                      ; - java.lang.StringUTF16::checkIndex@5 (line 1613)
                      ; - java.lang.StringUTF16::charAt@2 (line 1418)
                      ; - java.lang.String::charAt@21 (line 1557)
                      ; - org.apache.xalan.templates.ElemNumber::formatNumberList@223 (line 1244)
  0x00007a03cccb5948: 0607 48c7 | 0424 e4ff 

  0x00007a03cccb5950: ;   {runtime_call deoptimize Runtime1 stub}
  0x00007a03cccb5950: ffff e829 

  0x00007a03cccb5954: ; ImmutableOopMap {rsi=Oop [224]=Oop [232]=Oop [240]=Oop [256]=Oop [288]=Oop [296]=Oop [336]=Oop [344]=Oop }
                      ;*invokestatic checkIndex {reexecute=0 rethrow=0 return_oop=0}
                      ; - java.lang.String::checkIndex@5 (line 4832)
                      ; - java.lang.StringUTF16::checkIndex@5 (line 1613)
                      ; - java.lang.StringUTF16::charAt@2 (line 1418)
                      ; - java.lang.String::charAt@21 (line 1557)
                      ; - org.apache.xalan.templates.ElemNumber::formatNumberList@223 (line 1244)
                      ;   {metadata({method} {0x00006d56a47fbad0} 'hasMoreTokens' '()Z' in 'org/apache/xalan/templates/ElemNumber$NumberFormatStringTokenizer')}
  0x00007a03cccb5954: 0606 0749 | bad0 ba7f | a456 6d00 | 004c 8954 | 2408 48c7 | 0424 ffff 

  0x00007a03cccb596c: ;   {runtime_call counter_overflow Runtime1 stub}
  0x00007a03cccb596c: ffff e88d 

  0x00007a03cccb5970: ; ImmutableOopMap {rax=Oop [224]=Oop [232]=Oop [240]=Oop [256]=Oop [272]=Oop [280]=Oop [296]=Oop [352]=Oop }
                      ;*synchronization entry
                      ; - org.apache.xalan.templates.ElemNumber$NumberFormatStringTokenizer::hasMoreTokens@-1 (line 2125)
                      ; - org.apache.xalan.templates.ElemNumber::formatNumberList@237 (line 1254)
  0x00007a03cccb5970: 3006 07e9 | 95e0 ffff 

  0x00007a03cccb5978: ;   {runtime_call fast_new_instance Runtime1 stub}
  0x00007a03cccb5978: 488b d2e8 

  0x00007a03cccb597c: ; ImmutableOopMap {[224]=Oop [232]=Oop [240]=Oop [256]=Oop [272]=Oop [280]=Oop [296]=Oop [352]=Oop [368]=Oop }
                      ;*new {reexecute=0 rethrow=0 return_oop=0}
                      ; - org.apache.xalan.templates.ElemNumber::formatNumberList@250 (line 1257)
  0x00007a03cccb597c: 00ca 0507 | e9fe e1ff 

  0x00007a03cccb5984: ;   {metadata({method} {0x00006d56af04da78} '<init>' '()V' in 'java/lang/StringBuffer')}
  0x00007a03cccb5984: ff49 ba78 | da04 af56 | 6d00 004c | 8954 2408 | 48c7 0424 | ffff ffff 

  0x00007a03cccb599c: ;   {runtime_call counter_overflow Runtime1 stub}
  0x00007a03cccb599c: e85f 3006 

  0x00007a03cccb59a0: ; ImmutableOopMap {rax=Oop [224]=Oop [232]=Oop [240]=Oop [256]=Oop [272]=Oop [280]=Oop [296]=Oop [352]=Oop [360]=Oop [368]=Oop }
                      ;*synchronization entry
                      ; - java.lang.StringBuffer::<init>@-1 (line 133)
                      ; - org.apache.xalan.templates.ElemNumber::formatNumberList@254 (line 1257)
  0x00007a03cccb59a0: 07e9 21e2 | ffff 4889 | 7c24 0848 

  0x00007a03cccb59ac: ;   {runtime_call monitorenter_nofpu Runtime1 stub}
  0x00007a03cccb59ac: 8914 24e8 

  0x00007a03cccb59b0: ; ImmutableOopMap {rdi=Oop [224]=Oop [232]=Oop [240]=Oop [256]=Oop [272]=Oop [280]=Oop [296]=Oop [352]=Oop [360]=Oop [368]=Oop [480]=Oop }
                      ;*synchronization entry
                      ; - java.lang.StringBuffer::append@-1 (line 312)
                      ; - org.apache.xalan.templates.ElemNumber::formatNumberList@259 (line 1257)
  0x00007a03cccb59b0: ccfc 0507 | e997 e2ff 

  0x00007a03cccb59b8: ;   {metadata({method} {0x00006d56af04dde8} 'append' '(Ljava/lang/String;)Ljava/lang/StringBuffer;' in 'java/lang/StringBuffer')}
  0x00007a03cccb59b8: ff49 bae8 | dd04 af56 | 6d00 004c | 8954 2408 | 48c7 0424 | ffff ffff 

  0x00007a03cccb59d0: ;   {runtime_call counter_overflow Runtime1 stub}
  0x00007a03cccb59d0: e82b 3006 

  0x00007a03cccb59d4: ; ImmutableOopMap {rdi=Oop [224]=Oop [232]=Oop [240]=Oop [256]=Oop [272]=Oop [280]=Oop [296]=Oop [352]=Oop [360]=Oop [368]=Oop [480]=Oop }
                      ;*synchronization entry
                      ; - java.lang.StringBuffer::append@-1 (line 312)
                      ; - org.apache.xalan.templates.ElemNumber::formatNumberList@259 (line 1257)
  0x00007a03cccb59d4: 07e9 9de2 | ffff 488d | 8424 d801 | 0000 4889 

  0x00007a03cccb59e4: ;   {runtime_call monitorexit_nofpu Runtime1 stub}
  0x00007a03cccb59e4: 0424 e895 | 0206 07e9 | e6e2 ffff | 4889 7c24 | 0848 8914 

  0x00007a03cccb59f8: ;   {runtime_call monitorenter_nofpu Runtime1 stub}
  0x00007a03cccb59f8: 24e8 82fc 

  0x00007a03cccb59fc: ; ImmutableOopMap {rdi=Oop [224]=Oop [232]=Oop [240]=Oop [256]=Oop [272]=Oop [280]=Oop [296]=Oop [360]=Oop [368]=Oop [480]=Oop }
                      ;*synchronization entry
                      ; - java.lang.StringBuffer::append@-1 (line 312)
                      ; - org.apache.xalan.templates.ElemNumber::formatNumberList@264 (line 1257)
  0x00007a03cccb59fc: 0507 e92f 

  0x00007a03cccb5a00: ;   {metadata({method} {0x00006d56af04dde8} 'append' '(Ljava/lang/String;)Ljava/lang/StringBuffer;' in 'java/lang/StringBuffer')}
  0x00007a03cccb5a00: e3ff ff49 | bae8 dd04 | af56 6d00 | 004c 8954 | 2408 48c7 | 0424 ffff 

  0x00007a03cccb5a18: ;   {runtime_call counter_overflow Runtime1 stub}
  0x00007a03cccb5a18: ffff e8e1 

  0x00007a03cccb5a1c: ; ImmutableOopMap {rdi=Oop [224]=Oop [232]=Oop [240]=Oop [256]=Oop [272]=Oop [280]=Oop [296]=Oop [360]=Oop [368]=Oop [480]=Oop }
                      ;*synchronization entry
                      ; - java.lang.StringBuffer::append@-1 (line 312)
                      ; - org.apache.xalan.templates.ElemNumber::formatNumberList@264 (line 1257)
  0x00007a03cccb5a1c: 2f06 07e9 | 35e3 ffff | 488d 8424 | d801 0000 | 4889 0424 

  0x00007a03cccb5a30: ;   {runtime_call monitorexit_nofpu Runtime1 stub}
  0x00007a03cccb5a30: e84b 0206 | 07e9 84e3 

  0x00007a03cccb5a38: ;   {metadata({method} {0x00006d56a454c8d0} 'formatNumberList' '(Lorg/apache/xalan/transformer/TransformerImpl;[JI)Ljava/lang/String;' in 'org/apache/xalan/templates/ElemNumber')}
  0x00007a03cccb5a38: ffff 49ba | d0c8 54a4 | 566d 0000 | 4c89 5424 | 0848 c704 | 2410 0100 

  0x00007a03cccb5a50: ;   {runtime_call counter_overflow Runtime1 stub}
  0x00007a03cccb5a50: 00e8 aa2f 

  0x00007a03cccb5a54: ; ImmutableOopMap {rax=Oop [224]=Oop [232]=Oop [240]=Oop [256]=Oop [272]=Oop [280]=Oop [296]=Oop [368]=Oop }
                      ;*goto {reexecute=1 rethrow=0 return_oop=0}
                      ; - (reexecute) org.apache.xalan.templates.ElemNumber::formatNumberList@272 (line 1257)
  0x00007a03cccb5a54: 0607 e9c0 

  0x00007a03cccb5a58: ;   {runtime_call throw_null_pointer_exception Runtime1 stub}
  0x00007a03cccb5a58: e3ff ffe8 

  0x00007a03cccb5a5c: ; ImmutableOopMap {rdx=Oop rdi=Oop [224]=Oop [232]=Oop [240]=Oop [256]=Oop [296]=Oop [376]=Oop [400]=Oop }
                      ;*invokevirtual append {reexecute=0 rethrow=0 return_oop=0}
                      ; - org.apache.xalan.templates.ElemNumber::formatNumberList@311 (line 1271)
  0x00007a03cccb5a5c: 20c0 0507 

  0x00007a03cccb5a60: ;   {runtime_call throw_null_pointer_exception Runtime1 stub}
  0x00007a03cccb5a60: e81b c005 

  0x00007a03cccb5a64: ; ImmutableOopMap {rdi=Oop [224]=Oop [232]=Oop [240]=Oop [256]=Oop [296]=Oop [376]=Oop [392]=Oop [400]=Oop }
                      ;*invokevirtual append {reexecute=0 rethrow=0 return_oop=0}
                      ; - org.apache.xalan.templates.ElemNumber::formatNumberList@290 (line 1268)
                      ;   {metadata({method} {0x00006d56a454c8d0} 'formatNumberList' '(Lorg/apache/xalan/transformer/TransformerImpl;[JI)Ljava/lang/String;' in 'org/apache/xalan/templates/ElemNumber')}
  0x00007a03cccb5a64: 0749 bad0 | c854 a456 | 6d00 004c | 8954 2408 | 48c7 0424 | 5001 0000 

  0x00007a03cccb5a7c: ;   {runtime_call counter_overflow Runtime1 stub}
  0x00007a03cccb5a7c: e87f 2f06 

  0x00007a03cccb5a80: ; ImmutableOopMap {[224]=Oop [232]=Oop [240]=Oop [256]=Oop [296]=Oop [376]=Oop [392]=Oop [400]=Oop }
                      ;*goto {reexecute=1 rethrow=0 return_oop=0}
                      ; - (reexecute) org.apache.xalan.templates.ElemNumber::formatNumberList@336 (line 1201)
  0x00007a03cccb5a80: 07e9 8ee6 

  0x00007a03cccb5a84: ;   {metadata({method} {0x00006d56a454c8d0} 'formatNumberList' '(Lorg/apache/xalan/transformer/TransformerImpl;[JI)Ljava/lang/String;' in 'org/apache/xalan/templates/ElemNumber')}
  0x00007a03cccb5a84: ffff 49ba | d0c8 54a4 | 566d 0000 | 4c89 5424 | 0848 c704 | 2461 0100 

  0x00007a03cccb5a9c: ;   {runtime_call counter_overflow Runtime1 stub}
  0x00007a03cccb5a9c: 00e8 5e2f 

  0x00007a03cccb5aa0: ; ImmutableOopMap {[256]=Oop [288]=Oop [296]=Oop }
                      ;*goto {reexecute=1 rethrow=0 return_oop=0}
                      ; - (reexecute) org.apache.xalan.templates.ElemNumber::formatNumberList@353 (line 1283)
  0x00007a03cccb5aa0: 0607 e944 

  0x00007a03cccb5aa4: ;   {runtime_call throw_null_pointer_exception Runtime1 stub}
  0x00007a03cccb5aa4: e7ff ffe8 

  0x00007a03cccb5aa8: ; ImmutableOopMap {rdi=Oop r9=Oop [256]=Oop [296]=Oop }
                      ;*invokevirtual append {reexecute=0 rethrow=0 return_oop=0}
                      ; - org.apache.xalan.templates.ElemNumber::formatNumberList@365 (line 1287)
  0x00007a03cccb5aa8: d4bf 0507 

  0x00007a03cccb5aac: ;   {metadata({method} {0x00006d56a47fbad0} 'hasMoreTokens' '()Z' in 'org/apache/xalan/templates/ElemNumber$NumberFormatStringTokenizer')}
  0x00007a03cccb5aac: 49ba d0ba | 7fa4 566d | 0000 4c89 | 5424 0848 | c704 24ff 

  0x00007a03cccb5ac0: ;   {runtime_call counter_overflow Runtime1 stub}
  0x00007a03cccb5ac0: ffff ffe8 

  0x00007a03cccb5ac4: ; ImmutableOopMap {rax=Oop [256]=Oop [296]=Oop }
                      ;*synchronization entry
                      ; - org.apache.xalan.templates.ElemNumber$NumberFormatStringTokenizer::hasMoreTokens@-1 (line 2125)
                      ; - org.apache.xalan.templates.ElemNumber::formatNumberList@370 (line 1289)
  0x00007a03cccb5ac4: 382f 0607 | e970 e8ff 

  0x00007a03cccb5acc: ;   {runtime_call throw_null_pointer_exception Runtime1 stub}
  0x00007a03cccb5acc: ffe8 aebf 

  0x00007a03cccb5ad0: ; ImmutableOopMap {rax=Oop rdi=Oop [256]=Oop [296]=Oop }
                      ;*invokevirtual append {reexecute=0 rethrow=0 return_oop=0}
                      ; - org.apache.xalan.templates.ElemNumber::formatNumberList@387 (line 1293)
                      ;   {metadata({method} {0x00006d56a454c8d0} 'formatNumberList' '(Lorg/apache/xalan/transformer/TransformerImpl;[JI)Ljava/lang/String;' in 'org/apache/xalan/templates/ElemNumber')}
  0x00007a03cccb5ad0: 0507 49ba | d0c8 54a4 | 566d 0000 | 4c89 5424 | 0848 c704 | 2486 0100 

  0x00007a03cccb5ae8: ;   {runtime_call counter_overflow Runtime1 stub}
  0x00007a03cccb5ae8: 00e8 122f 

  0x00007a03cccb5aec: ; ImmutableOopMap {[256]=Oop [296]=Oop }
                      ;*goto {reexecute=1 rethrow=0 return_oop=0}
                      ; - (reexecute) org.apache.xalan.templates.ElemNumber::formatNumberList@390 (line 1293)
  0x00007a03cccb5aec: 0607 e968 

  0x00007a03cccb5af0: ;   {runtime_call throw_null_pointer_exception Runtime1 stub}
  0x00007a03cccb5af0: e9ff ffe8 

  0x00007a03cccb5af4: ; ImmutableOopMap {rdi=Oop [256]=Oop }
                      ;*invokevirtual toString {reexecute=0 rethrow=0 return_oop=0}
                      ; - org.apache.xalan.templates.ElemNumber::formatNumberList@395 (line 1296)
  0x00007a03cccb5af4: 88bf 0507 | 4889 7c24 | 0848 8914 

  0x00007a03cccb5b00: ;   {runtime_call monitorenter_nofpu Runtime1 stub}
  0x00007a03cccb5b00: 24e8 7afb 

  0x00007a03cccb5b04: ; ImmutableOopMap {rdi=Oop [256]=Oop [416]=Oop [480]=Oop }
                      ;*synchronization entry
                      ; - org.apache.xml.utils.StringBufferPool::free@-1 (line 57)
                      ; - org.apache.xalan.templates.ElemNumber::formatNumberList@402 (line 1300)
  0x00007a03cccb5b04: 0507 e9ff 

  0x00007a03cccb5b08: ;   {metadata({method} {0x00006d56a47fabd8} 'free' '(Lorg/apache/xml/utils/FastStringBuffer;)V' in 'org/apache/xml/utils/StringBufferPool')}
  0x00007a03cccb5b08: e9ff ff49 | bad8 ab7f | a456 6d00 | 004c 8954 | 2408 48c7 | 0424 ffff 

  0x00007a03cccb5b20: ;   {runtime_call counter_overflow Runtime1 stub}
  0x00007a03cccb5b20: ffff e8d9 

  0x00007a03cccb5b24: ; ImmutableOopMap {rdi=Oop [256]=Oop [416]=Oop [480]=Oop }
                      ;*synchronization entry
                      ; - org.apache.xml.utils.StringBufferPool::free@-1 (line 57)
                      ; - org.apache.xalan.templates.ElemNumber::formatNumberList@402 (line 1300)
  0x00007a03cccb5b24: 2e06 07e9 | 05ea ffff 

  0x00007a03cccb5b2c: ;   {runtime_call throw_null_pointer_exception Runtime1 stub}
  0x00007a03cccb5b2c: e84f bf05 

  0x00007a03cccb5b30: ; ImmutableOopMap {rdx=Oop [256]=Oop [416]=Oop [480]=Oop }
                      ;*invokevirtual freeInstance {reexecute=0 rethrow=0 return_oop=0}
                      ; - org.apache.xml.utils.StringBufferPool::free@9 (line 58)
                      ; - org.apache.xalan.templates.ElemNumber::formatNumberList@402 (line 1300)
  0x00007a03cccb5b30: 0748 8954 | 2408 4889 

  0x00007a03cccb5b38: ;   {runtime_call monitorenter_nofpu Runtime1 stub}
  0x00007a03cccb5b38: 3424 e841 

  0x00007a03cccb5b3c: ; ImmutableOopMap {rdx=Oop [256]=Oop [416]=Oop [480]=Oop [496]=Oop }
                      ;*synchronization entry
                      ; - org.apache.xml.utils.ObjectPool::freeInstance@-1 (line 167)
                      ; - org.apache.xml.utils.StringBufferPool::free@9 (line 58)
                      ; - org.apache.xalan.templates.ElemNumber::formatNumberList@402 (line 1300)
  0x00007a03cccb5b3c: fb05 07e9 | 8dea ffff 

  0x00007a03cccb5b44: ;   {metadata({method} {0x00006d56a4757b20} 'freeInstance' '(Ljava/lang/Object;)V' in 'org/apache/xml/utils/ObjectPool')}
  0x00007a03cccb5b44: 49ba 207b | 75a4 566d | 0000 4c89 | 5424 0848 | c704 24ff 

  0x00007a03cccb5b58: ;   {runtime_call counter_overflow Runtime1 stub}
  0x00007a03cccb5b58: ffff ffe8 

  0x00007a03cccb5b5c: ; ImmutableOopMap {rdx=Oop [256]=Oop [416]=Oop [480]=Oop [496]=Oop }
                      ;*synchronization entry
                      ; - org.apache.xml.utils.ObjectPool::freeInstance@-1 (line 167)
                      ; - org.apache.xml.utils.StringBufferPool::free@9 (line 58)
                      ; - org.apache.xalan.templates.ElemNumber::formatNumberList@402 (line 1300)
  0x00007a03cccb5b5c: a02e 0607 | e993 eaff 

  0x00007a03cccb5b64: ;   {runtime_call throw_null_pointer_exception Runtime1 stub}
  0x00007a03cccb5b64: ffe8 16bf 

  0x00007a03cccb5b68: ; ImmutableOopMap {rdi=Oop [256]=Oop [416]=Oop [480]=Oop [496]=Oop }
                      ;*invokevirtual add {reexecute=0 rethrow=0 return_oop=0}
                      ; - org.apache.xml.utils.ObjectPool::freeInstance@5 (line 167)
                      ; - org.apache.xml.utils.StringBufferPool::free@9 (line 58)
                      ; - org.apache.xalan.templates.ElemNumber::formatNumberList@402 (line 1300)
                      ;   {metadata({method} {0x00006d56af0bcfb0} 'add' '(Ljava/lang/Object;)Z' in 'java/util/ArrayList')}
  0x00007a03cccb5b68: 0507 49ba | b0cf 0baf | 566d 0000 | 4c89 5424 | 0848 c704 | 24ff ffff 

  0x00007a03cccb5b80: ;   {runtime_call counter_overflow Runtime1 stub}
  0x00007a03cccb5b80: ffe8 7a2e 

  0x00007a03cccb5b84: ; ImmutableOopMap {rdi=Oop [256]=Oop [416]=Oop [480]=Oop [496]=Oop }
                      ;*synchronization entry
                      ; - java.util.ArrayList::add@-1 (line 495)
                      ; - org.apache.xml.utils.ObjectPool::freeInstance@5 (line 167)
                      ; - org.apache.xml.utils.StringBufferPool::free@9 (line 58)
                      ; - org.apache.xalan.templates.ElemNumber::formatNumberList@402 (line 1300)
  0x00007a03cccb5b84: 0607 e9af 

  0x00007a03cccb5b88: ;   {metadata({method} {0x00006d56af0bded0} 'add' '(Ljava/lang/Object;[Ljava/lang/Object;I)V' in 'java/util/ArrayList')}
  0x00007a03cccb5b88: eaff ff49 | bad0 de0b | af56 6d00 | 004c 8954 | 2408 48c7 | 0424 ffff 

  0x00007a03cccb5ba0: ;   {runtime_call counter_overflow Runtime1 stub}
  0x00007a03cccb5ba0: ffff e859 

  0x00007a03cccb5ba4: ; ImmutableOopMap {rdi=Oop rdx=Oop [256]=Oop [416]=Oop [480]=Oop [496]=Oop }
                      ;*synchronization entry
                      ; - java.util.ArrayList::add@-1 (line 482)
                      ; - java.util.ArrayList::add@20 (line 496)
                      ; - org.apache.xml.utils.ObjectPool::freeInstance@5 (line 167)
                      ; - org.apache.xml.utils.StringBufferPool::free@9 (line 58)
                      ; - org.apache.xalan.templates.ElemNumber::formatNumberList@402 (line 1300)
  0x00007a03cccb5ba4: 2e06 07e9 | d7ea ffff 

  0x00007a03cccb5bac: ;   {runtime_call throw_null_pointer_exception Runtime1 stub}
  0x00007a03cccb5bac: e8cf be05 

  0x00007a03cccb5bb0: ; ImmutableOopMap {rdi=Oop rdx=Oop [256]=Oop [416]=Oop [480]=Oop [496]=Oop }
                      ;*arraylength {reexecute=0 rethrow=0 return_oop=0}
                      ; - java.util.ArrayList::add@2 (line 482)
                      ; - java.util.ArrayList::add@20 (line 496)
                      ; - org.apache.xml.utils.ObjectPool::freeInstance@5 (line 167)
                      ; - org.apache.xml.utils.StringBufferPool::free@9 (line 58)
                      ; - org.apache.xalan.templates.ElemNumber::formatNumberList@402 (line 1300)
                      ;   {metadata({method} {0x00006d56af0bdfd8} 'grow' '()[Ljava/lang/Object;' in 'java/util/ArrayList')}
  0x00007a03cccb5bb0: 0749 bad8 | df0b af56 | 6d00 004c | 8954 2408 | 48c7 0424 | ffff ffff 

  0x00007a03cccb5bc8: ;   {runtime_call counter_overflow Runtime1 stub}
  0x00007a03cccb5bc8: e833 2e06 

  0x00007a03cccb5bcc: ; ImmutableOopMap {rdi=Oop [256]=Oop [416]=Oop [480]=Oop [496]=Oop }
                      ;*synchronization entry
                      ; - java.util.ArrayList::grow@-1 (line 244)
                      ; - java.util.ArrayList::add@7 (line 483)
                      ; - java.util.ArrayList::add@20 (line 496)
                      ; - org.apache.xml.utils.ObjectPool::freeInstance@5 (line 167)
                      ; - org.apache.xml.utils.StringBufferPool::free@9 (line 58)
                      ; - org.apache.xalan.templates.ElemNumber::formatNumberList@402 (line 1300)
  0x00007a03cccb5bcc: 07e9 26eb 

  0x00007a03cccb5bd0: ;   {runtime_call throw_null_pointer_exception Runtime1 stub}
  0x00007a03cccb5bd0: ffff e8a9 

  0x00007a03cccb5bd4: ; ImmutableOopMap {rdx=Oop rax=Oop rdi=Oop [256]=Oop [416]=Oop [480]=Oop [496]=Oop }
                      ;*aastore {reexecute=1 rethrow=0 return_oop=0}
                      ; - (reexecute) java.util.ArrayList::add@14 (line 484)
                      ; - java.util.ArrayList::add@20 (line 496)
                      ; - org.apache.xml.utils.ObjectPool::freeInstance@5 (line 167)
                      ; - org.apache.xml.utils.StringBufferPool::free@9 (line 58)
                      ; - org.apache.xalan.templates.ElemNumber::formatNumberList@402 (line 1300)
                      ;   {runtime_call throw_null_pointer_exception Runtime1 stub}
  0x00007a03cccb5bd4: be05 07e8 

  0x00007a03cccb5bd8: ; ImmutableOopMap {rdx=Oop rax=Oop rdi=Oop [256]=Oop [416]=Oop [480]=Oop [496]=Oop }
                      ;*aastore {reexecute=1 rethrow=0 return_oop=0}
                      ; - (reexecute) java.util.ArrayList::add@14 (line 484)
                      ; - java.util.ArrayList::add@20 (line 496)
                      ; - org.apache.xml.utils.ObjectPool::freeInstance@5 (line 167)
                      ; - org.apache.xml.utils.StringBufferPool::free@9 (line 58)
                      ; - org.apache.xalan.templates.ElemNumber::formatNumberList@402 (line 1300)
  0x00007a03cccb5bd8: a4be 0507 | 4889 1c24 | 4889 5424 

  0x00007a03cccb5be4: ;   {runtime_call throw_range_check_failed Runtime1 stub}
  0x00007a03cccb5be4: 08e8 96af 

  0x00007a03cccb5be8: ; ImmutableOopMap {rdx=Oop rax=Oop rdi=Oop [256]=Oop [416]=Oop [480]=Oop [496]=Oop }
                      ;*aastore {reexecute=1 rethrow=0 return_oop=0}
                      ; - (reexecute) java.util.ArrayList::add@14 (line 484)
                      ; - java.util.ArrayList::add@20 (line 496)
                      ; - org.apache.xml.utils.ObjectPool::freeInstance@5 (line 167)
                      ; - org.apache.xml.utils.StringBufferPool::free@9 (line 58)
                      ; - org.apache.xalan.templates.ElemNumber::formatNumberList@402 (line 1300)
                      ;   {runtime_call throw_null_pointer_exception Runtime1 stub}
  0x00007a03cccb5be8: 0507 e891 

  0x00007a03cccb5bec: ; ImmutableOopMap {rdx=Oop rax=Oop rdi=Oop [256]=Oop [416]=Oop [480]=Oop [496]=Oop }
                      ;*aastore {reexecute=1 rethrow=0 return_oop=0}
                      ; - (reexecute) java.util.ArrayList::add@14 (line 484)
                      ; - java.util.ArrayList::add@20 (line 496)
                      ; - org.apache.xml.utils.ObjectPool::freeInstance@5 (line 167)
                      ; - org.apache.xml.utils.StringBufferPool::free@9 (line 58)
                      ; - org.apache.xalan.templates.ElemNumber::formatNumberList@402 (line 1300)
  0x00007a03cccb5bec: be05 0748 

  0x00007a03cccb5bf0: ;   {runtime_call throw_array_store_exception Runtime1 stub}
  0x00007a03cccb5bf0: 893c 24e8 

  0x00007a03cccb5bf4: ; ImmutableOopMap {rdx=Oop rax=Oop rdi=Oop [256]=Oop [416]=Oop [480]=Oop [496]=Oop }
                      ;*aastore {reexecute=1 rethrow=0 return_oop=0}
                      ; - (reexecute) java.util.ArrayList::add@14 (line 484)
                      ; - java.util.ArrayList::add@20 (line 496)
                      ; - org.apache.xml.utils.ObjectPool::freeInstance@5 (line 167)
                      ; - org.apache.xml.utils.StringBufferPool::free@9 (line 58)
                      ; - org.apache.xalan.templates.ElemNumber::formatNumberList@402 (line 1300)
  0x00007a03cccb5bf4: 88e8 0507 | 488d 8424 | e801 0000 | 4889 0424 

  0x00007a03cccb5c04: ;   {runtime_call monitorexit_nofpu Runtime1 stub}
  0x00007a03cccb5c04: e877 0006 | 07e9 98ec | ffff 488d | 8424 d801 | 0000 4889 

  0x00007a03cccb5c18: ;   {runtime_call monitorexit_nofpu Runtime1 stub}
  0x00007a03cccb5c18: 0424 e861 | 0006 07e9 | b6ec ffff 

  0x00007a03cccb5c24: ;   {internal_word}
  0x00007a03cccb5c24: 49ba fa48 | cbcc 037a | 0000 4d89 | 9780 0700 

  0x00007a03cccb5c34: ;   {runtime_call SafepointBlob}
  0x00007a03cccb5c34: 00e9 c657 | fb06 488d | 8424 e801 | 0000 4889 

  0x00007a03cccb5c44: ;   {runtime_call monitorexit_nofpu Runtime1 stub}
  0x00007a03cccb5c44: 0424 e835 | 0006 07e9 | 00ed ffff | 488d 8424 | d801 0000 | 4889 0424 

  0x00007a03cccb5c5c: ;   {runtime_call monitorexit_nofpu Runtime1 stub}
  0x00007a03cccb5c5c: e81f 0006 | 07e9 4fed | ffff 488d | 8424 d801 | 0000 4889 

  0x00007a03cccb5c70: ;   {runtime_call monitorexit_nofpu Runtime1 stub}
  0x00007a03cccb5c70: 0424 e809 | 0006 07e9 | 89ed ffff | 488d 8424 | d801 0000 | 4889 0424 

  0x00007a03cccb5c88: ;   {runtime_call monitorexit_nofpu Runtime1 stub}
  0x00007a03cccb5c88: e8f3 ff05 | 07e9 ceed | ffff 488d | 8424 d801 | 0000 4889 

  0x00007a03cccb5c9c: ;   {runtime_call monitorexit_nofpu Runtime1 stub}
  0x00007a03cccb5c9c: 0424 e8dd | ff05 07e9 | 48ee ffff | 4889 5c24 | 0848 8914 

  0x00007a03cccb5cb0: ;   {runtime_call monitorenter_nofpu Runtime1 stub}
  0x00007a03cccb5cb0: 24e8 caf9 

  0x00007a03cccb5cb4: ; ImmutableOopMap {rdi=Oop rbx=Oop [256]=Oop [456]=Oop [480]=Oop }
                      ;*synchronization entry
                      ; - org.apache.xml.utils.StringBufferPool::free@-1 (line 57)
                      ; - org.apache.xalan.templates.ElemNumber::formatNumberList@412 (line 1300)
  0x00007a03cccb5cb4: 0507 e9d1 

  0x00007a03cccb5cb8: ;   {metadata({method} {0x00006d56a47fabd8} 'free' '(Lorg/apache/xml/utils/FastStringBuffer;)V' in 'org/apache/xml/utils/StringBufferPool')}
  0x00007a03cccb5cb8: eeff ff49 | bad8 ab7f | a456 6d00 | 004c 8954 | 2408 48c7 | 0424 ffff 

  0x00007a03cccb5cd0: ;   {runtime_call counter_overflow Runtime1 stub}
  0x00007a03cccb5cd0: ffff e829 

  0x00007a03cccb5cd4: ; ImmutableOopMap {rdi=Oop rbx=Oop [256]=Oop [456]=Oop [480]=Oop }
                      ;*synchronization entry
                      ; - org.apache.xml.utils.StringBufferPool::free@-1 (line 57)
                      ; - org.apache.xalan.templates.ElemNumber::formatNumberList@412 (line 1300)
  0x00007a03cccb5cd4: 2d06 07e9 | d7ee ffff 

  0x00007a03cccb5cdc: ;   {runtime_call throw_null_pointer_exception Runtime1 stub}
  0x00007a03cccb5cdc: e89f bd05 

  0x00007a03cccb5ce0: ; ImmutableOopMap {rdi=Oop rbx=Oop [256]=Oop [456]=Oop [480]=Oop }
                      ;*invokevirtual setLength {reexecute=0 rethrow=0 return_oop=0}
                      ; - org.apache.xml.utils.StringBufferPool::free@2 (line 57)
                      ; - org.apache.xalan.templates.ElemNumber::formatNumberList@412 (line 1300)
                      ;   {runtime_call throw_null_pointer_exception Runtime1 stub}
  0x00007a03cccb5ce0: 07e8 9abd 

  0x00007a03cccb5ce4: ; ImmutableOopMap {rdx=Oop [256]=Oop [456]=Oop [480]=Oop }
                      ;*invokevirtual freeInstance {reexecute=0 rethrow=0 return_oop=0}
                      ; - org.apache.xml.utils.StringBufferPool::free@9 (line 58)
                      ; - org.apache.xalan.templates.ElemNumber::formatNumberList@412 (line 1300)
  0x00007a03cccb5ce4: 0507 4889 | 5424 0848 

  0x00007a03cccb5cec: ;   {runtime_call monitorenter_nofpu Runtime1 stub}
  0x00007a03cccb5cec: 8934 24e8 

  0x00007a03cccb5cf0: ; ImmutableOopMap {rdx=Oop [256]=Oop [456]=Oop [480]=Oop [496]=Oop }
                      ;*synchronization entry
                      ; - org.apache.xml.utils.ObjectPool::freeInstance@-1 (line 167)
                      ; - org.apache.xml.utils.StringBufferPool::free@9 (line 58)
                      ; - org.apache.xalan.templates.ElemNumber::formatNumberList@412 (line 1300)
  0x00007a03cccb5cf0: 8cf9 0507 | e950 efff 

  0x00007a03cccb5cf8: ;   {metadata({method} {0x00006d56a4757b20} 'freeInstance' '(Ljava/lang/Object;)V' in 'org/apache/xml/utils/ObjectPool')}
  0x00007a03cccb5cf8: ff49 ba20 | 7b75 a456 | 6d00 004c | 8954 2408 | 48c7 0424 | ffff ffff 

  0x00007a03cccb5d10: ;   {runtime_call counter_overflow Runtime1 stub}
  0x00007a03cccb5d10: e8eb 2c06 

  0x00007a03cccb5d14: ; ImmutableOopMap {rdx=Oop [256]=Oop [456]=Oop [480]=Oop [496]=Oop }
                      ;*synchronization entry
                      ; - org.apache.xml.utils.ObjectPool::freeInstance@-1 (line 167)
                      ; - org.apache.xml.utils.StringBufferPool::free@9 (line 58)
                      ; - org.apache.xalan.templates.ElemNumber::formatNumberList@412 (line 1300)
  0x00007a03cccb5d14: 07e9 56ef 

  0x00007a03cccb5d18: ;   {runtime_call throw_null_pointer_exception Runtime1 stub}
  0x00007a03cccb5d18: ffff e861 

  0x00007a03cccb5d1c: ; ImmutableOopMap {rdi=Oop [256]=Oop [456]=Oop [480]=Oop [496]=Oop }
                      ;*invokevirtual add {reexecute=0 rethrow=0 return_oop=0}
                      ; - org.apache.xml.utils.ObjectPool::freeInstance@5 (line 167)
                      ; - org.apache.xml.utils.StringBufferPool::free@9 (line 58)
                      ; - org.apache.xalan.templates.ElemNumber::formatNumberList@412 (line 1300)
                      ;   {metadata({method} {0x00006d56af0bcfb0} 'add' '(Ljava/lang/Object;)Z' in 'java/util/ArrayList')}
  0x00007a03cccb5d1c: bd05 0749 | bab0 cf0b | af56 6d00 | 004c 8954 | 2408 48c7 | 0424 ffff 

  0x00007a03cccb5d34: ;   {runtime_call counter_overflow Runtime1 stub}
  0x00007a03cccb5d34: ffff e8c5 

  0x00007a03cccb5d38: ; ImmutableOopMap {rdi=Oop [256]=Oop [456]=Oop [480]=Oop [496]=Oop }
                      ;*synchronization entry
                      ; - java.util.ArrayList::add@-1 (line 495)
                      ; - org.apache.xml.utils.ObjectPool::freeInstance@5 (line 167)
                      ; - org.apache.xml.utils.StringBufferPool::free@9 (line 58)
                      ; - org.apache.xalan.templates.ElemNumber::formatNumberList@412 (line 1300)
  0x00007a03cccb5d38: 2c06 07e9 | 72ef ffff 

  0x00007a03cccb5d40: ;   {metadata({method} {0x00006d56af0bded0} 'add' '(Ljava/lang/Object;[Ljava/lang/Object;I)V' in 'java/util/ArrayList')}
  0x00007a03cccb5d40: 49ba d0de | 0baf 566d | 0000 4c89 | 5424 0848 | c704 24ff 

  0x00007a03cccb5d54: ;   {runtime_call counter_overflow Runtime1 stub}
  0x00007a03cccb5d54: ffff ffe8 

  0x00007a03cccb5d58: ; ImmutableOopMap {rdi=Oop rdx=Oop [256]=Oop [456]=Oop [480]=Oop [496]=Oop }
                      ;*synchronization entry
                      ; - java.util.ArrayList::add@-1 (line 482)
                      ; - java.util.ArrayList::add@20 (line 496)
                      ; - org.apache.xml.utils.ObjectPool::freeInstance@5 (line 167)
                      ; - org.apache.xml.utils.StringBufferPool::free@9 (line 58)
                      ; - org.apache.xalan.templates.ElemNumber::formatNumberList@412 (line 1300)
  0x00007a03cccb5d58: a42c 0607 | e99a efff 

  0x00007a03cccb5d60: ;   {runtime_call throw_null_pointer_exception Runtime1 stub}
  0x00007a03cccb5d60: ffe8 1abd 

  0x00007a03cccb5d64: ; ImmutableOopMap {rdi=Oop rdx=Oop [256]=Oop [456]=Oop [480]=Oop [496]=Oop }
                      ;*arraylength {reexecute=0 rethrow=0 return_oop=0}
                      ; - java.util.ArrayList::add@2 (line 482)
                      ; - java.util.ArrayList::add@20 (line 496)
                      ; - org.apache.xml.utils.ObjectPool::freeInstance@5 (line 167)
                      ; - org.apache.xml.utils.StringBufferPool::free@9 (line 58)
                      ; - org.apache.xalan.templates.ElemNumber::formatNumberList@412 (line 1300)
                      ;   {metadata({method} {0x00006d56af0bdfd8} 'grow' '()[Ljava/lang/Object;' in 'java/util/ArrayList')}
  0x00007a03cccb5d64: 0507 49ba | d8df 0baf | 566d 0000 | 4c89 5424 | 0848 c704 | 24ff ffff 

  0x00007a03cccb5d7c: ;   {runtime_call counter_overflow Runtime1 stub}
  0x00007a03cccb5d7c: ffe8 7e2c 

  0x00007a03cccb5d80: ; ImmutableOopMap {rdi=Oop [256]=Oop [456]=Oop [480]=Oop [496]=Oop }
                      ;*synchronization entry
                      ; - java.util.ArrayList::grow@-1 (line 244)
                      ; - java.util.ArrayList::add@7 (line 483)
                      ; - java.util.ArrayList::add@20 (line 496)
                      ; - org.apache.xml.utils.ObjectPool::freeInstance@5 (line 167)
                      ; - org.apache.xml.utils.StringBufferPool::free@9 (line 58)
                      ; - org.apache.xalan.templates.ElemNumber::formatNumberList@412 (line 1300)
  0x00007a03cccb5d80: 0607 e9e9 

  0x00007a03cccb5d84: ;   {runtime_call throw_null_pointer_exception Runtime1 stub}
  0x00007a03cccb5d84: efff ffe8 

  0x00007a03cccb5d88: ; ImmutableOopMap {rdx=Oop rax=Oop rdi=Oop [256]=Oop [456]=Oop [480]=Oop [496]=Oop }
                      ;*aastore {reexecute=1 rethrow=0 return_oop=0}
                      ; - (reexecute) java.util.ArrayList::add@14 (line 484)
                      ; - java.util.ArrayList::add@20 (line 496)
                      ; - org.apache.xml.utils.ObjectPool::freeInstance@5 (line 167)
                      ; - org.apache.xml.utils.StringBufferPool::free@9 (line 58)
                      ; - org.apache.xalan.templates.ElemNumber::formatNumberList@412 (line 1300)
  0x00007a03cccb5d88: f4bc 0507 

  0x00007a03cccb5d8c: ;   {runtime_call throw_null_pointer_exception Runtime1 stub}
  0x00007a03cccb5d8c: e8ef bc05 

  0x00007a03cccb5d90: ; ImmutableOopMap {rdx=Oop rax=Oop rdi=Oop [256]=Oop [456]=Oop [480]=Oop [496]=Oop }
                      ;*aastore {reexecute=1 rethrow=0 return_oop=0}
                      ; - (reexecute) java.util.ArrayList::add@14 (line 484)
                      ; - java.util.ArrayList::add@20 (line 496)
                      ; - org.apache.xml.utils.ObjectPool::freeInstance@5 (line 167)
                      ; - org.apache.xml.utils.StringBufferPool::free@9 (line 58)
                      ; - org.apache.xalan.templates.ElemNumber::formatNumberList@412 (line 1300)
  0x00007a03cccb5d90: 0748 891c | 2448 8954 

  0x00007a03cccb5d98: ;   {runtime_call throw_range_check_failed Runtime1 stub}
  0x00007a03cccb5d98: 2408 e8e1 

  0x00007a03cccb5d9c: ; ImmutableOopMap {rdx=Oop rax=Oop rdi=Oop [256]=Oop [456]=Oop [480]=Oop [496]=Oop }
                      ;*aastore {reexecute=1 rethrow=0 return_oop=0}
                      ; - (reexecute) java.util.ArrayList::add@14 (line 484)
                      ; - java.util.ArrayList::add@20 (line 496)
                      ; - org.apache.xml.utils.ObjectPool::freeInstance@5 (line 167)
                      ; - org.apache.xml.utils.StringBufferPool::free@9 (line 58)
                      ; - org.apache.xalan.templates.ElemNumber::formatNumberList@412 (line 1300)
                      ;   {runtime_call throw_null_pointer_exception Runtime1 stub}
  0x00007a03cccb5d9c: ad05 07e8 

  0x00007a03cccb5da0: ; ImmutableOopMap {rdx=Oop rax=Oop rdi=Oop [256]=Oop [456]=Oop [480]=Oop [496]=Oop }
                      ;*aastore {reexecute=1 rethrow=0 return_oop=0}
                      ; - (reexecute) java.util.ArrayList::add@14 (line 484)
                      ; - java.util.ArrayList::add@20 (line 496)
                      ; - org.apache.xml.utils.ObjectPool::freeInstance@5 (line 167)
                      ; - org.apache.xml.utils.StringBufferPool::free@9 (line 58)
                      ; - org.apache.xalan.templates.ElemNumber::formatNumberList@412 (line 1300)
  0x00007a03cccb5da0: dcbc 0507 | 4889 3c24 

  0x00007a03cccb5da8: ;   {runtime_call throw_array_store_exception Runtime1 stub}
  0x00007a03cccb5da8: e8d3 e605 

  0x00007a03cccb5dac: ; ImmutableOopMap {rdx=Oop rax=Oop rdi=Oop [256]=Oop [456]=Oop [480]=Oop [496]=Oop }
                      ;*aastore {reexecute=1 rethrow=0 return_oop=0}
                      ; - (reexecute) java.util.ArrayList::add@14 (line 484)
                      ; - java.util.ArrayList::add@20 (line 496)
                      ; - org.apache.xml.utils.ObjectPool::freeInstance@5 (line 167)
                      ; - org.apache.xml.utils.StringBufferPool::free@9 (line 58)
                      ; - org.apache.xalan.templates.ElemNumber::formatNumberList@412 (line 1300)
  0x00007a03cccb5dac: 0748 8d84 | 24e8 0100 | 0048 8904 

  0x00007a03cccb5db8: ;   {runtime_call monitorexit_nofpu Runtime1 stub}
  0x00007a03cccb5db8: 24e8 c2fe | 0507 e95b | f1ff ff48 | 8d84 24d8 | 0100 0048 

  0x00007a03cccb5dcc: ;   {runtime_call monitorexit_nofpu Runtime1 stub}
  0x00007a03cccb5dcc: 8904 24e8 | acfe 0507 | e979 f1ff | ff48 8d84 | 24e8 0100 | 0048 8904 

  0x00007a03cccb5de4: ;   {runtime_call monitorexit_nofpu Runtime1 stub}
  0x00007a03cccb5de4: 24e8 96fe | 0507 e9b8 | f1ff ff48 | 8d84 24d8 | 0100 0048 

  0x00007a03cccb5df8: ;   {runtime_call monitorexit_nofpu Runtime1 stub}
  0x00007a03cccb5df8: 8904 24e8 | 80fe 0507 | e907 f2ff | ff48 8d84 | 24d8 0100 | 0048 8904 

  0x00007a03cccb5e10: ;   {runtime_call monitorexit_nofpu Runtime1 stub}
  0x00007a03cccb5e10: 24e8 6afe | 0507 e94b | f2ff ff8b | 9c24 0c01 | 0000 4c8b | 8c24 2001 | 0000 e944 | ecff ff4c 
  0x00007a03cccb5e30: 8b8c 2470 | 0100 008b | bc24 0801 | 0000 8b9c | 240c 0100 | 0048 8bb4 | 2410 0100 | 0048 8b8c 
  0x00007a03cccb5e50: 2418 0100 | 0044 8b9c | 2430 0100 | 0044 8bac | 2434 0100 | 00e9 aeeb | ffff 8bbc | 2408 0100 
  0x00007a03cccb5e70: 008b 9c24 | 0c01 0000 | 488b b424 | 1001 0000 | 488b 8c24 | 1801 0000 | 448b 9c24 | 3001 0000 
  0x00007a03cccb5e90: 448b ac24 | 3401 0000 | e920 ebff | ff48 8bb4 | 24a0 0100 | 00e9 5eea | ffff 488b | b424 c801 
  0x00007a03cccb5eb0: 0000 e9a8 | f0ff ff48 | 8bb4 24a0 | 0100 00e9 | 44ea ffff | 488b b424 | a001 0000 | e937 eaff 
  0x00007a03cccb5ed0: ff48 8bb4 | 24a0 0100 | 00e9 2aea | ffff 488b | b424 a001 | 0000 e91d | eaff ff48 | 8bb4 24a0 
  0x00007a03cccb5ef0: 0100 00e9 | 10ea ffff | 488b b424 | c801 0000 | e95a f0ff | ff48 8bb4 | 24c8 0100 | 00e9 4df0 
  0x00007a03cccb5f10: ;   {no_reloc}
  0x00007a03cccb5f10: ffff 488b | b424 c801 | 0000 e940 | f0ff ff48 | 8bb4 24c8 | 0100 00e9 | 33f0 ffff | 488b b424 
  0x00007a03cccb5f30: c801 0000 | e926 f0ff | ff49 8b87 | 1808 0000 | 49c7 8718 | 0800 0000 | 0000 0049 | c787 2008 
  0x00007a03cccb5f50: 0000 0000 | 0000 4881 | c400 0200 

  0x00007a03cccb5f5c: ;   {runtime_call unwind_exception Runtime1 stub}
  0x00007a03cccb5f5c: 005d e91d | a605 07f4 | f4f4 f4f4 
[Stub Code]
  0x00007a03cccb5f68: ;   {no_reloc}
  0x00007a03cccb5f68: 0f1f 4400 

  0x00007a03cccb5f6c: ;   {static_stub}
  0x00007a03cccb5f6c: 0048 bb00 | 0000 0000 

  0x00007a03cccb5f74: ;   {runtime_call nmethod}
  0x00007a03cccb5f74: 0000 00e9 | fbff ffff 

  0x00007a03cccb5f7c: ;   {static_stub}
  0x00007a03cccb5f7c: 9048 bb00 | 0000 0000 

  0x00007a03cccb5f84: ;   {runtime_call nmethod}
  0x00007a03cccb5f84: 0000 00e9 | fbff ffff 

  0x00007a03cccb5f8c: ;   {static_stub}
  0x00007a03cccb5f8c: 9048 bb00 | 0000 0000 

  0x00007a03cccb5f94: ;   {runtime_call nmethod}
  0x00007a03cccb5f94: 0000 00e9 | fbff ffff 

  0x00007a03cccb5f9c: ;   {static_stub}
  0x00007a03cccb5f9c: 9048 bb00 | 0000 0000 

  0x00007a03cccb5fa4: ;   {runtime_call nmethod}
  0x00007a03cccb5fa4: 0000 00e9 | fbff ffff 

  0x00007a03cccb5fac: ;   {static_stub}
  0x00007a03cccb5fac: 9048 bb00 | 0000 0000 

  0x00007a03cccb5fb4: ;   {runtime_call nmethod}
  0x00007a03cccb5fb4: 0000 00e9 | fbff ffff 

  0x00007a03cccb5fbc: ;   {static_stub}
  0x00007a03cccb5fbc: 9048 bb00 | 0000 0000 

  0x00007a03cccb5fc4: ;   {runtime_call nmethod}
  0x00007a03cccb5fc4: 0000 00e9 | fbff ffff 

  0x00007a03cccb5fcc: ;   {static_stub}
  0x00007a03cccb5fcc: 9048 bb00 | 0000 0000 

  0x00007a03cccb5fd4: ;   {runtime_call nmethod}
  0x00007a03cccb5fd4: 0000 00e9 | fbff ffff 

  0x00007a03cccb5fdc: ;   {static_stub}
  0x00007a03cccb5fdc: 9048 bb00 | 0000 0000 

  0x00007a03cccb5fe4: ;   {runtime_call nmethod}
  0x00007a03cccb5fe4: 0000 00e9 | fbff ffff 

  0x00007a03cccb5fec: ;   {static_stub}
  0x00007a03cccb5fec: 9048 bb00 | 0000 0000 

  0x00007a03cccb5ff4: ;   {runtime_call nmethod}
  0x00007a03cccb5ff4: 0000 00e9 | fbff ffff 

  0x00007a03cccb5ffc: ;   {static_stub}
  0x00007a03cccb5ffc: 9048 bb00 | 0000 0000 

  0x00007a03cccb6004: ;   {runtime_call nmethod}
  0x00007a03cccb6004: 0000 00e9 | fbff ffff 

  0x00007a03cccb600c: ;   {static_stub}
  0x00007a03cccb600c: 9048 bb00 | 0000 0000 

  0x00007a03cccb6014: ;   {runtime_call nmethod}
  0x00007a03cccb6014: 0000 00e9 | fbff ffff 

  0x00007a03cccb601c: ;   {static_stub}
  0x00007a03cccb601c: 9048 bb00 | 0000 0000 

  0x00007a03cccb6024: ;   {runtime_call nmethod}
  0x00007a03cccb6024: 0000 00e9 | fbff ffff 

  0x00007a03cccb602c: ;   {static_stub}
  0x00007a03cccb602c: 9048 bb00 | 0000 0000 

  0x00007a03cccb6034: ;   {runtime_call nmethod}
  0x00007a03cccb6034: 0000 00e9 | fbff ffff 

  0x00007a03cccb603c: ;   {static_stub}
  0x00007a03cccb603c: 9048 bb00 | 0000 0000 

  0x00007a03cccb6044: ;   {runtime_call nmethod}
  0x00007a03cccb6044: 0000 00e9 | fbff ffff 

  0x00007a03cccb604c: ;   {static_stub}
  0x00007a03cccb604c: 9048 bb00 | 0000 0000 

  0x00007a03cccb6054: ;   {runtime_call nmethod}
  0x00007a03cccb6054: 0000 00e9 | fbff ffff 

  0x00007a03cccb605c: ;   {static_stub}
  0x00007a03cccb605c: 48bb 0000 | 0000 0000 

  0x00007a03cccb6064: ;   {runtime_call nmethod}
  0x00007a03cccb6064: 0000 e9fb 

  0x00007a03cccb6068: ;   {static_stub}
  0x00007a03cccb6068: ffff ff48 | bb00 0000 | 0000 0000 

  0x00007a03cccb6074: ;   {runtime_call nmethod}
  0x00007a03cccb6074: 00e9 fbff 

  0x00007a03cccb6078: ;   {static_stub}
  0x00007a03cccb6078: ffff 48bb | 0000 0000 | 0000 0000 

  0x00007a03cccb6084: ;   {runtime_call nmethod}
  0x00007a03cccb6084: e9fb ffff 

  0x00007a03cccb6088: ;   {static_stub}
  0x00007a03cccb6088: ff48 bb00 | 0000 0000 

  0x00007a03cccb6090: ;   {runtime_call nmethod}
  0x00007a03cccb6090: 0000 00e9 | fbff ffff 

  0x00007a03cccb6098: ;   {static_stub}
  0x00007a03cccb6098: 48bb 0000 | 0000 0000 

  0x00007a03cccb60a0: ;   {runtime_call nmethod}
  0x00007a03cccb60a0: 0000 e9fb 

  0x00007a03cccb60a4: ;   {static_stub}
  0x00007a03cccb60a4: ffff ff48 | bb00 0000 | 0000 0000 

  0x00007a03cccb60b0: ;   {runtime_call nmethod}
  0x00007a03cccb60b0: 00e9 fbff 

  0x00007a03cccb60b4: ;   {static_stub}
  0x00007a03cccb60b4: ffff 48bb | 0000 0000 | 0000 0000 

  0x00007a03cccb60c0: ;   {runtime_call nmethod}
  0x00007a03cccb60c0: e9fb ffff 

  0x00007a03cccb60c4: ;   {static_stub}
  0x00007a03cccb60c4: ff48 bb00 | 0000 0000 

  0x00007a03cccb60cc: ;   {runtime_call nmethod}
  0x00007a03cccb60cc: 0000 00e9 | fbff ffff 

  0x00007a03cccb60d4: ;   {static_stub}
  0x00007a03cccb60d4: 48bb 0000 | 0000 0000 

  0x00007a03cccb60dc: ;   {runtime_call nmethod}
  0x00007a03cccb60dc: 0000 e9fb 

  0x00007a03cccb60e0: ;   {runtime_call handle_exception_from_callee Runtime1 stub}
  0x00007a03cccb60e0: ffff ffe8 | 98dd 0507 

  0x00007a03cccb60e8: ;   {external_word}
  0x00007a03cccb60e8: 48bf bb51 | f4eb 037a | 0000 4883 

  0x00007a03cccb60f4: ;   {runtime_call MacroAssembler::debug64(char*, long, long*)}
  0x00007a03cccb60f4: e4f0 e855 | 4dd5 1ef4 
[Deopt Handler Code]
  0x00007a03cccb60fc: ;   {section_word}
  0x00007a03cccb60fc: 49ba fc60 | cbcc 037a | 0000 4152 

  0x00007a03cccb6108: ;   {runtime_call DeoptimizationBlob}
  0x00007a03cccb6108: e993 45fb | 06f4 f4f4 
[/MachCode]


Compiled method (c1) 5303 2240       3       org.apache.xalan.templates.ElemNumber::getCountString (247 bytes)
 total in heap  [0x00007a03ccc93810,0x00007a03ccc953b8] = 7080
 relocation     [0x00007a03ccc93968,0x00007a03ccc93b40] = 472
 constants      [0x00007a03ccc93b40,0x00007a03ccc93b60] = 32
 main code      [0x00007a03ccc93b60,0x00007a03ccc94d88] = 4648
 stub code      [0x00007a03ccc94d88,0x00007a03ccc94e58] = 208
 oops           [0x00007a03ccc94e58,0x00007a03ccc94e60] = 8
 metadata       [0x00007a03ccc94e60,0x00007a03ccc94eb0] = 80
 scopes data    [0x00007a03ccc94eb0,0x00007a03ccc95170] = 704
 scopes pcs     [0x00007a03ccc95170,0x00007a03ccc95370] = 512
 dependencies   [0x00007a03ccc95370,0x00007a03ccc95380] = 16
 nul chk table  [0x00007a03ccc95380,0x00007a03ccc953b8] = 56


[Constant Pool]
             Address          hex4                    hex8      
  0x00007a03ccc93b40:   0x3f400000      0x000000003f400000      
  0x00007a03ccc93b44:   0x00000000                              
  0x00007a03ccc93b48:   0x00000000      0x3fe0000000000000      
  0x00007a03ccc93b4c:   0x3fe00000                              
  0x00007a03ccc93b50:   0xffffffff      0x7fefffffffffffff      
  0x00007a03ccc93b54:   0x7fefffff                              
  0x00007a03ccc93b58:   0xffffffff      0x7fefffffffffffff      
  0x00007a03ccc93b5c:   0x7fefffff                              

[MachCode]
[Entry Point]
  # {method} {0x00006d56a454bd70} 'getCountString' '(Lorg/apache/xalan/transformer/TransformerImpl;I)Ljava/lang/String;' in 'org/apache/xalan/templates/ElemNumber'
  # this:     rsi:rsi   = 'org/apache/xalan/templates/ElemNumber'
  # parm0:    rdx:rdx   = 'org/apache/xalan/transformer/TransformerImpl'
  # parm1:    rcx       = int
  #           [sp+0x100]  (sp of caller)
  0x00007a03ccc93b60: ;   {no_reloc}
  0x00007a03ccc93b60: 448b 5608 | 49bb 0000 | 00af 566d | 0000 4d03 | d34c 3bd0 

  0x00007a03ccc93b74: ;   {runtime_call ic_miss_stub}
  0x00007a03ccc93b74: 0f85 0612 | fd06 660f | 1f44 0000 
[Verified Entry Point]
  0x00007a03ccc93b80: e9fb a3f8 | 06fe ff55 | 4881 ecf0 | 0000 0090 | 4181 7f20 | 0100 0000 

  0x00007a03ccc93b98: ;   {runtime_call StubRoutines (final stubs)}
  0x00007a03ccc93b98: 7405 e8c1 | b2fb 0648 | 89b4 24a0 | 0000 0048 | 8994 2498 

  0x00007a03ccc93bac: ;   {metadata(method data for {method} {0x00006d56a454bd70} 'getCountString' '(Lorg/apache/xalan/transformer/TransformerImpl;I)Ljava/lang/String;' in 'org/apache/xalan/templates/ElemNumber')}
  0x00007a03ccc93bac: 0000 0048 | bfd0 9585 | a456 6d00 | 008b 87f4 | 0000 0083 | c002 8987 | f400 0000 | 25fe 0700 
  0x00007a03ccc93bcc: 0085 c00f | 84a5 0f00 | 0048 3b02 

  0x00007a03ccc93bd8: ;   {metadata(method data for {method} {0x00006d56a454bd70} 'getCountString' '(Lorg/apache/xalan/transformer/TransformerImpl;I)Ljava/lang/String;' in 'org/apache/xalan/templates/ElemNumber')}
  0x00007a03ccc93bd8: 488b fa48 | b8d0 9585 | a456 6d00 | 0048 8380 | 3801 0000 | 018b 5a5c | 4889 9c24 | a800 0000 
  0x00007a03ccc93bf8: ;   {metadata(method data for {method} {0x00006d56a454bd70} 'getCountString' '(Lorg/apache/xalan/transformer/TransformerImpl;I)Ljava/lang/String;' in 'org/apache/xalan/templates/ElemNumber')}
  0x00007a03ccc93bf8: 488b fa48 | b8d0 9585 | a456 6d00 

  0x00007a03ccc93c04: ;   {metadata('org/apache/xalan/transformer/TransformerImpl')}
  0x00007a03ccc93c04: 0049 bac8 | 0c0c b056 | 6d00 004c | 8990 8001 | 0000 4883 | 8088 0100 

  0x00007a03ccc93c1c: ;   {metadata(method data for {method} {0x00006d56a4657080} 'getCountersTable' '()Lorg/apache/xalan/transformer/CountersTable;' in 'org/apache/xalan/transformer/TransformerImpl')}
  0x00007a03ccc93c1c: 0001 48bf | b89b 85a4 | 566d 0000 | 8b87 f400 | 0000 83c0 | 0289 87f4 | 0000 0025 | feff 1f00 
  0x00007a03ccc93c3c: 85c0 0f84 | 5c0f 0000 | 8b7a 7048 

  0x00007a03ccc93c48: ;   {metadata(method data for {method} {0x00006d56a4657080} 'getCountersTable' '()Lorg/apache/xalan/transformer/CountersTable;' in 'org/apache/xalan/transformer/TransformerImpl')}
  0x00007a03ccc93c48: 85ff 48bf | b89b 85a4 | 566d 0000 | 48c7 c038 | 0100 0075 | 0748 c7c0 | 4801 0000 | 4c8b 0407 
  0x00007a03ccc93c68: 4d8d 4001 | 4c89 0407 | 898c 24b0 | 0000 000f | 858d 0100 

  0x00007a03ccc93c7c: ;   {metadata('org/apache/xalan/transformer/CountersTable')}
  0x00007a03ccc93c7c: 0048 ba58 | ec0e b056 | 6d00 0049 | 8b87 b804 | 0000 488d | 4838 483b | c80f 8226 | 0f00 0049 
  0x00007a03ccc93c9c: 3b8f c004 | 0000 0f87 | 190f 0000 | 4989 8fb8 | 0400 0048 | 8bf8 48c1 | ef06 49ba | 0000 4028 
  0x00007a03ccc93cbc: 576d 0000 | 458a 143a | 488b c848 | c1e9 0348 | 83e1 0748 | c7c7 0100 | 0000 48d3 | e74c 0bd7 
  0x00007a03ccc93cdc: 488b f848 | c1ef 0648 | b900 0040 | 2857 6d00 | 0044 8814 | 3949 8387 | 2802 0000 | 3849 8387 
  0x00007a03ccc93cfc: 2802 0000 | 0048 c700 | 0100 0000 | 488b ca49 | ba00 0000 | af56 6d00 | 0049 2bca | 8948 0848 
  0x00007a03ccc93d1c: 33c9 8948 | 0c48 33c9 | 48c7 c705 | 0000 0048 | 894c f808 | 48ff cf75 | f648 8bd0 

  0x00007a03ccc93d38: ;   {metadata(method data for {method} {0x00006d56a4657080} 'getCountersTable' '()Lorg/apache/xalan/transformer/CountersTable;' in 'org/apache/xalan/transformer/TransformerImpl')}
  0x00007a03ccc93d38: 48be b89b | 85a4 566d | 0000 4883 | 8658 0100 

  0x00007a03ccc93d48: ;   {metadata(method data for {method} {0x00006d56a4795d50} '<init>' '()V' in 'org/apache/xalan/transformer/CountersTable')}
  0x00007a03ccc93d48: 0001 48ba | 609d 85a4 | 566d 0000 | 8bb2 f400 | 0000 83c6 | 0289 b2f4 | 0000 0081 | e6fe ff1f 
  0x00007a03ccc93d68: 0085 f60f | 845d 0e00 | 0048 8bd0 

  0x00007a03ccc93d74: ;   {metadata(method data for {method} {0x00006d56a4795d50} '<init>' '()V' in 'org/apache/xalan/transformer/CountersTable')}
  0x00007a03ccc93d74: 48be 609d | 85a4 566d | 0000 4883 | 8638 0100 

  0x00007a03ccc93d84: ;   {metadata(method data for {method} {0x00006d56af4601f0} '<init>' '()V' in 'java/util/Hashtable')}
  0x00007a03ccc93d84: 0001 48ba | 0008 23a4 | 566d 0000 | 8bb2 f400 | 0000 83c6 | 0289 b2f4 | 0000 0081 | e6fe ff1f 
  0x00007a03ccc93da4: 0085 f60f | 8442 0e00 | 0048 8bd0 

  0x00007a03ccc93db0: ;   {metadata(method data for {method} {0x00006d56af4601f0} '<init>' '()V' in 'java/util/Hashtable')}
  0x00007a03ccc93db0: 48be 0008 | 23a4 566d | 0000 4883 | 8638 0100 | 0001 ba0b 

  0x00007a03ccc93dc4: ;   {section_word}
  0x00007a03ccc93dc4: 0000 00c5 | fa10 0571 | fdff ff48 | 8bf0 4889 | 8424 9000 | 0000 0f1f 

  0x00007a03ccc93ddc: ;   {optimized virtual_call}
  0x00007a03ccc93ddc: 4400 00e8 

  0x00007a03ccc93de0: ; ImmutableOopMap {[144]=Oop [152]=Oop [160]=Oop [168]=Oop }
                      ;*invokespecial <init> {reexecute=0 rethrow=0 return_oop=0}
                      ; - java.util.Hashtable::<init>@5 (line 217)
                      ; - org.apache.xalan.transformer.CountersTable::<init>@1 (line 47)
                      ; - org.apache.xalan.transformer.TransformerImpl::getCountersTable@13 (line 3015)
                      ; - org.apache.xalan.templates.ElemNumber::getCountString@9 (line 801)
  0x00007a03ccc93de0: 7cb8 e7ff 

  0x00007a03ccc93de4: ;   {other}
  0x00007a03ccc93de4: 0f1f 8400 | d405 0000 | 488b 8424 | 9000 0000 | c740 2c00 | 0000 0048 | 8b94 2498 | 0000 004c 
  0x00007a03ccc93e04: 8bd0 4489 | 5270 448b | 4a70 4c89 | 8c24 c000 | 0000 488b | b424 a000 | 0000 8b7e | 5c48 85ff 
  0x00007a03ccc93e24: ;   {metadata(method data for {method} {0x00006d56a454bd70} 'getCountString' '(Lorg/apache/xalan/transformer/TransformerImpl;I)Ljava/lang/String;' in 'org/apache/xalan/templates/ElemNumber')}
  0x00007a03ccc93e24: 48b9 d095 | 85a4 566d | 0000 49c7 | c0a8 0100 | 0074 0749 | c7c0 b801 | 0000 4a8b | 1c01 488d 
  0x00007a03ccc93e44: 5b01 4a89 | 1c01 0f84 | c005 0000 

  0x00007a03ccc93e50: ; implicit exception: dispatches to 0x00007a03ccc94c10
  0x00007a03ccc93e50: 483b 0748 

  0x00007a03ccc93e54: ;   {metadata(method data for {method} {0x00006d56a454bd70} 'getCountString' '(Lorg/apache/xalan/transformer/TransformerImpl;I)Ljava/lang/String;' in 'org/apache/xalan/templates/ElemNumber')}
  0x00007a03ccc93e54: 8bcf 49b8 | d095 85a4 | 566d 0000 

  0x00007a03ccc93e60: ;   {metadata('org/apache/xpath/XPath')}
  0x00007a03ccc93e60: 49ba 8813 | 0cb0 566d | 0000 4d89 | 90d8 0100 | 0049 8380 | e001 0000 | 0148 8b94 | 24a8 0000 
  0x00007a03ccc93e80: 008b 8c24 | b000 0000 | 4c8b c648 

  0x00007a03ccc93e8c: ;   {optimized virtual_call}
  0x00007a03ccc93e8c: 8bf7 90e8 

  0x00007a03ccc93e90: ; ImmutableOopMap {[152]=Oop [160]=Oop }
                      ;*invokevirtual execute {reexecute=0 rethrow=0 return_oop=0}
                      ; - org.apache.xalan.templates.ElemNumber::getCountString@30 (line 805)
  0x00007a03ccc93e90: ec11 fd06 

  0x00007a03ccc93e94: ;   {other}
  0x00007a03ccc93e94: 0f1f 8400 | 8406 0001 

  0x00007a03ccc93e9c: ; implicit exception: dispatches to 0x00007a03ccc94c15
  0x00007a03ccc93e9c: 483b 0048 

  0x00007a03ccc93ea0: ;   {metadata(method data for {method} {0x00006d56a454bd70} 'getCountString' '(Lorg/apache/xalan/transformer/TransformerImpl;I)Ljava/lang/String;' in 'org/apache/xalan/templates/ElemNumber')}
  0x00007a03ccc93ea0: 8bf0 48bf | d095 85a4 | 566d 0000 | 8b76 0849 | ba00 0000 | af56 6d00 | 0049 03f2 | 483b b710 
  0x00007a03ccc93ec0: 0200 0075 | 0d48 8387 | 1802 0000 | 01e9 6000 | 0000 483b | b720 0200 | 0075 0d48 | 8387 2802 
  0x00007a03ccc93ee0: 0000 01e9 | 4a00 0000 | 4883 bf10 | 0200 0000 | 7517 4889 | b710 0200 | 0048 c787 | 1802 0000 
  0x00007a03ccc93f00: 0100 0000 | e929 0000 | 0048 83bf | 2002 0000 | 0075 1748 | 89b7 2002 | 0000 48c7 | 8728 0200 
  0x00007a03ccc93f20: 0001 0000 | 00e9 0800 | 0000 4883 | 8700 0200 | 0001 488b | f048 b8ff | ffff ffff 

  0x00007a03ccc93f3c: ;   {virtual_call}
  0x00007a03ccc93f3c: ffff ffe8 

  0x00007a03ccc93f40: ; ImmutableOopMap {[152]=Oop [160]=Oop }
                      ;*invokevirtual num {reexecute=0 rethrow=0 return_oop=0}
                      ; - org.apache.xalan.templates.ElemNumber::getCountString@37 (line 807)
  0x00007a03ccc93f40: 3c14 fd06 

  0x00007a03ccc93f44: ;   {other}
  0x00007a03ccc93f44: 0f1f 8400 | 3407 0002 

  0x00007a03ccc93f4c: ;   {section_word}
  0x00007a03ccc93f4c: c5fb 5805 | f4fb ffff 

  0x00007a03ccc93f54: ;   {static_call}
  0x00007a03ccc93f54: 6666 90e8 

  0x00007a03ccc93f58: ; ImmutableOopMap {[152]=Oop [160]=Oop }
                      ;*invokestatic floor {reexecute=0 rethrow=0 return_oop=0}
                      ; - org.apache.xalan.templates.ElemNumber::getCountString@44 (line 807)
  0x00007a03ccc93f58: 2417 fd06 

  0x00007a03ccc93f5c: ;   {other}
  0x00007a03ccc93f5c: 0f1f 8400 | 4c07 0003 

  0x00007a03ccc93f64: ;   {metadata(method data for {method} {0x00006d56a454bd70} 'getCountString' '(Lorg/apache/xalan/transformer/TransformerImpl;I)Ljava/lang/String;' in 'org/apache/xalan/templates/ElemNumber')}
  0x00007a03ccc93f64: 48bb d095 | 85a4 566d | 0000 4883 | 8348 0200 

  0x00007a03ccc93f74: ;   {metadata(method data for {method} {0x00006d56af033f50} 'isNaN' '(D)Z' in 'java/lang/Double')}
  0x00007a03ccc93f74: 0001 48bb | 6081 24a4 | 566d 0000 | 8b93 f400 | 0000 83c2 | 0289 93f4 | 0000 0081 | e2fe ff1f 
  0x00007a03ccc93f94: 0085 d20f | 847d 0c00 | 00c5 f92e | c0bb ffff | ffff 0f8a | 1400 0000 | 0f82 0e00 | 0000 bb00 
  0x00007a03ccc93fb4: 0000 000f | 8403 0000 | 0048 ffc3 

  0x00007a03ccc93fc0: ;   {metadata(method data for {method} {0x00006d56af033f50} 'isNaN' '(D)Z' in 'java/lang/Double')}
  0x00007a03ccc93fc0: 85db 48bb | 6081 24a4 | 566d 0000 | 48c7 c238 | 0100 0074 | 0748 c7c2 | 4801 0000 | 488b 3413 
  0x00007a03ccc93fe0: 488d 7601 | 4889 3413 | 0f84 1a00 

  0x00007a03ccc93fec: ;   {metadata(method data for {method} {0x00006d56af033f50} 'isNaN' '(D)Z' in 'java/lang/Double')}
  0x00007a03ccc93fec: 0000 48bb | 6081 24a4 | 566d 0000 | ff83 5801 | 0000 bb01 | 0000 00e9 | 0500 0000 | bb00 0000 
  0x00007a03ccc9400c: 0083 e301 

  0x00007a03ccc94010: ;   {metadata(method data for {method} {0x00006d56a454bd70} 'getCountString' '(Lorg/apache/xalan/transformer/TransformerImpl;I)Ljava/lang/String;' in 'org/apache/xalan/templates/ElemNumber')}
  0x00007a03ccc94010: 85db 48bb | d095 85a4 | 566d 0000 | 48c7 c268 | 0200 0075 | 0748 c7c2 | 5802 0000 | 488b 3413 
  0x00007a03ccc94030: 488d 7601 | 4889 3413 | 0f85 1c0b | 0000 c5f1 | 57c9 c5f9 | 2ec1 bb01 | 0000 000f | 8a13 0000 
  0x00007a03ccc94050: 000f 870d | 0000 00bb | 0000 0000 | 0f84 0200 | 0000 ffcb 

  0x00007a03ccc94064: ;   {metadata(method data for {method} {0x00006d56a454bd70} 'getCountString' '(Lorg/apache/xalan/transformer/TransformerImpl;I)Ljava/lang/String;' in 'org/apache/xalan/templates/ElemNumber')}
  0x00007a03ccc94064: 85db 48bb | d095 85a4 | 566d 0000 | 48c7 c278 | 0200 007d | 0748 c7c2 | 8802 0000 | 488b 3413 
  0x00007a03ccc94084: 488d 7601 | 4889 3413 | 0f8d 0001 

  0x00007a03ccc94090: ;   {metadata(method data for {method} {0x00006d56a454bd70} 'getCountString' '(Lorg/apache/xalan/transformer/TransformerImpl;I)Ljava/lang/String;' in 'org/apache/xalan/templates/ElemNumber')}
  0x00007a03ccc94090: 0000 48bb | d095 85a4 | 566d 0000 | 4883 8398 | 0200 0001 

  0x00007a03ccc940a4: ;   {metadata(method data for {method} {0x00006d56af033a08} 'isInfinite' '(D)Z' in 'java/lang/Double')}
  0x00007a03ccc940a4: 48bb f082 | 24a4 566d | 0000 8b93 | f400 0000 | 83c2 0289 | 93f4 0000 | 0081 e2fe | ff1f 0085 
  0x00007a03ccc940c4: d20f 8470 

  0x00007a03ccc940c8: ;   {metadata(method data for {method} {0x00006d56af033a08} 'isInfinite' '(D)Z' in 'java/lang/Double')}
  0x00007a03ccc940c8: 0b00 0048 | bbf0 8224 | a456 6d00 | 0048 8383 | 3801 0000 | 01c5 f928 

  0x00007a03ccc940e0: ;   {external_word}
  0x00007a03ccc940e0: c8c5 f154 | 0d17 8769 

  0x00007a03ccc940e8: ;   {section_word}
  0x00007a03ccc940e8: 1fc5 fb10 | 155f faff | ffc5 f92e | cabb ffff | ffff 0f8a | 1400 0000 | 0f82 0e00 | 0000 bb00 
  0x00007a03ccc94108: 0000 000f | 8403 0000 | 0048 ffc3 

  0x00007a03ccc94114: ;   {metadata(method data for {method} {0x00006d56af033a08} 'isInfinite' '(D)Z' in 'java/lang/Double')}
  0x00007a03ccc94114: 85db 48bb | f082 24a4 | 566d 0000 | 48c7 c248 | 0100 007e | 0748 c7c2 | 5801 0000 | 488b 3413 
  0x00007a03ccc94134: 488d 7601 | 4889 3413 | 0f8e 1a00 

  0x00007a03ccc94140: ;   {metadata(method data for {method} {0x00006d56af033a08} 'isInfinite' '(D)Z' in 'java/lang/Double')}
  0x00007a03ccc94140: 0000 48bb | f082 24a4 | 566d 0000 | ff83 6801 | 0000 bb01 | 0000 00e9 | 0500 0000 | bb00 0000 
  0x00007a03ccc94160: 0083 e301 

  0x00007a03ccc94164: ;   {metadata(method data for {method} {0x00006d56a454bd70} 'getCountString' '(Lorg/apache/xalan/transformer/TransformerImpl;I)Ljava/lang/String;' in 'org/apache/xalan/templates/ElemNumber')}
  0x00007a03ccc94164: 85db 48bb | d095 85a4 | 566d 0000 | 48c7 c2b8 | 0200 0075 | 0748 c7c2 | a802 0000 | 488b 3413 
  0x00007a03ccc94184: 488d 7601 | 4889 3413 | 0f85 a809 

  0x00007a03ccc94190: ;   {metadata(method data for {method} {0x00006d56a454bd70} 'getCountString' '(Lorg/apache/xalan/transformer/TransformerImpl;I)Ljava/lang/String;' in 'org/apache/xalan/templates/ElemNumber')}
  0x00007a03ccc94190: 0000 48bb | d095 85a4 | 566d 0000 | 4883 83c8 | 0200 0001 

  0x00007a03ccc941a4: ;   {metadata(method data for {method} {0x00006d56af033a08} 'isInfinite' '(D)Z' in 'java/lang/Double')}
  0x00007a03ccc941a4: 48bb f082 | 24a4 566d | 0000 8b93 | f400 0000 | 83c2 0289 | 93f4 0000 | 0081 e2fe | ff1f 0085 
  0x00007a03ccc941c4: d20f 8491 

  0x00007a03ccc941c8: ;   {metadata(method data for {method} {0x00006d56af033a08} 'isInfinite' '(D)Z' in 'java/lang/Double')}
  0x00007a03ccc941c8: 0a00 0048 | bbf0 8224 | a456 6d00 | 0048 8383 | 3801 0000 | 01c5 f928 

  0x00007a03ccc941e0: ;   {external_word}
  0x00007a03ccc941e0: c8c5 f154 | 0d17 8669 

  0x00007a03ccc941e8: ;   {section_word}
  0x00007a03ccc941e8: 1fc5 fb10 | 1567 f9ff | ffc5 f92e | cabb ffff | ffff 0f8a | 1400 0000 | 0f82 0e00 | 0000 bb00 
  0x00007a03ccc94208: 0000 000f | 8403 0000 | 0048 ffc3 

  0x00007a03ccc94214: ;   {metadata(method data for {method} {0x00006d56af033a08} 'isInfinite' '(D)Z' in 'java/lang/Double')}
  0x00007a03ccc94214: 85db 48bb | f082 24a4 | 566d 0000 | 48c7 c248 | 0100 007e | 0748 c7c2 | 5801 0000 | 488b 3413 
  0x00007a03ccc94234: 488d 7601 | 4889 3413 | 0f8e 1a00 

  0x00007a03ccc94240: ;   {metadata(method data for {method} {0x00006d56af033a08} 'isInfinite' '(D)Z' in 'java/lang/Double')}
  0x00007a03ccc94240: 0000 48bb | f082 24a4 | 566d 0000 | ff83 6801 | 0000 bb01 | 0000 00e9 | 0500 0000 | bb00 0000 
  0x00007a03ccc94260: 0083 e301 

  0x00007a03ccc94264: ;   {metadata(method data for {method} {0x00006d56a454bd70} 'getCountString' '(Lorg/apache/xalan/transformer/TransformerImpl;I)Ljava/lang/String;' in 'org/apache/xalan/templates/ElemNumber')}
  0x00007a03ccc94264: 85db 48bb | d095 85a4 | 566d 0000 | 48c7 c2e8 | 0200 0075 | 0748 c7c2 | d802 0000 | 488b 3413 
  0x00007a03ccc94284: 488d 7601 | 4889 3413 | 0f85 8808 | 0000 c5f1 | 57c9 c5f9 | 2ec1 bbff | ffff ff0f | 8a14 0000 
  0x00007a03ccc942a4: 000f 820e | 0000 00bb | 0000 0000 | 0f84 0300 | 0000 48ff 

  0x00007a03ccc942b8: ;   {metadata(method data for {method} {0x00006d56a454bd70} 'getCountString' '(Lorg/apache/xalan/transformer/TransformerImpl;I)Ljava/lang/String;' in 'org/apache/xalan/templates/ElemNumber')}
  0x00007a03ccc942b8: c385 db48 | bbd0 9585 | a456 6d00 | 0048 c7c2 | 0803 0000 | 7407 48c7 | c2f8 0200 | 0048 8b34 
  0x00007a03ccc942d8: 1348 8d76 | 0148 8934 | 130f 8413 | 0800 00c4 | 61fb 2cc0 

  0x00007a03ccc942ec: ;   {external_word}
  0x00007a03ccc942ec: 4c3b 050d | 3cf8 0675 | 1048 83ec | 08c5 fb11 

  0x00007a03ccc942fc: ;   {runtime_call StubRoutines (initial stubs)}
  0x00007a03ccc942fc: 0424 e835 | 3bf8 0641 | 58bb 0100 

  0x00007a03ccc94308: ;   {metadata({type array long})}
  0x00007a03ccc94308: 0000 48ba | 702b 00af | 566d 0000 | 4863 db48 | 8bfb 4881 | fbff ffff | 000f 8756 | 0900 0048 
  0x00007a03ccc94328: c7c6 1700 | 0000 488d | 34de 4883 | e6f8 4881 | fe00 4000 | 000f 833a | 0900 0049 | 8b87 b804 
  0x00007a03ccc94348: 0000 488d | 0c30 483b | c80f 8226 | 0900 0049 | 3b8f c004 | 0000 0f87 | 1909 0000 | 4989 8fb8 
  0x00007a03ccc94368: 0400 0048 | 8bf8 48c1 | ef06 49ba | 0000 4028 | 576d 0000 | 458a 143a | 488b c848 | c1e9 0348 
  0x00007a03ccc94388: 83e1 0748 | c7c7 0100 | 0000 48d3 | e74c 0bd7 | 488b f848 | c1ef 0648 | b900 0040 | 2857 6d00 
  0x00007a03ccc943a8: 0044 8814 | 3949 01b7 | 2802 0000 | 4983 8728 | 0200 0000 | 48c7 0001 | 0000 0048 | 8bca 49ba 
  0x00007a03ccc943c8: 0000 00af | 566d 0000 | 492b ca89 | 4808 8958 | 0c48 83ee | 1048 85f6 | 0f84 1100 | 0000 4833 
  0x00007a03ccc943e8: db48 c1ee | 0348 895c | f008 48ff | ce75 f64c 

  0x00007a03ccc943f8: ;   {metadata(method data for {method} {0x00006d56a454bd70} 'getCountString' '(Lorg/apache/xalan/transformer/TransformerImpl;I)Ljava/lang/String;' in 'org/apache/xalan/templates/ElemNumber')}
  0x00007a03ccc943f8: 8940 1048 | bbd0 9585 | a456 6d00 | 00ff 8318 | 0300 00e9 | 2706 0000 | 8b7e 4c83 

  0x00007a03ccc94414: ;   {metadata(method data for {method} {0x00006d56a454bd70} 'getCountString' '(Lorg/apache/xalan/transformer/TransformerImpl;I)Ljava/lang/String;' in 'org/apache/xalan/templates/ElemNumber')}
  0x00007a03ccc94414: ff03 48bb | d095 85a4 | 566d 0000 | 48c7 c230 | 0300 0075 | 0748 c7c2 | 4003 0000 | 488b 0413 
  0x00007a03ccc94434: 488d 4001 | 4889 0413 | 0f85 7101 | 0000 bb01 

  0x00007a03ccc94444: ;   {metadata({type array long})}
  0x00007a03ccc94444: 0000 0048 | ba70 2b00 | af56 6d00 | 004c 8bde | 4863 db48 | 8bfb 4881 | fbff ffff | 000f 8720 
  0x00007a03ccc94464: 0800 0048 | c7c6 1700 | 0000 488d | 34de 4883 | e6f8 4881 | fe00 4000 | 000f 8304 | 0800 0049 
  0x00007a03ccc94484: 8b87 b804 | 0000 488d | 0c30 483b | c80f 82f0 | 0700 0049 | 3b8f c004 | 0000 0f87 | e307 0000 
  0x00007a03ccc944a4: 4989 8fb8 | 0400 0048 | 8bf8 48c1 | ef06 49ba | 0000 4028 | 576d 0000 | 458a 143a | 488b c848 
  0x00007a03ccc944c4: c1e9 0348 | 83e1 0748 | c7c7 0100 | 0000 48d3 | e74c 0bd7 | 488b f848 | c1ef 0648 | b900 0040 
  0x00007a03ccc944e4: 2857 6d00 | 0044 8814 | 3949 01b7 | 2802 0000 | 4983 8728 | 0200 0000 | 48c7 0001 | 0000 0048 
  0x00007a03ccc94504: 8bca 49ba | 0000 00af | 566d 0000 | 492b ca89 | 4808 8958 | 0c48 83ee | 1048 85f6 | 0f84 1100 
  0x00007a03ccc94524: 0000 4833 | db48 c1ee | 0348 895c | f008 48ff | ce75 f649 | 3b01 498b 

  0x00007a03ccc9453c: ;   {metadata(method data for {method} {0x00006d56a454bd70} 'getCountString' '(Lorg/apache/xalan/transformer/TransformerImpl;I)Ljava/lang/String;' in 'org/apache/xalan/templates/ElemNumber')}
  0x00007a03ccc9453c: d148 b9d0 | 9585 a456 

  0x00007a03ccc94544: ;   {metadata('org/apache/xalan/transformer/CountersTable')}
  0x00007a03ccc94544: 6d00 0049 | ba58 ec0e | b056 6d00 | 004c 8991 | 6003 0000 | 4883 8168 | 0300 0001 | 488b 9424 
  0x00007a03ccc94564: a800 0000 | 498b cb44 | 8b84 24b0 | 0000 0049 | 8bf1 4889 | 8424 b800 

  0x00007a03ccc9457c: ;   {optimized virtual_call}
  0x00007a03ccc9457c: 0000 90e8 

  0x00007a03ccc94580: ; ImmutableOopMap {[152]=Oop [160]=Oop [184]=Oop }
                      ;*invokevirtual countNode {reexecute=0 rethrow=0 return_oop=0}
                      ; - org.apache.xalan.templates.ElemNumber::getCountString@136 (line 823)
  0x00007a03ccc94580: fc0a fd06 

  0x00007a03ccc94584: ;   {other}
  0x00007a03ccc94584: 0f1f 8400 | 740d 0004 | 4863 c048 | 8b94 24b8 | 0000 0048 

  0x00007a03ccc94598: ;   {metadata(method data for {method} {0x00006d56a454bd70} 'getCountString' '(Lorg/apache/xalan/transformer/TransformerImpl;I)Ljava/lang/String;' in 'org/apache/xalan/templates/ElemNumber')}
  0x00007a03ccc94598: 8942 1048 | b9d0 9585 | a456 6d00 | 00ff 8188 | 0300 0048 | 8bc2 e984 | 0400 0083 

  0x00007a03ccc945b4: ;   {metadata(method data for {method} {0x00006d56a454bd70} 'getCountString' '(Lorg/apache/xalan/transformer/TransformerImpl;I)Ljava/lang/String;' in 'org/apache/xalan/templates/ElemNumber')}
  0x00007a03ccc945b4: ff01 48ba | d095 85a4 | 566d 0000 | 48c7 c1a0 | 0300 0075 | 0748 c7c1 | b003 0000 | 4c8b 040a 
  0x00007a03ccc945d4: 4d8d 4001 | 4c89 040a | 0f85 1b00 

  0x00007a03ccc945e0: ;   {metadata(method data for {method} {0x00006d56a454bd70} 'getCountString' '(Lorg/apache/xalan/transformer/TransformerImpl;I)Ljava/lang/String;' in 'org/apache/xalan/templates/ElemNumber')}
  0x00007a03ccc945e0: 0000 48ba | d095 85a4 | 566d 0000 | ff82 c003 | 0000 41b8 | 0100 0000 | e906 0000 | 0041 b800 
  0x00007a03ccc94600: 0000 0048 | 8bb4 24a0 

  0x00007a03ccc94608: ;   {metadata(method data for {method} {0x00006d56a454bd70} 'getCountString' '(Lorg/apache/xalan/transformer/TransformerImpl;I)Ljava/lang/String;' in 'org/apache/xalan/templates/ElemNumber')}
  0x00007a03ccc94608: 0000 0048 | bad0 9585 | a456 6d00 

  0x00007a03ccc94614: ;   {metadata('org/apache/xalan/templates/ElemNumber')}
  0x00007a03ccc94614: 0049 ba90 | 8b08 b056 | 6d00 004c | 8992 e803 | 0000 4883 | 82f0 0300 | 0001 488b | 9424 a800 
  0x00007a03ccc94634: 0000 8b8c | 24b0 0000 | 0048 8bb4 | 24a0 0000 

  0x00007a03ccc94644: ;   {optimized virtual_call}
  0x00007a03ccc94644: 0066 90e8 

  0x00007a03ccc94648: ; ImmutableOopMap {[152]=Oop [160]=Oop [168]=Oop [192]=Oop }
                      ;*invokevirtual getMatchingAncestors {reexecute=0 rethrow=0 return_oop=0}
                      ; - org.apache.xalan.templates.ElemNumber::getCountString@161 (line 828)
  0x00007a03ccc94648: d48c 9507 

  0x00007a03ccc9464c: ;   {other}
  0x00007a03ccc9464c: 0f1f 8400 | 3c0e 0005 | 4889 8424 | c800 0000 

  0x00007a03ccc9465c: ; implicit exception: dispatches to 0x00007a03ccc94c96
  0x00007a03ccc9465c: 483b 0048 

  0x00007a03ccc94660: ;   {metadata(method data for {method} {0x00006d56a454bd70} 'getCountString' '(Lorg/apache/xalan/transformer/TransformerImpl;I)Ljava/lang/String;' in 'org/apache/xalan/templates/ElemNumber')}
  0x00007a03ccc94660: 8bf0 48bf | d095 85a4 | 566d 0000 | 8b76 0849 | ba00 0000 | af56 6d00 | 0049 03f2 | 483b b720 
  0x00007a03ccc94680: 0400 0075 | 0d48 8387 | 2804 0000 | 01e9 6000 | 0000 483b | b730 0400 | 0075 0d48 | 8387 3804 
  0x00007a03ccc946a0: 0000 01e9 | 4a00 0000 | 4883 bf20 | 0400 0000 | 7517 4889 | b720 0400 | 0048 c787 | 2804 0000 
  0x00007a03ccc946c0: 0100 0000 | e929 0000 | 0048 83bf | 3004 0000 | 0075 1748 | 89b7 3004 | 0000 48c7 | 8738 0400 
  0x00007a03ccc946e0: 0001 0000 | 00e9 0800 | 0000 4883 | 8710 0400 | 0001 488b | f048 b868 | 7a08 b056 

  0x00007a03ccc946fc: ;   {virtual_call}
  0x00007a03ccc946fc: 6d00 00e8 

  0x00007a03ccc94700: ; ImmutableOopMap {[152]=Oop [160]=Oop [168]=Oop [192]=Oop [200]=Oop }
                      ;*invokevirtual size {reexecute=0 rethrow=0 return_oop=0}
                      ; - org.apache.xalan.templates.ElemNumber::getCountString@168 (line 830)
  0x00007a03ccc94700: fc79 8c07 

  0x00007a03ccc94704: ;   {other}
  0x00007a03ccc94704: 0f1f 8400 | f40e 0006 | ffc8 8984 | 24b4 0000 

  0x00007a03ccc94714: ;   {metadata(method data for {method} {0x00006d56a454bd70} 'getCountString' '(Lorg/apache/xalan/transformer/TransformerImpl;I)Ljava/lang/String;' in 'org/apache/xalan/templates/ElemNumber')}
  0x00007a03ccc94714: 0085 c048 | bbd0 9585 | a456 6d00 | 0048 c7c2 | 5804 0000 | 7d07 48c7 | c248 0400 | 0048 8b34 
  0x00007a03ccc94734: 1348 8d76 | 0148 8934 | 130f 8d0f 

  0x00007a03ccc94740: ;   {oop(nullptr)}
  0x00007a03ccc94740: 0000 0048 | b800 0000 | 0000 0000 | 00e9 e502 | 0000 488b 

  0x00007a03ccc94754: ;   {metadata({type array long})}
  0x00007a03ccc94754: d8ff c348 | ba70 2b00 | af56 6d00 | 004c 8bc0 | 4863 db48 | 8bfb 4881 | fbff ffff | 000f 8724 
  0x00007a03ccc94774: 0500 0048 | c7c6 1700 | 0000 488d | 34de 4883 | e6f8 4881 | fe00 4000 | 000f 8308 | 0500 0049 
  0x00007a03ccc94794: 8b87 b804 | 0000 488d | 0c30 483b | c80f 82f4 | 0400 0049 | 3b8f c004 | 0000 0f87 | e704 0000 
  0x00007a03ccc947b4: 4989 8fb8 | 0400 0048 | 8bf8 48c1 | ef06 49ba | 0000 4028 | 576d 0000 | 458a 143a | 488b c848 
  0x00007a03ccc947d4: c1e9 0348 | 83e1 0748 | c7c7 0100 | 0000 48d3 | e74c 0bd7 | 488b f848 | c1ef 0648 | b900 0040 
  0x00007a03ccc947f4: 2857 6d00 | 0044 8814 | 3949 01b7 | 2802 0000 | 4983 8728 | 0200 0000 | 48c7 0001 | 0000 0048 
  0x00007a03ccc94814: 8bca 49ba | 0000 00af | 566d 0000 | 492b ca89 | 4808 8958 | 0c48 83ee | 1048 85f6 | 0f84 1100 
  0x00007a03ccc94834: 0000 4833 | db48 c1ee | 0348 895c | f008 48ff | ce75 f648 | 8984 24d8 | 0000 0049 | 8bf8 e99f 
  0x00007a03ccc94854: ;   {no_reloc}
  0x00007a03ccc94854: 0100 0090 

  0x00007a03ccc94858: ;   {metadata(method data for {method} {0x00006d56a454bd70} 'getCountString' '(Lorg/apache/xalan/transformer/TransformerImpl;I)Ljava/lang/String;' in 'org/apache/xalan/templates/ElemNumber')}
  0x00007a03ccc94858: 488b d049 | bbd0 9585 | a456 6d00 | 008b 5208 | 49ba 0000 | 00af 566d | 0000 4903 | d249 3b93 
  0x00007a03ccc94878: 9804 0000 | 750d 4983 | 83a0 0400 | 0001 e960 | 0000 0049 | 3b93 a804 | 0000 750d | 4983 83b0 
  0x00007a03ccc94898: 0400 0001 | e94a 0000 | 0049 83bb | 9804 0000 | 0075 1749 | 8993 9804 | 0000 49c7 | 83a0 0400 
  0x00007a03ccc948b8: 0001 0000 | 00e9 2900 | 0000 4983 | bba8 0400 | 0000 7517 | 4989 93a8 | 0400 0049 | c783 b004 
  0x00007a03ccc948d8: 0000 0100 | 0000 e908 | 0000 0049 | 8383 8804 | 0000 0148 | 8bd7 488b | f089 bc24 | d000 0000 
  0x00007a03ccc948f8: 0f1f 4400 | 0048 b868 | 7a08 b056 

  0x00007a03ccc94904: ;   {virtual_call}
  0x00007a03ccc94904: 6d00 00e8 

  0x00007a03ccc94908: ; ImmutableOopMap {[152]=Oop [160]=Oop [168]=Oop [192]=Oop [200]=Oop [216]=Oop }
                      ;*invokevirtual elementAt {reexecute=0 rethrow=0 return_oop=0}
                      ; - org.apache.xalan.templates.ElemNumber::getCountString@200 (line 838)
  0x00007a03ccc94908: 949a 8c07 

  0x00007a03ccc9490c: ;   {other}
  0x00007a03ccc9490c: 0f1f 8400 | fc10 0007 | 4c8b 8c24 | c000 0000 

  0x00007a03ccc9491c: ; implicit exception: dispatches to 0x00007a03ccc94ca5
  0x00007a03ccc9491c: 493b 0149 

  0x00007a03ccc94920: ;   {metadata(method data for {method} {0x00006d56a454bd70} 'getCountString' '(Lorg/apache/xalan/transformer/TransformerImpl;I)Ljava/lang/String;' in 'org/apache/xalan/templates/ElemNumber')}
  0x00007a03ccc94920: 8bd1 48b9 | d095 85a4 | 566d 0000 

  0x00007a03ccc9492c: ;   {metadata('org/apache/xalan/transformer/CountersTable')}
  0x00007a03ccc9492c: 49ba 58ec | 0eb0 566d | 0000 4c89 | 91d0 0400 | 0048 8381 | d804 0000 | 018b bc24 | b400 0000 
  0x00007a03ccc9494c: 2bbc 24d0 | 0000 0048 | 8b94 24a8 | 0000 0048 | 8b8c 24a0 | 0000 004c | 8bc0 498b | f189 bc24 
  0x00007a03ccc9496c: d400 0000 | 0f1f 8000 

  0x00007a03ccc94974: ;   {optimized virtual_call}
  0x00007a03ccc94974: 0000 00e8 

  0x00007a03ccc94978: ; ImmutableOopMap {[152]=Oop [160]=Oop [168]=Oop [192]=Oop [200]=Oop [216]=Oop }
                      ;*invokevirtual countNode {reexecute=0 rethrow=0 return_oop=0}
                      ; - org.apache.xalan.templates.ElemNumber::getCountString@218 (line 840)
  0x00007a03ccc94978: a44a fcff 

  0x00007a03ccc9497c: ;   {other}
  0x00007a03ccc9497c: 0f1f 8400 | 6c11 0008 | 4863 c048 | 8b94 24d8 | 0000 008b | bc24 d400 | 0000 3b7a | 0c0f 830b 
  0x00007a03ccc9499c: 0300 0048 | 63ff 4889 | 44fa 108b | bc24 d000 | 0000 ffcf 

  0x00007a03ccc949b0: ;   {metadata(method data for {method} {0x00006d56a454bd70} 'getCountString' '(Lorg/apache/xalan/transformer/TransformerImpl;I)Ljava/lang/String;' in 'org/apache/xalan/templates/ElemNumber')}
  0x00007a03ccc949b0: 48b9 d095 | 85a4 566d | 0000 448b | 81f8 0000 | 0041 83c0 | 0244 8981 | f800 0000 | 4181 e0fe 
  0x00007a03ccc949d0: 3f00 0045 | 85c0 0f84 | dc02 0000 | 4d8b 9770 

  0x00007a03ccc949e0: ; ImmutableOopMap {rdx=Oop [152]=Oop [160]=Oop [168]=Oop [192]=Oop [200]=Oop [216]=Oop }
                      ;*goto {reexecute=1 rethrow=0 return_oop=0}
                      ; - (reexecute) org.apache.xalan.templates.ElemNumber::getCountString@226 (line 836)
                      ;   {poll}
  0x00007a03ccc949e0: 0700 0041 

  0x00007a03ccc949e4: ;   {metadata(method data for {method} {0x00006d56a454bd70} 'getCountString' '(Lorg/apache/xalan/transformer/TransformerImpl;I)Ljava/lang/String;' in 'org/apache/xalan/templates/ElemNumber')}
  0x00007a03ccc949e4: 8502 48b9 | d095 85a4 | 566d 0000 | ff81 f804 | 0000 488b | 8424 c800 | 0000 85ff 

  0x00007a03ccc94a00: ;   {metadata(method data for {method} {0x00006d56a454bd70} 'getCountString' '(Lorg/apache/xalan/transformer/TransformerImpl;I)Ljava/lang/String;' in 'org/apache/xalan/templates/ElemNumber')}
  0x00007a03ccc94a00: 48ba d095 | 85a4 566d | 0000 49c7 | c378 0400 | 007d 0749 | c7c3 6804 | 0000 4e8b | 2c1a 4d8d 
  0x00007a03ccc94a20: 6d01 4e89 | 2c1a 0f8d | 2cfe ffff | 488b 9424 | d800 0000 | 488b c248 

  0x00007a03ccc94a38: ;   {metadata(method data for {method} {0x00006d56a454bd70} 'getCountString' '(Lorg/apache/xalan/transformer/TransformerImpl;I)Ljava/lang/String;' in 'org/apache/xalan/templates/ElemNumber')}
  0x00007a03ccc94a38: 85c0 48ba | d095 85a4 | 566d 0000 | 48c7 c110 | 0500 0074 | 0748 c7c1 | 2005 0000 | 4c8b 040a 
  0x00007a03ccc94a58: 4d8d 4001 | 4c89 040a | 0f84 7400 | 0000 448b | 8424 b000 | 0000 488b | 9424 9800 | 0000 488b 
  0x00007a03ccc94a78: b424 a000 | 0000 488b 

  0x00007a03ccc94a80: ;   {metadata(method data for {method} {0x00006d56a454bd70} 'getCountString' '(Lorg/apache/xalan/transformer/TransformerImpl;I)Ljava/lang/String;' in 'org/apache/xalan/templates/ElemNumber')}
  0x00007a03ccc94a80: ce48 bfd0 | 9585 a456 

  0x00007a03ccc94a88: ;   {metadata('org/apache/xalan/templates/ElemNumber')}
  0x00007a03ccc94a88: 6d00 0049 | ba90 8b08 | b056 6d00 | 004c 8997 | 4005 0000 | 4883 8748 | 0500 0001 

  0x00007a03ccc94aa4: ;   {optimized virtual_call}
  0x00007a03ccc94aa4: 488b c8e8 

  0x00007a03ccc94aa8: ; ImmutableOopMap {}
                      ;*invokevirtual formatNumberList {reexecute=0 rethrow=0 return_oop=0}
                      ; - org.apache.xalan.templates.ElemNumber::getCountString@238 (line 847)
  0x00007a03ccc94aa8: 94d0 0100 

  0x00007a03ccc94aac: ;   {other}
  0x00007a03ccc94aac: 0f1f 8400 | 9c12 000a 

  0x00007a03ccc94ab4: ;   {metadata(method data for {method} {0x00006d56a454bd70} 'getCountString' '(Lorg/apache/xalan/transformer/TransformerImpl;I)Ljava/lang/String;' in 'org/apache/xalan/templates/ElemNumber')}
  0x00007a03ccc94ab4: 48be d095 | 85a4 566d | 0000 ff86 | 6805 0000 | 4881 c4f0 | 0000 005d 

  0x00007a03ccc94acc: ;   {poll_return}
  0x00007a03ccc94acc: 493b a768 | 0700 000f | 8700 0200 

  0x00007a03ccc94ad8: ;   {oop(""{0x00000000403ffed0})}
  0x00007a03ccc94ad8: 00c3 48b8 | d0fe 3f40 | 0000 0000 | 4881 c4f0 | 0000 005d 

  0x00007a03ccc94aec: ;   {poll_return}
  0x00007a03ccc94aec: 493b a768 | 0700 000f | 87f6 0100 

  0x00007a03ccc94af8: ;   {oop("0"{0x00000000403d9bf0})}
  0x00007a03ccc94af8: 00c3 48b8 | f09b 3d40 | 0000 0000 | 4881 c4f0 | 0000 005d 

  0x00007a03ccc94b0c: ;   {poll_return}
  0x00007a03ccc94b0c: 493b a768 | 0700 000f | 87ec 0100 

  0x00007a03ccc94b18: ;   {oop("Infinity"{0x000000004010ccb0})}
  0x00007a03ccc94b18: 00c3 48b8 | b0cc 1040 | 0000 0000 | 4881 c4f0 | 0000 005d 

  0x00007a03ccc94b2c: ;   {poll_return}
  0x00007a03ccc94b2c: 493b a768 | 0700 000f | 87e2 0100 

  0x00007a03ccc94b38: ;   {oop("-Infinity"{0x000000004010ceb0})}
  0x00007a03ccc94b38: 00c3 48b8 | b0ce 1040 | 0000 0000 | 4881 c4f0 | 0000 005d 

  0x00007a03ccc94b4c: ;   {poll_return}
  0x00007a03ccc94b4c: 493b a768 | 0700 000f | 87d8 0100 

  0x00007a03ccc94b58: ;   {oop("NaN"{0x000000004010cce0})}
  0x00007a03ccc94b58: 00c3 48b8 | e0cc 1040 | 0000 0000 | 4881 c4f0 | 0000 005d 

  0x00007a03ccc94b6c: ;   {poll_return}
  0x00007a03ccc94b6c: 493b a768 | 0700 000f | 87ce 0100 

  0x00007a03ccc94b78: ;   {metadata({method} {0x00006d56a454bd70} 'getCountString' '(Lorg/apache/xalan/transformer/TransformerImpl;I)Ljava/lang/String;' in 'org/apache/xalan/templates/ElemNumber')}
  0x00007a03ccc94b78: 00c3 49ba | 70bd 54a4 | 566d 0000 | 4c89 5424 | 0848 c704 | 24ff ffff 

  0x00007a03ccc94b90: ;   {runtime_call counter_overflow Runtime1 stub}
  0x00007a03ccc94b90: ffe8 6a3e 

  0x00007a03ccc94b94: ; ImmutableOopMap {rsi=Oop rdx=Oop [152]=Oop [160]=Oop }
                      ;*synchronization entry
                      ; - org.apache.xalan.templates.ElemNumber::getCountString@-1 (line 799)
  0x00007a03ccc94b94: 0807 e93a 

  0x00007a03ccc94b98: ;   {runtime_call throw_null_pointer_exception Runtime1 stub}
  0x00007a03ccc94b98: f0ff ffe8 

  0x00007a03ccc94b9c: ; ImmutableOopMap {rsi=Oop rdx=Oop [152]=Oop [160]=Oop }
                      ;*invokevirtual getXPathContext {reexecute=0 rethrow=0 return_oop=0}
                      ; - org.apache.xalan.templates.ElemNumber::getCountString@3 (line 800)
  0x00007a03ccc94b9c: e0ce 0707 

  0x00007a03ccc94ba0: ;   {metadata({method} {0x00006d56a4657080} 'getCountersTable' '()Lorg/apache/xalan/transformer/CountersTable;' in 'org/apache/xalan/transformer/TransformerImpl')}
  0x00007a03ccc94ba0: 49ba 8070 | 65a4 566d | 0000 4c89 | 5424 0848 | c704 24ff 

  0x00007a03ccc94bb4: ;   {runtime_call counter_overflow Runtime1 stub}
  0x00007a03ccc94bb4: ffff ffe8 

  0x00007a03ccc94bb8: ; ImmutableOopMap {rsi=Oop rdx=Oop rbx=Oop [152]=Oop [160]=Oop [168]=Oop }
                      ;*synchronization entry
                      ; - org.apache.xalan.transformer.TransformerImpl::getCountersTable@-1 (line 3014)
                      ; - org.apache.xalan.templates.ElemNumber::getCountString@9 (line 801)
  0x00007a03ccc94bb8: 443e 0807 | e983 f0ff | ff48 8bd2 

  0x00007a03ccc94bc4: ;   {runtime_call fast_new_instance Runtime1 stub}
  0x00007a03ccc94bc4: e8b7 d707 

  0x00007a03ccc94bc8: ; ImmutableOopMap {[152]=Oop [160]=Oop [168]=Oop }
                      ;*new {reexecute=0 rethrow=0 return_oop=0}
                      ; - org.apache.xalan.transformer.TransformerImpl::getCountersTable@9 (line 3015)
                      ; - org.apache.xalan.templates.ElemNumber::getCountString@9 (line 801)
  0x00007a03ccc94bc8: 07e9 67f1 

  0x00007a03ccc94bcc: ;   {metadata({method} {0x00006d56a4795d50} '<init>' '()V' in 'org/apache/xalan/transformer/CountersTable')}
  0x00007a03ccc94bcc: ffff 49ba | 505d 79a4 | 566d 0000 | 4c89 5424 | 0848 c704 | 24ff ffff 

  0x00007a03ccc94be4: ;   {runtime_call counter_overflow Runtime1 stub}
  0x00007a03ccc94be4: ffe8 163e 

  0x00007a03ccc94be8: ; ImmutableOopMap {rax=Oop [152]=Oop [160]=Oop [168]=Oop }
                      ;*synchronization entry
                      ; - org.apache.xalan.transformer.CountersTable::<init>@-1 (line 47)
                      ; - org.apache.xalan.transformer.TransformerImpl::getCountersTable@13 (line 3015)
                      ; - org.apache.xalan.templates.ElemNumber::getCountString@9 (line 801)
  0x00007a03ccc94be8: 0807 e982 

  0x00007a03ccc94bec: ;   {metadata({method} {0x00006d56af4601f0} '<init>' '()V' in 'java/util/Hashtable')}
  0x00007a03ccc94bec: f1ff ff49 | baf0 0146 | af56 6d00 | 004c 8954 | 2408 48c7 | 0424 ffff 

  0x00007a03ccc94c04: ;   {runtime_call counter_overflow Runtime1 stub}
  0x00007a03ccc94c04: ffff e8f5 

  0x00007a03ccc94c08: ; ImmutableOopMap {rax=Oop [152]=Oop [160]=Oop [168]=Oop }
                      ;*synchronization entry
                      ; - java.util.Hashtable::<init>@-1 (line 217)
                      ; - org.apache.xalan.transformer.CountersTable::<init>@1 (line 47)
                      ; - org.apache.xalan.transformer.TransformerImpl::getCountersTable@13 (line 3015)
                      ; - org.apache.xalan.templates.ElemNumber::getCountString@9 (line 801)
  0x00007a03ccc94c08: 3d08 07e9 | 9df1 ffff 

  0x00007a03ccc94c10: ;   {runtime_call throw_null_pointer_exception Runtime1 stub}
  0x00007a03ccc94c10: e86b ce07 

  0x00007a03ccc94c14: ; ImmutableOopMap {rsi=Oop rdi=Oop [152]=Oop [160]=Oop [168]=Oop }
                      ;*invokevirtual execute {reexecute=0 rethrow=0 return_oop=0}
                      ; - org.apache.xalan.templates.ElemNumber::getCountString@30 (line 805)
                      ;   {runtime_call throw_null_pointer_exception Runtime1 stub}
  0x00007a03ccc94c14: 07e8 66ce 

  0x00007a03ccc94c18: ; ImmutableOopMap {rax=Oop [152]=Oop [160]=Oop }
                      ;*invokevirtual num {reexecute=0 rethrow=0 return_oop=0}
                      ; - org.apache.xalan.templates.ElemNumber::getCountString@37 (line 807)
                      ;   {metadata({method} {0x00006d56af033f50} 'isNaN' '(D)Z' in 'java/lang/Double')}
  0x00007a03ccc94c18: 0707 49ba | 503f 03af | 566d 0000 | 4c89 5424 | 0848 c704 | 24ff ffff 

  0x00007a03ccc94c30: ;   {runtime_call counter_overflow Runtime1 stub}
  0x00007a03ccc94c30: ffe8 ca3d 

  0x00007a03ccc94c34: ; ImmutableOopMap {[152]=Oop [160]=Oop }
                      ;*synchronization entry
                      ; - java.lang.Double::isNaN@-1 (line 808)
                      ; - org.apache.xalan.templates.ElemNumber::getCountString@51 (line 808)
  0x00007a03ccc94c34: 0807 e962 

  0x00007a03ccc94c38: ;   {metadata({method} {0x00006d56af033a08} 'isInfinite' '(D)Z' in 'java/lang/Double')}
  0x00007a03ccc94c38: f3ff ff49 | ba08 3a03 | af56 6d00 | 004c 8954 | 2408 48c7 | 0424 ffff 

  0x00007a03ccc94c50: ;   {runtime_call counter_overflow Runtime1 stub}
  0x00007a03ccc94c50: ffff e8a9 

  0x00007a03ccc94c54: ; ImmutableOopMap {[152]=Oop [160]=Oop }
                      ;*synchronization entry
                      ; - java.lang.Double::isInfinite@-1 (line 825)
                      ; - org.apache.xalan.templates.ElemNumber::getCountString@69 (line 809)
  0x00007a03ccc94c54: 3d08 07e9 | 6ff4 ffff 

  0x00007a03ccc94c5c: ;   {metadata({method} {0x00006d56af033a08} 'isInfinite' '(D)Z' in 'java/lang/Double')}
  0x00007a03ccc94c5c: 49ba 083a | 03af 566d | 0000 4c89 | 5424 0848 | c704 24ff 

  0x00007a03ccc94c70: ;   {runtime_call counter_overflow Runtime1 stub}
  0x00007a03ccc94c70: ffff ffe8 

  0x00007a03ccc94c74: ; ImmutableOopMap {[152]=Oop [160]=Oop }
                      ;*synchronization entry
                      ; - java.lang.Double::isInfinite@-1 (line 825)
                      ; - org.apache.xalan.templates.ElemNumber::getCountString@80 (line 810)
  0x00007a03ccc94c74: 883d 0807 | e94e f5ff 

  0x00007a03ccc94c7c: ;   {runtime_call new_type_array Runtime1 stub}
  0x00007a03ccc94c7c: ffe8 fedc 

  0x00007a03ccc94c80: ; ImmutableOopMap {[152]=Oop [160]=Oop }
                      ;*newarray {reexecute=0 rethrow=0 return_oop=0}
                      ; - org.apache.xalan.templates.ElemNumber::getCountString@105 (line 814)
  0x00007a03ccc94c80: 0707 e970 

  0x00007a03ccc94c84: ;   {runtime_call new_type_array Runtime1 stub}
  0x00007a03ccc94c84: f7ff ffe8 

  0x00007a03ccc94c88: ; ImmutableOopMap {r9=Oop r11=Oop [152]=Oop [160]=Oop [168]=Oop [192]=Oop }
                      ;*newarray {reexecute=0 rethrow=0 return_oop=0}
                      ; - org.apache.xalan.templates.ElemNumber::getCountString@125 (line 822)
  0x00007a03ccc94c88: f4dc 0707 | e9a6 f8ff 

  0x00007a03ccc94c90: ;   {runtime_call throw_null_pointer_exception Runtime1 stub}
  0x00007a03ccc94c90: ffe8 eacd 

  0x00007a03ccc94c94: ; ImmutableOopMap {r9=Oop r11=Oop rax=Oop [152]=Oop [160]=Oop [168]=Oop [192]=Oop }
                      ;*invokevirtual countNode {reexecute=0 rethrow=0 return_oop=0}
                      ; - org.apache.xalan.templates.ElemNumber::getCountString@136 (line 823)
                      ;   {runtime_call throw_null_pointer_exception Runtime1 stub}
  0x00007a03ccc94c94: 0707 e8e5 

  0x00007a03ccc94c98: ; ImmutableOopMap {rax=Oop [152]=Oop [160]=Oop [168]=Oop [192]=Oop [200]=Oop }
                      ;*invokevirtual size {reexecute=0 rethrow=0 return_oop=0}
                      ; - org.apache.xalan.templates.ElemNumber::getCountString@168 (line 830)
                      ;   {runtime_call new_type_array Runtime1 stub}
  0x00007a03ccc94c98: cd07 07e8 

  0x00007a03ccc94c9c: ; ImmutableOopMap {[152]=Oop [160]=Oop [168]=Oop [192]=Oop [200]=Oop }
                      ;*newarray {reexecute=0 rethrow=0 return_oop=0}
                      ; - org.apache.xalan.templates.ElemNumber::getCountString@184 (line 834)
  0x00007a03ccc94c9c: e0dc 0707 | e9a2 fbff 

  0x00007a03ccc94ca4: ;   {runtime_call throw_null_pointer_exception Runtime1 stub}
  0x00007a03ccc94ca4: ffe8 d6cd 

  0x00007a03ccc94ca8: ; ImmutableOopMap {r9=Oop [152]=Oop [160]=Oop [168]=Oop [192]=Oop [200]=Oop [216]=Oop }
                      ;*invokevirtual countNode {reexecute=0 rethrow=0 return_oop=0}
                      ; - org.apache.xalan.templates.ElemNumber::getCountString@218 (line 840)
  0x00007a03ccc94ca8: 0707 4889 | 3c24 4889 

  0x00007a03ccc94cb0: ;   {runtime_call throw_range_check_failed Runtime1 stub}
  0x00007a03ccc94cb0: 5424 08e8 

  0x00007a03ccc94cb4: ; ImmutableOopMap {rdx=Oop [152]=Oop [160]=Oop [168]=Oop [192]=Oop [200]=Oop [216]=Oop }
                      ;*lastore {reexecute=0 rethrow=0 return_oop=0}
                      ; - org.apache.xalan.templates.ElemNumber::getCountString@222 (line 840)
  0x00007a03ccc94cb4: c8be 0707 

  0x00007a03ccc94cb8: ;   {metadata({method} {0x00006d56a454bd70} 'getCountString' '(Lorg/apache/xalan/transformer/TransformerImpl;I)Ljava/lang/String;' in 'org/apache/xalan/templates/ElemNumber')}
  0x00007a03ccc94cb8: 49ba 70bd | 54a4 566d | 0000 4c89 | 5424 0848 | c704 24e2 

  0x00007a03ccc94ccc: ;   {runtime_call counter_overflow Runtime1 stub}
  0x00007a03ccc94ccc: 0000 00e8 

  0x00007a03ccc94cd0: ; ImmutableOopMap {rdx=Oop [152]=Oop [160]=Oop [168]=Oop [192]=Oop [200]=Oop [216]=Oop }
                      ;*goto {reexecute=1 rethrow=0 return_oop=0}
                      ; - (reexecute) org.apache.xalan.templates.ElemNumber::getCountString@226 (line 836)
  0x00007a03ccc94cd0: 2c3d 0807 | e903 fdff 

  0x00007a03ccc94cd8: ;   {internal_word}
  0x00007a03ccc94cd8: ff49 bacc | 4ac9 cc03 | 7a00 004d | 8997 8007 

  0x00007a03ccc94ce8: ;   {runtime_call SafepointBlob}
  0x00007a03ccc94ce8: 0000 e911 

  0x00007a03ccc94cec: ;   {internal_word}
  0x00007a03ccc94cec: 67fd 0649 | baec 4ac9 | cc03 7a00 | 004d 8997 | 8007 0000 

  0x00007a03ccc94d00: ;   {runtime_call SafepointBlob}
  0x00007a03ccc94d00: e9fb 66fd 

  0x00007a03ccc94d04: ;   {internal_word}
  0x00007a03ccc94d04: 0649 ba0c | 4bc9 cc03 | 7a00 004d | 8997 8007 

  0x00007a03ccc94d14: ;   {runtime_call SafepointBlob}
  0x00007a03ccc94d14: 0000 e9e5 

  0x00007a03ccc94d18: ;   {internal_word}
  0x00007a03ccc94d18: 66fd 0649 | ba2c 4bc9 | cc03 7a00 | 004d 8997 | 8007 0000 

  0x00007a03ccc94d2c: ;   {runtime_call SafepointBlob}
  0x00007a03ccc94d2c: e9cf 66fd 

  0x00007a03ccc94d30: ;   {internal_word}
  0x00007a03ccc94d30: 0649 ba4c | 4bc9 cc03 | 7a00 004d | 8997 8007 

  0x00007a03ccc94d40: ;   {runtime_call SafepointBlob}
  0x00007a03ccc94d40: 0000 e9b9 

  0x00007a03ccc94d44: ;   {internal_word}
  0x00007a03ccc94d44: 66fd 0649 | ba6c 4bc9 | cc03 7a00 | 004d 8997 | 8007 0000 

  0x00007a03ccc94d58: ;   {runtime_call SafepointBlob}
  0x00007a03ccc94d58: e9a3 66fd | 0649 8b87 | 1808 0000 | 49c7 8718 | 0800 0000 | 0000 0049 | c787 2008 | 0000 0000 
  0x00007a03ccc94d78: 0000 4881 | c4f0 0000 

  0x00007a03ccc94d80: ;   {runtime_call unwind_exception Runtime1 stub}
  0x00007a03ccc94d80: 005d e9f9 | b707 07f4 
[Stub Code]
  0x00007a03ccc94d88: ;   {no_reloc}
  0x00007a03ccc94d88: 0f1f 4400 

  0x00007a03ccc94d8c: ;   {static_stub}
  0x00007a03ccc94d8c: 0048 bb00 | 0000 0000 

  0x00007a03ccc94d94: ;   {runtime_call nmethod}
  0x00007a03ccc94d94: 0000 00e9 | fbff ffff 

  0x00007a03ccc94d9c: ;   {static_stub}
  0x00007a03ccc94d9c: 9048 bb00 | 0000 0000 

  0x00007a03ccc94da4: ;   {runtime_call nmethod}
  0x00007a03ccc94da4: 0000 00e9 | fbff ffff 

  0x00007a03ccc94dac: ;   {static_stub}
  0x00007a03ccc94dac: 9048 bb00 | 0000 0000 

  0x00007a03ccc94db4: ;   {runtime_call nmethod}
  0x00007a03ccc94db4: 0000 00e9 | fbff ffff 

  0x00007a03ccc94dbc: ;   {static_stub}
  0x00007a03ccc94dbc: 9048 bb00 | 0000 0000 

  0x00007a03ccc94dc4: ;   {runtime_call nmethod}
  0x00007a03ccc94dc4: 0000 00e9 | fbff ffff 

  0x00007a03ccc94dcc: ;   {static_stub}
  0x00007a03ccc94dcc: 9048 bb00 | 0000 0000 

  0x00007a03ccc94dd4: ;   {runtime_call nmethod}
  0x00007a03ccc94dd4: 0000 00e9 | fbff ffff 

  0x00007a03ccc94ddc: ;   {static_stub}
  0x00007a03ccc94ddc: 9048 bb00 | 0000 0000 

  0x00007a03ccc94de4: ;   {runtime_call nmethod}
  0x00007a03ccc94de4: 0000 00e9 | fbff ffff 

  0x00007a03ccc94dec: ;   {static_stub}
  0x00007a03ccc94dec: 9048 bb00 | 0000 0000 

  0x00007a03ccc94df4: ;   {runtime_call nmethod}
  0x00007a03ccc94df4: 0000 00e9 | fbff ffff 

  0x00007a03ccc94dfc: ;   {static_stub}
  0x00007a03ccc94dfc: 9048 bb00 | 0000 0000 

  0x00007a03ccc94e04: ;   {runtime_call nmethod}
  0x00007a03ccc94e04: 0000 00e9 | fbff ffff 

  0x00007a03ccc94e0c: ;   {static_stub}
  0x00007a03ccc94e0c: 9048 bbd0 | c854 a456 

  0x00007a03ccc94e14: ;   {runtime_call I2C/C2I adapters}
  0x00007a03ccc94e14: 6d00 00e9 | 53b2 fa06 

  0x00007a03ccc94e1c: ;   {static_stub}
  0x00007a03ccc94e1c: 48bb 0000 | 0000 0000 

  0x00007a03ccc94e24: ;   {runtime_call nmethod}
  0x00007a03ccc94e24: 0000 e9fb 

  0x00007a03ccc94e28: ;   {runtime_call handle_exception_from_callee Runtime1 stub}
  0x00007a03ccc94e28: ffff ffe8 | 50f0 0707 

  0x00007a03ccc94e30: ;   {external_word}
  0x00007a03ccc94e30: 48bf bb51 | f4eb 037a | 0000 4883 

  0x00007a03ccc94e3c: ;   {runtime_call MacroAssembler::debug64(char*, long, long*)}
  0x00007a03ccc94e3c: e4f0 e80d | 60d7 1ef4 
[Deopt Handler Code]
  0x00007a03ccc94e44: ;   {section_word}
  0x00007a03ccc94e44: 49ba 444e | c9cc 037a | 0000 4152 

  0x00007a03ccc94e50: ;   {runtime_call DeoptimizationBlob}
  0x00007a03ccc94e50: e94b 58fd | 06f4 f4f4 
[/MachCode]


---------------  P R O C E S S  ---------------

Threads class SMR info:
_java_thread_list=0x00006d56201b5080, length=56, elements={
0x00007a03e402b240, 0x00007a03e4527340, 0x00007a03e4528bd0, 0x00007a03e452a6e0,
0x00007a03e4548f10, 0x00007a03e454a860, 0x00007a03e454c120, 0x00007a03e454df60,
0x00007a03e4557930, 0x00006d56280555e0, 0x00006d5628056be0, 0x00007a03e459ec50,
0x00007a03e45a1c50, 0x00006d561c023960, 0x00006d562808dbf0, 0x00006d562808f220,
0x00006d56280913f0, 0x00006d5628092cf0, 0x00007a03e47b57e0, 0x00007a03e47b66a0,
0x00007a03e47d9790, 0x00007a03e47daab0, 0x00007a03e47dbe80, 0x00007a03e47dd250,
0x00007a03e47de6f0, 0x00007a03e47dfac0, 0x00007a03e47e0f70, 0x00007a03e47e2500,
0x00007a03e47e3a90, 0x00007a03e47e4f40, 0x00007a03e47e63f0, 0x00007a03e47e7790,
0x00007a03e47e8c40, 0x00007a03e47ea480, 0x00007a03e47eba40, 0x00007a03e47ecee0,
0x00007a03e43e1d50, 0x00007a03e43e2ea0, 0x00007a03e43e4480, 0x00007a03e45c7c40,
0x00007a03e45c90b0, 0x00007a03e45ca550, 0x00007a03e45cb9f0, 0x00007a03e45cce90,
0x00007a03e45ce330, 0x00007a03e45cf7d0, 0x00007a03e45d1ab0, 0x00007a03e45d2ce0,
0x00007a03e45d4570, 0x00007a03e45d6080, 0x00006d562813cc00, 0x00006d56100ddd90,
0x00006d5574004800, 0x00006d5578001a70, 0x00006d5578003190, 0x00006d56200e0a40
}

Java Threads: ( => current thread )
  0x00007a03e402b240 JavaThread "main"                              [_thread_blocked, id=506552, stack(0x00007a03ead00000,0x00007a03eae00000) (1024K)]
  0x00007a03e4527340 JavaThread "Reference Handler"          daemon [_thread_blocked, id=506557, stack(0x00007a03e9942000,0x00007a03e9a42000) (1024K)]
  0x00007a03e4528bd0 JavaThread "Finalizer"                  daemon [_thread_blocked, id=506558, stack(0x00007a03e9500000,0x00007a03e9600000) (1024K)]
  0x00007a03e452a6e0 JavaThread "MMTk Finalizer Thread"      daemon [_thread_blocked, id=506559, stack(0x00007a03e9400000,0x00007a03e9500000) (1024K)]
  0x00007a03e4548f10 JavaThread "Signal Dispatcher"          daemon [_thread_blocked, id=506583, stack(0x00006d56f5100000,0x00006d56f5200000) (1024K)]
  0x00007a03e454a860 JavaThread "Service Thread"             daemon [_thread_blocked, id=506584, stack(0x00006d56f5000000,0x00006d56f5100000) (1024K)]
  0x00007a03e454c120 JavaThread "Monitor Deflation Thread"   daemon [_thread_blocked, id=506585, stack(0x00006d56f4f00000,0x00006d56f5000000) (1024K)]
  0x00007a03e454df60 JavaThread "C2 CompilerThread0"         daemon [_thread_blocked, id=506586, stack(0x00006d56f4e00000,0x00006d56f4f00000) (1024K)]
  0x00007a03e4557930 JavaThread "C1 CompilerThread0"         daemon [_thread_blocked, id=506587, stack(0x00006d56f4d00000,0x00006d56f4e00000) (1024K)]
  0x00006d56280555e0 JavaThread "C1 CompilerThread1"         daemon [_thread_blocked, id=506588, stack(0x00006d56f4c00000,0x00006d56f4d00000) (1024K)]
  0x00006d5628056be0 JavaThread "C1 CompilerThread2"         daemon [_thread_blocked, id=506589, stack(0x00006d56f4b00000,0x00006d56f4c00000) (1024K)]
  0x00007a03e459ec50 JavaThread "Notification Thread"        daemon [_thread_blocked, id=506590, stack(0x00006d56f4a00000,0x00006d56f4b00000) (1024K)]
  0x00007a03e45a1c50 JavaThread "Common-Cleaner"             daemon [_thread_blocked, id=506591, stack(0x00006d56f4900000,0x00006d56f4a00000) (1024K)]
  0x00006d561c023960 JavaThread "C2 CompilerThread1"         daemon [_thread_blocked, id=506592, stack(0x00006d56f4800000,0x00006d56f4900000) (1024K)]
  0x00006d562808dbf0 JavaThread "C1 CompilerThread3"         daemon [_thread_blocked, id=506593, stack(0x00006d56f4700000,0x00006d56f4800000) (1024K)]
  0x00006d562808f220 JavaThread "C1 CompilerThread4"         daemon [_thread_blocked, id=506594, stack(0x00006d56f4600000,0x00006d56f4700000) (1024K)]
  0x00006d56280913f0 JavaThread "C2 CompilerThread2"         daemon [_thread_blocked, id=506595, stack(0x00006d56f4500000,0x00006d56f4600000) (1024K)]
  0x00006d5628092cf0 JavaThread "C2 CompilerThread3"         daemon [_thread_blocked, id=506596, stack(0x00006d56f4400000,0x00006d56f4500000) (1024K)]
  0x00007a03e47b57e0 JavaThread "Thread-0"                          [_thread_blocked, id=506597, stack(0x00006d56f4300000,0x00006d56f4400000) (1024K)]
  0x00007a03e47b66a0 JavaThread "Thread-1"                          [_thread_blocked, id=506598, stack(0x00006d56f4200000,0x00006d56f4300000) (1024K)]
  0x00007a03e47d9790 JavaThread "Thread-2"                          [_thread_blocked, id=506599, stack(0x00006d56f4100000,0x00006d56f4200000) (1024K)]
  0x00007a03e47daab0 JavaThread "Thread-3"                          [_thread_blocked, id=506600, stack(0x00006d56f4000000,0x00006d56f4100000) (1024K)]
  0x00007a03e47dbe80 JavaThread "Thread-4"                          [_thread_blocked, id=506601, stack(0x00006d56aef00000,0x00006d56af000000) (1024K)]
  0x00007a03e47dd250 JavaThread "Thread-5"                          [_thread_blocked, id=506602, stack(0x00006d56aee00000,0x00006d56aef00000) (1024K)]
  0x00007a03e47de6f0 JavaThread "Thread-6"                          [_thread_blocked, id=506603, stack(0x00006d56aed00000,0x00006d56aee00000) (1024K)]
=>0x00007a03e47dfac0 JavaThread "Thread-7"                          [_thread_in_vm, id=506604, stack(0x00006d56aec00000,0x00006d56aed00000) (1024K)]
  0x00007a03e47e0f70 JavaThread "Thread-8"                          [_thread_blocked, id=506605, stack(0x00006d56aeb00000,0x00006d56aec00000) (1024K)]
  0x00007a03e47e2500 JavaThread "Thread-9"                          [_thread_blocked, id=506606, stack(0x00006d56aea00000,0x00006d56aeb00000) (1024K)]
  0x00007a03e47e3a90 JavaThread "Thread-10"                         [_thread_blocked, id=506607, stack(0x00006d56ae900000,0x00006d56aea00000) (1024K)]
  0x00007a03e47e4f40 JavaThread "Thread-11"                         [_thread_blocked, id=506608, stack(0x00006d56ae800000,0x00006d56ae900000) (1024K)]
  0x00007a03e47e63f0 JavaThread "Thread-12"                         [_thread_blocked, id=506609, stack(0x00006d56ae700000,0x00006d56ae800000) (1024K)]
  0x00007a03e47e7790 JavaThread "Thread-13"                         [_thread_blocked, id=506610, stack(0x00006d56ae600000,0x00006d56ae700000) (1024K)]
  0x00007a03e47e8c40 JavaThread "Thread-14"                         [_thread_blocked, id=506611, stack(0x00006d56ae500000,0x00006d56ae600000) (1024K)]
  0x00007a03e47ea480 JavaThread "Thread-15"                         [_thread_blocked, id=506612, stack(0x00006d56ae400000,0x00006d56ae500000) (1024K)]
  0x00007a03e47eba40 JavaThread "Thread-16"                         [_thread_blocked, id=506613, stack(0x00006d56ae300000,0x00006d56ae400000) (1024K)]
  0x00007a03e47ecee0 JavaThread "Thread-17"                         [_thread_blocked, id=506614, stack(0x00006d56ae200000,0x00006d56ae300000) (1024K)]
  0x00007a03e43e1d50 JavaThread "Thread-18"                         [_thread_blocked, id=506615, stack(0x00006d56ae100000,0x00006d56ae200000) (1024K)]
  0x00007a03e43e2ea0 JavaThread "Thread-19"                         [_thread_blocked, id=506616, stack(0x00006d56ae000000,0x00006d56ae100000) (1024K)]
  0x00007a03e43e4480 JavaThread "Thread-20"                         [_thread_blocked, id=506617, stack(0x00006d56adf00000,0x00006d56ae000000) (1024K)]
  0x00007a03e45c7c40 JavaThread "Thread-21"                         [_thread_blocked, id=506618, stack(0x00006d56ade00000,0x00006d56adf00000) (1024K)]
  0x00007a03e45c90b0 JavaThread "Thread-22"                         [_thread_blocked, id=506619, stack(0x00006d56add00000,0x00006d56ade00000) (1024K)]
  0x00007a03e45ca550 JavaThread "Thread-23"                         [_thread_blocked, id=506620, stack(0x00006d56adc00000,0x00006d56add00000) (1024K)]
  0x00007a03e45cb9f0 JavaThread "Thread-24"                         [_thread_blocked, id=506621, stack(0x00006d56adb00000,0x00006d56adc00000) (1024K)]
  0x00007a03e45cce90 JavaThread "Thread-25"                         [_thread_blocked, id=506622, stack(0x00006d56ada00000,0x00006d56adb00000) (1024K)]
  0x00007a03e45ce330 JavaThread "Thread-26"                         [_thread_blocked, id=506623, stack(0x00006d56ad900000,0x00006d56ada00000) (1024K)]
  0x00007a03e45cf7d0 JavaThread "Thread-27"                         [_thread_blocked, id=506624, stack(0x00006d56ad800000,0x00006d56ad900000) (1024K)]
  0x00007a03e45d1ab0 JavaThread "Thread-28"                         [_thread_blocked, id=506625, stack(0x00006d56ad700000,0x00006d56ad800000) (1024K)]
  0x00007a03e45d2ce0 JavaThread "Thread-29"                         [_thread_blocked, id=506626, stack(0x00006d56ad600000,0x00006d56ad700000) (1024K)]
  0x00007a03e45d4570 JavaThread "Thread-30"                         [_thread_blocked, id=506627, stack(0x00006d56ad500000,0x00006d56ad600000) (1024K)]
  0x00007a03e45d6080 JavaThread "Thread-31"                         [_thread_blocked, id=506628, stack(0x00006d56ad400000,0x00006d56ad500000) (1024K)]
  0x00006d562813cc00 JavaThread "C2 CompilerThread4"         daemon [_thread_blocked, id=506629, stack(0x00006d56ad300000,0x00006d56ad400000) (1024K)]
  0x00006d56100ddd90 JavaThread "C2 CompilerThread5"         daemon [_thread_blocked, id=506630, stack(0x00006d56ad200000,0x00006d56ad300000) (1024K)]
  0x00006d5574004800 JavaThread "C2 CompilerThread6"         daemon [_thread_blocked, id=506631, stack(0x00006d56ad100000,0x00006d56ad200000) (1024K)]
  0x00006d5578001a70 JavaThread "C2 CompilerThread7"         daemon [_thread_blocked, id=506632, stack(0x00006d56ad000000,0x00006d56ad100000) (1024K)]
  0x00006d5578003190 JavaThread "C2 CompilerThread8"         daemon [_thread_blocked, id=506633, stack(0x00006d56acf00000,0x00006d56ad000000) (1024K)]
  0x00006d56200e0a40 JavaThread "C2 CompilerThread9"         daemon [_thread_blocked, id=506634, stack(0x00006d56ace00000,0x00006d56acf00000) (1024K)]
Total: 56

Other Threads:
  0x00007a03e451be90 VMThread "VM Thread"                           [id=506556, stack(0x00007a03e9a43000,0x00007a03e9b43000) (1024K)] _threads_hazard_ptr=0x00006d56201b5080
  0x00007a03e4509ac0 WatcherThread "VM Periodic Task Thread"        [id=506555, stack(0x00007a03e9b44000,0x00007a03e9c44000) (1024K)]
Total: 2

Threads with active compile tasks:
Total: 0

VM state: synchronizing (normal execution)

VM Mutex/Monitor currently owned by a thread:  ([mutex/lock_event])
[0x00007a03ec3580d0] Threads_lock - owner thread: 0x00007a03e451be90

Heap address: 0x0000000040000000, size: 3072 MB, Compressed Oops mode: 32-bit

CDS archive(s) mapped at: [0x00006d56af000000-0x00006d56afca3000-0x00006d56afca3000), size 13250560, SharedBaseAddress: 0x00006d56af000000, ArchiveRelocationMode: 1.
Compressed class space mapped at: 0x00006d56b0000000-0x00006d56f0000000, reserved size: 1073741824
Narrow klass base: 0x00006d56af000000, Narrow klass shift: 0, Narrow klass range: 0x100000000

GC Precious Log:
<Empty>

Heap:

[error occurred during error reporting (printing heap information), id 0xe0000000, Internal Error (/mydata/mmtk-openjdk/openjdk/share/mmtkHeap.cpp:424)]
Metaspace:

Usage:
  Non-class:      7.10 MB used.
      Class:    964.44 KB used.
       Both:      8.04 MB used.

Virtual space:
  Non-class space:       64.00 MB reserved,       7.25 MB ( 11%) committed,  1 nodes.
      Class space:        1.00 GB reserved,       1.06 MB ( <1%) committed,  1 nodes.
             Both:        1.06 GB reserved,       8.31 MB ( <1%) committed. 

Chunk freelists:
   Non-Class:  7.28 MB
       Class:  14.99 MB
        Both:  22.27 MB

MaxMetaspaceSize: unlimited
CompressedClassSpaceSize: 1.00 GB
Initial GC threshold: 21.00 MB
Current GC threshold: 21.00 MB
CDS: on
 - commit_granule_bytes: 65536.
 - commit_granule_words: 8192.
 - virtual_space_node_default_size: 8388608.
 - enlarge_chunks_in_place: 1.
 - use_allocation_guard: 0.


Internal statistics:

num_allocs_failed_limit: 0.
num_arena_births: 118.
num_arena_deaths: 0.
num_vsnodes_births: 2.
num_vsnodes_deaths: 0.
num_space_committed: 133.
num_space_uncommitted: 0.
num_chunks_returned_to_freelist: 0.
num_chunks_taken_from_freelist: 371.
num_chunk_merges: 0.
num_chunk_splits: 258.
num_chunks_enlarged: 205.
num_inconsistent_stats: 0.

CodeHeap 'non-profiled nmethods': size=118880Kb used=2811Kb max_used=2811Kb free=116069Kb
 bounds [0x00007a03d43e8000, 0x00007a03d46a8000, 0x00007a03db800000]
CodeHeap 'profiled nmethods': size=118876Kb used=6862Kb max_used=6862Kb free=112013Kb
 bounds [0x00007a03cc800000, 0x00007a03ccec0000, 0x00007a03d3c17000]
CodeHeap 'non-nmethods': size=8004Kb used=3462Kb max_used=3576Kb free=4541Kb
 bounds [0x00007a03d3c17000, 0x00007a03d3fa7000, 0x00007a03d43e8000]
CodeCache: size=245760Kb, used=13135Kb, max_used=13249Kb, free=232623Kb
 total_blobs=3768, nmethods=3288, adapters=379, full_count=0
Compilation: enabled, stopped_count=0, restarted_count=0

Compilation events (20 events):
Event: 3.445 Thread 0x00006d561c023960 nmethod 3273 0x00007a03d4617710 code [0x00007a03d4617940, 0x00007a03d4617f00]
Event: 3.445 Thread 0x00006d561c023960 3283   !   4       sun.nio.cs.StreamEncoder::write (82 bytes)
Event: 3.447 Thread 0x00006d5628092cf0 nmethod 3148 0x00007a03d4618390 code [0x00007a03d4618620, 0x00007a03d4619c48]
Event: 3.447 Thread 0x00006d5628092cf0 3282       4       java.io.Writer::write (11 bytes)
Event: 3.456 Thread 0x00006d56280913f0 nmethod 3162 0x00007a03d461ac10 code [0x00007a03d461af00, 0x00007a03d461ca50]
Event: 3.456 Thread 0x00006d56280913f0 3284       4       sun.nio.cs.StreamEncoder::writeBytes (139 bytes)
Event: 3.459 Thread 0x00006d562808dbf0 3287       2       java.nio.charset.CharsetEncoder::onUnmappableCharacter (26 bytes)
Event: 3.459 Thread 0x00007a03e4557930 3288       2       java.nio.charset.CharsetEncoder::implOnUnmappableCharacter (1 bytes)
Event: 3.459 Thread 0x00007a03e4557930 nmethod 3288 0x00007a03cceb1f10 code [0x00007a03cceb20a0, 0x00007a03cceb21a0]
Event: 3.459 Thread 0x00007a03e4557930 3289       2       java.nio.charset.CharsetEncoder::implOnMalformedInput (1 bytes)
Event: 3.459 Thread 0x00006d562808dbf0 nmethod 3287 0x00007a03cceb2210 code [0x00007a03cceb23c0, 0x00007a03cceb25f0]
Event: 3.459 Thread 0x00006d562808dbf0 3286       2       java.nio.charset.CharsetEncoder::onMalformedInput (26 bytes)
Event: 3.459 Thread 0x00007a03e4557930 nmethod 3289 0x00007a03cceb2710 code [0x00007a03cceb28a0, 0x00007a03cceb29a0]
Event: 3.460 Thread 0x00006d562808dbf0 nmethod 3286 0x00007a03cceb2a10 code [0x00007a03cceb2bc0, 0x00007a03cceb2df0]
Event: 3.462 Thread 0x00006d56280913f0 nmethod 3284 0x00007a03d461dd90 code [0x00007a03d461e000, 0x00007a03d461e7d8]
Event: 3.462 Thread 0x00006d56280913f0 3285   !   4       java.net.URL::<init> (543 bytes)
Event: 3.465 Thread 0x00006d561c023960 nmethod 3283 0x00007a03d461ef10 code [0x00007a03d461f220, 0x00007a03d4620070]
Event: 3.465 Thread 0x00006d561c023960 3278       4       org.apache.xerces.impl.XMLScanner::normalizeWhitespace (50 bytes)
Event: 3.466 Thread 0x00006d5628056be0 3290       3       java.util.Hashtable::rehash (142 bytes)
Event: 3.466 Thread 0x00006d5628056be0 nmethod 3290 0x00007a03cceb2f10 code [0x00007a03cceb3120, 0x00007a03cceb3748]

GC Heap History (0 events):
No events

Dll operation events (7 events):
Event: 0.001 Loaded shared library /mydata/openjdk-mmtk/build/b0test/images/jdk/lib/libjava.so
Event: 2.215 Loaded shared library /mydata/openjdk-mmtk/build/b0test/images/jdk/lib/libjsvml.so
Event: 2.228 Loaded shared library /mydata/openjdk-mmtk/build/b0test/images/jdk/lib/libnio.so
Event: 2.231 Loaded shared library /mydata/openjdk-mmtk/build/b0test/images/jdk/lib/libzip.so
Event: 2.244 Loaded shared library /mydata/openjdk-mmtk/build/b0test/images/jdk/lib/libjimage.so
Event: 2.270 Loaded shared library /mydata/openjdk-mmtk/build/b0test/images/jdk/lib/libnet.so
Event: 2.369 Loaded shared library /mydata/openjdk-mmtk/build/b0test/images/jdk/lib/libverify.so

Deoptimization events (20 events):
Event: 3.358 Thread 0x00007a03e45c7c40 DEOPT PACKING pc=0x00007a03ccd768a6 sp=0x00006d56adefe550
Event: 3.358 Thread 0x00007a03e45c7c40 DEOPT UNPACKING pc=0x00007a03d3c6ab2f sp=0x00006d56adefdb38 mode 0
Event: 3.423 Thread 0x00007a03e45d6080 DEOPT PACKING pc=0x00007a03cce15d50 sp=0x00006d56ad4fe4b0
Event: 3.423 Thread 0x00007a03e45d6080 DEOPT UNPACKING pc=0x00007a03d3c6ab2f sp=0x00006d56ad4fda90 mode 0
Event: 3.431 Thread 0x00007a03e47dd250 DEOPT PACKING pc=0x00007a03cce15d50 sp=0x00006d56aeefe4b0
Event: 3.431 Thread 0x00007a03e47dd250 DEOPT UNPACKING pc=0x00007a03d3c6ab2f sp=0x00006d56aeefda90 mode 0
Event: 3.441 Thread 0x00007a03e47b57e0 Uncommon trap: trap_request=0xffffffde fr.pc=0x00007a03d447da4c relative=0x000000000000030c
Event: 3.441 Thread 0x00007a03e47b57e0 Uncommon trap: reason=class_check action=maybe_recompile pc=0x00007a03d447da4c method=java.io.Writer.write(Ljava/lang/String;)V @ 7 c2
Event: 3.441 Thread 0x00007a03e47b57e0 DEOPT PACKING pc=0x00007a03d447da4c sp=0x00006d56f43fe810
Event: 3.441 Thread 0x00007a03e47b57e0 DEOPT UNPACKING pc=0x00007a03d3c6a399 sp=0x00006d56f43fe7c8 mode 2
Event: 3.441 Thread 0x00007a03e47b57e0 Uncommon trap: trap_request=0xffffffde fr.pc=0x00007a03d4477b58 relative=0x00000000000006f8
Event: 3.441 Thread 0x00007a03e47b57e0 Uncommon trap: reason=class_check action=maybe_recompile pc=0x00007a03d4477b58 method=java.nio.charset.CharsetEncoder.encode(Ljava/nio/CharBuffer;Ljava/nio/ByteBuffer;Z)Ljava/nio/charset/CoderResult; @ 57 c2
Event: 3.441 Thread 0x00007a03e47b57e0 DEOPT PACKING pc=0x00007a03d4477b58 sp=0x00006d56f43fe6c0
Event: 3.441 Thread 0x00007a03e47b57e0 DEOPT UNPACKING pc=0x00007a03d3c6a399 sp=0x00006d56f43fe478 mode 2
Event: 3.441 Thread 0x00007a03e47b57e0 Uncommon trap: trap_request=0xffffffde fr.pc=0x00007a03d4504538 relative=0x00000000000001b8
Event: 3.441 Thread 0x00007a03e47b57e0 Uncommon trap: reason=class_check action=maybe_recompile pc=0x00007a03d4504538 method=sun.nio.cs.StreamEncoder.writeBytes()V @ 127 c2
Event: 3.441 Thread 0x00007a03e47b57e0 DEOPT PACKING pc=0x00007a03d4504538 sp=0x00006d56f43fe6a0
Event: 3.441 Thread 0x00007a03e47b57e0 DEOPT UNPACKING pc=0x00007a03d3c6a399 sp=0x00006d56f43fe630 mode 2
Event: 3.466 Thread 0x00007a03e47ea480 DEOPT PACKING pc=0x00007a03ccd7c880 sp=0x00006d56ae4fe2d0
Event: 3.466 Thread 0x00007a03e47ea480 DEOPT UNPACKING pc=0x00007a03d3c6ab2f sp=0x00006d56ae4fd770 mode 0

Classes loaded (20 events):
Event: 2.639 Loading class java/util/ResourceBundle$KeyElementReference
Event: 2.639 Loading class java/util/ResourceBundle$CacheKeyReference
Event: 2.639 Loading class java/util/ResourceBundle$CacheKeyReference done
Event: 2.639 Loading class java/util/ResourceBundle$KeyElementReference done
Event: 2.639 Loading class java/util/ResourceBundle$Control$2
Event: 2.639 Loading class java/util/ResourceBundle$Control$2 done
Event: 2.639 Loading class sun/util/PropertyResourceBundleCharset
Event: 2.640 Loading class sun/util/PropertyResourceBundleCharset done
Event: 2.640 Loading class sun/util/PropertyResourceBundleCharset$PropertiesFileDecoder
Event: 2.640 Loading class sun/util/PropertyResourceBundleCharset$PropertiesFileDecoder done
Event: 2.641 Loading class java/util/ResourceBundle$BundleReference
Event: 2.641 Loading class java/util/ResourceBundle$BundleReference done
Event: 2.641 Loading class sun/util/ResourceBundleEnumeration
Event: 2.641 Loading class sun/util/ResourceBundleEnumeration done
Event: 2.647 Loading class sun/nio/cs/ISO_8859_1$Encoder
Event: 2.647 Loading class sun/nio/cs/ISO_8859_1$Encoder done
Event: 2.671 Loading class java/util/ResourceBundle$Control$1
Event: 2.671 Loading class java/util/ResourceBundle$Control$1 done
Event: 2.699 Loading class java/lang/foreign/MemorySegment
Event: 2.699 Loading class java/lang/foreign/MemorySegment done

Classes unloaded (0 events):
No events

Classes redefined (0 events):
No events

Internal exceptions (13 events):
Event: 2.238 Thread 0x00007a03e402b240 Exception <a 'java/lang/NoSuchMethodError'{0x000000004033c090}: 'java.lang.Object java.lang.invoke.DirectMethodHandle$Holder.newInvokeSpecial(java.lang.Object, int, java.lang.Object)'> (0x000000004033c090) 
thrown [src/hotspot/share/interpreter/linkResolver.cpp, line 772]
Event: 2.247 Thread 0x00007a03e402b240 Exception <a 'java/lang/NoSuchMethodError'{0x00000000402f9e28}: 'void java.lang.invoke.DirectMethodHandle$Holder.invokeStatic(java.lang.Object, java.lang.Object)'> (0x00000000402f9e28) 
thrown [src/hotspot/share/interpreter/linkResolver.cpp, line 772]
Event: 2.248 Thread 0x00007a03e402b240 Exception <a 'java/lang/NoSuchMethodError'{0x00000000402fd820}: 'void java.lang.invoke.DirectMethodHandle$Holder.invokeSpecial(java.lang.Object, java.lang.Object, java.lang.Object)'> (0x00000000402fd820) 
thrown [src/hotspot/share/interpreter/linkResolver.cpp, line 772]
Event: 2.289 Thread 0x00007a03e402b240 Exception <a 'java/lang/NoSuchMethodError'{0x00000000401be078}: 'void java.lang.invoke.DirectMethodHandle$Holder.invokeVirtual(java.lang.Object, java.lang.Object)'> (0x00000000401be078) 
thrown [src/hotspot/share/interpreter/linkResolver.cpp, line 772]
Event: 2.294 Thread 0x00007a03e402b240 Exception <a 'java/io/FileNotFoundException'{0x000000004018f068}> (0x000000004018f068) 
thrown [src/hotspot/share/prims/jni.cpp, line 520]
Event: 2.304 Thread 0x00007a03e402b240 Exception <a 'java/lang/NoSuchMethodError'{0x0000000040119798}: 'java.lang.Object java.lang.invoke.Invokers$Holder.invokeExact_MT(java.lang.Object, java.lang.Object, java.lang.Object, java.lang.Object, java.lang.Object)'> (0x0000000040119798) 
thrown [src/hotspot/share/interpreter/linkResolver.cpp, line 772]
Event: 2.494 Thread 0x00007a03e402b240 Exception <a 'java/lang/NoSuchMethodError'{0x0000000040ebb668}: 'void java.lang.invoke.DirectMethodHandle$Holder.invokeVirtual(java.lang.Object, java.lang.Object, int)'> (0x0000000040ebb668) 
thrown [src/hotspot/share/interpreter/linkResolver.cpp, line 772]
Event: 2.494 Thread 0x00007a03e402b240 Exception <a 'java/lang/NoSuchMethodError'{0x0000000040ebfd90}: 'int java.lang.invoke.DirectMethodHandle$Holder.invokeSpecial(java.lang.Object, java.lang.Object, java.lang.Object, int)'> (0x0000000040ebfd90) 
thrown [src/hotspot/share/interpreter/linkResolver.cpp, line 772]
Event: 2.496 Thread 0x00007a03e402b240 Exception <a 'java/lang/NoSuchMethodError'{0x0000000040ea2a40}: 'java.lang.Object java.lang.invoke.DirectMethodHandle$Holder.invokeStatic(java.lang.Object, java.lang.Object, java.lang.Object, java.lang.Object, int)'> (0x0000000040ea2a40) 
thrown [src/hotspot/share/interpreter/linkResolver.cpp, line 772]
Event: 2.497 Thread 0x00007a03e402b240 Exception <a 'java/lang/NoSuchMethodError'{0x0000000040e9dc48}: 'void java.lang.invoke.DelegatingMethodHandle$Holder.reinvoke_L(java.lang.Object, java.lang.Object, int)'> (0x0000000040e9dc48) 
thrown [src/hotspot/share/interpreter/linkResolver.cpp, line 772]
Event: 2.497 Thread 0x00007a03e402b240 Exception <a 'java/lang/NoSuchMethodError'{0x0000000040e945a8}: 'int java.lang.invoke.DirectMethodHandle$Holder.invokeSpecial(java.lang.Object, java.lang.Object, java.lang.Object)'> (0x0000000040e945a8) 
thrown [src/hotspot/share/interpreter/linkResolver.cpp, line 772]
Event: 2.568 Thread 0x00007a03e402b240 Exception <a 'java/lang/NoSuchMethodError'{0x00000000413b99f0}: 'void java.lang.invoke.DelegatingMethodHandle$Holder.reinvoke_L(java.lang.Object, java.lang.Object, int, int)'> (0x00000000413b99f0) 
thrown [src/hotspot/share/interpreter/linkResolver.cpp, line 772]
Event: 2.637 Thread 0x00007a03e47e7790 Exception <a 'java/lang/NoSuchMethodError'{0x0000000040d71238}: 'java.lang.Object java.lang.invoke.DirectMethodHandle$Holder.invokeInterface(java.lang.Object, java.lang.Object)'> (0x0000000040d71238) 
thrown [src/hotspot/share/interpreter/linkResolver.cpp, line 772]

ZGC Phase Switch (0 events):
No events

VM Operations (20 events):
Event: 2.740 Executing VM operation: ICBufferFull
Event: 2.741 Executing VM operation: ICBufferFull done
Event: 2.742 Executing VM operation: ICBufferFull
Event: 2.742 Executing VM operation: ICBufferFull done
Event: 2.830 Executing VM operation: ICBufferFull
Event: 2.831 Executing VM operation: ICBufferFull done
Event: 3.023 Executing VM operation: ICBufferFull
Event: 3.024 Executing VM operation: ICBufferFull done
Event: 3.028 Executing VM operation: ThirdPartyHeapOperation
Event: 3.046 Executing VM operation: ThirdPartyHeapOperation done
Event: 3.053 Executing VM operation: ThirdPartyHeapOperation
Event: 3.101 Executing VM operation: ThirdPartyHeapOperation done
Event: 3.239 Executing VM operation: ThirdPartyHeapOperation
Event: 3.255 Executing VM operation: ThirdPartyHeapOperation done
Event: 3.259 Executing VM operation: ThirdPartyHeapOperation
Event: 3.292 Executing VM operation: ThirdPartyHeapOperation done
Event: 3.362 Executing VM operation: ThirdPartyHeapOperation
Event: 3.377 Executing VM operation: ThirdPartyHeapOperation done
Event: 3.381 Executing VM operation: ThirdPartyHeapOperation
Event: 3.418 Executing VM operation: ThirdPartyHeapOperation done

Memory protections (20 events):
Event: 2.603 Protecting memory [0x00006d56ae100000,0x00006d56ae104000] with protection modes 0
Event: 2.603 Protecting memory [0x00006d56ae000000,0x00006d56ae004000] with protection modes 0
Event: 2.603 Protecting memory [0x00006d56adf00000,0x00006d56adf04000] with protection modes 0
Event: 2.603 Protecting memory [0x00006d56ade00000,0x00006d56ade04000] with protection modes 0
Event: 2.603 Protecting memory [0x00006d56add00000,0x00006d56add04000] with protection modes 0
Event: 2.604 Protecting memory [0x00006d56adc00000,0x00006d56adc04000] with protection modes 0
Event: 2.604 Protecting memory [0x00006d56adb00000,0x00006d56adb04000] with protection modes 0
Event: 2.604 Protecting memory [0x00006d56ada00000,0x00006d56ada04000] with protection modes 0
Event: 2.604 Protecting memory [0x00006d56ad900000,0x00006d56ad904000] with protection modes 0
Event: 2.604 Protecting memory [0x00006d56ad800000,0x00006d56ad804000] with protection modes 0
Event: 2.604 Protecting memory [0x00006d56ad700000,0x00006d56ad704000] with protection modes 0
Event: 2.604 Protecting memory [0x00006d56ad600000,0x00006d56ad604000] with protection modes 0
Event: 2.604 Protecting memory [0x00006d56ad500000,0x00006d56ad504000] with protection modes 0
Event: 2.604 Protecting memory [0x00006d56ad400000,0x00006d56ad404000] with protection modes 0
Event: 2.678 Protecting memory [0x00006d56ad300000,0x00006d56ad304000] with protection modes 0
Event: 2.682 Protecting memory [0x00006d56ad200000,0x00006d56ad204000] with protection modes 0
Event: 2.700 Protecting memory [0x00006d56ad100000,0x00006d56ad104000] with protection modes 0
Event: 2.703 Protecting memory [0x00006d56ad000000,0x00006d56ad004000] with protection modes 0
Event: 2.705 Protecting memory [0x00006d56acf00000,0x00006d56acf04000] with protection modes 0
Event: 2.707 Protecting memory [0x00006d56ace00000,0x00006d56ace04000] with protection modes 0

Nmethod flushes (0 events):
No events

Events (20 events):
Event: 2.603 Thread 0x00007a03e402b240 Thread added: 0x00007a03e43e1d50
Event: 2.603 Thread 0x00007a03e402b240 Thread added: 0x00007a03e43e2ea0
Event: 2.603 Thread 0x00007a03e402b240 Thread added: 0x00007a03e43e4480
Event: 2.603 Thread 0x00007a03e402b240 Thread added: 0x00007a03e45c7c40
Event: 2.603 Thread 0x00007a03e402b240 Thread added: 0x00007a03e45c90b0
Event: 2.604 Thread 0x00007a03e402b240 Thread added: 0x00007a03e45ca550
Event: 2.604 Thread 0x00007a03e402b240 Thread added: 0x00007a03e45cb9f0
Event: 2.604 Thread 0x00007a03e402b240 Thread added: 0x00007a03e45cce90
Event: 2.604 Thread 0x00007a03e402b240 Thread added: 0x00007a03e45ce330
Event: 2.604 Thread 0x00007a03e402b240 Thread added: 0x00007a03e45cf7d0
Event: 2.604 Thread 0x00007a03e402b240 Thread added: 0x00007a03e45d1ab0
Event: 2.604 Thread 0x00007a03e402b240 Thread added: 0x00007a03e45d2ce0
Event: 2.604 Thread 0x00007a03e402b240 Thread added: 0x00007a03e45d4570
Event: 2.604 Thread 0x00007a03e402b240 Thread added: 0x00007a03e45d6080
Event: 2.678 Thread 0x00007a03e4557930 Thread added: 0x00006d562813cc00
Event: 2.682 Thread 0x00006d562808dbf0 Thread added: 0x00006d56100ddd90
Event: 2.700 Thread 0x00006d56100ddd90 Thread added: 0x00006d5574004800
Event: 2.703 Thread 0x00006d5574004800 Thread added: 0x00006d5578001a70
Event: 2.705 Thread 0x00006d5574004800 Thread added: 0x00006d5578003190
Event: 2.707 Thread 0x00006d5628056be0 Thread added: 0x00006d56200e0a40


Dynamic libraries:
40000000-40400000 rw-p 00000000 00:00 0                                  [anon:mmtk:space:immix]
40400000-40800000 rw-p 00000000 00:00 0                                  [anon:mmtk:space:los]
40800000-41400000 rw-p 00000000 00:00 0                                  [anon:mmtk:space:immix]
41400000-41c00000 rw-p 00000000 00:00 0                                  [anon:mmtk:space:los]
41c00000-42400000 rw-p 00000000 00:00 0                                  [anon:mmtk:space:immix]
42400000-42800000 rw-p 00000000 00:00 0                                  [anon:mmtk:space:los]
42800000-43000000 rw-p 00000000 00:00 0                                  [anon:mmtk:space:immix]
43000000-43400000 rw-p 00000000 00:00 0                                  [anon:mmtk:space:los]
43400000-43c00000 rw-p 00000000 00:00 0                                  [anon:mmtk:space:immix]
43c00000-44000000 rw-p 00000000 00:00 0                                  [anon:mmtk:space:los]
44000000-44400000 rw-p 00000000 00:00 0                                  [anon:mmtk:space:immix]
44400000-44800000 rw-p 00000000 00:00 0                                  [anon:mmtk:space:los]
44800000-45000000 rw-p 00000000 00:00 0                                  [anon:mmtk:space:immix]
45000000-45400000 rw-p 00000000 00:00 0                                  [anon:mmtk:space:los]
45400000-45c00000 rw-p 00000000 00:00 0                                  [anon:mmtk:space:immix]
45c00000-46000000 rw-p 00000000 00:00 0                                  [anon:mmtk:space:los]
46000000-46400000 rw-p 00000000 00:00 0                                  [anon:mmtk:space:immix]
46400000-46800000 rw-p 00000000 00:00 0                                  [anon:mmtk:space:los]
46800000-46c00000 rw-p 00000000 00:00 0                                  [anon:mmtk:space:immix]
46c00000-47000000 rw-p 00000000 00:00 0                                  [anon:mmtk:space:los]
47000000-47800000 rw-p 00000000 00:00 0                                  [anon:mmtk:space:immix]
47800000-47c00000 rw-p 00000000 00:00 0                                  [anon:mmtk:space:los]
47c00000-48000000 rw-p 00000000 00:00 0                                  [anon:mmtk:space:immix]
48000000-48400000 rw-p 00000000 00:00 0                                  [anon:mmtk:space:los]
48400000-48c00000 rw-p 00000000 00:00 0                                  [anon:mmtk:space:immix]
48c00000-49000000 rw-p 00000000 00:00 0                                  [anon:mmtk:space:los]
49000000-49800000 rw-p 00000000 00:00 0                                  [anon:mmtk:space:immix]
49800000-49c00000 rw-p 00000000 00:00 0                                  [anon:mmtk:space:los]
49c00000-4a000000 rw-p 00000000 00:00 0                                  [anon:mmtk:space:immix]
4a000000-4a400000 rw-p 00000000 00:00 0                                  [anon:mmtk:space:los]
4a400000-4ac00000 rw-p 00000000 00:00 0                                  [anon:mmtk:space:immix]
4ac00000-4b000000 rw-p 00000000 00:00 0                                  [anon:mmtk:space:los]
4b000000-4b400000 rw-p 00000000 00:00 0                                  [anon:mmtk:space:immix]
4b400000-4b800000 rw-p 00000000 00:00 0                                  [anon:mmtk:space:los]
4b800000-4c000000 rw-p 00000000 00:00 0                                  [anon:mmtk:space:immix]
4c000000-4c400000 rw-p 00000000 00:00 0                                  [anon:mmtk:space:los]
4c400000-4c800000 rw-p 00000000 00:00 0                                  [anon:mmtk:space:immix]
4c800000-4cc00000 rw-p 00000000 00:00 0                                  [anon:mmtk:space:los]
4cc00000-4d400000 rw-p 00000000 00:00 0                                  [anon:mmtk:space:immix]
4d400000-4d800000 rw-p 00000000 00:00 0                                  [anon:mmtk:space:los]
4d800000-4e000000 rw-p 00000000 00:00 0                                  [anon:mmtk:space:immix]
4e000000-4e400000 rw-p 00000000 00:00 0                                  [anon:mmtk:space:los]
4e400000-4e800000 rw-p 00000000 00:00 0                                  [anon:mmtk:space:immix]
4e800000-4ec00000 rw-p 00000000 00:00 0                                  [anon:mmtk:space:los]
4ec00000-4f400000 rw-p 00000000 00:00 0                                  [anon:mmtk:space:immix]
4f400000-4f800000 rw-p 00000000 00:00 0                                  [anon:mmtk:space:los]
4f800000-4fc00000 rw-p 00000000 00:00 0                                  [anon:mmtk:space:immix]
4fc00000-50000000 rw-p 00000000 00:00 0                                  [anon:mmtk:space:los]
50000000-50400000 rw-p 00000000 00:00 0                                  [anon:mmtk:space:immix]
50400000-50800000 rw-p 00000000 00:00 0                                  [anon:mmtk:space:immix]
50800000-51000000 rw-p 00000000 00:00 0                                  [anon:mmtk:space:los]
51000000-51800000 rw-p 00000000 00:00 0                                  [anon:mmtk:space:immix]
51800000-51c00000 rw-p 00000000 00:00 0                                  [anon:mmtk:space:los]
51c00000-52000000 rw-p 00000000 00:00 0                                  [anon:mmtk:space:immix]
52000000-52400000 rw-p 00000000 00:00 0                                  [anon:mmtk:space:los]
52400000-52c00000 rw-p 00000000 00:00 0                                  [anon:mmtk:space:immix]
52c00000-53000000 rw-p 00000000 00:00 0                                  [anon:mmtk:space:los]
53000000-53400000 rw-p 00000000 00:00 0                                  [anon:mmtk:space:los]
200000000000-2000c00c0000 rw-s 00000000 00:10 68                         anon_inode:bpf-map
56b72285d000-56b72285e000 r--p 00000000 fc:00 49676352                   /mydata/openjdk-mmtk/build/b0test/images/jdk/bin/java
56b72285e000-56b72285f000 r-xp 00001000 fc:00 49676352                   /mydata/openjdk-mmtk/build/b0test/images/jdk/bin/java
56b72285f000-56b722860000 r--p 00002000 fc:00 49676352                   /mydata/openjdk-mmtk/build/b0test/images/jdk/bin/java
56b722860000-56b722861000 r--p 00002000 fc:00 49676352                   /mydata/openjdk-mmtk/build/b0test/images/jdk/bin/java
56b722861000-56b722862000 rw-p 00003000 fc:00 49676352                   /mydata/openjdk-mmtk/build/b0test/images/jdk/bin/java
56b73e16c000-56b73e1b4000 rw-p 00000000 00:00 0                          [heap]
6d5564000000-6d5564ad2000 rw-p 00000000 00:00 0 
6d5564ad2000-6d5568000000 ---p 00000000 00:00 0 
6d556c000000-6d556c8fc000 rw-p 00000000 00:00 0 
6d556c8fc000-6d5570000000 ---p 00000000 00:00 0 
6d5570000000-6d5570e45000 rw-p 00000000 00:00 0 
6d5570e45000-6d5574000000 ---p 00000000 00:00 0 
6d5574000000-6d5574f36000 rw-p 00000000 00:00 0 
6d5574f36000-6d5578000000 ---p 00000000 00:00 0 
6d5578000000-6d5578a0a000 rw-p 00000000 00:00 0 
6d5578a0a000-6d557c000000 ---p 00000000 00:00 0 
6d557c000000-6d557c05a000 rw-p 00000000 00:00 0 
6d557c05a000-6d5580000000 ---p 00000000 00:00 0 
6d5580000000-6d55808f9000 rw-p 00000000 00:00 0 
6d55808f9000-6d5584000000 ---p 00000000 00:00 0 
6d5584000000-6d5584021000 rw-p 00000000 00:00 0 
6d5584021000-6d5588000000 ---p 00000000 00:00 0 
6d5588000000-6d5588021000 rw-p 00000000 00:00 0 
6d5588021000-6d558c000000 ---p 00000000 00:00 0 
6d558c000000-6d558c021000 rw-p 00000000 00:00 0 
6d558c021000-6d5590000000 ---p 00000000 00:00 0 
6d5590000000-6d5590021000 rw-p 00000000 00:00 0 
6d5590021000-6d5594000000 ---p 00000000 00:00 0 
6d5594000000-6d5594021000 rw-p 00000000 00:00 0 
6d5594021000-6d5598000000 ---p 00000000 00:00 0 
6d5598000000-6d5598021000 rw-p 00000000 00:00 0 
6d5598021000-6d559c000000 ---p 00000000 00:00 0 
6d559c000000-6d559c021000 rw-p 00000000 00:00 0 
6d559c021000-6d55a0000000 ---p 00000000 00:00 0 
6d55a0000000-6d55a0021000 rw-p 00000000 00:00 0 
6d55a0021000-6d55a4000000 ---p 00000000 00:00 0 
6d55a4000000-6d55a402f000 rw-p 00000000 00:00 0 
6d55a402f000-6d55a8000000 ---p 00000000 00:00 0 
6d55a8000000-6d55a8021000 rw-p 00000000 00:00 0 
6d55a8021000-6d55ac000000 ---p 00000000 00:00 0 
6d55ac000000-6d55ac021000 rw-p 00000000 00:00 0 
6d55ac021000-6d55b0000000 ---p 00000000 00:00 0 
6d55b0000000-6d55b0021000 rw-p 00000000 00:00 0 
6d55b0021000-6d55b4000000 ---p 00000000 00:00 0 
6d55b4000000-6d55b4052000 rw-p 00000000 00:00 0 
6d55b4052000-6d55b8000000 ---p 00000000 00:00 0 
6d55b8000000-6d55b8021000 rw-p 00000000 00:00 0 
6d55b8021000-6d55bc000000 ---p 00000000 00:00 0 
6d55bc000000-6d55bc021000 rw-p 00000000 00:00 0 
6d55bc021000-6d55c0000000 ---p 00000000 00:00 0 
6d55c0000000-6d55c0021000 rw-p 00000000 00:00 0 
6d55c0021000-6d55c4000000 ---p 00000000 00:00 0 
6d55c4000000-6d55c4060000 rw-p 00000000 00:00 0 
6d55c4060000-6d55c8000000 ---p 00000000 00:00 0 
6d55c8000000-6d55c8021000 rw-p 00000000 00:00 0 
6d55c8021000-6d55cc000000 ---p 00000000 00:00 0 
6d55cc000000-6d55cc021000 rw-p 00000000 00:00 0 
6d55cc021000-6d55d0000000 ---p 00000000 00:00 0 
6d55d0000000-6d55d0021000 rw-p 00000000 00:00 0 
6d55d0021000-6d55d4000000 ---p 00000000 00:00 0 
6d55d4000000-6d55d4021000 rw-p 00000000 00:00 0 
6d55d4021000-6d55d8000000 ---p 00000000 00:00 0 
6d55d8000000-6d55d8021000 rw-p 00000000 00:00 0 
6d55d8021000-6d55dc000000 ---p 00000000 00:00 0 
6d55dc000000-6d55dc358000 rw-p 00000000 00:00 0 
6d55dc358000-6d55e0000000 ---p 00000000 00:00 0 
6d55e0000000-6d55e0021000 rw-p 00000000 00:00 0 
6d55e0021000-6d55e4000000 ---p 00000000 00:00 0 
6d55e4000000-6d55e4021000 rw-p 00000000 00:00 0 
6d55e4021000-6d55e8000000 ---p 00000000 00:00 0 
6d55e8000000-6d55e802b000 rw-p 00000000 00:00 0 
6d55e802b000-6d55ec000000 ---p 00000000 00:00 0 
6d55ec000000-6d55ec03a000 rw-p 00000000 00:00 0 
6d55ec03a000-6d55f0000000 ---p 00000000 00:00 0 
6d55f0000000-6d55f0025000 rw-p 00000000 00:00 0 
6d55f0025000-6d55f4000000 ---p 00000000 00:00 0 
6d55f4000000-6d55f4021000 rw-p 00000000 00:00 0 
6d55f4021000-6d55f8000000 ---p 00000000 00:00 0 
6d55f8000000-6d55f8023000 rw-p 00000000 00:00 0 
6d55f8023000-6d55fc000000 ---p 00000000 00:00 0 
6d55fc000000-6d55fca89000 rw-p 00000000 00:00 0 
6d55fca89000-6d5600000000 ---p 00000000 00:00 0 
6d5600000000-6d5600021000 rw-p 00000000 00:00 0 
6d5600021000-6d5604000000 ---p 00000000 00:00 0 
6d5604000000-6d5604202000 rw-p 00000000 00:00 0 
6d5604202000-6d5608000000 ---p 00000000 00:00 0 
6d5608000000-6d56089b8000 rw-p 00000000 00:00 0 
6d56089b8000-6d560c000000 ---p 00000000 00:00 0 
6d560c000000-6d560ce34000 rw-p 00000000 00:00 0 
6d560ce34000-6d5610000000 ---p 00000000 00:00 0 
6d5610000000-6d56102da000 rw-p 00000000 00:00 0 
6d56102da000-6d5614000000 ---p 00000000 00:00 0 
6d5614000000-6d5614021000 rw-p 00000000 00:00 0 
6d5614021000-6d5618000000 ---p 00000000 00:00 0 
6d5618000000-6d5618021000 rw-p 00000000 00:00 0 
6d5618021000-6d561c000000 ---p 00000000 00:00 0 
6d561c000000-6d561c2c5000 rw-p 00000000 00:00 0 
6d561c2c5000-6d5620000000 ---p 00000000 00:00 0 
6d5620000000-6d56202e9000 rw-p 00000000 00:00 0 
6d56202e9000-6d5624000000 ---p 00000000 00:00 0 
6d5624000000-6d56249e3000 rw-p 00000000 00:00 0 
6d56249e3000-6d5628000000 ---p 00000000 00:00 0 
6d5628000000-6d56282c9000 rw-p 00000000 00:00 0 
6d56282c9000-6d562c000000 ---p 00000000 00:00 0 
6d562c000000-6d562c021000 rw-p 00000000 00:00 0 
6d562c021000-6d5630000000 ---p 00000000 00:00 0 
6d5630000000-6d5630021000 rw-p 00000000 00:00 0 
6d5630021000-6d5634000000 ---p 00000000 00:00 0 
6d5634000000-6d5634021000 rw-p 00000000 00:00 0 
6d5634021000-6d5638000000 ---p 00000000 00:00 0 
6d5638000000-6d5638021000 rw-p 00000000 00:00 0 
6d5638021000-6d563c000000 ---p 00000000 00:00 0 
6d563c000000-6d563c02a000 rw-p 00000000 00:00 0 
6d563c02a000-6d5640000000 ---p 00000000 00:00 0 
6d5640000000-6d564002b000 rw-p 00000000 00:00 0 
6d564002b000-6d5644000000 ---p 00000000 00:00 0 
6d5644000000-6d5644032000 rw-p 00000000 00:00 0 
6d5644032000-6d5648000000 ---p 00000000 00:00 0 
6d5648000000-6d564802a000 rw-p 00000000 00:00 0 
6d564802a000-6d564c000000 ---p 00000000 00:00 0 
6d564c000000-6d564c04b000 rw-p 00000000 00:00 0 
6d564c04b000-6d5650000000 ---p 00000000 00:00 0 
6d5650000000-6d565006b000 rw-p 00000000 00:00 0 
6d565006b000-6d5654000000 ---p 00000000 00:00 0 
6d5654000000-6d565403c000 rw-p 00000000 00:00 0 
6d565403c000-6d5658000000 ---p 00000000 00:00 0 
6d5658000000-6d56580aa000 rw-p 00000000 00:00 0 
6d56580aa000-6d565c000000 ---p 00000000 00:00 0 
6d565c000000-6d565c036000 rw-p 00000000 00:00 0 
6d565c036000-6d5660000000 ---p 00000000 00:00 0 
6d5660000000-6d5660033000 rw-p 00000000 00:00 0 
6d5660033000-6d5664000000 ---p 00000000 00:00 0 
6d5664000000-6d5664032000 rw-p 00000000 00:00 0 
6d5664032000-6d5668000000 ---p 00000000 00:00 0 
6d5668000000-6d5668040000 rw-p 00000000 00:00 0 
6d5668040000-6d566c000000 ---p 00000000 00:00 0 
6d566c000000-6d566c0d1000 rw-p 00000000 00:00 0 
6d566c0d1000-6d5670000000 ---p 00000000 00:00 0 
6d5670000000-6d56700a2000 rw-p 00000000 00:00 0 
6d56700a2000-6d5674000000 ---p 00000000 00:00 0 
6d5674000000-6d567405b000 rw-p 00000000 00:00 0 
6d567405b000-6d5678000000 ---p 00000000 00:00 0 
6d5678000000-6d5678042000 rw-p 00000000 00:00 0 
6d5678042000-6d567c000000 ---p 00000000 00:00 0 
6d567c000000-6d567c04c000 rw-p 00000000 00:00 0 
6d567c04c000-6d5680000000 ---p 00000000 00:00 0 
6d5680000000-6d568004b000 rw-p 00000000 00:00 0 
6d568004b000-6d5684000000 ---p 00000000 00:00 0 
6d5684000000-6d5684053000 rw-p 00000000 00:00 0 
6d5684053000-6d5688000000 ---p 00000000 00:00 0 
6d5688000000-6d5688024000 rw-p 00000000 00:00 0 
6d5688024000-6d568c000000 ---p 00000000 00:00 0 
6d568c000000-6d568c07c000 rw-p 00000000 00:00 0 
6d568c07c000-6d5690000000 ---p 00000000 00:00 0 
6d5690000000-6d569009a000 rw-p 00000000 00:00 0 
6d569009a000-6d5694000000 ---p 00000000 00:00 0 
6d5694000000-6d5694021000 rw-p 00000000 00:00 0 
6d5694021000-6d5698000000 ---p 00000000 00:00 0 
6d5698000000-6d5698021000 rw-p 00000000 00:00 0 
6d5698021000-6d569c000000 ---p 00000000 00:00 0 
6d569c000000-6d569c021000 rw-p 00000000 00:00 0 
6d569c021000-6d56a0000000 ---p 00000000 00:00 0 
6d56a0000000-6d56a0021000 rw-p 00000000 00:00 0 
6d56a0021000-6d56a4000000 ---p 00000000 00:00 0 
6d56a4000000-6d56a4280000 rw-p 00000000 00:00 0 
6d56a4280000-6d56a4400000 ---p 00000000 00:00 0 
6d56a4400000-6d56a48c0000 rw-p 00000000 00:00 0 
6d56a48c0000-6d56a8000000 ---p 00000000 00:00 0 
6d56a8000000-6d56a8021000 rw-p 00000000 00:00 0 
6d56a8021000-6d56ac000000 ---p 00000000 00:00 0 
6d56ac820000-6d56ace00000 rw-p 00000000 00:00 0 
6d56ace00000-6d56ace04000 ---p 00000000 00:00 0 
6d56ace04000-6d56acf00000 rw-p 00000000 00:00 0 
6d56acf00000-6d56acf04000 ---p 00000000 00:00 0 
6d56acf04000-6d56ad000000 rw-p 00000000 00:00 0 
6d56ad000000-6d56ad004000 ---p 00000000 00:00 0 
6d56ad004000-6d56ad100000 rw-p 00000000 00:00 0 
6d56ad100000-6d56ad104000 ---p 00000000 00:00 0 
6d56ad104000-6d56ad200000 rw-p 00000000 00:00 0 
6d56ad200000-6d56ad204000 ---p 00000000 00:00 0 
6d56ad204000-6d56ad300000 rw-p 00000000 00:00 0 
6d56ad300000-6d56ad304000 ---p 00000000 00:00 0 
6d56ad304000-6d56ad400000 rw-p 00000000 00:00 0 
6d56ad400000-6d56ad404000 ---p 00000000 00:00 0 
6d56ad404000-6d56ad500000 rw-p 00000000 00:00 0 
6d56ad500000-6d56ad504000 ---p 00000000 00:00 0 
6d56ad504000-6d56ad600000 rw-p 00000000 00:00 0 
6d56ad600000-6d56ad604000 ---p 00000000 00:00 0 
6d56ad604000-6d56ad700000 rw-p 00000000 00:00 0 
6d56ad700000-6d56ad704000 ---p 00000000 00:00 0 
6d56ad704000-6d56ad800000 rw-p 00000000 00:00 0 
6d56ad800000-6d56ad804000 ---p 00000000 00:00 0 
6d56ad804000-6d56ad900000 rw-p 00000000 00:00 0 
6d56ad900000-6d56ad904000 ---p 00000000 00:00 0 
6d56ad904000-6d56ada00000 rw-p 00000000 00:00 0 
6d56ada00000-6d56ada04000 ---p 00000000 00:00 0 
6d56ada04000-6d56adb00000 rw-p 00000000 00:00 0 
6d56adb00000-6d56adb04000 ---p 00000000 00:00 0 
6d56adb04000-6d56adc00000 rw-p 00000000 00:00 0 
6d56adc00000-6d56adc04000 ---p 00000000 00:00 0 
6d56adc04000-6d56add00000 rw-p 00000000 00:00 0 
6d56add00000-6d56add04000 ---p 00000000 00:00 0 
6d56add04000-6d56ade00000 rw-p 00000000 00:00 0 
6d56ade00000-6d56ade04000 ---p 00000000 00:00 0 
6d56ade04000-6d56adf00000 rw-p 00000000 00:00 0 
6d56adf00000-6d56adf04000 ---p 00000000 00:00 0 
6d56adf04000-6d56ae000000 rw-p 00000000 00:00 0 
6d56ae000000-6d56ae004000 ---p 00000000 00:00 0 
6d56ae004000-6d56ae100000 rw-p 00000000 00:00 0 
6d56ae100000-6d56ae104000 ---p 00000000 00:00 0 
6d56ae104000-6d56ae200000 rw-p 00000000 00:00 0 
6d56ae200000-6d56ae204000 ---p 00000000 00:00 0 
6d56ae204000-6d56ae300000 rw-p 00000000 00:00 0 
6d56ae300000-6d56ae304000 ---p 00000000 00:00 0 
6d56ae304000-6d56ae400000 rw-p 00000000 00:00 0 
6d56ae400000-6d56ae404000 ---p 00000000 00:00 0 
6d56ae404000-6d56ae500000 rw-p 00000000 00:00 0 
6d56ae500000-6d56ae504000 ---p 00000000 00:00 0 
6d56ae504000-6d56ae600000 rw-p 00000000 00:00 0 
6d56ae600000-6d56ae604000 ---p 00000000 00:00 0 
6d56ae604000-6d56ae700000 rw-p 00000000 00:00 0 
6d56ae700000-6d56ae704000 ---p 00000000 00:00 0 
6d56ae704000-6d56ae800000 rw-p 00000000 00:00 0 
6d56ae800000-6d56ae804000 ---p 00000000 00:00 0 
6d56ae804000-6d56ae900000 rw-p 00000000 00:00 0 
6d56ae900000-6d56ae904000 ---p 00000000 00:00 0 
6d56ae904000-6d56aea00000 rw-p 00000000 00:00 0 
6d56aea00000-6d56aea04000 ---p 00000000 00:00 0 
6d56aea04000-6d56aeb00000 rw-p 00000000 00:00 0 
6d56aeb00000-6d56aeb04000 ---p 00000000 00:00 0 
6d56aeb04000-6d56aec00000 rw-p 00000000 00:00 0 
6d56aec00000-6d56aec04000 ---p 00000000 00:00 0 
6d56aec04000-6d56aed00000 rw-p 00000000 00:00 0 
6d56aed00000-6d56aed04000 ---p 00000000 00:00 0 
6d56aed04000-6d56aee00000 rw-p 00000000 00:00 0 
6d56aee00000-6d56aee04000 ---p 00000000 00:00 0 
6d56aee04000-6d56aef00000 rw-p 00000000 00:00 0 
6d56aef00000-6d56aef04000 ---p 00000000 00:00 0 
6d56aef04000-6d56af000000 rw-p 00000000 00:00 0 
6d56af000000-6d56afca3000 rw-p 00001000 fc:00 49677060                   /mydata/openjdk-mmtk/build/b0test/images/jdk/lib/server/classes.jsa
6d56afca3000-6d56b0000000 ---p 00000000 00:00 0 
6d56b0000000-6d56b0040000 rw-p 00000000 00:00 0 
6d56b0040000-6d56b0110000 rw-p 00000000 00:00 0 
6d56b0110000-6d56f0000000 ---p 00000000 00:00 0 
6d56f0000000-6d56f0021000 rw-p 00000000 00:00 0 
6d56f0021000-6d56f4004000 ---p 00000000 00:00 0 
6d56f4004000-6d56f4100000 rw-p 00000000 00:00 0 
6d56f4100000-6d56f4104000 ---p 00000000 00:00 0 
6d56f4104000-6d56f4200000 rw-p 00000000 00:00 0 
6d56f4200000-6d56f4204000 ---p 00000000 00:00 0 
6d56f4204000-6d56f4300000 rw-p 00000000 00:00 0 
6d56f4300000-6d56f4304000 ---p 00000000 00:00 0 
6d56f4304000-6d56f4400000 rw-p 00000000 00:00 0 
6d56f4400000-6d56f4404000 ---p 00000000 00:00 0 
6d56f4404000-6d56f4500000 rw-p 00000000 00:00 0 
6d56f4500000-6d56f4504000 ---p 00000000 00:00 0 
6d56f4504000-6d56f4600000 rw-p 00000000 00:00 0 
6d56f4600000-6d56f4604000 ---p 00000000 00:00 0 
6d56f4604000-6d56f4700000 rw-p 00000000 00:00 0 
6d56f4700000-6d56f4704000 ---p 00000000 00:00 0 
6d56f4704000-6d56f4800000 rw-p 00000000 00:00 0 
6d56f4800000-6d56f4804000 ---p 00000000 00:00 0 
6d56f4804000-6d56f4900000 rw-p 00000000 00:00 0 
6d56f4900000-6d56f4904000 ---p 00000000 00:00 0 
6d56f4904000-6d56f4a00000 rw-p 00000000 00:00 0 
6d56f4a00000-6d56f4a04000 ---p 00000000 00:00 0 
6d56f4a04000-6d56f4b00000 rw-p 00000000 00:00 0 
6d56f4b00000-6d56f4b04000 ---p 00000000 00:00 0 
6d56f4b04000-6d56f4c00000 rw-p 00000000 00:00 0 
6d56f4c00000-6d56f4c04000 ---p 00000000 00:00 0 
6d56f4c04000-6d56f4d00000 rw-p 00000000 00:00 0 
6d56f4d00000-6d56f4d04000 ---p 00000000 00:00 0 
6d56f4d04000-6d56f4e00000 rw-p 00000000 00:00 0 
6d56f4e00000-6d56f4e04000 ---p 00000000 00:00 0 
6d56f4e04000-6d56f4f00000 rw-p 00000000 00:00 0 
6d56f4f00000-6d56f4f04000 ---p 00000000 00:00 0 
6d56f4f04000-6d56f5000000 rw-p 00000000 00:00 0 
6d56f5000000-6d56f5004000 ---p 00000000 00:00 0 
6d56f5004000-6d56f5100000 rw-p 00000000 00:00 0 
6d56f5100000-6d56f5104000 ---p 00000000 00:00 0 
6d56f5104000-6d56f5200000 rw-p 00000000 00:00 0 
6d56f5200000-6d56f8200000 rw-p 00000000 00:00 0 
6d56f82fb000-6d56f82fc000 ---p 00000000 00:00 0 
6d56f82fc000-6d56f83fc000 rw-p 00000000 00:00 0 
6d56f83fc000-6d5728400000 rw-p 00000000 00:00 0 
6d5728400000-6d5729400000 ---p 00000000 00:00 0                          [anon:mmtk:sidemeta:all:all-quarantined]
6d5729400000-6d5729c00000 rw-p 00000000 00:00 0                          [anon:mmtk:sidemeta:immix:VO_BIT]
6d5729c00000-6f572a400000 ---p 00000000 00:00 0                          [anon:mmtk:sidemeta:all:all-quarantined]
6f572a400000-6f572a800000 rw-p 00000000 00:00 0                          [anon:mmtk:sidemeta:immix:CHUNK_MARK]
6f572a800000-6f572d400000 ---p 00000000 00:00 0                          [anon:mmtk:sidemeta:all:all-quarantined]
6f572d400000-6f572dc00000 rw-p 00000000 00:00 0                          [anon:mmtk:sidemeta:immix:VMGlobalLogBitSpec]
6f572dc00000-715f2c800000 ---p 00000000 00:00 0                          [anon:mmtk:sidemeta:all:all-quarantined]
715f2c800000-715f2cc00000 rw-p 00000000 00:00 0                          [anon:mmtk:sidemeta:immix:IX_LINE_MARK]
715f2cc00000-71df2c400000 ---p 00000000 00:00 0                          [anon:mmtk:sidemeta:all:all-quarantined]
71df2c400000-71df2c800000 rw-p 00000000 00:00 0                          [anon:mmtk:sidemeta:immix:IX_BLOCK_DEFRAG]
71df2c800000-71e02c400000 ---p 00000000 00:00 0                          [anon:mmtk:sidemeta:all:all-quarantined]
71e02c400000-71e02c800000 rw-p 00000000 00:00 0                          [anon:mmtk:sidemeta:immix:IX_BLOCK_MARK]
71e02c800000-7801ac400000 ---p 00000000 00:00 0                          [anon:mmtk:sidemeta:all:all-quarantined]
7801ac400000-7801ac800000 rw-p 00000000 00:00 0                          [anon:mmtk:sidemeta:los:VMLocalLOSMarkNurserySpec]
7801ac800000-7803ad400000 ---p 00000000 00:00 0                          [anon:mmtk:sidemeta:all:all-quarantined]
7803ad400000-7803adc00000 rw-p 00000000 00:00 0                          [anon:mmtk:sidemeta:immix:VMLocalMarkBitSpec]
7803adc00000-7a03ac400000 ---p 00000000 00:00 0                          [anon:mmtk:sidemeta:all:all-quarantined]
7a03ac4fc000-7a03ac4fd000 ---p 00000000 00:00 0 
7a03ac4fd000-7a03ac5fd000 rw-p 00000000 00:00 0 
7a03ac5fd000-7a03ac5fe000 ---p 00000000 00:00 0 
7a03ac5fe000-7a03ac6fe000 rw-p 00000000 00:00 0 
7a03ac6fe000-7a03ac6ff000 ---p 00000000 00:00 0 
7a03ac6ff000-7a03ac7ff000 rw-p 00000000 00:00 0 
7a03ac7ff000-7a03cc800000 rw-p 00000000 00:00 0 
7a03cc800000-7a03ccec0000 rwxp 00000000 00:00 0 
7a03ccec0000-7a03d3c17000 ---p 00000000 00:00 0 
7a03d3c17000-7a03d3fa7000 rwxp 00000000 00:00 0 
7a03d3fa7000-7a03d43e8000 ---p 00000000 00:00 0 
7a03d43e8000-7a03d46a8000 rwxp 00000000 00:00 0 
7a03d46a8000-7a03db800000 ---p 00000000 00:00 0 
7a03db800000-7a03e3fa0000 r--s 00000000 fc:00 49676300                   /mydata/openjdk-mmtk/build/b0test/images/jdk/lib/modules
7a03e4000000-7a03e47f1000 rw-p 00000000 00:00 0 
7a03e47f1000-7a03e8000000 ---p 00000000 00:00 0 
7a03e801c000-7a03e8021000 r--p 00000000 fc:00 49676433                   /mydata/openjdk-mmtk/build/b0test/images/jdk/lib/libjsvml.so
7a03e8021000-7a03e8062000 r-xp 00005000 fc:00 49676433                   /mydata/openjdk-mmtk/build/b0test/images/jdk/lib/libjsvml.so
7a03e8062000-7a03e80eb000 r--p 00046000 fc:00 49676433                   /mydata/openjdk-mmtk/build/b0test/images/jdk/lib/libjsvml.so
7a03e80eb000-7a03e80ec000 r--p 000ce000 fc:00 49676433                   /mydata/openjdk-mmtk/build/b0test/images/jdk/lib/libjsvml.so
7a03e80ec000-7a03e80ed000 rw-p 000cf000 fc:00 49676433                   /mydata/openjdk-mmtk/build/b0test/images/jdk/lib/libjsvml.so
7a03e80ed000-7a03e80ee000 ---p 00000000 00:00 0 
7a03e80ee000-7a03e81ee000 rw-p 00000000 00:00 0 
7a03e81ee000-7a03e81ef000 ---p 00000000 00:00 0 
7a03e81ef000-7a03e82ef000 rw-p 00000000 00:00 0 
7a03e82ef000-7a03e82f0000 ---p 00000000 00:00 0 
7a03e82f0000-7a03e83f0000 rw-p 00000000 00:00 0 
7a03e83f0000-7a03e83f1000 ---p 00000000 00:00 0 
7a03e83f1000-7a03e84f1000 rw-p 00000000 00:00 0 
7a03e84f1000-7a03e84f2000 ---p 00000000 00:00 0 
7a03e84f2000-7a03e85f2000 rw-p 00000000 00:00 0 
7a03e85f2000-7a03e85f3000 ---p 00000000 00:00 0 
7a03e85f3000-7a03e86f3000 rw-p 00000000 00:00 0 
7a03e86f3000-7a03e86f4000 ---p 00000000 00:00 0 
7a03e86f4000-7a03e87f4000 rw-p 00000000 00:00 0 
7a03e87f4000-7a03e87f5000 ---p 00000000 00:00 0 
7a03e87f5000-7a03e88f5000 rw-p 00000000 00:00 0 
7a03e88f5000-7a03e88f6000 ---p 00000000 00:00 0 
7a03e88f6000-7a03e89f6000 rw-p 00000000 00:00 0 
7a03e89f6000-7a03e89f7000 ---p 00000000 00:00 0 
7a03e89f7000-7a03e8af7000 rw-p 00000000 00:00 0 
7a03e8af7000-7a03e8af8000 ---p 00000000 00:00 0 
7a03e8af8000-7a03e8bf8000 rw-p 00000000 00:00 0 
7a03e8bf8000-7a03e8bf9000 ---p 00000000 00:00 0 
7a03e8bf9000-7a03e8cf9000 rw-p 00000000 00:00 0 
7a03e8cf9000-7a03e8cfa000 ---p 00000000 00:00 0 
7a03e8cfa000-7a03e8dfa000 rw-p 00000000 00:00 0 
7a03e8dfa000-7a03e8dfb000 ---p 00000000 00:00 0 
7a03e8dfb000-7a03e8efb000 rw-p 00000000 00:00 0 
7a03e8efb000-7a03e8efc000 ---p 00000000 00:00 0 
7a03e8efc000-7a03e8ffc000 rw-p 00000000 00:00 0 
7a03e8ffc000-7a03e8ffd000 ---p 00000000 00:00 0 
7a03e8ffd000-7a03e90fd000 rw-p 00000000 00:00 0 
7a03e90fd000-7a03e90fe000 ---p 00000000 00:00 0 
7a03e90fe000-7a03e91fe000 rw-p 00000000 00:00 0 
7a03e91fe000-7a03e91ff000 ---p 00000000 00:00 0 
7a03e91ff000-7a03e92ff000 rw-p 00000000 00:00 0 
7a03e92ff000-7a03e9300000 ---p 00000000 00:00 0 
7a03e9300000-7a03e9400000 rw-p 00000000 00:00 0 
7a03e9400000-7a03e9404000 ---p 00000000 00:00 0 
7a03e9404000-7a03e9500000 rw-p 00000000 00:00 0 
7a03e9500000-7a03e9504000 ---p 00000000 00:00 0 
7a03e9504000-7a03e9600000 rw-p 00000000 00:00 0 
7a03e9600000-7a03e98eb000 r--p 00000000 08:03 1410552                    /usr/lib/locale/locale-archive
7a03e9942000-7a03e9946000 ---p 00000000 00:00 0 
7a03e9946000-7a03e9a42000 rw-p 00000000 00:00 0 
7a03e9a42000-7a03e9a43000 ---p 00000000 00:00 0 
7a03e9a43000-7a03e9b43000 rw-p 00000000 00:00 0 
7a03e9b43000-7a03e9b44000 ---p 00000000 00:00 0 
7a03e9b44000-7a03e9c44000 rw-p 00000000 00:00 0 
7a03e9c44000-7a03e9c45000 ---p 00000000 00:00 0 
7a03e9c45000-7a03e9d45000 rw-p 00000000 00:00 0 
7a03e9d45000-7a03ea346000 rw-p 00000000 00:00 0 
7a03ea346000-7a03ea34a000 r--p 00000000 08:03 1410107                    /usr/lib/x86_64-linux-gnu/libzstd.so.1.5.5
7a03ea34a000-7a03ea3f1000 r-xp 00004000 08:03 1410107                    /usr/lib/x86_64-linux-gnu/libzstd.so.1.5.5
7a03ea3f1000-7a03ea3fe000 r--p 000ab000 08:03 1410107                    /usr/lib/x86_64-linux-gnu/libzstd.so.1.5.5
7a03ea3fe000-7a03ea3ff000 r--p 000b7000 08:03 1410107                    /usr/lib/x86_64-linux-gnu/libzstd.so.1.5.5
7a03ea3ff000-7a03ea400000 rw-p 000b8000 08:03 1410107                    /usr/lib/x86_64-linux-gnu/libzstd.so.1.5.5
7a03ea400000-7a03ea40c000 r--p 00000000 fc:00 13107820                   /mydata/gc-bpf-fault/shim/libgcbpf.so
7a03ea40c000-7a03ea46e000 r-xp 0000c000 fc:00 13107820                   /mydata/gc-bpf-fault/shim/libgcbpf.so
7a03ea46e000-7a03ea6de000 r--p 0006e000 fc:00 13107820                   /mydata/gc-bpf-fault/shim/libgcbpf.so
7a03ea6de000-7a03ea6e0000 r--p 002de000 fc:00 13107820                   /mydata/gc-bpf-fault/shim/libgcbpf.so
7a03ea6e0000-7a03ea6e1000 rw-p 002e0000 fc:00 13107820                   /mydata/gc-bpf-fault/shim/libgcbpf.so
7a03ea6e1000-7a03ea6e2000 rw-p 00000000 00:00 0 
7a03ea717000-7a03ea71d000 rw-p 00000000 00:00 0 
7a03ea71d000-7a03ea800000 ---p 00000000 00:00 0 
7a03ea800000-7a03ea94b000 r--p 00000000 fc:00 49676390                   /mydata/openjdk-mmtk/build/b0test/images/jdk/lib/server/libmmtk_openjdk.so
7a03ea94b000-7a03eabd0000 r-xp 0014a000 fc:00 49676390                   /mydata/openjdk-mmtk/build/b0test/images/jdk/lib/server/libmmtk_openjdk.so
7a03eabd0000-7a03eac11000 r--p 003ce000 fc:00 49676390                   /mydata/openjdk-mmtk/build/b0test/images/jdk/lib/server/libmmtk_openjdk.so
7a03eac11000-7a03eac14000 rw-p 0040e000 fc:00 49676390                   /mydata/openjdk-mmtk/build/b0test/images/jdk/lib/server/libmmtk_openjdk.so
7a03eac14000-7a03eac16000 rw-p 00000000 00:00 0 
7a03eac17000-7a03eac25000 rw-p 00000000 00:00 0 
7a03eac25000-7a03ead00000 ---p 00000000 00:00 0 
7a03ead00000-7a03ead04000 ---p 00000000 00:00 0 
7a03ead04000-7a03eae00000 rw-p 00000000 00:00 0 
7a03eae00000-7a03eb0a9000 r--p 00000000 fc:00 49676389                   /mydata/openjdk-mmtk/build/b0test/images/jdk/lib/server/libjvm.so
7a03eb0a9000-7a03ebf3c000 r-xp 002a9000 fc:00 49676389                   /mydata/openjdk-mmtk/build/b0test/images/jdk/lib/server/libjvm.so
7a03ebf3c000-7a03ec220000 r--p 0113c000 fc:00 49676389                   /mydata/openjdk-mmtk/build/b0test/images/jdk/lib/server/libjvm.so
7a03ec220000-7a03ec2f6000 r--p 0141f000 fc:00 49676389                   /mydata/openjdk-mmtk/build/b0test/images/jdk/lib/server/libjvm.so
7a03ec2f6000-7a03ec326000 rw-p 014f5000 fc:00 49676389                   /mydata/openjdk-mmtk/build/b0test/images/jdk/lib/server/libjvm.so
7a03ec326000-7a03ec38c000 rw-p 00000000 00:00 0 
7a03ec400000-7a03ec428000 r--p 00000000 08:03 1410238                    /usr/lib/x86_64-linux-gnu/libc.so.6
7a03ec428000-7a03ec5b0000 r-xp 00028000 08:03 1410238                    /usr/lib/x86_64-linux-gnu/libc.so.6
7a03ec5b0000-7a03ec5ff000 r--p 001b0000 08:03 1410238                    /usr/lib/x86_64-linux-gnu/libc.so.6
7a03ec5ff000-7a03ec603000 r--p 001fe000 08:03 1410238                    /usr/lib/x86_64-linux-gnu/libc.so.6
7a03ec603000-7a03ec605000 rw-p 00202000 08:03 1410238                    /usr/lib/x86_64-linux-gnu/libc.so.6
7a03ec605000-7a03ec612000 rw-p 00000000 00:00 0 
7a03ec614000-7a03ec618000 r--p 00000000 fc:00 49676379                   /mydata/openjdk-mmtk/build/b0test/images/jdk/lib/libverify.so
7a03ec618000-7a03ec61f000 r-xp 00004000 fc:00 49676379                   /mydata/openjdk-mmtk/build/b0test/images/jdk/lib/libverify.so
7a03ec61f000-7a03ec621000 r--p 0000b000 fc:00 49676379                   /mydata/openjdk-mmtk/build/b0test/images/jdk/lib/libverify.so
7a03ec621000-7a03ec623000 r--p 0000c000 fc:00 49676379                   /mydata/openjdk-mmtk/build/b0test/images/jdk/lib/libverify.so
7a03ec623000-7a03ec624000 rw-p 0000e000 fc:00 49676379                   /mydata/openjdk-mmtk/build/b0test/images/jdk/lib/libverify.so
7a03ec624000-7a03ec626000 r--p 00000000 fc:00 49676380                   /mydata/openjdk-mmtk/build/b0test/images/jdk/lib/libzip.so
7a03ec626000-7a03ec62b000 r-xp 00002000 fc:00 49676380                   /mydata/openjdk-mmtk/build/b0test/images/jdk/lib/libzip.so
7a03ec62b000-7a03ec62d000 r--p 00007000 fc:00 49676380                   /mydata/openjdk-mmtk/build/b0test/images/jdk/lib/libzip.so
7a03ec62d000-7a03ec62e000 r--p 00008000 fc:00 49676380                   /mydata/openjdk-mmtk/build/b0test/images/jdk/lib/libzip.so
7a03ec62e000-7a03ec62f000 rw-p 00009000 fc:00 49676380                   /mydata/openjdk-mmtk/build/b0test/images/jdk/lib/libzip.so
7a03ec62f000-7a03ec632000 r--p 00000000 fc:00 49676376                   /mydata/openjdk-mmtk/build/b0test/images/jdk/lib/libnet.so
7a03ec632000-7a03ec63a000 r-xp 00003000 fc:00 49676376                   /mydata/openjdk-mmtk/build/b0test/images/jdk/lib/libnet.so
7a03ec63a000-7a03ec63c000 r--p 0000b000 fc:00 49676376                   /mydata/openjdk-mmtk/build/b0test/images/jdk/lib/libnet.so
7a03ec63c000-7a03ec63d000 r--p 0000c000 fc:00 49676376                   /mydata/openjdk-mmtk/build/b0test/images/jdk/lib/libnet.so
7a03ec63d000-7a03ec63e000 rw-p 0000d000 fc:00 49676376                   /mydata/openjdk-mmtk/build/b0test/images/jdk/lib/libnet.so
7a03ec63e000-7a03ec645000 r--p 00000000 fc:00 49676377                   /mydata/openjdk-mmtk/build/b0test/images/jdk/lib/libnio.so
7a03ec645000-7a03ec64e000 r-xp 00007000 fc:00 49676377                   /mydata/openjdk-mmtk/build/b0test/images/jdk/lib/libnio.so
7a03ec64e000-7a03ec652000 r--p 00010000 fc:00 49676377                   /mydata/openjdk-mmtk/build/b0test/images/jdk/lib/libnio.so
7a03ec652000-7a03ec653000 r--p 00014000 fc:00 49676377                   /mydata/openjdk-mmtk/build/b0test/images/jdk/lib/libnio.so
7a03ec653000-7a03ec654000 rw-p 00015000 fc:00 49676377                   /mydata/openjdk-mmtk/build/b0test/images/jdk/lib/libnio.so
7a03ec654000-7a03ec657000 r--p 00000000 08:03 1410420                    /usr/lib/x86_64-linux-gnu/libelf-0.190.so
7a03ec657000-7a03ec66d000 r-xp 00003000 08:03 1410420                    /usr/lib/x86_64-linux-gnu/libelf-0.190.so
7a03ec66d000-7a03ec671000 r--p 00019000 08:03 1410420                    /usr/lib/x86_64-linux-gnu/libelf-0.190.so
7a03ec671000-7a03ec672000 r--p 0001c000 08:03 1410420                    /usr/lib/x86_64-linux-gnu/libelf-0.190.so
7a03ec672000-7a03ec673000 rw-p 0001d000 08:03 1410420                    /usr/lib/x86_64-linux-gnu/libelf-0.190.so
7a03ec676000-7a03ec67d000 r--s 00000000 08:03 1436340                    /usr/lib/x86_64-linux-gnu/gconv/gconv-modules.cache
7a03ec67d000-7a03ec685000 rw-p 00000000 00:00 0 
7a03ec685000-7a03ec68d000 ---p 00000000 00:00 0 
7a03ec68d000-7a03ec69a000 r--p 00000000 fc:00 49676369                   /mydata/openjdk-mmtk/build/b0test/images/jdk/lib/libjava.so
7a03ec69a000-7a03ec6a9000 r-xp 0000d000 fc:00 49676369                   /mydata/openjdk-mmtk/build/b0test/images/jdk/lib/libjava.so
7a03ec6a9000-7a03ec6ae000 r--p 0001c000 fc:00 49676369                   /mydata/openjdk-mmtk/build/b0test/images/jdk/lib/libjava.so
7a03ec6ae000-7a03ec6af000 r--p 00021000 fc:00 49676369                   /mydata/openjdk-mmtk/build/b0test/images/jdk/lib/libjava.so
7a03ec6af000-7a03ec6b0000 rw-p 00022000 fc:00 49676369                   /mydata/openjdk-mmtk/build/b0test/images/jdk/lib/libjava.so
7a03ec6b0000-7a03ec6b1000 rw-p 00000000 00:00 0 
7a03ec6b1000-7a03ec6b9000 rw-s 00000000 08:03 237600                     /tmp/hsperfdata_root/506551
7a03ec6b9000-7a03ec6bd000 r--p 00000000 fc:00 49676370                   /mydata/openjdk-mmtk/build/b0test/images/jdk/lib/libjimage.so
7a03ec6bd000-7a03ec6d4000 r-xp 00004000 fc:00 49676370                   /mydata/openjdk-mmtk/build/b0test/images/jdk/lib/libjimage.so
7a03ec6d4000-7a03ec6d9000 r--p 0001b000 fc:00 49676370                   /mydata/openjdk-mmtk/build/b0test/images/jdk/lib/libjimage.so
7a03ec6d9000-7a03ec6db000 r--p 00020000 fc:00 49676370                   /mydata/openjdk-mmtk/build/b0test/images/jdk/lib/libjimage.so
7a03ec6db000-7a03ec6dc000 rw-p 00022000 fc:00 49676370                   /mydata/openjdk-mmtk/build/b0test/images/jdk/lib/libjimage.so
7a03ec6dc000-7a03ec6e0000 r--p 00000000 08:03 1410148                    /usr/lib/x86_64-linux-gnu/libgcc_s.so.1
7a03ec6e0000-7a03ec704000 r-xp 00004000 08:03 1410148                    /usr/lib/x86_64-linux-gnu/libgcc_s.so.1
7a03ec704000-7a03ec708000 r--p 00028000 08:03 1410148                    /usr/lib/x86_64-linux-gnu/libgcc_s.so.1
7a03ec708000-7a03ec709000 r--p 0002b000 08:03 1410148                    /usr/lib/x86_64-linux-gnu/libgcc_s.so.1
7a03ec709000-7a03ec70a000 rw-p 0002c000 08:03 1410148                    /usr/lib/x86_64-linux-gnu/libgcc_s.so.1
7a03ec70a000-7a03ec71a000 r--p 00000000 08:03 1411099                    /usr/lib/x86_64-linux-gnu/libm.so.6
7a03ec71a000-7a03ec799000 r-xp 00010000 08:03 1411099                    /usr/lib/x86_64-linux-gnu/libm.so.6
7a03ec799000-7a03ec7f1000 r--p 0008f000 08:03 1411099                    /usr/lib/x86_64-linux-gnu/libm.so.6
7a03ec7f1000-7a03ec7f2000 r--p 000e7000 08:03 1411099                    /usr/lib/x86_64-linux-gnu/libm.so.6
7a03ec7f2000-7a03ec7f3000 rw-p 000e8000 08:03 1411099                    /usr/lib/x86_64-linux-gnu/libm.so.6
7a03ec7f3000-7a03ec7f5000 rw-p 00000000 00:00 0 
7a03ec7f5000-7a03ec7f7000 r--p 00000000 08:03 1409104                    /usr/lib/x86_64-linux-gnu/libz.so.1.3
7a03ec7f7000-7a03ec809000 r-xp 00002000 08:03 1409104                    /usr/lib/x86_64-linux-gnu/libz.so.1.3
7a03ec809000-7a03ec80f000 r--p 00014000 08:03 1409104                    /usr/lib/x86_64-linux-gnu/libz.so.1.3
7a03ec80f000-7a03ec810000 r--p 0001a000 08:03 1409104                    /usr/lib/x86_64-linux-gnu/libz.so.1.3
7a03ec810000-7a03ec811000 rw-p 0001b000 08:03 1409104                    /usr/lib/x86_64-linux-gnu/libz.so.1.3
7a03ec816000-7a03ec817000 rw-s 00000000 00:10 68                         anon_inode:bpf-map
7a03ec817000-7a03ec818000 r--s 00000000 00:10 68                         anon_inode:bpf-map
7a03ec818000-7a03ec819000 ---p 00000000 00:00 0 
7a03ec819000-7a03ec81a000 r--p 00000000 00:00 0 
7a03ec81a000-7a03ec81b000 ---p 00000000 00:00 0 
7a03ec81b000-7a03ec81d000 r--p 00000000 fc:00 49676372                   /mydata/openjdk-mmtk/build/b0test/images/jdk/lib/libjli.so
7a03ec81d000-7a03ec827000 r-xp 00002000 fc:00 49676372                   /mydata/openjdk-mmtk/build/b0test/images/jdk/lib/libjli.so
7a03ec827000-7a03ec82a000 r--p 0000c000 fc:00 49676372                   /mydata/openjdk-mmtk/build/b0test/images/jdk/lib/libjli.so
7a03ec82a000-7a03ec82b000 r--p 0000f000 fc:00 49676372                   /mydata/openjdk-mmtk/build/b0test/images/jdk/lib/libjli.so
7a03ec82b000-7a03ec82c000 rw-p 00010000 fc:00 49676372                   /mydata/openjdk-mmtk/build/b0test/images/jdk/lib/libjli.so
7a03ec82c000-7a03ec82e000 rw-p 00000000 00:00 0 
7a03ec82e000-7a03ec832000 r--p 00000000 00:00 0                          [vvar]
7a03ec832000-7a03ec834000 r--p 00000000 00:00 0                          [vvar_vclock]
7a03ec834000-7a03ec836000 r-xp 00000000 00:00 0                          [vdso]
7a03ec836000-7a03ec837000 r--p 00000000 08:03 1409763                    /usr/lib/x86_64-linux-gnu/ld-linux-x86-64.so.2
7a03ec837000-7a03ec862000 r-xp 00001000 08:03 1409763                    /usr/lib/x86_64-linux-gnu/ld-linux-x86-64.so.2
7a03ec862000-7a03ec86c000 r--p 0002c000 08:03 1409763                    /usr/lib/x86_64-linux-gnu/ld-linux-x86-64.so.2
7a03ec86c000-7a03ec86e000 r--p 00036000 08:03 1409763                    /usr/lib/x86_64-linux-gnu/ld-linux-x86-64.so.2
7a03ec86e000-7a03ec870000 rw-p 00038000 08:03 1409763                    /usr/lib/x86_64-linux-gnu/ld-linux-x86-64.so.2
7ffeae800000-7ffeae821000 rw-p 00000000 00:00 0                          [stack]
ffffffffff600000-ffffffffff601000 --xp 00000000 00:00 0                  [vsyscall]
Total number of mappings: 545

JVMTI agents: none


VM Arguments:
jvm_args: -XX:+UseThirdPartyHeap -Xms512m -Xmx512m 
java_command: /mydata/dacapo/dacapo-23.11/dacapo-23.11-MR2-chopin.jar xalan -n 3
java_class_path (initial): /mydata/dacapo/dacapo-23.11/dacapo-23.11-MR2-chopin.jar
Launcher Type: SUN_STANDARD

[Global flags]
     intx CICompilerCount                          = 15                                        {product} {ergonomic}
   size_t InitialHeapSize                          = 536870912                                 {product} {command line}
   size_t MaxHeapSize                              = 536870912                                 {product} {command line}
   size_t MinHeapDeltaBytes                        = 524288                                    {product} {ergonomic}
   size_t MinHeapSize                              = 536870912                                 {product} {command line}
    uintx NonNMethodCodeHeapSize                   = 8192380                                {pd product} {ergonomic}
    uintx NonProfiledCodeHeapSize                  = 121732930                              {pd product} {ergonomic}
    uintx ProfiledCodeHeapSize                     = 121732930                              {pd product} {ergonomic}
    uintx ReservedCodeCacheSize                    = 251658240                              {pd product} {ergonomic}
     bool SegmentedCodeCache                       = true                                      {product} {ergonomic}
   size_t SoftMaxHeapSize                          = 536870912                              {manageable} {ergonomic}
     bool UseCompressedOops                        = true                           {product lp64_product} {ergonomic}

Logging:
Log output configuration:
 #0: stdout all=warning uptime,level,tags foldmultilines=false
 #1: stderr all=off uptime,level,tags foldmultilines=false

Release file:
IMPLEMENTOR="N/A"
JAVA_RUNTIME_VERSION="21.0.9-internal-adhoc.talzuss.openjdk-mmtk"
JAVA_VERSION="21.0.9"
JAVA_VERSION_DATE="2025-10-21"
LIBC="gnu"
MODULES="java.base java.compiler java.datatransfer java.xml java.prefs java.desktop java.instrument java.logging java.management java.security.sasl java.naming java.rmi java.management.rmi java.net.http java.scripting java.security.jgss java.transaction.xa java.sql java.sql.rowset java.xml.crypto java.se java.smartcardio jdk.accessibility jdk.internal.jvmstat jdk.attach jdk.charsets jdk.internal.opt jdk.zipfs jdk.compiler jdk.crypto.ec jdk.crypto.cryptoki jdk.dynalink jdk.internal.ed jdk.editpad jdk.hotspot.agent jdk.httpserver jdk.incubator.vector jdk.internal.le jdk.internal.vm.ci jdk.internal.vm.compiler jdk.internal.vm.compiler.management jdk.jartool jdk.javadoc jdk.jcmd jdk.management jdk.management.agent jdk.jconsole jdk.jdeps jdk.jdwp.agent jdk.jdi jdk.jfr jdk.jlink jdk.jpackage jdk.jshell jdk.jsobject jdk.jstatd jdk.localedata jdk.management.jfr jdk.naming.dns jdk.naming.rmi jdk.net jdk.nio.mapmode jdk.random jdk.sctp jdk.security.auth jdk.security.jgss jdk.unsupported jdk.unsupported.desktop jdk.xml.dom"
OS_ARCH="x86_64"
OS_NAME="Linux"
SOURCE=".:git:b557520f04b3+"

Environment Variables:
PATH=/usr/local/sbin:/usr/local/bin:/usr/sbin:/usr/bin:/sbin:/bin:/snap/bin
SHELL=/bin/bash
LANG=en_US.UTF-8
TERM=tmux-256color

Active Locale:
LC_ALL=en_US.UTF-8
LC_COLLATE=en_US.UTF-8
LC_CTYPE=en_US.UTF-8
LC_MESSAGES=en_US.UTF-8
LC_MONETARY=en_US.UTF-8
LC_NUMERIC=en_US.UTF-8
LC_TIME=en_US.UTF-8

Signal Handlers:
   SIGSEGV: crash_handler in libjvm.so, mask=11100100010111111101111111111110, flags=SA_RESTART|SA_SIGINFO, unblocked
    SIGBUS: crash_handler in libjvm.so, mask=11100100010111111101111111111110, flags=SA_RESTART|SA_SIGINFO, unblocked
    SIGFPE: crash_handler in libjvm.so, mask=11100100010111111101111111111110, flags=SA_RESTART|SA_SIGINFO, unblocked
   SIGPIPE: javaSignalHandler in libjvm.so, mask=11100100010111111101111111111110, flags=SA_RESTART|SA_SIGINFO, blocked
   SIGXFSZ: javaSignalHandler in libjvm.so, mask=11100100010111111101111111111110, flags=SA_RESTART|SA_SIGINFO, blocked
    SIGILL: crash_handler in libjvm.so, mask=11100100010111111101111111111110, flags=SA_RESTART|SA_SIGINFO, unblocked
   SIGUSR2: SR_handler in libjvm.so, mask=00000000000000000000000000000000, flags=SA_RESTART|SA_SIGINFO, blocked
    SIGHUP: UserHandler in libjvm.so, mask=11100100010111111101111111111110, flags=SA_RESTART|SA_SIGINFO, blocked
    SIGINT: UserHandler in libjvm.so, mask=11100100010111111101111111111110, flags=SA_RESTART|SA_SIGINFO, blocked
   SIGTERM: UserHandler in libjvm.so, mask=11100100010111111101111111111110, flags=SA_RESTART|SA_SIGINFO, blocked
   SIGQUIT: UserHandler in libjvm.so, mask=11100100010111111101111111111110, flags=SA_RESTART|SA_SIGINFO, blocked
   SIGTRAP: crash_handler in libjvm.so, mask=11100100010111111101111111111110, flags=SA_RESTART|SA_SIGINFO, unblocked


Periodic native trim disabled

---------------  S Y S T E M  ---------------

OS:
DISTRIB_ID=Ubuntu
DISTRIB_RELEASE=24.04
DISTRIB_CODENAME=noble
DISTRIB_DESCRIPTION="Ubuntu 24.04.4 LTS"
uname: Linux 6.17.0-bpf-fault+ #1 SMP PREEMPT_DYNAMIC Mon Jul  6 16:43:12 MDT 2026 x86_64
OS uptime: 1 days 5:50 hours
libc: glibc 2.39 NPTL 2.39 
rlimit (soft/hard): STACK 8192k/infinity , CORE 0k/0k , NPROC 513205/513205 , NOFILE 1048576/1048576 , AS infinity/infinity , CPU infinity/infinity , DATA infinity/infinity , FSIZE infinity/infinity , MEMLOCK 16436528k/16436528k
load average: 1.08 0.99 0.76

/proc/meminfo:
MemTotal:       131492232 kB
MemFree:        63708648 kB
MemAvailable:   112159044 kB
Buffers:          592540 kB
Cached:         47081768 kB
SwapCached:            0 kB
Active:          4486152 kB
Inactive:       46850616 kB
Active(anon):    3679640 kB
Inactive(anon):        0 kB
Active(file):     806512 kB
Inactive(file): 46850616 kB
Unevictable:       41912 kB
Mlocked:           38840 kB
SwapTotal:       8388604 kB
SwapFree:        8388604 kB
Zswap:                 0 kB
Zswapped:              0 kB
Dirty:             23300 kB
Writeback:             0 kB
AnonPages:       3706272 kB
Mapped:         12905952 kB
Shmem:              5316 kB
KReclaimable:    2044952 kB
Slab:            2591092 kB
SReclaimable:    2044952 kB
SUnreclaim:       546140 kB
KernelStack:       12896 kB
PageTables:        73036 kB
SecPageTables:      9900 kB
NFS_Unstable:          0 kB
Bounce:                0 kB
WritebackTmp:          0 kB
CommitLimit:    74134720 kB
Committed_AS:   165151232 kB
VmallocTotal:   34359738367 kB
VmallocUsed:       38764 kB
VmallocChunk:          0 kB
Percpu:            51840 kB
HardwareCorrupted:     0 kB
AnonHugePages:         0 kB
ShmemHugePages:        0 kB
ShmemPmdMapped:        0 kB
FileHugePages:   2177024 kB
FilePmdMapped:         0 kB
Unaccepted:            0 kB
Balloon:               0 kB
HugePages_Total:       0
HugePages_Free:        0
HugePages_Rsvd:        0
HugePages_Surp:        0
Hugepagesize:       2048 kB
Hugetlb:               0 kB
DirectMap4k:     1334080 kB
DirectMap2M:    30758912 kB
DirectMap1G:    101711872 kB

/sys/kernel/mm/transparent_hugepage/enabled: always [madvise] never
/sys/kernel/mm/transparent_hugepage/hpage_pmd_size: 2097152
/sys/kernel/mm/transparent_hugepage/defrag (defrag/compaction efforts parameter): always defer defer+madvise [madvise] never

Process Memory:
Virtual Size: 13620332544K (peak: 13620332584K)
Resident Set Size: 4268728K (peak: 4268728K) (anon: 1095376K, file: 3173352K, shmem: 0K)
Swapped out: 0K
C-Heap outstanding allocations: 1410865K, retained: 66998K
glibc malloc tunables: (default)

/proc/sys/kernel/threads-max (system-wide limit on the number of threads): 1026411
/proc/sys/vm/max_map_count (maximum number of memory map areas a process may have): 1048576
/proc/sys/vm/swappiness (control to define how aggressively the kernel swaps out anonymous memory): 60
/proc/sys/kernel/pid_max (system-wide limit on number of process identifiers): 4194304

container information not found.
Steal ticks since vm start: 0
Steal ticks percentage since vm start:  0.000

CPU: total 32 (initial active 32) (32 cores per cpu, 2 threads per core) family 23 model 49 stepping 0 microcode 0x830107c, cx8, cmov, fxsr, ht, mmx, 3dnowpref, sse, sse2, sse3, ssse3, sse4a, sse4.1, sse4.2, popcnt, lzcnt, tsc, tscinvbit, avx, avx2, aes, clmul, bmi1, bmi2, adx, sha, fma, vzeroupper, clflush, clflushopt, rdtscp, rdpid, f16c
CPU Model and flags from /proc/cpuinfo:
model name	: AMD EPYC 7302P 16-Core Processor
flags		: fpu vme de pse tsc msr pae mce cx8 apic sep mtrr pge mca cmov pat pse36 clflush mmx fxsr sse sse2 ht syscall nx mmxext fxsr_opt pdpe1gb rdtscp lm constant_tsc rep_good nopl xtopology nonstop_tsc cpuid extd_apicid aperfmperf rapl pni pclmulqdq monitor ssse3 fma cx16 sse4_1 sse4_2 movbe popcnt aes xsave avx f16c rdrand lahf_lm cmp_legacy svm extapic cr8_legacy abm sse4a misalignsse 3dnowprefetch osvw ibs skinit wdt tce topoext perfctr_core perfctr_nb bpext perfctr_llc mwaitx cpb cat_l3 cdp_l3 hw_pstate ssbd mba ibrs ibpb stibp vmmcall fsgsbase bmi1 avx2 smep bmi2 cqm rdt_a rdseed adx smap clflushopt clwb sha_ni xsaveopt xsavec xgetbv1 xsaves cqm_llc cqm_occup_llc cqm_mbm_total cqm_mbm_local clzero irperf xsaveerptr rdpru wbnoinvd amd_ppin arat npt lbrv svm_lock nrip_save tsc_scale vmcb_clean flushbyasid decodeassists pausefilter pfthreshold avic v_vmsave_vmload vgif v_spec_ctrl umip rdpid overflow_recov succor smca sev sev_es

Online cpus: 0-31
Offline cpus: 
BIOS frequency limitation: <Not Available>
Frequency switch latency (ns): <Not Available>
Available cpu frequencies: <Not Available>
Current governor: <Not Available>
Core performance/turbo boost: <Not Available>

Memory: 4k page, physical 131492232k(112159044k free), swap 8388604k(8388604k free)
Page Sizes: 4k

vm_info: OpenJDK 64-Bit Server VM (21.0.9-internal-adhoc.talzuss.openjdk-mmtk) for linux-amd64 JRE (21.0.9-internal-adhoc.talzuss.openjdk-mmtk), built on 2026-07-06T23:13:08Z by "talzuss" with gcc 13.3.0
heap_info: MMTk OpenJDK 0.32.0 (dd145e6), using MMTk 0.32.0 (da28534-dirty, BUILTIN_ENV_LOGGER, DEFAULT, EAGER_SWEEPING, VO_BIT)z

END.
