#
# A fatal error has been detected by the Java Runtime Environment:
#
#  SIGSEGV (0xb) at pc=0x0000740ad3c2fc2b, pid=446835, tid=446900
#
# JRE version: OpenJDK Runtime Environment (21.0.9) (build 21.0.9-internal-adhoc.talzuss.openjdk-mmtk)
# Java VM: OpenJDK 64-Bit Server VM (21.0.9-internal-adhoc.talzuss.openjdk-mmtk, mixed mode, sharing, tiered, compressed oops, compressed class ptrs, third-party gc, linux-amd64)
# Problematic frame:
# j  org.apache.xpath.axes.IteratorPool.getInstance()Lorg/apache/xml/dtm/DTMIterator;+49
#
# No core dump will be written. Core dumps have been disabled. To enable core dumping, try "ulimit -c unlimited" before starting Java again
#
# If you would like to submit a bug report, please visit:
#   https://bugreport.java.com/bugreport/crash.jsp
#

---------------  S U M M A R Y ------------

Command Line: -XX:+UseThirdPartyHeap -Xms512m -Xmx512m /mydata/dacapo/dacapo-23.11/dacapo-23.11-MR2-chopin.jar xalan -n 3

Host: AMD EPYC 7302P 16-Core Processor, 32 cores, 125G, Ubuntu 24.04.4 LTS
Time: Tue Jul  7 20:02:03 2026 MDT elapsed time: 3.487101 seconds (0d 0h 0m 3s)

---------------  T H R E A D  ---------------

Current thread (0x0000740ae45cc800):  JavaThread "Thread-21"        [_thread_in_Java, id=446900, stack(0x0000675dac4f8000,0x0000675dac5f8000) (1024K)]

Stack: [0x0000675dac4f8000,0x0000675dac5f8000],  sp=0x0000675dac5f55f0,  free space=1013k
Native frames: (J=compiled Java code, j=interpreted, Vv=VM code, C=native code)
j  org.apache.xpath.axes.IteratorPool.getInstance()Lorg/apache/xml/dtm/DTMIterator;+49
j  org.apache.xpath.axes.LocPathIterator.asIterator(Lorg/apache/xpath/XPathContext;I)Lorg/apache/xml/dtm/DTMIterator;+8
j  org.apache.xalan.templates.ElemApplyTemplates.transformSelectedNodes(Lorg/apache/xalan/transformer/TransformerImpl;)V+16
J 2536 c2 org.apache.xalan.templates.ElemApplyTemplates.execute(Lorg/apache/xalan/transformer/TransformerImpl;)V (141 bytes) @ 0x0000740ad452f784 [0x0000740ad452f580+0x0000000000000204]
J 2929 c2 org.apache.xalan.templates.ElemLiteralResult.execute(Lorg/apache/xalan/transformer/TransformerImpl;)V (312 bytes) @ 0x0000740ad45858a4 [0x0000740ad45855a0+0x0000000000000304]
J 2347 c2 org.apache.xalan.templates.ElemApplyTemplates.transformSelectedNodes(Lorg/apache/xalan/transformer/TransformerImpl;)V (979 bytes) @ 0x0000740ad45ac184 [0x0000740ad45ab380+0x0000000000000e04]
J 2536 c2 org.apache.xalan.templates.ElemApplyTemplates.execute(Lorg/apache/xalan/transformer/TransformerImpl;)V (141 bytes) @ 0x0000740ad452f784 [0x0000740ad452f580+0x0000000000000204]
J 2929 c2 org.apache.xalan.templates.ElemLiteralResult.execute(Lorg/apache/xalan/transformer/TransformerImpl;)V (312 bytes) @ 0x0000740ad45858a4 [0x0000740ad45855a0+0x0000000000000304]
J 2347 c2 org.apache.xalan.templates.ElemApplyTemplates.transformSelectedNodes(Lorg/apache/xalan/transformer/TransformerImpl;)V (979 bytes) @ 0x0000740ad45ac184 [0x0000740ad45ab380+0x0000000000000e04]
J 2536 c2 org.apache.xalan.templates.ElemApplyTemplates.execute(Lorg/apache/xalan/transformer/TransformerImpl;)V (141 bytes) @ 0x0000740ad452f784 [0x0000740ad452f580+0x0000000000000204]
J 2929 c2 org.apache.xalan.templates.ElemLiteralResult.execute(Lorg/apache/xalan/transformer/TransformerImpl;)V (312 bytes) @ 0x0000740ad45858a4 [0x0000740ad45855a0+0x0000000000000304]
J 2347 c2 org.apache.xalan.templates.ElemApplyTemplates.transformSelectedNodes(Lorg/apache/xalan/transformer/TransformerImpl;)V (979 bytes) @ 0x0000740ad45ac184 [0x0000740ad45ab380+0x0000000000000e04]
J 2536 c2 org.apache.xalan.templates.ElemApplyTemplates.execute(Lorg/apache/xalan/transformer/TransformerImpl;)V (141 bytes) @ 0x0000740ad452f784 [0x0000740ad452f580+0x0000000000000204]
J 2929 c2 org.apache.xalan.templates.ElemLiteralResult.execute(Lorg/apache/xalan/transformer/TransformerImpl;)V (312 bytes) @ 0x0000740ad45858a4 [0x0000740ad45855a0+0x0000000000000304]
J 2347 c2 org.apache.xalan.templates.ElemApplyTemplates.transformSelectedNodes(Lorg/apache/xalan/transformer/TransformerImpl;)V (979 bytes) @ 0x0000740ad45ac184 [0x0000740ad45ab380+0x0000000000000e04]
J 2536 c2 org.apache.xalan.templates.ElemApplyTemplates.execute(Lorg/apache/xalan/transformer/TransformerImpl;)V (141 bytes) @ 0x0000740ad452f784 [0x0000740ad452f580+0x0000000000000204]
J 2929 c2 org.apache.xalan.templates.ElemLiteralResult.execute(Lorg/apache/xalan/transformer/TransformerImpl;)V (312 bytes) @ 0x0000740ad45858a4 [0x0000740ad45855a0+0x0000000000000304]
J 2347 c2 org.apache.xalan.templates.ElemApplyTemplates.transformSelectedNodes(Lorg/apache/xalan/transformer/TransformerImpl;)V (979 bytes) @ 0x0000740ad45ac184 [0x0000740ad45ab380+0x0000000000000e04]
J 2536 c2 org.apache.xalan.templates.ElemApplyTemplates.execute(Lorg/apache/xalan/transformer/TransformerImpl;)V (141 bytes) @ 0x0000740ad452f784 [0x0000740ad452f580+0x0000000000000204]
J 2346 c2 org.apache.xalan.transformer.TransformerImpl.executeChildTemplates(Lorg/apache/xalan/templates/ElemTemplateElement;Z)V (218 bytes) @ 0x0000740ad44bd89c [0x0000740ad44bd720+0x000000000000017c]
J 2862 c1 org.apache.xalan.transformer.TransformerImpl.applyTemplateToNode(Lorg/apache/xalan/templates/ElemTemplateElement;Lorg/apache/xalan/templates/ElemTemplate;I)Z (577 bytes) @ 0x0000740acce0c46c [0x0000740acce09980+0x0000000000002aec]
J 2562 c1 org.apache.xalan.transformer.TransformerImpl.transformNode(I)V (489 bytes) @ 0x0000740accd7919c [0x0000740accd77e40+0x000000000000135c]
J 3116 c1 org.apache.xalan.transformer.TransformerImpl.transform(Ljavax/xml/transform/Source;Z)V (567 bytes) @ 0x0000740accea62cc [0x0000740accea3a40+0x000000000000288c]
J 3012 c1 org.apache.xalan.transformer.TransformerImpl.transform(Ljavax/xml/transform/Source;Ljavax/xml/transform/Result;Z)V (47 bytes) @ 0x0000740acce58b2c [0x0000740acce58880+0x00000000000002ac]
J 3011 c1 org.apache.xalan.transformer.TransformerImpl.transform(Ljavax/xml/transform/Source;Ljavax/xml/transform/Result;)V (8 bytes) @ 0x0000740acce73cdc [0x0000740acce73c40+0x000000000000009c]
j  org.dacapo.xalan.XSLTBench$XalanWorker.run()V+209
v  ~StubRoutines::call_stub 0x0000740ad3c17cc6
V  [libjvm.so+0x92b2fa]  JavaCalls::call_helper(JavaValue*, methodHandle const&, JavaCallArguments*, JavaThread*)+0x2da  (javaCalls.cpp:415)
V  [libjvm.so+0x92ccb2]  JavaCalls::call_virtual(JavaValue*, Handle, Klass*, Symbol*, Symbol*, JavaThread*)+0x1c2  (javaCalls.cpp:329)
V  [libjvm.so+0x9fc323]  thread_entry(JavaThread*, JavaThread*)+0x93  (jvm.cpp:2930)
V  [libjvm.so+0x941e38]  JavaThread::thread_main_inner() [clone .part.0]+0xb8  (javaThread.cpp:717)
V  [libjvm.so+0xf9e927]  Thread::call_run()+0xa7  (thread.cpp:236)
V  [libjvm.so+0xd290e5]  thread_native_entry(Thread*)+0xd5  (os_linux.cpp:789)
C  [libc.so.6+0x9caa4]

siginfo: si_signo: 11 (SIGSEGV), si_code: 128 (SI_KERNEL), si_addr: 0x0000000000000000

Registers:
RAX=0x0000675db001ea90, RBX=0x0000675daf000001, RCX=0x0000000000000020, RDX=0x00000000427a46f0
RSP=0x0000675dac5f55f0, RBP=0x0000675dac5f5650, RSI=0x0000675cb0008490, RDI=0xc00000675daf0003
R8 =0x0000675cb00008e0, R9 =0x0000000000000007, R10=0x0000675daf000000, R11=0x505c1ccf9a2816fb
R12=0x0000000000000000, R13=0x0000675da469fcc9, R14=0x0000675dac5f5668, R15=0x0000740ae45cc800
RIP=0x0000740ad3c2fc2b, EFLAGS=0x0000000000010246, CSGSFS=0x002b000000000033, ERR=0x0000000000000000
  TRAPNO=0x000000000000000d

XMM[0]=0x0000000000000000 0x0000000000000000
XMM[1]=0x0000000000000000 0x0000000000000000
XMM[2]=0x0000000000000000 0x00000000000000ff
XMM[3]=0x0000000000000000 0x00000000000000ff
XMM[4]=0x0000000000000000 0x0000740ae45cc800
XMM[5]=0x0000000000000000 0x0000740ad3c1e790
XMM[6]=0x0000675dac5f5740 0x0000670000000000
XMM[7]=0x0000000000000000 0x0000740ad452f310
XMM[8]=0xff00ff00ff00ff00 0xff00ff00ff00ff00
XMM[9]=0x0000000000000000 0x0000000000000000
XMM[10]=0x0000000000000000 0x00000000092081c0
XMM[11]=0x0000000000000000 0xefe56f37ed4f5e0b
XMM[12]=0x0000000000000000 0x00000000fd69eed4
XMM[13]=0x0000000000000000 0x0000000000000000
XMM[14]=0x0000000000000000 0x0000000000000000
XMM[15]=0x0000000000000000 0x0000000000000000
  MXCSR=0x00001fa2


Register to memory mapping:

RAX=
[error occurred during error reporting (printing register info), id 0xe0000000, Internal Error (/mydata/mmtk-openjdk/openjdk/share/mmtkHeap.cpp:444)]
RBX=
[error occurred during error reporting (printing register info, attempt 2), id 0xe0000000, Internal Error (/mydata/mmtk-openjdk/openjdk/share/mmtkHeap.cpp:444)]
RCX=
[error occurred during error reporting (printing register info, attempt 3), id 0xe0000000, Internal Error (/mydata/mmtk-openjdk/openjdk/share/mmtkHeap.cpp:444)]
Top of Stack: (sp=0x0000675dac5f55f0)
0x0000675dac5f55f0:   0000675db00cd370 0000000000000003
0x0000675dac5f5600:   0000000040d60ee8 0000675dac5f55f8
0x0000675dac5f5610:   0000675da469fcc9 0000000000000003
0x0000675dac5f5620:   0000675da469fe50 0000675da4811340
0x0000675dac5f5630:   0000000040f35eb0 0000675da469fd08
0x0000675dac5f5640:   0000000000000000 0000675dac5f5668
0x0000675dac5f5650:   0000675dac5f56c8 0000740ad3c1eff2
0x0000675dac5f5660:   0000000000000000 0000000000000000
0x0000675dac5f5670:   00000000427492b8 00000000427492b8
0x0000675dac5f5680:   0000675dac5f5680 0000675da467a8a8
0x0000675dac5f5690:   0000000000000005 0000675da469e2c0
0x0000675dac5f56a0:   0000675da481ad70 0000000040f8f858
0x0000675dac5f56b0:   0000675da467a8f8 0000675dac5f5668
0x0000675dac5f56c0:   0000675dac5f56e0 0000675dac5f5740
0x0000675dac5f56d0:   0000740ad3c1eff2 0000000000000000
0x0000675dac5f56e0:   deaddeaf000102fc 000000004d8ce9d0
0x0000675dac5f56f0:   0000000000000000 0000675dac5f56f8
0x0000675dac5f5700:   0000675da455acb0 0000000000000025
0x0000675dac5f5710:   0000675da4560010 0000675da48115c0
0x0000675dac5f5720:   0000000040a47e68 0000675da455b320
0x0000675dac5f5730:   0000675dac5f56e0 0000675dac5f5870
0x0000675dac5f5740:   0000000000000000 0000740ad452f784
0x0000675dac5f5750:   0000000000000000 0000000000000000
0x0000675dac5f5760:   0000000000000000 0000000000000000
0x0000675dac5f5770:   0000000000000000 0000000000000000
0x0000675dac5f5780:   0000000000000000 0000000000000000
0x0000675dac5f5790:   0000000000000000 0000000000000000
0x0000675dac5f57a0:   0000000000000000 0000000000000000
0x0000675dac5f57b0:   0000000000000000 0000000000000000
0x0000675dac5f57c0:   0000000000000000 0000000000000000
0x0000675dac5f57d0:   0000000000000000 0000000000000000
0x0000675dac5f57e0:   0000000000000000 0000000000000000 

Instructions: (pc=0x0000740ad3c2fc2b)
0x0000740ad3c2fb2b:   ff 4c 8b 6d c0 4c 8b 75 c8 4e 8d 74 f5 00 c3 49
0x0000740ad3c2fb3b:   8b 87 18 07 00 00 49 c7 87 18 07 00 00 00 00 00
0x0000740ad3c2fb4b:   00 5a eb 11 48 8b d0 66 8b 5c d9 48 48 8b 49 28
0x0000740ad3c2fb5b:   48 8b 44 d9 08 8b 5a 08 49 ba 00 00 00 af 5d 67
0x0000740ad3c2fb6b:   00 00 49 03 da 48 8b 4d d8 48 85 c9 0f 84 8a 00
0x0000740ad3c2fb7b:   00 00 48 8b 79 18 48 3b fb 0f 85 0f 00 00 00 48
0x0000740ad3c2fb8b:   83 41 20 01 48 83 59 20 00 e9 66 00 00 00 48 85
0x0000740ad3c2fb9b:   ff 0f 84 37 00 00 00 48 8b 79 28 48 3b fb 0f 85
0x0000740ad3c2fbab:   0f 00 00 00 48 83 41 30 01 48 83 59 30 00 e9 41
0x0000740ad3c2fbbb:   00 00 00 48 85 ff 0f 85 38 00 00 00 48 89 59 28
0x0000740ad3c2fbcb:   bf 01 00 00 00 48 89 79 30 e9 26 00 00 00 48 3b
0x0000740ad3c2fbdb:   59 28 0f 85 0f 00 00 00 48 83 41 30 01 48 83 59
0x0000740ad3c2fbeb:   30 00 e9 0d 00 00 00 48 89 59 18 bf 01 00 00 00
0x0000740ad3c2fbfb:   48 89 79 20 48 83 c1 38 48 89 4d d8 48 3b d8 0f
0x0000740ad3c2fc0b:   84 56 00 00 00 8b 48 14 48 3b 04 0b 0f 84 49 00
0x0000740ad3c2fc1b:   00 00 83 f9 20 0f 85 1d 00 00 00 57 48 8b 7b 28
0x0000740ad3c2fc2b:   8b 0f 48 83 c7 08 48 85 c0 f2 48 af 5f 75 09 48
0x0000740ad3c2fc3b:   89 43 20 e9 23 00 00 00 48 8b 4d d8 48 85 c9 0f
0x0000740ad3c2fc4b:   84 10 00 00 00 48 83 41 d0 ff 0f 88 05 00 00 00
0x0000740ad3c2fc5b:   48 83 41 d0 01 52 e9 8c 24 ff ff 48 8b c2 e9 19
0x0000740ad3c2fc6b:   00 00 00 48 8b 4d d8 48 85 c9 0f 84 0c 00 00 00
0x0000740ad3c2fc7b:   80 49 01 01 48 83 c1 38 48 89 4d d8 41 0f b6 5d
0x0000740ad3c2fc8b:   03 49 83 c5 03 49 ba 60 8e 97 ea 0a 74 00 00 41
0x0000740ad3c2fc9b:   ff 24 da 66 90 eb 4a 54 ea 0a 74 00 00 50 02 00
0x0000740ad3c2fcab:   00 c1 00 00 00 00 00 00 00 00 00 00 00 00 00 00
0x0000740ad3c2fcbb:   00 00 00 00 00 58 48 85 c0 0f 84 f1 01 00 00 48
0x0000740ad3c2fccb:   8b 4d e8 48 8b 49 08 48 8b 49 08 48 8b 51 08 41
0x0000740ad3c2fcdb:   0f b7 5d 01 0f cb c1 eb 10 80 7c 1a 04 07 0f 84
0x0000740ad3c2fceb:   b0 00 00 00 50 e8 05 00 00 00 e9 80 00 00 00 48
0x0000740ad3c2fcfb:   8d 44 24 08 4c 89 6d c0 49 8b ff c5 f8 77 49 89
0x0000740ad3c2fd0b:   af c8 06 00 00 49 89 87 b8 06 00 00 40 f6 c4 0f
0x0000740ad3c2fd1b:   0f 84 12 00 00 00 48 83 ec 08 e8 86 05 0f 16 48 


Stack slot to memory mapping:

stack at sp + 0 slots: 
[error occurred during error reporting (inspecting top of stack), id 0xe0000000, Internal Error (/mydata/mmtk-openjdk/openjdk/share/mmtkHeap.cpp:444)]
stack at sp + 1 slots: 
[error occurred during error reporting (inspecting top of stack, attempt 2), id 0xe0000000, Internal Error (/mydata/mmtk-openjdk/openjdk/share/mmtkHeap.cpp:444)]
stack at sp + 2 slots: 
[error occurred during error reporting (inspecting top of stack, attempt 3), id 0xe0000000, Internal Error (/mydata/mmtk-openjdk/openjdk/share/mmtkHeap.cpp:444)]
checkcast  192 checkcast  [0x0000740ad3c2fa80, 0x0000740ad3c2fca0]  544 bytes
[MachCode]
  0x0000740ad3c2fa80: 5848 85c0 | 0f84 e401 | 0000 488b | 4de8 488b | 4908 488b | 4908 488b | 5108 410f | b75d 010f 
  0x0000740ad3c2faa0: cbc1 eb10 | 807c 1a04 | 070f 84a0 | 0000 0050 | e805 0000 | 00e9 8000 | 0000 488d | 4424 084c 
  0x0000740ad3c2fac0: 896d c049 | 8bff c5f8 | 7749 89af | c806 0000 | 4989 87b8 | 0600 0040 | f6c4 0f0f | 8412 0000 
  0x0000740ad3c2fae0: 0048 83ec | 08e8 c607 | 0f16 4883 | c408 e905 | 0000 00e8 | b807 0f16 | 49c7 87b8 | 0600 0000 
  0x0000740ad3c2fb00: 0000 0049 | c787 c806 | 0000 0000 | 0000 49c7 | 87c0 0600 | 0000 0000 | 00c5 f877 | 4983 7f08 
  0x0000740ad3c2fb20: 000f 8405 | 0000 00e9 | d480 feff | 4c8b 6dc0 | 4c8b 75c8 | 4e8d 74f5 | 00c3 498b | 8718 0700 
  0x0000740ad3c2fb40: 0049 c787 | 1807 0000 | 0000 0000 | 5aeb 1148 | 8bd0 668b | 5cd9 4848 | 8b49 2848 | 8b44 d908 
  0x0000740ad3c2fb60: 8b5a 0849 | ba00 0000 | af5d 6700 | 0049 03da | 488b 4dd8 | 4885 c90f | 848a 0000 | 0048 8b79 
  0x0000740ad3c2fb80: 1848 3bfb | 0f85 0f00 | 0000 4883 | 4120 0148 | 8359 2000 | e966 0000 | 0048 85ff | 0f84 3700 
  0x0000740ad3c2fba0: 0000 488b | 7928 483b | fb0f 850f | 0000 0048 | 8341 3001 | 4883 5930 | 00e9 4100 | 0000 4885 
  0x0000740ad3c2fbc0: ff0f 8538 | 0000 0048 | 8959 28bf | 0100 0000 | 4889 7930 | e926 0000 | 0048 3b59 | 280f 850f 
  0x0000740ad3c2fbe0: 0000 0048 | 8341 3001 | 4883 5930 | 00e9 0d00 | 0000 4889 | 5918 bf01 | 0000 0048 | 8979 2048 
  0x0000740ad3c2fc00: 83c1 3848 | 894d d848 | 3bd8 0f84 | 5600 0000 | 8b48 1448 | 3b04 0b0f | 8449 0000 | 0083 f920 
  0x0000740ad3c2fc20: 0f85 1d00 | 0000 5748 | 8b7b 288b | 0f48 83c7 | 0848 85c0 | f248 af5f | 7509 4889 | 4320 e923 
  0x0000740ad3c2fc40: 0000 0048 | 8b4d d848 | 85c9 0f84 | 1000 0000 | 4883 41d0 | ff0f 8805 | 0000 0048 | 8341 d001 
  0x0000740ad3c2fc60: 52e9 8c24 | ffff 488b | c2e9 1900 | 0000 488b | 4dd8 4885 | c90f 840c | 0000 0080 | 4901 0148 
  0x0000740ad3c2fc80: 83c1 3848 | 894d d841 | 0fb6 5d03 | 4983 c503 | 49ba 608e | 97ea 0a74 | 0000 41ff | 24da 6690 
[/MachCode]

Compiled method (c2) 5251 2536   !   4       org.apache.xalan.templates.ElemApplyTemplates::execute (141 bytes)
 total in heap  [0x0000740ad452f310,0x0000740ad4530e60] = 6992
 relocation     [0x0000740ad452f468,0x0000740ad452f570] = 264
 main code      [0x0000740ad452f580,0x0000740ad4530448] = 3784
 stub code      [0x0000740ad4530448,0x0000740ad45304a8] = 96
 oops           [0x0000740ad45304a8,0x0000740ad45304b0] = 8
 metadata       [0x0000740ad45304b0,0x0000740ad4530598] = 232
 scopes data    [0x0000740ad4530598,0x0000740ad4530a90] = 1272
 scopes pcs     [0x0000740ad4530a90,0x0000740ad4530d40] = 688
 dependencies   [0x0000740ad4530d40,0x0000740ad4530d98] = 88
 handler table  [0x0000740ad4530d98,0x0000740ad4530e10] = 120
 nul chk table  [0x0000740ad4530e10,0x0000740ad4530e60] = 80

[Constant Pool (empty)]

[MachCode]
[Entry Point]
  # {method} {0x0000675da455ac10} 'execute' '(Lorg/apache/xalan/transformer/TransformerImpl;)V' in 'org/apache/xalan/templates/ElemApplyTemplates'
  # this:     rsi:rsi   = 'org/apache/xalan/templates/ElemApplyTemplates'
  # parm0:    rdx:rdx   = 'org/apache/xalan/transformer/TransformerImpl'
  #           [sp+0x70]  (sp of caller)
  0x0000740ad452f580: 448b 5608 | 49bb 0000 | 00af 5d67 | 0000 4d03 | d349 3bc2 

  0x0000740ad452f594: ;   {runtime_call ic_miss_stub}
  0x0000740ad452f594: 0f85 e657 | 73ff 6690 | 0f1f 4000 
[Verified Entry Point]
  0x0000740ad452f5a0: 8984 2400 | c0fe ff55 | 4883 ec60 | 4181 7f20 | 0100 0000 | 0f85 7d0e | 0000 4889 | 7424 0848 
  0x0000740ad452f5c0: 8954 2430 

  0x0000740ad452f5c4: ; implicit exception: dispatches to 0x0000740ad4530184
  0x0000740ad452f5c4: 448b 5a74 

  0x0000740ad452f5c8: ; implicit exception: dispatches to 0x0000740ad453019c
  0x0000740ad452f5c8: 458b 4310 | 418b 6b0c | ffcd 443b | c50f 84e1 | 0700 0041 | 8b4b 1441 | 8d68 0141 | 896b 1044 
  0x0000740ad452f5e8: 8b59 0c41 | 3beb 0f83 | fe06 0000 | 8baa 9000 | 0000 4d63 | d046 8864 | 1111 85ed | 0f84 0a07 
  0x0000740ad452f608: 0000 4c8b | dd48 8d5c | 2440 498b | 03a8 020f | 8523 0000 | 0048 83c8 | 0148 8903 | f049 0fb1 
  0x0000740ad452f628: 1b0f 8437 | 0000 0048 | 2bc4 4825 | 07f0 ffff | 4889 03e9 | 2400 0000 | 4c8b d048 | 33c0 f04d 
  0x0000740ad452f648: 0fb1 7a3e | 48c7 0303 | 0000 0074 | 114c 3bf8 | 7515 49ff | 8286 0000 | 0048 33c0 | 7509 49ff 
  0x0000740ad452f668: 8768 0800 | 0033 c00f | 85cf 0600 | 008b 6d10 | 488d 4424 | 4048 8338 | 000f 8479 | 0000 004d 
  0x0000740ad452f688: 8b13 41f6 | c202 0f84 

  0x0000740ad452f690: ;   {no_reloc}
  0x0000740ad452f690: 6200 0000 | 4983 ba86 | 0000 0000 | 7409 49ff | 8a86 0000 | 00eb 4b49 | 8b82 9600 | 0000 490b 
  0x0000740ad452f6b0: 828e 0000 | 0075 0a49 | c742 3e00 | 0000 00eb | 3d49 83ba | 9e00 0000 | 0074 2248 | 33c0 49c7 
  0x0000740ad452f6d0: 423e 0000 | 0000 f083 | 0424 0049 | 83ba 9e00 | 0000 0075 | 0df0 4d0f | b17a 3e75 | 0583 c801 
  0x0000740ad452f6f0: eb0c a800 | eb08 4c8b | 10f0 4d0f | b113 750a | 49ff 8f68 | 0800 0045 | 33d2 0f85 | 6a06 0000 
  0x0000740ad452f710: 4c8b 5424 | 3045 8b9a | 9000 0000 | 4489 5c24 | 2085 ed0f | 85d2 0300 | 0045 33db | 4c8b 5424 
  0x0000740ad452f730: 0845 0fb6 | 524d 4585 | d20f 852f | 0500 004d | 85db 0f85 | 5706 0000 | 4c8b 5424 | 0845 8b42 
  0x0000740ad452f750: 6845 85c0 | 0f85 3202 | 0000 4533 | db44 895c | 2410 4c8b | 5424 3041 | 0fb6 6a15 | 85ed 0f85 
  0x0000740ad452f770: 7006 0000 | 488b 7424 | 0849 8bd2 

  0x0000740ad452f77c: ;   {optimized virtual_call}
  0x0000740ad452f77c: 6666 90e8 

  0x0000740ad452f780: ; ImmutableOopMap {[8]=Oop [48]=Oop }
                      ;*invokevirtual transformSelectedNodes {reexecute=0 rethrow=0 return_oop=0}
                      ; - org.apache.xalan.templates.ElemApplyTemplates::execute@75 (line 178)
  0x0000740ad452f780: 1cbc 0700 

  0x0000740ad452f784: ;   {other}
  0x0000740ad452f784: 0f1f 8400 | 7404 0000 | 4c8b 5424 | 3041 0fb6 | 6a15 85ed | 0f85 6206 | 0000 448b | 5424 1045 
  0x0000740ad452f7a4: 85d2 7539 | 4c8b 5424 | 3045 8b52 | 7445 8b4a | 1441 8b6a | 1044 8d45 | ff45 8942 | 1045 8b59 
  0x0000740ad452f7c4: 0c41 3beb | 0f83 5e05 | 0000 4883 

  0x0000740ad452f7d0: ;   {poll_return}
  0x0000740ad452f7d0: c460 5d49 | 3ba7 6807 | 0000 0f87 | 410c 0000 | c34c 8b54 | 2430 458b | 9a90 0000 | 0044 895c 
  0x0000740ad452f7f0: 2420 4585 | db0f 8421 | 0600 004d | 8bc3 488d | 5c24 4049 | 8b00 a802 | 0f85 2300 | 0000 4883 
  0x0000740ad452f810: c801 4889 | 03f0 490f | b118 0f84 | 3700 0000 | 482b c448 | 2507 f0ff | ff48 8903 | e924 0000 
  0x0000740ad452f830: 004c 8bd0 | 4833 c0f0 | 4d0f b17a | 3e48 c703 | 0300 0000 | 7411 4c3b | f875 1549 | ff82 8600 
  0x0000740ad452f850: 0000 4833 | c075 0949 | ff87 6808 | 0000 33c0 | 0f85 5a06 | 0000 448b | 5c24 2041 | 8b4b 1085 
  0x0000740ad452f870: c90f 8446 | 0700 0044 | 8d49 ff44 | 3bc9 0f8d | 6007 0000 | 448b 5424 | 2045 8b52 | 1845 8b5a 
  0x0000740ad452f890: 0c45 3bcb | 0f83 9a05 | 0000 418b | 6c8a 0c44 | 3bc9 0f8d | 7007 0000 | 4585 c90f | 8c97 0700 
  0x0000740ad452f8b0: 0045 8964 | 8a0c 448b | 5c24 2045 | 894b 1045 | 8b5b 0c41 | ffc3 448b | 4c24 2045 | 8959 0c48 
  0x0000740ad452f8d0: ;   {no_reloc}
  0x0000740ad452f8d0: 8d44 2440 | 4883 3800 | 0f84 7900 | 0000 4d8b | 1041 f6c2 | 020f 8462 | 0000 0049 | 83ba 8600 
  0x0000740ad452f8f0: 0000 0074 | 0949 ff8a | 8600 0000 | eb4b 498b | 8296 0000 | 0049 0b82 | 8e00 0000 | 750a 49c7 
  0x0000740ad452f910: 423e 0000 | 0000 eb3d | 4983 ba9e | 0000 0000 | 7422 4833 | c049 c742 | 3e00 0000 | 00f0 8304 
  0x0000740ad452f930: 2400 4983 | ba9e 0000 | 0000 750d | f04d 0fb1 | 7a3e 7505 | 83c8 01eb | 0ca8 00eb | 084c 8b10 
  0x0000740ad452f950: f04d 0fb1 | 1075 0a49 | ff8f 6808 | 0000 4533 | d20f 8441 | feff ff49 | 8bf8 488d | 7424 4049 
  0x0000740ad452f970: 8bd7 49ba | a089 1eea | 0a74 0000 

  0x0000740ad452f97c: ;   {other}
  0x0000740ad452f97c: 41ff d20f | 1f84 0000 | 0000 00e9 | 1cfe ffff | 448b 5424 | 2045 85d2 | 0f84 d204 | 0000 4d8b 
  0x0000740ad452f99c: ca48 8d5c | 2440 498b | 01a8 020f | 8523 0000 | 0048 83c8 | 0148 8903 | f049 0fb1 | 190f 8437 
  0x0000740ad452f9bc: 0000 0048 | 2bc4 4825 | 07f0 ffff | 4889 03e9 | 2400 0000 | 4c8b d048 | 33c0 f04d | 0fb1 7a3e 
  0x0000740ad452f9dc: 48c7 0303 | 0000 0074 | 114c 3bf8 | 7515 49ff | 8286 0000 | 0048 33c0 | 7509 49ff | 8768 0800 
  0x0000740ad452f9fc: 0033 c00f | 85e9 0400 | 0044 8b54 | 2420 458b | 5218 8b4c | 2420 ff41 | 0c45 8b5a | 0c8b 6910 
  0x0000740ad452fa1c: 413b eb0f | 8456 0200 | 0045 8b5a | 0c41 3beb | 0f83 5604 | 0000 458b 

  0x0000740ad452fa34: ;   {metadata('java/lang/Object'[])}
  0x0000740ad452fa34: 5a08 4181 | fb88 1200 | 000f 851b | 0500 0045 | 8944 aa10 | ffc5 448b | 5c24 2041 | 896b 1048 
  0x0000740ad452fa54: 8d44 2440 | 4883 3800 | 0f84 7900 | 0000 4d8b | 1141 f6c2 | 020f 8462 | 0000 0049 | 83ba 8600 
  0x0000740ad452fa74: 0000 0074 | 0949 ff8a | 8600 0000 | eb4b 498b | 8296 0000 | 0049 0b82 | 8e00 0000 | 750a 49c7 
  0x0000740ad452fa94: 423e 0000 | 0000 eb3d | 4983 ba9e | 0000 0000 | 7422 4833 | c049 c742 | 3e00 0000 | 00f0 8304 
  0x0000740ad452fab4: 2400 4983 | ba9e 0000 | 0000 750d | f04d 0fb1 | 7a3e 7505 | 83c8 01eb | 0ca8 00eb | 084c 8b10 
  0x0000740ad452fad4: f04d 0fb1 | 1175 0a49 | ff8f 6808 | 0000 4533 | d20f 85ad | 0400 0041 | ba01 0000 | 0044 8954 
  0x0000740ad452faf4: 2410 e967 | fcff ff45 | 85db 0f84 | 7005 0000 | 4d8b c348 | 8d5c 2440 | 498b 00a8 | 020f 8523 
  0x0000740ad452fb14: 0000 0048 | 83c8 0148 | 8903 f049 | 0fb1 180f | 8437 0000 | 0048 2bc4 | 4825 07f0 | ffff 4889 
  0x0000740ad452fb34: ;   {no_reloc}
  0x0000740ad452fb34: 03e9 2400 | 0000 4c8b | d048 33c0 | f04d 0fb1 | 7a3e 48c7 | 0303 0000 | 0074 114c | 3bf8 7515 
  0x0000740ad452fb54: 49ff 8286 | 0000 0048 | 33c0 7509 | 49ff 8768 | 0800 0033 | c00f 8541 | 0500 0044 | 8b54 2420 
  0x0000740ad452fb74: 458b 4a10 | 4585 c90f | 8482 0500 | 0041 8d49 | ff41 3bc9 | 0f8d 9205 | 0000 448b | 5c24 2041 
  0x0000740ad452fb94: 8b6b 1844 | 8b55 0c41 | 3bca 0f83 | e804 0000 | 428b 6c8d | 0c48 8d44 | 2440 4883 | 3800 0f84 
  0x0000740ad452fbb4: 7900 0000 | 4d8b 1041 | f6c2 020f | 8462 0000 | 0049 83ba | 8600 0000 | 0074 0949 | ff8a 8600 
  0x0000740ad452fbd4: 0000 eb4b | 498b 8296 | 0000 0049 | 0b82 8e00 | 0000 750a | 49c7 423e | 0000 0000 | eb3d 4983 
  0x0000740ad452fbf4: ba9e 0000 | 0000 7422 | 4833 c049 | c742 3e00 | 0000 00f0 | 8304 2400 | 4983 ba9e | 0000 0000 
  0x0000740ad452fc14: 750d f04d | 0fb1 7a3e | 7505 83c8 | 01eb 0ca8 | 00eb 084c | 8b10 f04d | 0fb1 1075 | 0a49 ff8f 
  0x0000740ad452fc34: ;   {no_reloc}
  0x0000740ad452fc34: 6808 0000 | 4533 d20f | 859d 0400 | 0044 8b5d 

  0x0000740ad452fc44: ;   {metadata('org/apache/xml/utils/QName')}
  0x0000740ad452fc44: 0841 81fb | a8f5 0201 | 0f85 1605 | 0000 4c8b | 5424 3045 | 8b92 9000 | 0000 4489 | 5424 204c 
  0x0000740ad452fc64: 8bd5 4d8b | dae9 befa | ffff 4533 | d244 8954 | 2410 e9e7 | faff ff4c | 894c 2418 | 4489 4424 
  0x0000740ad452fc84: 1448 8944 | 24f8 8b44 | 2420 8944 | 2410 488b | 4424 f848 | ff74 2408 | 488f 0424 | 48ff 7424 
  0x0000740ad452fca4: 3048 8f44 | 2408 498b 

  0x0000740ad452fcac: ;   {optimized virtual_call}
  0x0000740ad452fcac: f166 90e8 

  0x0000740ad452fcb0: ; ImmutableOopMap {[0]=Oop [8]=Oop [16]=NarrowOop [20]=NarrowOop [24]=Oop [48]=Oop }
                      ;*invokevirtual grow {reexecute=0 rethrow=0 return_oop=1}
                      ; - java.util.Vector::add@7 (line 782)
                      ; - java.util.Vector::addElement@20 (line 617)
                      ; - java.util.Stack::push@2 (line 68)
                      ; - org.apache.xalan.transformer.TransformerImpl::pushMode@5 (line 3208)
                      ; - org.apache.xalan.templates.ElemApplyTemplates::execute@55 (line 172)
  0x0000740ad452fcb0: cc53 73ff 

  0x0000740ad452fcb4: ;   {other}
  0x0000740ad452fcb4: 0f1f 8400 | a409 0001 | 4c8b d048 | 85c0 0f84 | 8c04 0000 | 48ff 3424 | 488f 4424 | 0848 8944 
  0x0000740ad452fcd4: 24f8 8b44 | 2410 8944 | 2420 488b | 4424 f844 | 8b44 2414 | 4c8b 4c24 | 18e9 33fd | ffff bee4 
  0x0000740ad452fcf4: ffff ff48 | ff74 2408 | 488f 0424 | 894c 2410 

  0x0000740ad452fd04: ;   {runtime_call UncommonTrapBlob}
  0x0000740ad452fd04: 6666 90e8 

  0x0000740ad452fd08: ; ImmutableOopMap {[0]=Oop [16]=NarrowOop [48]=Oop }
                      ;*bastore {reexecute=0 rethrow=0 return_oop=0}
                      ; - org.apache.xml.utils.BoolStack::push@34 (line 94)
                      ; - org.apache.xalan.transformer.TransformerImpl::pushCurrentTemplateRuleIsNull@5 (line 3041)
                      ; - org.apache.xalan.templates.ElemApplyTemplates::execute@2 (line 153)
  0x0000740ad452fd08: f4a5 73ff 

  0x0000740ad452fd0c: ;   {other}
  0x0000740ad452fd0c: 0f1f 8400 | fc09 0002 | bef6 ffff | ff48 8b6c 

  0x0000740ad452fd1c: ;   {runtime_call UncommonTrapBlob}
  0x0000740ad452fd1c: 2408 90e8 

  0x0000740ad452fd20: ; ImmutableOopMap {rbp=Oop [48]=Oop }
                      ;*invokevirtual isEmpty {reexecute=0 rethrow=0 return_oop=0}
                      ; - org.apache.xalan.transformer.TransformerImpl::getMode@4 (line 3195)
                      ; - org.apache.xalan.templates.ElemApplyTemplates::execute@8 (line 163)
  0x0000740ad452fd20: dca5 73ff 

  0x0000740ad452fd24: ;   {other}
  0x0000740ad452fd24: 0f1f 8400 | 140a 0003 | bee4 ffff | ff44 890c 

  0x0000740ad452fd34: ;   {runtime_call UncommonTrapBlob}
  0x0000740ad452fd34: 2466 90e8 

  0x0000740ad452fd38: ; ImmutableOopMap {[0]=NarrowOop }
                      ;*baload {reexecute=0 rethrow=0 return_oop=0}
                      ; - org.apache.xml.utils.BoolStack::pop@15 (line 106)
                      ; - org.apache.xalan.transformer.TransformerImpl::popCurrentTemplateRuleIsNull@4 (line 3050)
                      ; - org.apache.xalan.templates.ElemApplyTemplates::execute@102 (line 188)
  0x0000740ad452fd38: c4a5 73ff 

  0x0000740ad452fd3c: ;   {other}
  0x0000740ad452fd3c: 0f1f 8400 | 2c0a 0004 | 498b f348 | 8d54 2440 | 48ff 7424 | 3048 8f44 | 2410 4c89 | 5c24 284c 
  0x0000740ad452fd5c: 895c 2438 

  0x0000740ad452fd60: ;   {runtime_call _complete_monitor_locking_Java}
  0x0000740ad452fd60: 6666 90e8 

  0x0000740ad452fd64: ; ImmutableOopMap {rbp=NarrowOop [8]=Oop [16]=Oop [40]=Oop [48]=Oop [56]=Oop }
                      ;*synchronization entry
                      ; - java.util.Vector::isEmpty@-1 (line 316)
                      ; - org.apache.xalan.transformer.TransformerImpl::getMode@4 (line 3195)
                      ; - org.apache.xalan.templates.ElemApplyTemplates::execute@8 (line 163)
  0x0000740ad452fd64: 981c 7fff 

  0x0000740ad452fd68: ;   {other}
  0x0000740ad452fd68: 0f1f 8400 | 580a 0005 | 4c8b 5c24 | 28e9 fbf8 | ffff 498b | fb48 8d74 | 2440 498b | d749 baa0 
  0x0000740ad452fd88: 891e ea0a | 7400 0041 

  0x0000740ad452fd90: ;   {other}
  0x0000740ad452fd90: ffd2 0f1f | 8400 0000 | 0000 e971 | f9ff ffbe | 45ff ffff | 488b 6c24 | 084c 895c 

  0x0000740ad452fdac: ;   {runtime_call UncommonTrapBlob}
  0x0000740ad452fdac: 2410 90e8 

  0x0000740ad452fdb0: ; ImmutableOopMap {rbp=Oop [16]=Oop [48]=Oop }
                      ;*if_acmpne {reexecute=1 rethrow=0 return_oop=0}
                      ; - (reexecute) org.apache.xalan.templates.ElemApplyTemplates::execute@21 (line 167)
  0x0000740ad452fdb0: 4ca5 73ff 

  0x0000740ad452fdb4: ;   {other}
  0x0000740ad452fdb4: 0f1f 8400 | a40a 0006 | be45 ffff | ff48 ff74 | 2408 488f | 0424 4489 | 5c24 1044 | 8944 2414 
  0x0000740ad452fdd4: ;   {runtime_call UncommonTrapBlob}
  0x0000740ad452fdd4: 6666 90e8 

  0x0000740ad452fdd8: ; ImmutableOopMap {[0]=Oop [16]=NarrowOop [48]=Oop }
                      ;*if_icmpne {reexecute=1 rethrow=0 return_oop=0}
                      ; - (reexecute) org.apache.xml.utils.BoolStack::push@10 (line 91)
                      ; - org.apache.xalan.transformer.TransformerImpl::pushCurrentTemplateRuleIsNull@5 (line 3041)
                      ; - org.apache.xalan.templates.ElemApplyTemplates::execute@2 (line 153)
  0x0000740ad452fdd8: 24a5 73ff 

  0x0000740ad452fddc: ;   {other}
  0x0000740ad452fddc: 0f1f 8400 | cc0a 0007 | be45 ffff | ff48 ff74 | 2408 488f 

  0x0000740ad452fdf0: ;   {runtime_call UncommonTrapBlob}
  0x0000740ad452fdf0: 0424 90e8 

  0x0000740ad452fdf4: ; ImmutableOopMap {[0]=Oop [48]=Oop }
                      ;*ifeq {reexecute=1 rethrow=0 return_oop=0}
                      ; - (reexecute) org.apache.xalan.templates.ElemApplyTemplates::execute@62 (line 175)
  0x0000740ad452fdf4: 08a5 73ff 

  0x0000740ad452fdf8: ;   {other}
  0x0000740ad452fdf8: 0f1f 8400 | e80a 0008 | be45 ffff | ff48 ff74 | 2408 488f 

  0x0000740ad452fe0c: ;   {runtime_call UncommonTrapBlob}
  0x0000740ad452fe0c: 0424 90e8 

  0x0000740ad452fe10: ; ImmutableOopMap {[0]=Oop [48]=Oop }
                      ;*ifeq {reexecute=1 rethrow=0 return_oop=0}
                      ; - (reexecute) org.apache.xalan.templates.ElemApplyTemplates::execute@82 (line 182)
  0x0000740ad452fe10: eca4 73ff 

  0x0000740ad452fe14: ;   {other}
  0x0000740ad452fe14: 0f1f 8400 | 040b 0009 | bef6 ffff | ff49 8bea 

  0x0000740ad452fe24: ;   {runtime_call UncommonTrapBlob}
  0x0000740ad452fe24: 6666 90e8 

  0x0000740ad452fe28: ; ImmutableOopMap {rbp=Oop }
                      ;*invokevirtual pop {reexecute=0 rethrow=0 return_oop=0}
                      ; - org.apache.xalan.transformer.TransformerImpl::popMode@4 (line 3219)
                      ; - org.apache.xalan.templates.ElemApplyTemplates::execute@98 (line 186)
  0x0000740ad452fe28: d4a4 73ff 

  0x0000740ad452fe2c: ;   {other}
  0x0000740ad452fe2c: 0f1f 8400 | 1c0b 000a | bee4 ffff | ff48 8b6c | 2430 4889 | 4424 f88b | 4424 2089 | 0424 488b 
  0x0000740ad452fe4c: 4424 f889 | 4c24 0444 | 8954 2414 | 4489 4c24 

  0x0000740ad452fe5c: ;   {runtime_call UncommonTrapBlob}
  0x0000740ad452fe5c: 1866 90e8 

  0x0000740ad452fe60: ; ImmutableOopMap {rbp=Oop [0]=NarrowOop [20]=NarrowOop }
                      ;*aaload {reexecute=0 rethrow=0 return_oop=0}
                      ; - java.util.Vector::elementData@5 (line 731)
                      ; - java.util.Vector::elementAt@44 (line 469)
                      ; - java.util.Stack::peek@21 (line 104)
                      ; - java.util.Stack::pop@6 (line 85)
                      ; - org.apache.xalan.transformer.TransformerImpl::popMode@4 (line 3219)
                      ; - org.apache.xalan.templates.ElemApplyTemplates::execute@98 (line 186)
  0x0000740ad452fe60: 9ca4 73ff 

  0x0000740ad452fe64: ;   {other}
  0x0000740ad452fe64: 0f1f 8400 | 540b 000b | bef6 ffff | ff48 8b6c | 2408 4489 

  0x0000740ad452fe78: ;   {runtime_call UncommonTrapBlob}
  0x0000740ad452fe78: 4424 08e8 

  0x0000740ad452fe7c: ; ImmutableOopMap {rbp=Oop [8]=NarrowOop [48]=Oop }
                      ;*invokevirtual push {reexecute=0 rethrow=0 return_oop=0}
                      ; - org.apache.xalan.transformer.TransformerImpl::pushMode@5 (line 3208)
                      ; - org.apache.xalan.templates.ElemApplyTemplates::execute@55 (line 172)
  0x0000740ad452fe7c: 80a4 73ff 

  0x0000740ad452fe80: ;   {other}
  0x0000740ad452fe80: 0f1f 8400 | 700b 000c | bee4 ffff | ff48 ff74 | 2408 488f | 0424 4889 | 4424 f88b | 4424 2089 
  0x0000740ad452fea0: 4424 1848 | 8b44 24f8 | 4c89 5424 | 2044 8944 

  0x0000740ad452feb0: ;   {runtime_call UncommonTrapBlob}
  0x0000740ad452feb0: 241c 90e8 

  0x0000740ad452feb4: ; ImmutableOopMap {[0]=Oop [24]=NarrowOop [28]=NarrowOop [32]=Oop [48]=Oop }
                      ;*aastore {reexecute=1 rethrow=0 return_oop=0}
                      ; - (reexecute) java.util.Vector::add@14 (line 783)
                      ; - java.util.Vector::addElement@20 (line 617)
                      ; - java.util.Stack::push@2 (line 68)
                      ; - org.apache.xalan.transformer.TransformerImpl::pushMode@5 (line 3208)
                      ; - org.apache.xalan.templates.ElemApplyTemplates::execute@55 (line 172)
  0x0000740ad452feb4: 48a4 73ff 

  0x0000740ad452feb8: ;   {other}
  0x0000740ad452feb8: 0f1f 8400 | a80b 000d | 498b f048 | 8d54 2440 | 488b 6c24 | 304c 8944 | 2408 4c89 

  0x0000740ad452fed4: ;   {runtime_call _complete_monitor_locking_Java}
  0x0000740ad452fed4: 4424 10e8 

  0x0000740ad452fed8: ; ImmutableOopMap {rbp=Oop [8]=Oop [16]=Oop [32]=NarrowOop [48]=Oop }
                      ;*synchronization entry
                      ; - java.util.Stack::pop@-1 (line 83)
                      ; - org.apache.xalan.transformer.TransformerImpl::popMode@4 (line 3219)
                      ; - org.apache.xalan.templates.ElemApplyTemplates::execute@98 (line 186)
  0x0000740ad452fed8: 241b 7fff 

  0x0000740ad452fedc: ;   {other}
  0x0000740ad452fedc: 0f1f 8400 | cc0b 000e | 4c8b 4424 | 08e9 78f9 | ffff 4c89 | 4c24 1844 | 8944 2414 | 4889 4424 
  0x0000740ad452fefc: f88b 4424 | 2089 4424 | 1048 8b44 | 24f8 48ff | 7424 0848 | 8f04 2448 | 8b6c 2430 | 498b f148 
  0x0000740ad452ff1c: 8d54 2440 | 4489 4424 

  0x0000740ad452ff24: ;   {runtime_call _complete_monitor_locking_Java}
  0x0000740ad452ff24: 0c66 90e8 

  0x0000740ad452ff28: ; ImmutableOopMap {rbp=Oop [0]=Oop [12]=NarrowOop [16]=NarrowOop [20]=NarrowOop [24]=Oop [48]=Oop }
                      ;*synchronization entry
                      ; - java.util.Vector::addElement@-1 (line 616)
                      ; - java.util.Stack::push@2 (line 68)
                      ; - org.apache.xalan.transformer.TransformerImpl::pushMode@5 (line 3208)
                      ; - org.apache.xalan.templates.ElemApplyTemplates::execute@55 (line 172)
  0x0000740ad452ff28: d41a 7fff 

  0x0000740ad452ff2c: ;   {other}
  0x0000740ad452ff2c: 0f1f 8400 | 1c0c 000f | 48ff 3424 | 488f 4424 | 0848 8944 | 24f8 8b44 | 2410 8944 | 2420 488b 
  0x0000740ad452ff4c: 4424 f844 | 8b44 2414 | 4c8b 4c24 | 18e9 a7fa | ffff bed6 | ffff ff48 | ff74 2408 | 488f 0424 
  0x0000740ad452ff6c: 4889 4424 | f88b 4424 | 2089 4424 | 1848 8b44 | 24f8 4c89 | 5424 2044 | 8944 241c 

  0x0000740ad452ff88: ;   {runtime_call UncommonTrapBlob}
  0x0000740ad452ff88: 6666 90e8 

  0x0000740ad452ff8c: ; ImmutableOopMap {[0]=Oop [24]=NarrowOop [28]=NarrowOop [32]=Oop [48]=Oop }
                      ;*aastore {reexecute=1 rethrow=0 return_oop=0}
                      ; - (reexecute) java.util.Vector::add@14 (line 783)
                      ; - java.util.Vector::addElement@20 (line 617)
                      ; - java.util.Stack::push@2 (line 68)
                      ; - org.apache.xalan.transformer.TransformerImpl::pushMode@5 (line 3208)
                      ; - org.apache.xalan.templates.ElemApplyTemplates::execute@55 (line 172)
  0x0000740ad452ff8c: 70a3 73ff 

  0x0000740ad452ff90: ;   {other}
  0x0000740ad452ff90: 0f1f 8400 | 800c 0010 | 498b f948 | 8d74 2440 | 498b d749 | baa0 891e | ea0a 7400 | 0041 ffd2 
  0x0000740ad452ffb0: ;   {other}
  0x0000740ad452ffb0: 0f1f 8400 | 0000 0000 | e92e fbff | ffbe 45ff | ffff 488b | 6c24 3044 | 895c 2408 | 894c 240c 
  0x0000740ad452ffd0: 4489 5c24 

  0x0000740ad452ffd4: ;   {runtime_call UncommonTrapBlob}
  0x0000740ad452ffd4: 1066 90e8 

  0x0000740ad452ffd8: ; ImmutableOopMap {rbp=Oop [8]=NarrowOop [16]=NarrowOop }
                      ;*ifne {reexecute=1 rethrow=0 return_oop=0}
                      ; - (reexecute) java.util.Stack::peek@6 (line 102)
                      ; - java.util.Stack::pop@6 (line 85)
                      ; - org.apache.xalan.transformer.TransformerImpl::popMode@4 (line 3219)
                      ; - org.apache.xalan.templates.ElemApplyTemplates::execute@98 (line 186)
  0x0000740ad452ffd8: 24a3 73ff 

  0x0000740ad452ffdc: ;   {other}
  0x0000740ad452ffdc: 0f1f 8400 | cc0c 0011 | be45 ffff | ff48 8b6c | 2430 4889 | 4424 f88b | 4424 2089 | 0424 488b 
  0x0000740ad452fffc: 4424 f844 | 894c 2418 | 894c 241c 

  0x0000740ad4530008: ;   {runtime_call UncommonTrapBlob}
  0x0000740ad4530008: 6666 90e8 

  0x0000740ad453000c: ; ImmutableOopMap {rbp=Oop [0]=NarrowOop }
                      ;*if_icmplt {reexecute=1 rethrow=0 return_oop=0}
                      ; - (reexecute) java.util.Vector::elementAt@5 (line 465)
                      ; - java.util.Stack::peek@21 (line 104)
                      ; - java.util.Stack::pop@6 (line 85)
                      ; - org.apache.xalan.transformer.TransformerImpl::popMode@4 (line 3219)
                      ; - org.apache.xalan.templates.ElemApplyTemplates::execute@98 (line 186)
  0x0000740ad453000c: f0a2 73ff 

  0x0000740ad4530010: ;   {other}
  0x0000740ad4530010: 0f1f 8400 | 000d 0012 | be45 ffff | ff48 8944 | 24f8 8b44 | 2420 8944 | 2408 488b | 4424 f844 
  0x0000740ad4530030: 894c 2414 | 894c 2418 

  0x0000740ad4530038: ;   {runtime_call UncommonTrapBlob}
  0x0000740ad4530038: 6666 90e8 

  0x0000740ad453003c: ; ImmutableOopMap {rbp=NarrowOop [8]=NarrowOop [48]=Oop }
                      ;*if_icmplt {reexecute=1 rethrow=0 return_oop=0}
                      ; - (reexecute) java.util.Vector::removeElementAt@5 (line 548)
                      ; - java.util.Stack::pop@14 (line 86)
                      ; - org.apache.xalan.transformer.TransformerImpl::popMode@4 (line 3219)
                      ; - org.apache.xalan.templates.ElemApplyTemplates::execute@98 (line 186)
  0x0000740ad453003c: c0a2 73ff 

  0x0000740ad4530040: ;   {other}
  0x0000740ad4530040: 0f1f 8400 | 300d 0013 | be45 ffff | ff48 8944 | 24f8 8b44 | 2420 8944 | 2408 488b | 4424 f844 
  0x0000740ad4530060: 894c 2410 

  0x0000740ad4530064: ;   {runtime_call UncommonTrapBlob}
  0x0000740ad4530064: 6666 90e8 

  0x0000740ad4530068: ; ImmutableOopMap {rbp=NarrowOop [8]=NarrowOop [48]=Oop }
                      ;*ifge {reexecute=1 rethrow=0 return_oop=0}
                      ; - (reexecute) java.util.Vector::removeElementAt@43 (line 552)
                      ; - java.util.Stack::pop@14 (line 86)
                      ; - org.apache.xalan.transformer.TransformerImpl::popMode@4 (line 3219)
                      ; - org.apache.xalan.templates.ElemApplyTemplates::execute@98 (line 186)
  0x0000740ad4530068: 94a2 73ff 

  0x0000740ad453006c: ;   {other}
  0x0000740ad453006c: 0f1f 8400 | 5c0d 0014 | bef6 ffff | ff48 8b6c 

  0x0000740ad453007c: ;   {runtime_call UncommonTrapBlob}
  0x0000740ad453007c: 2408 90e8 

  0x0000740ad4530080: ; ImmutableOopMap {rbp=Oop [48]=Oop }
                      ;*invokevirtual peek {reexecute=0 rethrow=0 return_oop=0}
                      ; - org.apache.xalan.transformer.TransformerImpl::getMode@18 (line 3195)
                      ; - org.apache.xalan.templates.ElemApplyTemplates::execute@8 (line 163)
  0x0000740ad4530080: 7ca2 73ff 

  0x0000740ad4530084: ;   {other}
  0x0000740ad4530084: 0f1f 8400 | 740d 0015 | bee4 ffff | ff48 ff74 | 2408 488f | 0424 4489 | 5c24 1489 

  0x0000740ad45300a0: ;   {runtime_call UncommonTrapBlob}
  0x0000740ad45300a0: 4c24 18e8 

  0x0000740ad45300a4: ; ImmutableOopMap {rbp=NarrowOop [0]=Oop [20]=NarrowOop [32]=NarrowOop [48]=Oop }
                      ;*aaload {reexecute=0 rethrow=0 return_oop=0}
                      ; - java.util.Vector::elementData@5 (line 731)
                      ; - java.util.Vector::elementAt@44 (line 469)
                      ; - java.util.Stack::peek@21 (line 104)
                      ; - org.apache.xalan.transformer.TransformerImpl::getMode@18 (line 3195)
                      ; - org.apache.xalan.templates.ElemApplyTemplates::execute@8 (line 163)
  0x0000740ad45300a4: 58a2 73ff 

  0x0000740ad45300a8: ;   {other}
  0x0000740ad45300a8: 0f1f 8400 | 980d 0016 | 498b f048 | 8d54 2440 | 488b 6c24 | 084c 8944 | 2418 4c89 

  0x0000740ad45300c4: ;   {runtime_call _complete_monitor_locking_Java}
  0x0000740ad45300c4: 4424 28e8 

  0x0000740ad45300c8: ; ImmutableOopMap {rbp=Oop [8]=Oop [24]=Oop [32]=NarrowOop [40]=Oop [48]=Oop }
                      ;*synchronization entry
                      ; - java.util.Stack::peek@-1 (line 100)
                      ; - org.apache.xalan.transformer.TransformerImpl::getMode@18 (line 3195)
                      ; - org.apache.xalan.templates.ElemApplyTemplates::execute@8 (line 163)
  0x0000740ad45300c8: 3419 7fff 

  0x0000740ad45300cc: ;   {other}
  0x0000740ad45300cc: 0f1f 8400 | bc0d 0017 | 4c8b 4424 | 18e9 91fa | ffff 498b | f848 8d74 | 2440 498b | d749 baa0 
  0x0000740ad45300ec: 891e ea0a | 7400 0041 

  0x0000740ad45300f4: ;   {other}
  0x0000740ad45300f4: ffd2 0f1f | 8400 0000 | 0000 e93e | fbff ffbe | 45ff ffff | 488b 6c24 | 0844 894c 

  0x0000740ad4530110: ;   {runtime_call UncommonTrapBlob}
  0x0000740ad4530110: 2408 90e8 

  0x0000740ad4530114: ; ImmutableOopMap {rbp=Oop [32]=NarrowOop [48]=Oop }
                      ;*ifne {reexecute=1 rethrow=0 return_oop=0}
                      ; - (reexecute) java.util.Stack::peek@6 (line 102)
                      ; - org.apache.xalan.transformer.TransformerImpl::getMode@18 (line 3195)
                      ; - org.apache.xalan.templates.ElemApplyTemplates::execute@8 (line 163)
  0x0000740ad4530114: e8a1 73ff 

  0x0000740ad4530118: ;   {other}
  0x0000740ad4530118: 0f1f 8400 | 080e 0018 | be45 ffff | ff48 8b6c | 2408 4889 | 4424 f88b | 4424 2089 | 4424 0848 
  0x0000740ad4530138: 8b44 24f8 | 894c 2414 | 4489 4c24 

  0x0000740ad4530144: ;   {runtime_call UncommonTrapBlob}
  0x0000740ad4530144: 1866 90e8 

  0x0000740ad4530148: ; ImmutableOopMap {rbp=Oop [8]=NarrowOop [48]=Oop }
                      ;*if_icmplt {reexecute=1 rethrow=0 return_oop=0}
                      ; - (reexecute) java.util.Vector::elementAt@5 (line 465)
                      ; - java.util.Stack::peek@21 (line 104)
                      ; - org.apache.xalan.transformer.TransformerImpl::getMode@18 (line 3195)
                      ; - org.apache.xalan.templates.ElemApplyTemplates::execute@8 (line 163)
  0x0000740ad4530148: b4a1 73ff 

  0x0000740ad453014c: ;   {other}
  0x0000740ad453014c: 0f1f 8400 | 3c0e 0019 | bef6 ffff 

  0x0000740ad4530158: ;   {runtime_call UncommonTrapBlob}
  0x0000740ad4530158: ff66 90e8 

  0x0000740ad453015c: ; ImmutableOopMap {[0]=Oop [8]=Oop [16]=NarrowOop [20]=NarrowOop }
                      ;*aastore {reexecute=1 rethrow=0 return_oop=0}
                      ; - (reexecute) java.util.Vector::add@14 (line 783)
                      ; - java.util.Vector::addElement@20 (line 617)
                      ; - java.util.Stack::push@2 (line 68)
                      ; - org.apache.xalan.transformer.TransformerImpl::pushMode@5 (line 3208)
                      ; - org.apache.xalan.templates.ElemApplyTemplates::execute@55 (line 172)
  0x0000740ad453015c: a0a1 73ff 

  0x0000740ad4530160: ;   {other}
  0x0000740ad4530160: 0f1f 8400 | 500e 001a | bede ffff | ff48 ff74 | 2408 488f 

  0x0000740ad4530174: ;   {runtime_call UncommonTrapBlob}
  0x0000740ad4530174: 0424 90e8 

  0x0000740ad4530178: ; ImmutableOopMap {rbp=NarrowOop [0]=Oop [48]=Oop }
                      ;*checkcast {reexecute=0 rethrow=0 return_oop=0}
                      ; - org.apache.xalan.transformer.TransformerImpl::getMode@21 (line 3195)
                      ; - org.apache.xalan.templates.ElemApplyTemplates::execute@8 (line 163)
  0x0000740ad4530178: 84a1 73ff 

  0x0000740ad453017c: ;   {other}
  0x0000740ad453017c: 0f1f 8400 | 6c0e 001b | bef6 ffff | ff48 8b6c 

  0x0000740ad453018c: ;   {runtime_call UncommonTrapBlob}
  0x0000740ad453018c: 2408 90e8 

  0x0000740ad4530190: ; ImmutableOopMap {rbp=Oop }
                      ;*invokevirtual pushCurrentTemplateRuleIsNull {reexecute=0 rethrow=0 return_oop=0}
                      ; - org.apache.xalan.templates.ElemApplyTemplates::execute@2 (line 153)
  0x0000740ad4530190: 6ca1 73ff 

  0x0000740ad4530194: ;   {other}
  0x0000740ad4530194: 0f1f 8400 | 840e 001c | bef6 ffff | ff48 8b6c 

  0x0000740ad45301a4: ;   {runtime_call UncommonTrapBlob}
  0x0000740ad45301a4: 2408 90e8 

  0x0000740ad45301a8: ; ImmutableOopMap {rbp=Oop [48]=Oop }
                      ;*invokevirtual push {reexecute=0 rethrow=0 return_oop=0}
                      ; - org.apache.xalan.transformer.TransformerImpl::pushCurrentTemplateRuleIsNull@5 (line 3041)
                      ; - org.apache.xalan.templates.ElemApplyTemplates::execute@2 (line 153)
  0x0000740ad45301a8: 54a1 73ff 

  0x0000740ad45301ac: ;   {other}
  0x0000740ad45301ac: 0f1f 8400 | 9c0e 001d | bef6 ffff | ff48 ff74 | 2408 488f 

  0x0000740ad45301c0: ;   {runtime_call UncommonTrapBlob}
  0x0000740ad45301c0: 0424 90e8 

  0x0000740ad45301c4: ; ImmutableOopMap {[0]=Oop [48]=Oop }
                      ;*bastore {reexecute=0 rethrow=0 return_oop=0}
                      ; - org.apache.xml.utils.BoolStack::push@34 (line 94)
                      ; - org.apache.xalan.transformer.TransformerImpl::pushCurrentTemplateRuleIsNull@5 (line 3041)
                      ; - org.apache.xalan.templates.ElemApplyTemplates::execute@2 (line 153)
  0x0000740ad45301c4: 38a1 73ff 

  0x0000740ad45301c8: ;   {other}
  0x0000740ad45301c8: 0f1f 8400 | b80e 001e | bef6 ffff 

  0x0000740ad45301d4: ;   {runtime_call UncommonTrapBlob}
  0x0000740ad45301d4: ff66 90e8 

  0x0000740ad45301d8: ; ImmutableOopMap {}
                      ;*invokevirtual pop {reexecute=0 rethrow=0 return_oop=0}
                      ; - org.apache.xalan.transformer.TransformerImpl::popCurrentTemplateRuleIsNull@4 (line 3050)
                      ; - org.apache.xalan.templates.ElemApplyTemplates::execute@102 (line 188)
  0x0000740ad45301d8: 24a1 73ff 

  0x0000740ad45301dc: ;   {other}
  0x0000740ad45301dc: 0f1f 8400 | cc0e 001f | bef6 ffff 

  0x0000740ad45301e8: ;   {runtime_call UncommonTrapBlob}
  0x0000740ad45301e8: ff66 90e8 

  0x0000740ad45301ec: ; ImmutableOopMap {}
                      ;*baload {reexecute=0 rethrow=0 return_oop=0}
                      ; - org.apache.xml.utils.BoolStack::pop@15 (line 106)
                      ; - org.apache.xalan.transformer.TransformerImpl::popCurrentTemplateRuleIsNull@4 (line 3050)
                      ; - org.apache.xalan.templates.ElemApplyTemplates::execute@102 (line 188)
  0x0000740ad45301ec: 10a1 73ff 

  0x0000740ad45301f0: ;   {other}
  0x0000740ad45301f0: 0f1f 8400 | e00e 0020 | bef6 ffff | ff48 8b6c | 2430 4889 | 4424 f88b | 4424 2089 | 0424 488b 
  0x0000740ad4530210: 4424 f844 | 894c 240c 

  0x0000740ad4530218: ;   {runtime_call UncommonTrapBlob}
  0x0000740ad4530218: 6666 90e8 

  0x0000740ad453021c: ; ImmutableOopMap {rbp=Oop [0]=NarrowOop }
                      ;*aaload {reexecute=0 rethrow=0 return_oop=0}
                      ; - java.util.Vector::elementData@5 (line 731)
                      ; - java.util.Vector::elementAt@44 (line 469)
                      ; - java.util.Stack::peek@21 (line 104)
                      ; - java.util.Stack::pop@6 (line 85)
                      ; - org.apache.xalan.transformer.TransformerImpl::popMode@4 (line 3219)
                      ; - org.apache.xalan.templates.ElemApplyTemplates::execute@98 (line 186)
  0x0000740ad453021c: e0a0 73ff 

  0x0000740ad4530220: ;   {other}
  0x0000740ad4530220: 0f1f 8400 | 100f 0021 | bef6 ffff | ff48 8b6c 

  0x0000740ad4530230: ;   {runtime_call UncommonTrapBlob}
  0x0000740ad4530230: 2408 90e8 

  0x0000740ad4530234: ; ImmutableOopMap {rbp=Oop [32]=NarrowOop [48]=Oop }
                      ;*arraylength {reexecute=0 rethrow=0 return_oop=0}
                      ; - java.util.Vector::add@2 (line 781)
                      ; - java.util.Vector::addElement@20 (line 617)
                      ; - java.util.Stack::push@2 (line 68)
                      ; - org.apache.xalan.transformer.TransformerImpl::pushMode@5 (line 3208)
                      ; - org.apache.xalan.templates.ElemApplyTemplates::execute@55 (line 172)
  0x0000740ad4530234: c8a0 73ff 

  0x0000740ad4530238: ;   {other}
  0x0000740ad4530238: 0f1f 8400 | 280f 0022 | bef6 ffff | ff48 8b6c | 2408 4489 | 5c24 0c89 

  0x0000740ad4530250: ;   {runtime_call UncommonTrapBlob}
  0x0000740ad4530250: 4c24 10e8 

  0x0000740ad4530254: ; ImmutableOopMap {rbp=Oop [12]=NarrowOop [32]=NarrowOop [48]=Oop }
                      ;*aaload {reexecute=0 rethrow=0 return_oop=0}
                      ; - java.util.Vector::elementData@5 (line 731)
                      ; - java.util.Vector::elementAt@44 (line 469)
                      ; - java.util.Stack::peek@21 (line 104)
                      ; - org.apache.xalan.transformer.TransformerImpl::getMode@18 (line 3195)
                      ; - org.apache.xalan.templates.ElemApplyTemplates::execute@8 (line 163)
  0x0000740ad4530254: a8a0 73ff 

  0x0000740ad4530258: ;   {other}
  0x0000740ad4530258: 0f1f 8400 | 480f 0023 | bef4 ffff | ff48 8b6c 

  0x0000740ad4530268: ;   {runtime_call UncommonTrapBlob}
  0x0000740ad4530268: 2408 90e8 

  0x0000740ad453026c: ; ImmutableOopMap {rbp=Oop [48]=Oop }
                      ;*checkcast {reexecute=0 rethrow=0 return_oop=0}
                      ; - org.apache.xalan.transformer.TransformerImpl::getMode@21 (line 3195)
                      ; - org.apache.xalan.templates.ElemApplyTemplates::execute@8 (line 163)
  0x0000740ad453026c: 90a0 73ff 

  0x0000740ad4530270: ;   {other}
  0x0000740ad4530270: 0f1f 8400 | 600f 0024 | 488b f0e9 | 5f01 0000 | 488b f0e9 | 5701 0000 | 488b f0e9 | 4f01 0000 
  0x0000740ad4530290: 488b d84c | 8b5c 2418 | 488d 4424 | 4048 8338 | 000f 8479 | 0000 004d | 8b13 41f6 | c202 0f84 
  0x0000740ad45302b0: 6200 0000 | 4983 ba86 | 0000 0000 | 7409 49ff | 8a86 0000 | 00eb 4b49 | 8b82 9600 | 0000 490b 
  0x0000740ad45302d0: 828e 0000 | 0075 0a49 | c742 3e00 | 0000 00eb | 3d49 83ba | 9e00 0000 | 0074 2248 | 33c0 49c7 
  0x0000740ad45302f0: 423e 0000 | 0000 f083 | 0424 0049 | 83ba 9e00 | 0000 0075 | 0df0 4d0f | b17a 3e75 | 0583 c801 
  0x0000740ad4530310: eb0c a800 | eb08 4c8b | 10f0 4d0f | b113 750a | 49ff 8f68 | 0800 0045 | 33d2 0f85 | cc00 0000 
  0x0000740ad4530330: 4c8b 5424 | 0845 0fb6 | 5215 4585 | d274 254c | 8b54 2408 | 458b 9284 | 0000 0048 | 8beb 48ff 
  0x0000740ad4530350: 3424 488f | 4424 0841 | b801 0000 | 0044 8944 | 2410 eb2c | 41ba 0100 | 0000 4489 

  0x0000740ad453036c: ;   {no_reloc}
  0x0000740ad453036c: 5424 1048 | 8beb eb38 | 488b d84c | 8b54 2430 | 450f b65a | 1545 85db | 74e9 458b | 9284 0000 
  0x0000740ad453038c: 0048 8be8 | 4585 d274 | 5449 8bf2 | 488b 5424 

  0x0000740ad453039c: ;   {optimized virtual_call}
  0x0000740ad453039c: 0866 90e8 

  0x0000740ad45303a0: ; ImmutableOopMap {rbp=Oop [48]=Oop }
                      ;*invokevirtual fireTraceEndEvent {reexecute=0 rethrow=0 return_oop=0}
                      ; - org.apache.xalan.templates.ElemApplyTemplates::execute@122 (line 183)
  0x0000740ad45303a0: dc4c 73ff 

  0x0000740ad45303a4: ;   {other}
  0x0000740ad45303a4: 0f1f 8400 | 9410 0025 | 448b 5424 | 1045 85d2 | 7412 488b 

  0x0000740ad45303b8: ;   {optimized virtual_call}
  0x0000740ad45303b8: 7424 30e8 

  0x0000740ad45303bc: ; ImmutableOopMap {rbp=Oop [48]=Oop }
                      ;*invokevirtual popMode {reexecute=0 rethrow=0 return_oop=0}
                      ; - org.apache.xalan.templates.ElemApplyTemplates::execute@130 (line 186)
  0x0000740ad45303bc: c04c 73ff 

  0x0000740ad45303c0: ;   {other}
  0x0000740ad45303c0: 0f1f 8400 | b010 0026 | 488b 7424 

  0x0000740ad45303cc: ;   {optimized virtual_call}
  0x0000740ad45303cc: 3066 90e8 

  0x0000740ad45303d0: ; ImmutableOopMap {rbp=Oop }
                      ;*invokevirtual popCurrentTemplateRuleIsNull {reexecute=0 rethrow=0 return_oop=0}
                      ; - org.apache.xalan.templates.ElemApplyTemplates::execute@134 (line 188)
  0x0000740ad45303d0: ac4c 73ff 

  0x0000740ad45303d4: ;   {other}
  0x0000740ad45303d4: 0f1f 8400 | c410 0027 | 488b f548 | 83c4 605d 

  0x0000740ad45303e4: ;   {runtime_call _rethrow_Java}
  0x0000740ad45303e4: e917 1f7f | ffbe f6ff 

  0x0000740ad45303ec: ;   {runtime_call UncommonTrapBlob}
  0x0000740ad45303ec: ffff 90e8 

  0x0000740ad45303f0: ; ImmutableOopMap {rbp=Oop [8]=Oop [48]=Oop }
                      ;*invokevirtual fireTraceEndEvent {reexecute=0 rethrow=0 return_oop=0}
                      ; - org.apache.xalan.templates.ElemApplyTemplates::execute@122 (line 183)
  0x0000740ad45303f0: 0c9f 73ff 

  0x0000740ad45303f4: ;   {other}
  0x0000740ad45303f4: 0f1f 8400 | e410 0028 | 498b fb48 | 8d74 2440 | 498b d749 | baa0 891e | ea0a 7400 | 0041 ffd2 
  0x0000740ad4530414: ;   {other}
  0x0000740ad4530414: 0f1f 8400 | 0000 0000 | e90f ffff 

  0x0000740ad4530420: ;   {internal_word}
  0x0000740ad4530420: ff49 bad3 | f752 d40a | 7400 004d | 8997 8007 

  0x0000740ad4530430: ;   {runtime_call SafepointBlob}
  0x0000740ad4530430: 0000 e9c9 

  0x0000740ad4530434: ;   {runtime_call StubRoutines (final stubs)}
  0x0000740ad4530434: af73 ffe8 | 24ea 71ff | e979 f1ff | fff4 f4f4 | f4f4 f4f4 
[Stub Code]
  0x0000740ad4530448: ;   {no_reloc}
  0x0000740ad4530448: 48bb 0000 | 0000 0000 

  0x0000740ad4530450: ;   {runtime_call nmethod}
  0x0000740ad4530450: 0000 e9fb 

  0x0000740ad4530454: ;   {static_stub}
  0x0000740ad4530454: ffff ff48 | bb00 0000 | 0000 0000 

  0x0000740ad4530460: ;   {runtime_call nmethod}
  0x0000740ad4530460: 00e9 fbff 

  0x0000740ad4530464: ;   {static_stub}
  0x0000740ad4530464: ffff 48bb | 0000 0000 | 0000 0000 

  0x0000740ad4530470: ;   {runtime_call nmethod}
  0x0000740ad4530470: e9fb ffff 

  0x0000740ad4530474: ;   {static_stub}
  0x0000740ad4530474: ff48 bb00 | 0000 0000 

  0x0000740ad453047c: ;   {runtime_call nmethod}
  0x0000740ad453047c: 0000 00e9 | fbff ffff 

  0x0000740ad4530484: ;   {static_stub}
  0x0000740ad4530484: 48bb 0000 | 0000 0000 

  0x0000740ad453048c: ;   {runtime_call nmethod}
  0x0000740ad453048c: 0000 e9fb 

  0x0000740ad4530490: ;   {runtime_call ExceptionBlob}
  0x0000740ad4530490: ffff ffe9 | 6895 7eff 
[Deopt Handler Code]
  0x0000740ad4530498: e800 0000 | 0048 832c 

  0x0000740ad45304a0: ;   {runtime_call DeoptimizationBlob}
  0x0000740ad45304a0: 2405 e9f9 | a173 fff4 
[/MachCode]


Compiled method (c2) 5264 2929   !   4       org.apache.xalan.templates.ElemLiteralResult::execute (312 bytes)
 total in heap  [0x0000740ad4585190,0x0000740ad4588ba0] = 14864
 relocation     [0x0000740ad45852e8,0x0000740ad45855a0] = 696
 main code      [0x0000740ad45855a0,0x0000740ad4587120] = 7040
 stub code      [0x0000740ad4587120,0x0000740ad45871e0] = 192
 oops           [0x0000740ad45871e0,0x0000740ad45871f0] = 16
 metadata       [0x0000740ad45871f0,0x0000740ad45873d8] = 488
 scopes data    [0x0000740ad45873d8,0x0000740ad4588108] = 3376
 scopes pcs     [0x0000740ad4588108,0x0000740ad45887a8] = 1696
 dependencies   [0x0000740ad45887a8,0x0000740ad4588848] = 160
 handler table  [0x0000740ad4588848,0x0000740ad4588a40] = 504
 nul chk table  [0x0000740ad4588a40,0x0000740ad4588ba0] = 352

[Constant Pool (empty)]

[MachCode]
[Entry Point]
  # {method} {0x0000675da453e9b8} 'execute' '(Lorg/apache/xalan/transformer/TransformerImpl;)V' in 'org/apache/xalan/templates/ElemLiteralResult'
  # this:     rsi:rsi   = 'org/apache/xalan/templates/ElemLiteralResult'
  # parm0:    rdx:rdx   = 'org/apache/xalan/transformer/TransformerImpl'
  #           [sp+0x70]  (sp of caller)
  0x0000740ad45855a0: 448b 5608 | 49bb 0000 | 00af 5d67 | 0000 4d03 | d349 3bc2 

  0x0000740ad45855b4: ;   {runtime_call ic_miss_stub}
  0x0000740ad45855b4: 0f85 c6f7 | 6dff 6690 | 0f1f 4000 
[Verified Entry Point]
  0x0000740ad45855c0: 8984 2400 | c0fe ff55 | 4883 ec60 | 4181 7f20 | 0100 0000 | 0f85 351b | 0000 4c8b | d644 0fb6 
  0x0000740ad45855e0: 4215 448b | 5a64 4585 | c00f 8539 | 0a00 004c | 8bc6 448b | 5664 458b | 4a14 458b | 490c 8b5e 
  0x0000740ad4585600: 608b 4b14 

  0x0000740ad4585604: ; implicit exception: dispatches to 0x0000740ad45865f4
  0x0000740ad4585604: 8b79 0c0f | be4b 1041 | 0fbe 5a10 | c462 72f7 | d7c4 c262 | f7e9 412b | eaff cd85 | ed0f 8f25 
  0x0000740ad4585624: 0a00 008b | 6e5c 458b 

  0x0000740ad458562c: ;   {metadata('org/apache/xml/serializer/ToHTMLStream')}
  0x0000740ad458562c: 5308 4181 | fa58 040f | 010f 8501 | 0800 0048 | 8974 2410 | 4889 5424 | 0848 8bcd | 4d8b d34c 
  0x0000740ad458564c: 8954 2418 

  0x0000740ad4585650: ;   {oop(""{0x00000000403ffed0})}
  0x0000740ad4585650: 48ba d0fe | 3f40 0000 | 0000 498b 

  0x0000740ad458565c: ;   {optimized virtual_call}
  0x0000740ad458565c: f266 90e8 

  0x0000740ad4585660: ; ImmutableOopMap {[8]=Oop [16]=Oop [24]=Oop }
                      ;*invokeinterface startPrefixMapping {reexecute=0 rethrow=0 return_oop=0}
                      ; - org.apache.xalan.templates.ElemLiteralResult::execute@35 (line 1317)
  0x0000740ad4585660: 7ced f9ff 

  0x0000740ad4585664: ;   {other}
  0x0000740ad4585664: 0f1f 8400 | d404 0000 | 4c8b 5c24 | 1045 8b53 | 3841 8b4a | 084c 8b4c | 2408 458b 

  0x0000740ad4585680: ;   {metadata('java/util/ArrayList')}
  0x0000740ad4585680: 4164 81f9 | 68b7 0b00 | 0f85 d207 | 0000 418b | 5a10 8d7b | ff85 ff7d | 1241 ba01 | 0000 004c 
  0x0000740ad45856a0: 894c 2410 | 4489 5424 | 40eb 7985 | db0f 8c1d | 0900 0085 | db0f 8415 | 0900 003b | fb0f 830d 
  0x0000740ad45856c0: 0900 0041 | 8b52 148b | 4a0c 85c9 | 0f86 fe08 | 0000 3bf9 | 0f83 f608 | 0000 85ff | 0f8e 1a09 
  0x0000740ad45856e0: 0000 bb01 | 0000 0066 | 0f1f 8400 | 0000 0000 | 8bcf 448b | 548a 1041 

  0x0000740ad45856f8: ;   {metadata('org/apache/xalan/templates/XMLNSDecl')}
  0x0000740ad45856f8: 8b42 0881 | f800 0c0d | 010f 853d | 0d00 0041 | 0fb6 6a0c | 85ed 0f84 | 6c08 0000 | ffcf 83ff 
  0x0000740ad4585718: ff7f d54c | 894c 2410 | 895c 2440 | 458b 4364 | 458b 5360 | 418b 4b5c | 498b eb48 | 8bd1 498b 
  0x0000740ad4585738: ca45 33c9 | 488b 7424 

  0x0000740ad4585740: ;   {optimized virtual_call}
  0x0000740ad4585740: 1866 90e8 

  0x0000740ad4585744: ; ImmutableOopMap {rbp=Oop [16]=Oop [24]=Oop }
                      ;*invokevirtual startElement {reexecute=0 rethrow=0 return_oop=0}
                      ; - org.apache.xml.serializer.ToStream::startElement@5 (line 1989)
                      ; - org.apache.xalan.templates.ElemLiteralResult::execute@58 (line 1321)
  0x0000740ad4585744: b8c5 f9ff 

  0x0000740ad4585748: ;   {other}
  0x0000740ad4585748: 0f1f 8400 | b805 0001 | 4c8b d541 | 8b6a 4c85 | ed0f 8511 | 0900 0045 | 8b5a 5445 | 85db 0f85 
  0x0000740ad4585768: af03 0000 | 458b 4244 | 4585 c00f | 84d0 0400 | 0048 8b7c | 2410 8b5f | 4c45 0fb6 | 5a0e 498b 
  0x0000740ad4585788: c845 85db | 0f85 c104 | 0000 448b | 775c 458b | 4e2c 458b | 5910 418b | 4114 418d | 5301 3bd0 
  0x0000740ad45857a8: 0f8d 2e09 | 0000 418b | 6918 8b75 | 0c44 3bde | 0f83 fa06 | 0000 4689 | 649d 1041 | 8951 1044 
  0x0000740ad45857c8: 8b5b 108b | 4314 418d | 5301 3bd0 | 0f8d 3e09 | 0000 8b6b | 188b 750c | 443b de0f | 83fb 0600 
  0x0000740ad45857e8: 0046 8964 | 9d10 8953 | 1049 8bde | 488b c1eb | 1c0f 1f80 | 0000 0000 | 498b c348 | 8bfd 4c8b 
  0x0000740ad4585808: 5424 0844 | 8b5c 2420 | 488b 5c24 | 2841 8b51 | 1845 8b41 | 1045 8d48 | ff8b 720c | 443b ce0f 
  0x0000740ad4585828: 83f4 0400 | 008b 4a08 

  0x0000740ad4585830: ;   {metadata('java/lang/Object'[])}
  0x0000740ad4585830: 81f9 8812 | 0000 0f85 | 5c05 0000 | 8b77 4c4c | 8bc8 4689 | 4c82 0c44 | 8b46 1841 | 8b50 0c44 
  0x0000740ad4585850: 3bda 0f83 | 0805 0000 | 418b 5008 

  0x0000740ad458585c: ;   {metadata('java/lang/Object'[])}
  0x0000740ad458585c: 81fa 8812 | 0000 0f85 | 6c05 0000 | 4889 4424 | 3048 895c | 2428 4489 | 7424 044c | 8954 2408 
  0x0000740ad458587c: 4889 7c24 | 1047 894c | 9810 4489 | 5c24 2048 | 8bf0 488b | d748 8bef | 9048 b8ff | ffff ffff 
  0x0000740ad458589c: ;   {virtual_call}
  0x0000740ad458589c: ffff ffe8 

  0x0000740ad45858a0: ; ImmutableOopMap {rbp=Oop [4]=NarrowOop [8]=Oop [16]=Oop [24]=Oop [40]=Oop [48]=Oop }
                      ;*invokevirtual execute {reexecute=0 rethrow=0 return_oop=0}
                      ; - org.apache.xalan.transformer.TransformerImpl::executeChildTemplates@150 (line 2402)
                      ; - org.apache.xalan.templates.ElemLiteralResult::execute@195 (line 1376)
  0x0000740ad45858a0: fced 9eff 

  0x0000740ad45858a4: ;   {other}
  0x0000740ad45858a4: 0f1f 8400 | 1407 0002 | 4d8b 9770 | 0700 004c | 8b5c 2430 

  0x0000740ad45858b8: ; ImmutableOopMap {r11=NarrowOop rbp=Oop [4]=NarrowOop [8]=Oop [16]=Oop [24]=Oop [40]=Oop }
                      ;*goto {reexecute=1 rethrow=0 return_oop=0}
                      ; - (reexecute) org.apache.xalan.transformer.TransformerImpl::executeChildTemplates@158 (line 2394)
                      ; - org.apache.xalan.templates.ElemLiteralResult::execute@195 (line 1376)
  0x0000740ad45858b8: 458b 5b40 

  0x0000740ad45858bc: ;   {poll}
  0x0000740ad45858bc: 4185 0244 | 8b74 2404 | 458b 4e2c | 4585 db0f | 852f ffff | ff4c 8bdd | 418b 5b4c 

  0x0000740ad45858d8: ; implicit exception: dispatches to 0x0000740ad4586784
  0x0000740ad45858d8: 8b4b 1844 | 8b53 1041 | 8d6a ff89 | 6b10 448b | 410c 413b | e80f 831d | 0600 0046 | 8964 910c 
  0x0000740ad45858f8: ; implicit exception: dispatches to 0x0000740ad45867b4
  0x0000740ad45858f8: 418b 5918 | 458b 5110 | 418d 6aff | 4189 6910 

  0x0000740ad4585908: ; implicit exception: dispatches to 0x0000740ad45867d0
  0x0000740ad4585908: 448b 430c | 413b e80f | 8317 0600 | 0046 8964 | 930c 4c8b | 5424 0845 | 33c0 410f | b66b 1585 
  0x0000740ad4585928: ed0f 8559 | 0700 004c | 8944 2410 | 498b eb45 | 8b5a 5c41 | 8b4a 6045 | 8b42 644c | 8954 2408 
  0x0000740ad4585948: 498b d348 | 8b74 2418 

  0x0000740ad4585950: ;   {optimized virtual_call}
  0x0000740ad4585950: 6666 90e8 

  0x0000740ad4585954: ; ImmutableOopMap {rbp=Oop [8]=Oop [16]=Oop [24]=Oop }
                      ;*invokeinterface endElement {reexecute=0 rethrow=0 return_oop=0}
                      ; - org.apache.xalan.templates.ElemLiteralResult::execute@249 (line 1401)
  0x0000740ad4585954: 8848 f8ff 

  0x0000740ad4585958: ;   {other}
  0x0000740ad4585958: 0f1f 8400 | c807 0004 | 4c8b 5424 | 104d 85d2 | 0f85 3e07 | 0000 4c8b | 4c24 0845 | 8b51 3841 
  0x0000740ad4585978: 8b4a 0844 

  0x0000740ad458597c: ;   {metadata('java/util/ArrayList')}
  0x0000740ad458597c: 8b45 6481 | f968 b70b | 000f 8501 | 0500 0041 | 8b6a 1085 | ed0f 8e23 | 0100 008b | cd85 c90f 
  0x0000740ad458599c: 840b 0600 | 0048 63dd | 4c63 d948 | ffcb 493b | db0f 83f9 | 0500 0041 | 8b7a 1444 | 8b5f 0c45 
  0x0000740ad45859bc: 85db 0f86 | e805 0000 | 4d63 d349 | 3bda 0f83 | dc05 0000 | 448b 5710 

  0x0000740ad45859d4: ; implicit exception: dispatches to 0x0000740ad45867e4
  0x0000740ad45859d4: 458b 5a08 

  0x0000740ad45859d8: ;   {metadata('org/apache/xalan/templates/XMLNSDecl')}
  0x0000740ad45859d8: 498b ca41 | 81fb 000c | 0d01 0f85 | f509 0000 | 440f b659 | 0c45 85db | 0f84 4a08 | 0000 49c7 
  0x0000740ad45859f8: c200 0000 | 8048 81fb | 0000 0080 | 490f 4cda | 8bf3 83fe | 017f 1644 | 8b54 2440 | eb6f 6666 
  0x0000740ad4585a18: 0f1f 8400 | 0000 0000 | 4489 5424 | 4044 8b54 | 2440 468b | 5c97 1041 | 8b53 0849 

  0x0000740ad4585a34: ;   {metadata('org/apache/xalan/templates/XMLNSDecl')}
  0x0000740ad4585a34: 8bcb 81fa | 000c 0d01 | 0f85 9e09 | 0000 440f | b659 0c45 | 85db 0f84 | fb04 0000 | 428b 4c97 
  0x0000740ad4585a54: 1485 c90f | 84af 0300 | 0044 8b59 

  0x0000740ad4585a60: ;   {metadata('org/apache/xalan/templates/XMLNSDecl')}
  0x0000740ad4585a60: 0841 81fb | 000c 0d01 | 0f85 6a09 | 0000 440f | b659 0c45 | 85db 0f84 | cc04 0000 | 4183 c202 
  0x0000740ad4585a80: 443b d67c | 9b44 3bd5 | 7d30 6690 | 468b 5c97 | 1041 8b53 | 0849 8bcb 

  0x0000740ad4585a98: ;   {metadata('org/apache/xalan/templates/XMLNSDecl')}
  0x0000740ad4585a98: 81fa 000c | 0d01 0f85 | 3c09 0000 | 440f b659 | 0c45 85db | 0f84 9904 | 0000 41ff | c244 3bd5 
  0x0000740ad4585ab8: 7cd2 458b | 5964 458b | 5314 458b | 420c 458b | 5160 418b | 5a14 8b4b | 0c41 0fbe | 5a10 450f 
  0x0000740ad4585ad8: be53 10c4 | e262 f7c9 | c4c2 2af7 | e82b e9ff | cd85 ed0f | 8fd3 0500 | 0048 83c4 

  0x0000740ad4585af4: ;   {poll_return}
  0x0000740ad4585af4: 605d 493b | a768 0700 | 000f 87f6 | 1500 00c3 | 660f 1f44 | 0000 660f | 1f44 0000 | 4c8b 5424 
  0x0000740ad4585b14: 0845 8b5a | 54eb 2445 

  0x0000740ad4585b1c: ;   {metadata('java/util/ArrayList')}
  0x0000740ad4585b1c: 8b43 0841 | 81f8 68b7 | 0b00 0f85 | 1c07 0000 | 4d8b c345 | 8b40 1041 | ffc8 4585 | c00f 8c2d 
  0x0000740ad4585b3c: fcff ff41 

  0x0000740ad4585b40: ;   {metadata('java/util/ArrayList')}
  0x0000740ad4585b40: 8b4b 0881 | f968 b70b | 000f 8595 | 0600 0041 | 8b6b 1085 | ed0f 8cbd | 0600 0044 | 3bc5 0f83 
  0x0000740ad4585b60: f405 0000 | 458b 4b14 | 458b d841 | 8b49 0c44 | 3bd9 0f83 | 0806 0000 | 478b 4c99 | 1045 8b41 
  0x0000740ad4585b80: ;   {metadata('org/apache/xalan/templates/AVT')}
  0x0000740ad4585b80: 0841 81f8 | 707b 0301 | 0f85 8208 | 0000 488b | 4c24 108b | 795c 4d8b | c149 8bd8 

  0x0000740ad4585b9c: ; implicit exception: dispatches to 0x0000740ad45868ac
  0x0000740ad4585b9c: 448b 4f54 

  0x0000740ad4585ba0: ; implicit exception: dispatches to 0x0000740ad45868e0
  0x0000740ad4585ba0: 418b 5118 | 458b 4110 | 418d 68ff 

  0x0000740ad4585bac: ; implicit exception: dispatches to 0x0000740ad4586918
  0x0000740ad4585bac: 8b72 0c3b | ee0f 8301 | 0600 0048 | 8beb 4489 | 5c24 044c | 8954 2408 | 428b 4c82 | 0c48 8bd7 
  0x0000740ad4585bcc: 488b f34d 

  0x0000740ad4585bd0: ;   {optimized virtual_call}
  0x0000740ad4585bd0: 8bc2 90e8 

  0x0000740ad4585bd4: ; ImmutableOopMap {rbp=Oop [8]=Oop [16]=Oop [24]=Oop }
                      ;*invokevirtual evaluate {reexecute=0 rethrow=0 return_oop=1}
                      ; - org.apache.xalan.templates.ElemLiteralResult::execute@149 (line 1354)
  0x0000740ad4585bd4: 684b fcff 

  0x0000740ad4585bd8: ;   {other}
  0x0000740ad4585bd8: 0f1f 8400 | 480a 0005 | 4885 c00f | 8483 0600 | 0044 8b55 | 1444 8b4d | 1c44 8b5d | 184d 8bc2 
  0x0000740ad4585bf8: 498b cb49 | 8bd1 488b 

  0x0000740ad4585c00: ;   {oop("CDATA"{0x0000000040811928})}
  0x0000740ad4585c00: 7424 1849 | b928 1981 | 4000 0000 | 0048 8bf8 | 4533 db44 

  0x0000740ad4585c14: ;   {optimized virtual_call}
  0x0000740ad4585c14: 891c 24e8 

  0x0000740ad4585c18: ; ImmutableOopMap {[8]=Oop [16]=Oop [24]=Oop }
                      ;*invokeinterface addAttribute {reexecute=0 rethrow=0 return_oop=0}
                      ; - org.apache.xalan.templates.ElemLiteralResult::execute@181 (line 1364)
  0x0000740ad4585c18: a429 fcff 

  0x0000740ad4585c1c: ;   {other}
  0x0000740ad4585c1c: 0f1f 8400 | 8c0a 0006 | 4d8b 9770 | 0700 0044 | 8b44 2404 

  0x0000740ad4585c30: ; ImmutableOopMap {[8]=Oop [16]=Oop [24]=Oop }
                      ;*goto {reexecute=1 rethrow=0 return_oop=0}
                      ; - (reexecute) org.apache.xalan.templates.ElemLiteralResult::execute@189 (line 1348)
                      ;   {poll}
  0x0000740ad4585c30: 41ff c841 | 8502 4585 | c00f 8dd1 | feff ff4c | 8b54 2408 | e923 fbff | ff4c 8b5c | 2410 e9cc 
  0x0000740ad4585c50: fcff ff0f | b66f 1285 | ed0f 84f5 | 0600 0045 

  0x0000740ad4585c60: ;   {metadata('org/apache/xalan/templates/ElemTextLiteral')}
  0x0000740ad4585c60: 8b58 0841 | 81fb 98eb | 0301 0f85 | 3c07 0000 | 448b 4950 

  0x0000740ad4585c74: ; implicit exception: dispatches to 0x0000740ad4586940
  0x0000740ad4585c74: 448b 5b10 | 8b53 1445 | 8d43 0144 | 3bc2 0f8d | e806 0000 | 8b53 188b | 720c 443b | de0f 8305 
  0x0000740ad4585c94: 0600 008b 

  0x0000740ad4585c98: ;   {metadata('java/lang/Object'[])}
  0x0000740ad4585c98: 7208 81fe | 8812 0000 | 0f85 4e06 | 0000 4489 | 4310 8b6f | 644c 8bc1 | 4689 449a | 1045 8b59 
  0x0000740ad4585cb8: 0c44 8b45 

  0x0000740ad4585cbc: ;   {metadata('org/apache/xml/serializer/ToHTMLStream')}
  0x0000740ad4585cbc: 0841 81f8 | 5804 0f01 | 0f85 6606 | 0000 4c89 | 5424 0849 | 8bd1 488b | f533 c945 | 8bc3 498b 
  0x0000740ad4585cdc: ;   {optimized virtual_call}
  0x0000740ad4585cdc: ea66 90e8 

  0x0000740ad4585ce0: ; ImmutableOopMap {rbp=Oop [8]=Oop [16]=Oop [24]=Oop }
                      ;*invokeinterface characters {reexecute=0 rethrow=0 return_oop=0}
                      ; - org.apache.xalan.transformer.TransformerImpl::executeChildTemplates@49 (line 2366)
                      ; - org.apache.xalan.templates.ElemLiteralResult::execute@195 (line 1376)
  0x0000740ad4585ce0: dc64 f3ff 

  0x0000740ad4585ce4: ;   {other}
  0x0000740ad4585ce4: 0f1f 8400 | 540b 0008 | 4c8b 5c24 | 1045 8b4b | 4c41 8b59 | 1845 8b51 | 1041 8d6a | ff41 8969 
  0x0000740ad4585d04: 1044 8b43 | 0c41 3be8 | 0f83 c605 | 0000 4689 | 6493 0c4c | 8b54 2408 | e9fe fbff | ffbe e4ff 
  0x0000740ad4585d24: ffff 498b | ea4c 8b54 | 2418 4c89 | 5424 1048 | 897c 2418 | 4489 7424 | 0444 895c | 2428 8954 
  0x0000740ad4585d44: 242c 4489 | 4c24 3048 | 8944 2438 

  0x0000740ad4585d50: ;   {runtime_call UncommonTrapBlob}
  0x0000740ad4585d50: 6666 90e8 

  0x0000740ad4585d54: ; ImmutableOopMap {rbp=Oop [4]=NarrowOop [16]=Oop [24]=Oop [44]=NarrowOop [56]=Oop }
                      ;*aastore {reexecute=1 rethrow=0 return_oop=0}
                      ; - (reexecute) org.apache.xml.utils.ObjectStack::setTop@11 (line 162)
                      ; - org.apache.xpath.XPathContext::setSAXLocator@5 (line 405)
                      ; - org.apache.xalan.transformer.TransformerImpl::executeChildTemplates@135 (line 2400)
                      ; - org.apache.xalan.templates.ElemLiteralResult::execute@195 (line 1376)
  0x0000740ad4585d54: a845 6eff 

  0x0000740ad4585d58: ;   {other}
  0x0000740ad4585d58: 0f1f 8400 | c80b 0009 | bee4 ffff | ff49 8bea | 4c8b 5424 | 184c 8954 | 2410 4889 | 7c24 1844 
  0x0000740ad4585d78: 8974 2404 | 4489 4424 | 2c44 895c | 2430 4889 

  0x0000740ad4585d88: ;   {runtime_call UncommonTrapBlob}
  0x0000740ad4585d88: 4424 38e8 

  0x0000740ad4585d8c: ; ImmutableOopMap {rbp=Oop [4]=NarrowOop [16]=Oop [24]=Oop [44]=NarrowOop [56]=Oop }
                      ;*aastore {reexecute=1 rethrow=0 return_oop=0}
                      ; - (reexecute) org.apache.xml.utils.ObjectVector::setElementAt@6 (line 304)
                      ; - org.apache.xalan.transformer.TransformerImpl::executeChildTemplates@145 (line 2401)
                      ; - org.apache.xalan.templates.ElemLiteralResult::execute@195 (line 1376)
  0x0000740ad4585d8c: 7045 6eff 

  0x0000740ad4585d90: ;   {other}
  0x0000740ad4585d90: 0f1f 8400 | 000c 000a | bed6 ffff | ff49 8bea | 4c8b 5424 | 184c 8954 | 2410 4889 | 7c24 1844 
  0x0000740ad4585db0: 8974 2404 | 4489 5c24 | 2889 5424 | 2c44 894c | 2430 4889 

  0x0000740ad4585dc4: ;   {runtime_call UncommonTrapBlob}
  0x0000740ad4585dc4: 4424 38e8 

  0x0000740ad4585dc8: ; ImmutableOopMap {rbp=Oop [4]=NarrowOop [16]=Oop [24]=Oop [44]=NarrowOop [56]=Oop }
                      ;*aastore {reexecute=1 rethrow=0 return_oop=0}
                      ; - (reexecute) org.apache.xml.utils.ObjectStack::setTop@11 (line 162)
                      ; - org.apache.xpath.XPathContext::setSAXLocator@5 (line 405)
                      ; - org.apache.xalan.transformer.TransformerImpl::executeChildTemplates@135 (line 2400)
                      ; - org.apache.xalan.templates.ElemLiteralResult::execute@195 (line 1376)
  0x0000740ad4585dc8: 3445 6eff 

  0x0000740ad4585dcc: ;   {other}
  0x0000740ad4585dcc: 0f1f 8400 | 3c0c 000b | bed6 ffff | ff49 8bea | 4c8b 5424 | 184c 8954 | 2410 4889 | 7c24 1844 
  0x0000740ad4585dec: 8974 2404 | 4489 4424 | 2c44 895c | 2430 4889 

  0x0000740ad4585dfc: ;   {runtime_call UncommonTrapBlob}
  0x0000740ad4585dfc: 4424 38e8 

  0x0000740ad4585e00: ; ImmutableOopMap {rbp=Oop [4]=NarrowOop [16]=Oop [24]=Oop [44]=NarrowOop [56]=Oop }
                      ;*aastore {reexecute=1 rethrow=0 return_oop=0}
                      ; - (reexecute) org.apache.xml.utils.ObjectVector::setElementAt@6 (line 304)
                      ; - org.apache.xalan.transformer.TransformerImpl::executeChildTemplates@145 (line 2401)
                      ; - org.apache.xalan.templates.ElemLiteralResult::execute@195 (line 1376)
  0x0000740ad4585e00: fc44 6eff 

  0x0000740ad4585e04: ;   {other}
  0x0000740ad4585e04: 0f1f 8400 | 740c 000c | 41ff c2be | f4ff ffff | 4c8b 5c24 | 184c 895c | 2410 4c89 | 4c24 1844 
  0x0000740ad4585e24: 8954 2404 | 4489 4424 

  0x0000740ad4585e2c: ;   {runtime_call UncommonTrapBlob}
  0x0000740ad4585e2c: 2066 90e8 

  0x0000740ad4585e30: ; ImmutableOopMap {[16]=Oop [24]=Oop [32]=NarrowOop }
                      ;*checkcast {reexecute=0 rethrow=0 return_oop=0}
                      ; - org.apache.xalan.templates.ElemTemplateElement::unexecuteNSDecls@45 (line 1238)
                      ; - org.apache.xalan.templates.ElemTemplateElement::unexecuteNSDecls@3 (line 1214)
                      ; - org.apache.xalan.templates.ElemLiteralResult::execute@283 (line 1421)
  0x0000740ad4585e30: cc44 6eff 

  0x0000740ad4585e34: ;   {other}
  0x0000740ad4585e34: 0f1f 8400 | a40c 000d | bede ffff | ff4c 8944 | 2408 4889 | 5424 1044 | 895c 2418 

  0x0000740ad4585e50: ;   {runtime_call UncommonTrapBlob}
  0x0000740ad4585e50: 6666 90e8 

  0x0000740ad4585e54: ; ImmutableOopMap {rbp=NarrowOop [8]=Oop [16]=Oop [24]=NarrowOop }
                      ;*invokeinterface startPrefixMapping {reexecute=0 rethrow=0 return_oop=0}
                      ; - org.apache.xalan.templates.ElemLiteralResult::execute@35 (line 1317)
  0x0000740ad4585e54: a844 6eff 

  0x0000740ad4585e58: ;   {other}
  0x0000740ad4585e58: 0f1f 8400 | c80c 000e | bede ffff | ff4c 8b4c | 2418 4c89 | 4c24 104c | 895c 2418 | 4489 4424 
  0x0000740ad4585e78: 0444 8954 

  0x0000740ad4585e7c: ;   {runtime_call UncommonTrapBlob}
  0x0000740ad4585e7c: 2420 90e8 

  0x0000740ad4585e80: ; ImmutableOopMap {[4]=NarrowOop [8]=Oop [16]=Oop [24]=Oop [32]=NarrowOop }
                      ;*invokeinterface size {reexecute=0 rethrow=0 return_oop=0}
                      ; - org.apache.xalan.templates.ElemTemplateElement::executeNSDecls@17 (line 1185)
                      ; - org.apache.xalan.templates.ElemTemplateElement::executeNSDecls@3 (line 1166)
                      ; - org.apache.xalan.templates.ElemLiteralResult::execute@42 (line 1320)
  0x0000740ad4585e80: 7c44 6eff 

  0x0000740ad4585e84: ;   {other}
  0x0000740ad4585e84: 0f1f 8400 | f40c 000f | bede ffff | ff4c 8b5c | 2418 4c89 | 5c24 084c | 894c 2410 | 4489 4424 
  0x0000740ad4585ea4: 0444 8954 

  0x0000740ad4585ea8: ;   {runtime_call UncommonTrapBlob}
  0x0000740ad4585ea8: 2418 90e8 

  0x0000740ad4585eac: ; ImmutableOopMap {[4]=NarrowOop [8]=Oop [16]=Oop [24]=NarrowOop }
                      ;*invokeinterface size {reexecute=0 rethrow=0 return_oop=0}
                      ; - org.apache.xalan.templates.ElemTemplateElement::unexecuteNSDecls@17 (line 1234)
                      ; - org.apache.xalan.templates.ElemTemplateElement::unexecuteNSDecls@3 (line 1214)
                      ; - org.apache.xalan.templates.ElemLiteralResult::execute@283 (line 1421)
  0x0000740ad4585eac: 5044 6eff 

  0x0000740ad4585eb0: ;   {other}
  0x0000740ad4585eb0: 0f1f 8400 | 200d 0010 | bee4 ffff | ff4c 8954 | 2408 4489 | 7424 0444 | 894c 2428 | 4489 4424 
  0x0000740ad4585ed0: 2c44 895c 

  0x0000740ad4585ed4: ;   {runtime_call UncommonTrapBlob}
  0x0000740ad4585ed4: 2430 90e8 

  0x0000740ad4585ed8: ; ImmutableOopMap {rbp=NarrowOop [4]=NarrowOop [8]=Oop [16]=Oop [24]=Oop [40]=NarrowOop [44]=NarrowOop }
                      ;*aastore {reexecute=1 rethrow=0 return_oop=0}
                      ; - (reexecute) org.apache.xml.utils.ObjectStack::push@64 (line 86)
                      ; - org.apache.xpath.XPathContext::pushSAXLocatorNull@5 (line 425)
                      ; - org.apache.xalan.transformer.TransformerImpl::executeChildTemplates@91 (line 2386)
                      ; - org.apache.xalan.templates.ElemLiteralResult::execute@195 (line 1376)
  0x0000740ad4585ed8: 2444 6eff 

  0x0000740ad4585edc: ;   {other}
  0x0000740ad4585edc: 0f1f 8400 | 4c0d 0011 | bee4 ffff | ff4c 8954 | 2408 4489 | 7424 0444 | 895c 242c | 4489 4424 
  0x0000740ad4585efc: 3089 5c24 

  0x0000740ad4585f00: ;   {runtime_call UncommonTrapBlob}
  0x0000740ad4585f00: 3466 90e8 

  0x0000740ad4585f04: ; ImmutableOopMap {rbp=NarrowOop [4]=NarrowOop [8]=Oop [16]=Oop [24]=Oop [48]=NarrowOop [52]=NarrowOop }
                      ;*aastore {reexecute=1 rethrow=0 return_oop=0}
                      ; - (reexecute) org.apache.xml.utils.ObjectStack::push@64 (line 86)
                      ; - org.apache.xalan.transformer.TransformerImpl::executeChildTemplates@108 (line 2388)
                      ; - org.apache.xalan.templates.ElemLiteralResult::execute@195 (line 1376)
  0x0000740ad4585f04: f843 6eff 

  0x0000740ad4585f08: ;   {other}
  0x0000740ad4585f08: 0f1f 8400 | 780d 0012 | bee4 ffff | ff89 5c24 | 2089 4c24 

  0x0000740ad4585f1c: ;   {runtime_call UncommonTrapBlob}
  0x0000740ad4585f1c: 2466 90e8 

  0x0000740ad4585f20: ; ImmutableOopMap {[4]=NarrowOop [8]=Oop [16]=Oop [24]=Oop [32]=NarrowOop [36]=NarrowOop }
                      ;*aaload {reexecute=0 rethrow=0 return_oop=0}
                      ; - org.apache.xml.utils.ObjectStack::pop@15 (line 101)
                      ; - org.apache.xalan.transformer.TransformerImpl::executeChildTemplates@165 (line 2413)
                      ; - org.apache.xalan.templates.ElemLiteralResult::execute@195 (line 1376)
  0x0000740ad4585f20: dc43 6eff 

  0x0000740ad4585f24: ;   {other}
  0x0000740ad4585f24: 0f1f 8400 | 940d 0013 | bee4 ffff | ff44 894c | 2404 895c 

  0x0000740ad4585f38: ;   {runtime_call UncommonTrapBlob}
  0x0000740ad4585f38: 2420 90e8 

  0x0000740ad4585f3c: ; ImmutableOopMap {[4]=NarrowOop [8]=Oop [16]=Oop [24]=Oop [32]=NarrowOop }
                      ;*aaload {reexecute=0 rethrow=0 return_oop=0}
                      ; - org.apache.xml.utils.ObjectStack::pop@15 (line 101)
                      ; - org.apache.xpath.XPathContext::popSAXLocator@4 (line 434)
                      ; - org.apache.xalan.transformer.TransformerImpl::executeChildTemplates@171 (line 2414)
                      ; - org.apache.xalan.templates.ElemLiteralResult::execute@195 (line 1376)
  0x0000740ad4585f3c: c043 6eff 

  0x0000740ad4585f40: ;   {other}
  0x0000740ad4585f40: 0f1f 8400 | b00d 0014 | 41ff c2be | 45ff ffff | 488b 5c24 | 1848 895c | 2410 4c89 | 4c24 1844 
  0x0000740ad4585f60: 8954 2404 | 4889 4c24 | 2044 895c | 2428 4489 

  0x0000740ad4585f70: ;   {runtime_call UncommonTrapBlob}
  0x0000740ad4585f70: 4424 2ce8 

  0x0000740ad4585f74: ; ImmutableOopMap {[16]=Oop [24]=Oop [32]=Oop [44]=NarrowOop }
                      ;*ifne {reexecute=1 rethrow=0 return_oop=0}
                      ; - (reexecute) org.apache.xalan.templates.ElemTemplateElement::unexecuteNSDecls@55 (line 1240)
                      ; - org.apache.xalan.templates.ElemTemplateElement::unexecuteNSDecls@3 (line 1214)
                      ; - org.apache.xalan.templates.ElemLiteralResult::execute@283 (line 1421)
  0x0000740ad4585f74: 8843 6eff 

  0x0000740ad4585f78: ;   {other}
  0x0000740ad4585f78: 0f1f 8400 | e80d 0015 | be45 ffff | ff4c 894c | 2410 4c89 | 5c24 2089 | 4c24 0444 | 8944 2428 
  0x0000740ad4585f98: 4c89 5424 

  0x0000740ad4585f9c: ;   {runtime_call UncommonTrapBlob}
  0x0000740ad4585f9c: 3066 90e8 

  0x0000740ad4585fa0: ; ImmutableOopMap {[16]=Oop [24]=Oop [32]=Oop [40]=NarrowOop [48]=Oop }
                      ;*ifne {reexecute=1 rethrow=0 return_oop=0}
                      ; - (reexecute) org.apache.xalan.templates.ElemTemplateElement::executeNSDecls@56 (line 1191)
                      ; - org.apache.xalan.templates.ElemTemplateElement::executeNSDecls@3 (line 1166)
                      ; - org.apache.xalan.templates.ElemLiteralResult::execute@42 (line 1320)
  0x0000740ad4585fa0: 5c43 6eff 

  0x0000740ad4585fa4: ;   {other}
  0x0000740ad4585fa4: 0f1f 8400 | 140e 0016 | be76 ffff | ff4c 8b54 | 2418 4c89 | 5424 1044 | 8944 2404 

  0x0000740ad4585fc0: ;   {runtime_call UncommonTrapBlob}
  0x0000740ad4585fc0: 6666 90e8 

  0x0000740ad4585fc4: ; ImmutableOopMap {[4]=NarrowOop [8]=Oop [16]=Oop }
                      ;*if_icmpge {reexecute=1 rethrow=0 return_oop=0}
                      ; - (reexecute) org.apache.xalan.templates.ElemTemplateElement::unexecuteNSDecls@31 (line 1236)
                      ; - org.apache.xalan.templates.ElemTemplateElement::unexecuteNSDecls@3 (line 1214)
                      ; - org.apache.xalan.templates.ElemLiteralResult::execute@283 (line 1421)
  0x0000740ad4585fc4: 3843 6eff 

  0x0000740ad4585fc8: ;   {other}
  0x0000740ad4585fc8: 0f1f 8400 | 380e 0017 | be76 ffff | ff4c 8b54 | 2418 4c89 | 5424 104c | 895c 2418 | 897c 2420 
  0x0000740ad4585fe8: 4489 4424 

  0x0000740ad4585fec: ;   {runtime_call UncommonTrapBlob}
  0x0000740ad4585fec: 2466 90e8 

  0x0000740ad4585ff0: ; ImmutableOopMap {[8]=Oop [16]=Oop [24]=Oop [36]=NarrowOop }
                      ;*iflt {reexecute=1 rethrow=0 return_oop=0}
                      ; - (reexecute) org.apache.xalan.templates.ElemTemplateElement::executeNSDecls@32 (line 1187)
                      ; - org.apache.xalan.templates.ElemTemplateElement::executeNSDecls@3 (line 1166)
                      ; - org.apache.xalan.templates.ElemLiteralResult::execute@42 (line 1320)
  0x0000740ad4585ff0: 0c43 6eff 

  0x0000740ad4585ff4: ;   {other}
  0x0000740ad4585ff4: 0f1f 8400 | 640e 0018 | be6e ffff | ff4c 8b54 | 2418 4c89 | 5424 104c | 895c 2418 | 897c 2420 
  0x0000740ad4586014: 4489 4424 

  0x0000740ad4586018: ;   {runtime_call UncommonTrapBlob}
  0x0000740ad4586018: 2466 90e8 

  0x0000740ad458601c: ; ImmutableOopMap {[8]=Oop [16]=Oop [24]=Oop [36]=NarrowOop }
                      ;*iflt {reexecute=1 rethrow=0 return_oop=0}
                      ; - (reexecute) org.apache.xalan.templates.ElemTemplateElement::executeNSDecls@32 (line 1187)
                      ; - org.apache.xalan.templates.ElemTemplateElement::executeNSDecls@3 (line 1166)
                      ; - org.apache.xalan.templates.ElemLiteralResult::execute@42 (line 1320)
  0x0000740ad458601c: e042 6eff 

  0x0000740ad4586020: ;   {other}
  0x0000740ad4586020: 0f1f 8400 | 900e 0019 | be45 ffff | ff49 8bea | 4889 5424 | 0844 895c | 2404 4489 

  0x0000740ad458603c: ;   {runtime_call UncommonTrapBlob}
  0x0000740ad458603c: 4424 10e8 

  0x0000740ad4586040: ; ImmutableOopMap {rbp=Oop [4]=NarrowOop [8]=Oop }
                      ;*ifeq {reexecute=1 rethrow=0 return_oop=0}
                      ; - (reexecute) org.apache.xalan.templates.ElemLiteralResult::execute@9 (line 1307)
  0x0000740ad4586040: bc42 6eff 

  0x0000740ad4586044: ;   {other}
  0x0000740ad4586044: 0f1f 8400 | b40e 001a | be45 ffff | ff48 8954 | 2410 4c89 | 4424 1844 | 895c 2420 

  0x0000740ad4586060: ;   {runtime_call UncommonTrapBlob}
  0x0000740ad4586060: 6666 90e8 

  0x0000740ad4586064: ; ImmutableOopMap {[16]=Oop [24]=Oop [32]=NarrowOop }
                      ;*ifle {reexecute=1 rethrow=0 return_oop=0}
                      ; - (reexecute) org.apache.xalan.templates.ElemLiteralResult::getPrefix@19 (line 520)
                      ; - org.apache.xalan.templates.ElemLiteralResult::execute@28 (line 1317)
  0x0000740ad4586064: 9842 6eff 

  0x0000740ad4586068: ;   {other}
  0x0000740ad4586068: 0f1f 8400 | d80e 001b | be45 ffff | ff4c 8954 

  0x0000740ad4586078: ;   {runtime_call UncommonTrapBlob}
  0x0000740ad4586078: 2420 90e8 

  0x0000740ad458607c: ; ImmutableOopMap {rbp=NarrowOop [16]=Oop [24]=Oop [32]=Oop }
                      ;*if_acmpeq {reexecute=1 rethrow=0 return_oop=0}
                      ; - (reexecute) org.apache.xalan.templates.ElemUse::execute@5 (line 198)
                      ; - org.apache.xalan.templates.ElemLiteralResult::execute@80 (line 1340)
  0x0000740ad458607c: 8042 6eff 

  0x0000740ad4586080: ;   {other}
  0x0000740ad4586080: 0f1f 8400 | f00e 001c | be45 ffff | ff4c 8954 | 2408 4c89 | 5c24 104c | 8944 2420 

  0x0000740ad458609c: ;   {runtime_call UncommonTrapBlob}
  0x0000740ad458609c: 6666 90e8 

  0x0000740ad45860a0: ; ImmutableOopMap {[8]=Oop [16]=Oop [24]=Oop [32]=Oop }
                      ;*ifeq {reexecute=1 rethrow=0 return_oop=0}
                      ; - (reexecute) org.apache.xalan.templates.ElemLiteralResult::execute@225 (line 1395)
  0x0000740ad45860a0: 5c42 6eff 

  0x0000740ad45860a4: ;   {other}
  0x0000740ad45860a4: 0f1f 8400 | 140f 001d | be45 ffff | ff4c 8954 

  0x0000740ad45860b4: ;   {runtime_call UncommonTrapBlob}
  0x0000740ad45860b4: 2408 90e8 

  0x0000740ad45860b8: ; ImmutableOopMap {[8]=Oop [16]=Oop }
                      ;*ifnull {reexecute=1 rethrow=0 return_oop=0}
                      ; - (reexecute) org.apache.xalan.templates.ElemLiteralResult::execute@276 (line 1418)
  0x0000740ad45860b8: 4442 6eff 

  0x0000740ad45860bc: ;   {other}
  0x0000740ad45860bc: 0f1f 8400 | 2c0f 001e | be45 ffff | ff4c 894c 

  0x0000740ad45860cc: ;   {runtime_call UncommonTrapBlob}
  0x0000740ad45860cc: 2410 90e8 

  0x0000740ad45860d0: ; ImmutableOopMap {[16]=Oop [24]=Oop }
                      ;*ifle {reexecute=1 rethrow=0 return_oop=0}
                      ; - (reexecute) org.apache.xalan.templates.ElemLiteralResult::getPrefix@19 (line 520)
                      ; - org.apache.xalan.templates.ElemLiteralResult::execute@288 (line 1426)
  0x0000740ad45860d0: 2c42 6eff 

  0x0000740ad45860d4: ;   {other}
  0x0000740ad45860d4: 0f1f 8400 | 440f 001f | be45 ffff | ff49 8bea | 4c8b 5424 | 184c 8954 | 2410 4889 | 7c24 1844 
  0x0000740ad45860f4: 8974 2404 | 4489 4c24 | 2044 8944 | 2424 8954 | 2428 8944 

  0x0000740ad4586108: ;   {runtime_call UncommonTrapBlob}
  0x0000740ad4586108: 242c 90e8 

  0x0000740ad458610c: ; ImmutableOopMap {rbp=Oop [4]=NarrowOop [16]=Oop [24]=Oop [32]=NarrowOop [36]=NarrowOop }
                      ;*if_icmplt {reexecute=1 rethrow=0 return_oop=0}
                      ; - (reexecute) org.apache.xml.utils.ObjectStack::push@10 (line 75)
                      ; - org.apache.xpath.XPathContext::pushSAXLocatorNull@5 (line 425)
                      ; - org.apache.xalan.transformer.TransformerImpl::executeChildTemplates@91 (line 2386)
                      ; - org.apache.xalan.templates.ElemLiteralResult::execute@195 (line 1376)
  0x0000740ad458610c: f041 6eff 

  0x0000740ad4586110: ;   {other}
  0x0000740ad4586110: 0f1f 8400 | 800f 0020 | be45 ffff | ff49 8bea | 4c8b 5424 | 184c 8954 | 2410 4889 | 7c24 1844 
  0x0000740ad4586130: 8974 2404 | 4489 5c24 | 2044 8944 | 2424 895c | 2428 8954 | 242c 8944 

  0x0000740ad4586148: ;   {runtime_call UncommonTrapBlob}
  0x0000740ad4586148: 2430 90e8 

  0x0000740ad458614c: ; ImmutableOopMap {rbp=Oop [4]=NarrowOop [16]=Oop [24]=Oop [36]=NarrowOop [40]=NarrowOop }
                      ;*if_icmplt {reexecute=1 rethrow=0 return_oop=0}
                      ; - (reexecute) org.apache.xml.utils.ObjectStack::push@10 (line 75)
                      ; - org.apache.xalan.transformer.TransformerImpl::executeChildTemplates@108 (line 2388)
                      ; - org.apache.xalan.templates.ElemLiteralResult::execute@195 (line 1376)
  0x0000740ad458614c: b041 6eff 

  0x0000740ad4586150: ;   {other}
  0x0000740ad4586150: 0f1f 8400 | c00f 0021 | bee4 ffff | ff4c 8954 | 2408 4c89 | 5c24 2044 | 8944 2428 | 4489 4424 
  0x0000740ad4586170: ;   {runtime_call UncommonTrapBlob}
  0x0000740ad4586170: 2c66 90e8 

  0x0000740ad4586174: ; ImmutableOopMap {[8]=Oop [16]=Oop [24]=Oop [32]=Oop }
                      ;*invokestatic checkIndex {reexecute=0 rethrow=0 return_oop=0}
                      ; - java.util.Objects::checkIndex@3 (line 385)
                      ; - java.util.ArrayList::get@5 (line 427)
                      ; - org.apache.xalan.templates.ElemLiteralResult::execute@119 (line 1350)
  0x0000740ad4586174: 8841 6eff 

  0x0000740ad4586178: ;   {other}
  0x0000740ad4586178: 0f1f 8400 | e80f 0022 | bee4 ffff | ff49 8bea | 4c8b 5424 | 104c 8954 | 2408 4c8b | 5424 184c 
  0x0000740ad4586198: 8954 2410 | 4489 4424 | 0444 894c | 2418 4489 

  0x0000740ad45861a8: ;   {runtime_call UncommonTrapBlob}
  0x0000740ad45861a8: 5c24 1ce8 

  0x0000740ad45861ac: ; ImmutableOopMap {rbp=Oop [8]=Oop [16]=Oop [24]=NarrowOop }
                      ;*aaload {reexecute=0 rethrow=0 return_oop=0}
                      ; - java.util.ArrayList::elementData@5 (line 411)
                      ; - java.util.ArrayList::get@11 (line 428)
                      ; - org.apache.xalan.templates.ElemLiteralResult::execute@119 (line 1350)
  0x0000740ad45861ac: 5041 6eff 

  0x0000740ad45861b0: ;   {other}
  0x0000740ad45861b0: 0f1f 8400 | 2010 0023 | bee4 ffff | ff4c 8954 | 2408 4489 | 5c24 0448 | 895c 2420 | 897c 2428 
  0x0000740ad45861d0: 8954 242c 

  0x0000740ad45861d4: ;   {runtime_call UncommonTrapBlob}
  0x0000740ad45861d4: 6666 90e8 

  0x0000740ad45861d8: ; ImmutableOopMap {[8]=Oop [16]=Oop [24]=Oop [32]=Oop [40]=NarrowOop [44]=NarrowOop }
                      ;*iaload {reexecute=0 rethrow=0 return_oop=0}
                      ; - org.apache.xml.utils.IntStack::peek@10 (line 123)
                      ; - org.apache.xpath.XPathContext::getCurrentNode@4 (line 736)
                      ; - org.apache.xalan.templates.ElemLiteralResult::execute@137 (line 1352)
  0x0000740ad45861d8: 2441 6eff 

  0x0000740ad45861dc: ;   {other}
  0x0000740ad45861dc: 0f1f 8400 | 4c10 0024 | bede ffff | ff49 8bea | 4c8b 5424 | 104c 8954 | 2408 4c8b | 5424 184c 
  0x0000740ad45861fc: 8954 2410 | 4489 5c24 | 1844 8944 

  0x0000740ad4586208: ;   {runtime_call UncommonTrapBlob}
  0x0000740ad4586208: 241c 90e8 

  0x0000740ad458620c: ; ImmutableOopMap {rbp=Oop [8]=Oop [16]=Oop [24]=NarrowOop }
                      ;*invokeinterface get {reexecute=0 rethrow=0 return_oop=0}
                      ; - org.apache.xalan.templates.ElemLiteralResult::execute@119 (line 1350)
  0x0000740ad458620c: f040 6eff 

  0x0000740ad4586210: ;   {other}
  0x0000740ad4586210: 0f1f 8400 | 8010 0025 | becc ffff | ff4c 8954 | 2408 4c89 | 5c24 2044 | 8944 2428 | 4489 4424 
  0x0000740ad4586230: ;   {runtime_call UncommonTrapBlob}
  0x0000740ad4586230: 2c66 90e8 

  0x0000740ad4586234: ; ImmutableOopMap {[8]=Oop [16]=Oop [24]=Oop [32]=Oop }
                      ;*invokestatic checkIndex {reexecute=0 rethrow=0 return_oop=0}
                      ; - java.util.Objects::checkIndex@3 (line 385)
                      ; - java.util.ArrayList::get@5 (line 427)
                      ; - org.apache.xalan.templates.ElemLiteralResult::execute@119 (line 1350)
  0x0000740ad4586234: c840 6eff 

  0x0000740ad4586238: ;   {other}
  0x0000740ad4586238: 0f1f 8400 | a810 0026 | 4533 d2e9 | 03fd ffff | bede ffff | ff49 8bea | 4c8b 5424 | 104c 8954 
  0x0000740ad4586258: 2408 4489 

  0x0000740ad458625c: ;   {runtime_call UncommonTrapBlob}
  0x0000740ad458625c: 5c24 04e8 

  0x0000740ad4586260: ; ImmutableOopMap {rbp=Oop [4]=NarrowOop [8]=Oop [24]=Oop }
                      ;*invokeinterface size {reexecute=0 rethrow=0 return_oop=0}
                      ; - org.apache.xalan.templates.ElemLiteralResult::execute@95 (line 1346)
  0x0000740ad4586260: 9c40 6eff 

  0x0000740ad4586264: ;   {other}
  0x0000740ad4586264: 0f1f 8400 | d410 0027 | be45 ffff | ff48 8b6c | 2408 4c8b | 5424 104c | 8954 2408 | 4c8b 5424 
  0x0000740ad4586284: 184c 8954 | 2410 4889 

  0x0000740ad458628c: ;   {runtime_call UncommonTrapBlob}
  0x0000740ad458628c: 4424 20e8 

  0x0000740ad4586290: ; ImmutableOopMap {rbp=Oop [8]=Oop [16]=Oop [32]=Oop }
                      ;*if_acmpeq {reexecute=1 rethrow=0 return_oop=0}
                      ; - (reexecute) org.apache.xalan.templates.ElemLiteralResult::execute@157 (line 1356)
  0x0000740ad4586290: 6c40 6eff 

  0x0000740ad4586294: ;   {other}
  0x0000740ad4586294: 0f1f 8400 | 0411 0028 | bee4 ffff | ff49 8bea | 4c8b 5424 | 184c 8954 | 2410 4889 | 7c24 1848 
  0x0000740ad45862b4: 894c 2428 | 4489 4c24 | 0489 5c24 | 3089 5424 | 3444 895c 

  0x0000740ad45862c8: ;   {runtime_call UncommonTrapBlob}
  0x0000740ad45862c8: 2438 90e8 

  0x0000740ad45862cc: ; ImmutableOopMap {rbp=Oop [4]=NarrowOop [16]=Oop [24]=Oop [40]=Oop [48]=NarrowOop [52]=NarrowOop }
                      ;*aastore {reexecute=1 rethrow=0 return_oop=0}
                      ; - (reexecute) org.apache.xml.utils.ObjectStack::push@64 (line 86)
                      ; - org.apache.xalan.transformer.TransformerImpl::pushElemTemplateElement@5 (line 2624)
                      ; - org.apache.xalan.transformer.TransformerImpl::executeChildTemplates@36 (line 2365)
                      ; - org.apache.xalan.templates.ElemLiteralResult::execute@195 (line 1376)
  0x0000740ad45862cc: 3040 6eff 

  0x0000740ad45862d0: ;   {other}
  0x0000740ad45862d0: 0f1f 8400 | 4011 0029 | bee4 ffff | ff44 894c | 2404 895c 

  0x0000740ad45862e4: ;   {runtime_call UncommonTrapBlob}
  0x0000740ad45862e4: 2420 90e8 

  0x0000740ad45862e8: ; ImmutableOopMap {[4]=NarrowOop [8]=Oop [16]=Oop [24]=Oop [32]=NarrowOop }
                      ;*aaload {reexecute=0 rethrow=0 return_oop=0}
                      ; - org.apache.xml.utils.ObjectStack::pop@15 (line 101)
                      ; - org.apache.xalan.transformer.TransformerImpl::popElemTemplateElement@4 (line 2632)
                      ; - org.apache.xalan.transformer.TransformerImpl::executeChildTemplates@55 (line 2374)
                      ; - org.apache.xalan.templates.ElemLiteralResult::execute@195 (line 1376)
  0x0000740ad45862e8: 1440 6eff 

  0x0000740ad45862ec: ;   {other}
  0x0000740ad45862ec: 0f1f 8400 | 5c11 002a | bed6 ffff | ff49 8bea | 4c8b 5424 | 184c 8954 | 2410 4889 | 7c24 1848 
  0x0000740ad458630c: 894c 2428 | 4489 4c24 | 0489 5c24 | 3089 5424 | 3444 895c 

  0x0000740ad4586320: ;   {runtime_call UncommonTrapBlob}
  0x0000740ad4586320: 2438 90e8 

  0x0000740ad4586324: ; ImmutableOopMap {rbp=Oop [4]=NarrowOop [16]=Oop [24]=Oop [40]=Oop [48]=NarrowOop [52]=NarrowOop }
                      ;*aastore {reexecute=1 rethrow=0 return_oop=0}
                      ; - (reexecute) org.apache.xml.utils.ObjectStack::push@64 (line 86)
                      ; - org.apache.xalan.transformer.TransformerImpl::pushElemTemplateElement@5 (line 2624)
                      ; - org.apache.xalan.transformer.TransformerImpl::executeChildTemplates@36 (line 2365)
                      ; - org.apache.xalan.templates.ElemLiteralResult::execute@195 (line 1376)
  0x0000740ad4586324: d83f 6eff 

  0x0000740ad4586328: ;   {other}
  0x0000740ad4586328: 0f1f 8400 | 9811 002b | bede ffff | ff4c 8954 | 2408 4489 | 4c24 0444 | 895c 2428 

  0x0000740ad4586344: ;   {runtime_call UncommonTrapBlob}
  0x0000740ad4586344: 6666 90e8 

  0x0000740ad4586348: ; ImmutableOopMap {rbp=NarrowOop [4]=NarrowOop [8]=Oop [16]=Oop [24]=Oop }
                      ;*invokeinterface characters {reexecute=0 rethrow=0 return_oop=0}
                      ; - org.apache.xalan.transformer.TransformerImpl::executeChildTemplates@49 (line 2366)
                      ; - org.apache.xalan.templates.ElemLiteralResult::execute@195 (line 1376)
  0x0000740ad4586348: b43f 6eff 

  0x0000740ad458634c: ;   {other}
  0x0000740ad458634c: 0f1f 8400 | bc11 002c | be45 ffff | ff4c 8954 | 2408 4489 

  0x0000740ad4586360: ;   {runtime_call UncommonTrapBlob}
  0x0000740ad4586360: 4424 04e8 

  0x0000740ad4586364: ; ImmutableOopMap {[4]=NarrowOop [8]=Oop [16]=Oop [24]=Oop }
                      ;*ifeq {reexecute=1 rethrow=0 return_oop=0}
                      ; - (reexecute) org.apache.xalan.transformer.TransformerImpl::executeChildTemplates@22 (line 2359)
                      ; - org.apache.xalan.templates.ElemLiteralResult::execute@195 (line 1376)
  0x0000740ad4586364: 983f 6eff 

  0x0000740ad4586368: ;   {other}
  0x0000740ad4586368: 0f1f 8400 | d811 002d | be45 ffff | ff49 8bea | 48ff 7424 | 1848 8f44 | 2410 4889 | 7c24 1848 
  0x0000740ad4586388: 894c 2420 | 4489 4c24 | 0489 5c24 | 2844 8944 | 242c 8954 

  0x0000740ad458639c: ;   {runtime_call UncommonTrapBlob}
  0x0000740ad458639c: 2430 90e8 

  0x0000740ad45863a0: ; ImmutableOopMap {rbp=Oop [4]=NarrowOop [16]=Oop [24]=Oop [32]=Oop [40]=NarrowOop }
                      ;*if_icmplt {reexecute=1 rethrow=0 return_oop=0}
                      ; - (reexecute) org.apache.xml.utils.ObjectStack::push@10 (line 75)
                      ; - org.apache.xalan.transformer.TransformerImpl::pushElemTemplateElement@5 (line 2624)
                      ; - org.apache.xalan.transformer.TransformerImpl::executeChildTemplates@36 (line 2365)
                      ; - org.apache.xalan.templates.ElemLiteralResult::execute@195 (line 1376)
  0x0000740ad45863a0: 5c3f 6eff 

  0x0000740ad45863a4: ;   {other}
  0x0000740ad45863a4: 0f1f 8400 | 1412 002e | bede ffff | ff49 8bea | 4c8b 5424 | 184c 8954 | 2410 4889 | 7c24 1844 
  0x0000740ad45863c4: 8944 2420 

  0x0000740ad45863c8: ;   {runtime_call UncommonTrapBlob}
  0x0000740ad45863c8: 6666 90e8 

  0x0000740ad45863cc: ; ImmutableOopMap {rbp=Oop [16]=Oop [24]=Oop [32]=NarrowOop }
                      ;*checkcast {reexecute=0 rethrow=0 return_oop=0}
                      ; - org.apache.xalan.transformer.TransformerImpl::executeChildTemplates@26 (line 2361)
                      ; - org.apache.xalan.templates.ElemLiteralResult::execute@195 (line 1376)
  0x0000740ad45863cc: 303f 6eff 

  0x0000740ad45863d0: ;   {other}
  0x0000740ad45863d0: 0f1f 8400 | 4012 002f | 41ff c2eb | 0345 33d2 | bede ffff | ff4c 8b5c | 2418 4c89 | 5c24 104c 
  0x0000740ad45863f0: 894c 2418 | 4489 5424 | 0448 894c | 2420 4489 

  0x0000740ad4586400: ;   {runtime_call UncommonTrapBlob}
  0x0000740ad4586400: 4424 28e8 

  0x0000740ad4586404: ; ImmutableOopMap {[16]=Oop [24]=Oop [32]=Oop [40]=NarrowOop }
                      ;*checkcast {reexecute=0 rethrow=0 return_oop=0}
                      ; - org.apache.xalan.templates.ElemTemplateElement::unexecuteNSDecls@45 (line 1238)
                      ; - org.apache.xalan.templates.ElemTemplateElement::unexecuteNSDecls@3 (line 1214)
                      ; - org.apache.xalan.templates.ElemLiteralResult::execute@283 (line 1421)
  0x0000740ad4586404: f83e 6eff 

  0x0000740ad4586408: ;   {other}
  0x0000740ad4586408: 0f1f 8400 | 7812 0030 | bede ffff | ff49 8bea | 4c8b 5424 | 104c 8954 | 2408 4c8b | 5424 184c 
  0x0000740ad4586428: 8954 2410 | 4489 5c24 | 0444 894c 

  0x0000740ad4586434: ;   {runtime_call UncommonTrapBlob}
  0x0000740ad4586434: 2418 90e8 

  0x0000740ad4586438: ; ImmutableOopMap {rbp=Oop [8]=Oop [16]=Oop [24]=NarrowOop }
                      ;*checkcast {reexecute=0 rethrow=0 return_oop=0}
                      ; - org.apache.xalan.templates.ElemLiteralResult::execute@124 (line 1350)
  0x0000740ad4586438: c43e 6eff 

  0x0000740ad458643c: ;   {other}
  0x0000740ad458643c: 0f1f 8400 | ac12 0031 | bede ffff | ff4c 894c | 2408 4c8b | 4c24 184c | 894c 2410 | 4c89 5c24 
  0x0000740ad458645c: 1889 4c24 | 0444 8954 | 2420 4489 

  0x0000740ad4586468: ;   {runtime_call UncommonTrapBlob}
  0x0000740ad4586468: 4424 24e8 

  0x0000740ad458646c: ; ImmutableOopMap {[8]=Oop [16]=Oop [24]=Oop [32]=NarrowOop [36]=NarrowOop }
                      ;*checkcast {reexecute=0 rethrow=0 return_oop=0}
                      ; - org.apache.xalan.templates.ElemTemplateElement::executeNSDecls@46 (line 1189)
                      ; - org.apache.xalan.templates.ElemTemplateElement::executeNSDecls@3 (line 1166)
                      ; - org.apache.xalan.templates.ElemLiteralResult::execute@42 (line 1320)
  0x0000740ad458646c: 903e 6eff 

  0x0000740ad4586470: ;   {other}
  0x0000740ad4586470: 0f1f 8400 | e012 0032 | bef6 ffff | ff49 8bea | 4c8b 5424 | 184c 8954 | 2410 4889 | 7c24 1844 
  0x0000740ad4586490: 8974 2404 | 4489 5c24 | 2848 8944 

  0x0000740ad458649c: ;   {runtime_call UncommonTrapBlob}
  0x0000740ad458649c: 2430 90e8 

  0x0000740ad45864a0: ; ImmutableOopMap {rbp=Oop [4]=NarrowOop [16]=Oop [24]=Oop [48]=Oop }
                      ;*invokevirtual setTop {reexecute=0 rethrow=0 return_oop=0}
                      ; - org.apache.xpath.XPathContext::setSAXLocator@5 (line 405)
                      ; - org.apache.xalan.transformer.TransformerImpl::executeChildTemplates@135 (line 2400)
                      ; - org.apache.xalan.templates.ElemLiteralResult::execute@195 (line 1376)
  0x0000740ad45864a0: 5c3e 6eff 

  0x0000740ad45864a4: ;   {other}
  0x0000740ad45864a4: 0f1f 8400 | 1413 0033 | bef6 ffff | ff49 8bea | 4c8b 5424 | 184c 8954 | 2410 4889 | 7c24 1844 
  0x0000740ad45864c4: 8974 2404 | 4489 5c24 | 2844 894c | 242c 4889 

  0x0000740ad45864d4: ;   {runtime_call UncommonTrapBlob}
  0x0000740ad45864d4: 4424 30e8 

  0x0000740ad45864d8: ; ImmutableOopMap {rbp=Oop [4]=NarrowOop [16]=Oop [24]=Oop [48]=Oop }
                      ;*aastore {reexecute=1 rethrow=0 return_oop=0}
                      ; - (reexecute) org.apache.xml.utils.ObjectStack::setTop@11 (line 162)
                      ; - org.apache.xpath.XPathContext::setSAXLocator@5 (line 405)
                      ; - org.apache.xalan.transformer.TransformerImpl::executeChildTemplates@135 (line 2400)
                      ; - org.apache.xalan.templates.ElemLiteralResult::execute@195 (line 1376)
  0x0000740ad45864d8: 243e 6eff 

  0x0000740ad45864dc: ;   {other}
  0x0000740ad45864dc: 0f1f 8400 | 4c13 0034 | bef6 ffff | ff49 8bea | 4c8b 5424 | 184c 8954 | 2410 4889 | 7c24 1844 
  0x0000740ad45864fc: 8974 2404 | 4889 4424 | 3044 895c 

  0x0000740ad4586508: ;   {runtime_call UncommonTrapBlob}
  0x0000740ad4586508: 242c 90e8 

  0x0000740ad458650c: ; ImmutableOopMap {rbp=Oop [4]=NarrowOop [16]=Oop [24]=Oop [48]=Oop }
                      ;*invokevirtual setElementAt {reexecute=0 rethrow=0 return_oop=0}
                      ; - org.apache.xalan.transformer.TransformerImpl::executeChildTemplates@145 (line 2401)
                      ; - org.apache.xalan.templates.ElemLiteralResult::execute@195 (line 1376)
  0x0000740ad458650c: f03d 6eff 

  0x0000740ad4586510: ;   {other}
  0x0000740ad4586510: 0f1f 8400 | 8013 0035 | bef6 ffff | ff49 8bea | 4c8b 5424 | 184c 8954 | 2410 4889 | 7c24 1844 
  0x0000740ad4586530: 8974 2404 | 4489 5c24 | 2c48 8944 

  0x0000740ad458653c: ;   {runtime_call UncommonTrapBlob}
  0x0000740ad458653c: 2430 90e8 

  0x0000740ad4586540: ; ImmutableOopMap {rbp=Oop [4]=NarrowOop [16]=Oop [24]=Oop [48]=Oop }
                      ;*aastore {reexecute=1 rethrow=0 return_oop=0}
                      ; - (reexecute) org.apache.xml.utils.ObjectVector::setElementAt@6 (line 304)
                      ; - org.apache.xalan.transformer.TransformerImpl::executeChildTemplates@145 (line 2401)
                      ; - org.apache.xalan.templates.ElemLiteralResult::execute@195 (line 1376)
  0x0000740ad4586540: bc3d 6eff 

  0x0000740ad4586544: ;   {other}
  0x0000740ad4586544: 0f1f 8400 | b413 0036 | bef4 ffff | ff4c 894c | 2408 4c8b | 5424 184c | 8954 2410 | 4c89 5c24 
  0x0000740ad4586564: 1889 4c24 | 0444 8944 

  0x0000740ad458656c: ;   {runtime_call UncommonTrapBlob}
  0x0000740ad458656c: 2420 90e8 

  0x0000740ad4586570: ; ImmutableOopMap {[8]=Oop [16]=Oop [24]=Oop [32]=NarrowOop }
                      ;*checkcast {reexecute=0 rethrow=0 return_oop=0}
                      ; - org.apache.xalan.templates.ElemTemplateElement::executeNSDecls@46 (line 1189)
                      ; - org.apache.xalan.templates.ElemTemplateElement::executeNSDecls@3 (line 1166)
                      ; - org.apache.xalan.templates.ElemLiteralResult::execute@42 (line 1320)
  0x0000740ad4586570: 8c3d 6eff 

  0x0000740ad4586574: ;   {other}
  0x0000740ad4586574: 0f1f 8400 | e413 0037 | bef6 ffff | ff49 8bea 

  0x0000740ad4586584: ;   {runtime_call UncommonTrapBlob}
  0x0000740ad4586584: 6666 90e8 

  0x0000740ad4586588: ; ImmutableOopMap {rbp=Oop }
                      ;*invokevirtual getSerializationHandler {reexecute=0 rethrow=0 return_oop=0}
                      ; - org.apache.xalan.templates.ElemLiteralResult::execute@1 (line 1303)
  0x0000740ad4586588: 743d 6eff 

  0x0000740ad458658c: ;   {other}
  0x0000740ad458658c: 0f1f 8400 | fc13 0038 | bef6 ffff | ff49 8be8 | 4889 5424 | 0844 895c 

  0x0000740ad45865a4: ;   {runtime_call UncommonTrapBlob}
  0x0000740ad45865a4: 2410 90e8 

  0x0000740ad45865a8: ; ImmutableOopMap {rbp=Oop [8]=Oop [16]=NarrowOop }
                      ;*invokevirtual length {reexecute=0 rethrow=0 return_oop=0}
                      ; - org.apache.xalan.templates.ElemLiteralResult::getPrefix@4 (line 519)
                      ; - org.apache.xalan.templates.ElemLiteralResult::execute@28 (line 1317)
  0x0000740ad45865a8: 543d 6eff 

  0x0000740ad45865ac: ;   {other}
  0x0000740ad45865ac: 0f1f 8400 | 1c14 0039 | bef6 ffff | ff49 8be8 | 4889 5424 | 0844 895c 

  0x0000740ad45865c4: ;   {runtime_call UncommonTrapBlob}
  0x0000740ad45865c4: 2410 90e8 

  0x0000740ad45865c8: ; ImmutableOopMap {rbp=Oop [8]=Oop [16]=NarrowOop }
                      ;*arraylength {reexecute=0 rethrow=0 return_oop=0}
                      ; - java.lang.String::length@4 (line 1519)
                      ; - org.apache.xalan.templates.ElemLiteralResult::getPrefix@4 (line 519)
                      ; - org.apache.xalan.templates.ElemLiteralResult::execute@28 (line 1317)
  0x0000740ad45865c8: 343d 6eff 

  0x0000740ad45865cc: ;   {other}
  0x0000740ad45865cc: 0f1f 8400 | 3c14 003a | bef6 ffff | ff49 8be8 | 4889 5424 | 0844 895c 

  0x0000740ad45865e4: ;   {runtime_call UncommonTrapBlob}
  0x0000740ad45865e4: 2410 90e8 

  0x0000740ad45865e8: ; ImmutableOopMap {rbp=Oop [8]=Oop [16]=NarrowOop }
                      ;*invokevirtual length {reexecute=0 rethrow=0 return_oop=0}
                      ; - org.apache.xalan.templates.ElemLiteralResult::getPrefix@11 (line 519)
                      ; - org.apache.xalan.templates.ElemLiteralResult::execute@28 (line 1317)
  0x0000740ad45865e8: 143d 6eff 

  0x0000740ad45865ec: ;   {other}
  0x0000740ad45865ec: 0f1f 8400 | 5c14 003b | bef6 ffff | ff49 8be8 | 4889 5424 | 0844 895c 

  0x0000740ad4586604: ;   {runtime_call UncommonTrapBlob}
  0x0000740ad4586604: 2410 90e8 

  0x0000740ad4586608: ; ImmutableOopMap {rbp=Oop [8]=Oop [16]=NarrowOop }
                      ;*arraylength {reexecute=0 rethrow=0 return_oop=0}
                      ; - java.lang.String::length@4 (line 1519)
                      ; - org.apache.xalan.templates.ElemLiteralResult::getPrefix@11 (line 519)
                      ; - org.apache.xalan.templates.ElemLiteralResult::execute@28 (line 1317)
  0x0000740ad4586608: f43c 6eff 

  0x0000740ad458660c: ;   {other}
  0x0000740ad458660c: 0f1f 8400 | 7c14 003c | bef6 ffff | ff4c 8944 | 2408 4889 

  0x0000740ad4586620: ;   {runtime_call UncommonTrapBlob}
  0x0000740ad4586620: 5424 10e8 

  0x0000740ad4586624: ; ImmutableOopMap {rbp=NarrowOop [8]=Oop [16]=Oop }
                      ;*invokeinterface startPrefixMapping {reexecute=0 rethrow=0 return_oop=0}
                      ; - org.apache.xalan.templates.ElemLiteralResult::execute@35 (line 1317)
  0x0000740ad4586624: d83c 6eff 

  0x0000740ad4586628: ;   {other}
  0x0000740ad4586628: 0f1f 8400 | 9814 003d | bef6 ffff | ff48 8b6c 

  0x0000740ad4586638: ;   {runtime_call UncommonTrapBlob}
  0x0000740ad4586638: 2418 90e8 

  0x0000740ad458663c: ; ImmutableOopMap {rbp=Oop }
                      ;*invokevirtual length {reexecute=0 rethrow=0 return_oop=0}
                      ; - org.apache.xalan.templates.ElemLiteralResult::getPrefix@4 (line 519)
                      ; - org.apache.xalan.templates.ElemLiteralResult::execute@288 (line 1426)
  0x0000740ad458663c: c03c 6eff 

  0x0000740ad4586640: ;   {other}
  0x0000740ad4586640: 0f1f 8400 | b014 003e | bef6 ffff | ff48 8b6c 

  0x0000740ad4586650: ;   {runtime_call UncommonTrapBlob}
  0x0000740ad4586650: 2418 90e8 

  0x0000740ad4586654: ; ImmutableOopMap {rbp=Oop }
                      ;*arraylength {reexecute=0 rethrow=0 return_oop=0}
                      ; - java.lang.String::length@4 (line 1519)
                      ; - org.apache.xalan.templates.ElemLiteralResult::getPrefix@4 (line 519)
                      ; - org.apache.xalan.templates.ElemLiteralResult::execute@288 (line 1426)
  0x0000740ad4586654: a83c 6eff 

  0x0000740ad4586658: ;   {other}
  0x0000740ad4586658: 0f1f 8400 | c814 003f | bef6 ffff | ff48 8b6c 

  0x0000740ad4586668: ;   {runtime_call UncommonTrapBlob}
  0x0000740ad4586668: 2418 90e8 

  0x0000740ad458666c: ; ImmutableOopMap {rbp=Oop }
                      ;*invokevirtual length {reexecute=0 rethrow=0 return_oop=0}
                      ; - org.apache.xalan.templates.ElemLiteralResult::getPrefix@11 (line 519)
                      ; - org.apache.xalan.templates.ElemLiteralResult::execute@288 (line 1426)
  0x0000740ad458666c: 903c 6eff 

  0x0000740ad4586670: ;   {other}
  0x0000740ad4586670: 0f1f 8400 | e014 0040 | bef6 ffff | ff48 8b6c 

  0x0000740ad4586680: ;   {runtime_call UncommonTrapBlob}
  0x0000740ad4586680: 2418 90e8 

  0x0000740ad4586684: ; ImmutableOopMap {rbp=Oop }
                      ;*arraylength {reexecute=0 rethrow=0 return_oop=0}
                      ; - java.lang.String::length@4 (line 1519)
                      ; - org.apache.xalan.templates.ElemLiteralResult::getPrefix@11 (line 519)
                      ; - org.apache.xalan.templates.ElemLiteralResult::execute@288 (line 1426)
  0x0000740ad4586684: 783c 6eff 

  0x0000740ad4586688: ;   {other}
  0x0000740ad4586688: 0f1f 8400 | f814 0041 | bef6 ffff | ff49 8bea | 4c8b 5424 | 184c 8954 | 2410 4889 | 7c24 1844 
  0x0000740ad45866a8: 8944 2404 

  0x0000740ad45866ac: ;   {runtime_call UncommonTrapBlob}
  0x0000740ad45866ac: 6666 90e8 

  0x0000740ad45866b0: ; ImmutableOopMap {rbp=Oop [4]=NarrowOop [16]=Oop [24]=Oop }
                      ;*invokevirtual pushSAXLocatorNull {reexecute=0 rethrow=0 return_oop=0}
                      ; - org.apache.xalan.transformer.TransformerImpl::executeChildTemplates@91 (line 2386)
                      ; - org.apache.xalan.templates.ElemLiteralResult::execute@195 (line 1376)
  0x0000740ad45866b0: 4c3c 6eff 

  0x0000740ad45866b4: ;   {other}
  0x0000740ad45866b4: 0f1f 8400 | 2415 0042 | bef6 ffff | ff49 8bea | 4c8b 5424 | 184c 8954 | 2410 4889 | 7c24 1844 
  0x0000740ad45866d4: 8974 2404 | 4489 4424 

  0x0000740ad45866dc: ;   {runtime_call UncommonTrapBlob}
  0x0000740ad45866dc: 2066 90e8 

  0x0000740ad45866e0: ; ImmutableOopMap {rbp=Oop [4]=NarrowOop [16]=Oop [24]=Oop [32]=NarrowOop }
                      ;*invokevirtual push {reexecute=0 rethrow=0 return_oop=0}
                      ; - org.apache.xpath.XPathContext::pushSAXLocatorNull@5 (line 425)
                      ; - org.apache.xalan.transformer.TransformerImpl::executeChildTemplates@91 (line 2386)
                      ; - org.apache.xalan.templates.ElemLiteralResult::execute@195 (line 1376)
  0x0000740ad45866e0: 1c3c 6eff 

  0x0000740ad45866e4: ;   {other}
  0x0000740ad45866e4: 0f1f 8400 | 5415 0043 | bef6 ffff | ff49 8bea | 4c8b 5424 | 184c 8954 | 2410 4889 | 7c24 1844 
  0x0000740ad4586704: 8974 2404 | 4489 4424 | 2044 895c 

  0x0000740ad4586710: ;   {runtime_call UncommonTrapBlob}
  0x0000740ad4586710: 2424 90e8 

  0x0000740ad4586714: ; ImmutableOopMap {rbp=Oop [4]=NarrowOop [16]=Oop [24]=Oop [32]=NarrowOop }
                      ;*aastore {reexecute=1 rethrow=0 return_oop=0}
                      ; - (reexecute) org.apache.xml.utils.ObjectStack::push@64 (line 86)
                      ; - org.apache.xpath.XPathContext::pushSAXLocatorNull@5 (line 425)
                      ; - org.apache.xalan.transformer.TransformerImpl::executeChildTemplates@91 (line 2386)
                      ; - org.apache.xalan.templates.ElemLiteralResult::execute@195 (line 1376)
  0x0000740ad4586714: e83b 6eff 

  0x0000740ad4586718: ;   {other}
  0x0000740ad4586718: 0f1f 8400 | 8815 0044 | bef6 ffff | ff49 8bea | 4c8b 5424 | 184c 8954 | 2410 4889 | 7c24 1844 
  0x0000740ad4586738: 8974 2404 | 4489 4424 

  0x0000740ad4586740: ;   {runtime_call UncommonTrapBlob}
  0x0000740ad4586740: 2066 90e8 

  0x0000740ad4586744: ; ImmutableOopMap {rbp=Oop [4]=NarrowOop [16]=Oop [24]=Oop [32]=NarrowOop }
                      ;*invokevirtual size {reexecute=0 rethrow=0 return_oop=0}
                      ; - org.apache.xalan.transformer.TransformerImpl::executeChildTemplates@98 (line 2387)
                      ; - org.apache.xalan.templates.ElemLiteralResult::execute@195 (line 1376)
  0x0000740ad4586744: b83b 6eff 

  0x0000740ad4586748: ;   {other}
  0x0000740ad4586748: 0f1f 8400 | b815 0045 | bef6 ffff | ff49 8bea | 4c8b 5424 | 184c 8954 | 2410 4889 | 7c24 1844 
  0x0000740ad4586768: 8974 2404 | 4489 5c24 | 2444 8944 

  0x0000740ad4586774: ;   {runtime_call UncommonTrapBlob}
  0x0000740ad4586774: 2428 90e8 

  0x0000740ad4586778: ; ImmutableOopMap {rbp=Oop [4]=NarrowOop [16]=Oop [24]=Oop [40]=NarrowOop }
                      ;*aastore {reexecute=1 rethrow=0 return_oop=0}
                      ; - (reexecute) org.apache.xml.utils.ObjectStack::push@64 (line 86)
                      ; - org.apache.xalan.transformer.TransformerImpl::executeChildTemplates@108 (line 2388)
                      ; - org.apache.xalan.templates.ElemLiteralResult::execute@195 (line 1376)
  0x0000740ad4586778: 843b 6eff 

  0x0000740ad458677c: ;   {other}
  0x0000740ad458677c: 0f1f 8400 | ec15 0046 | bef6 ffff | ff48 8b6c | 2408 4c89 

  0x0000740ad4586790: ;   {runtime_call UncommonTrapBlob}
  0x0000740ad4586790: 5c24 08e8 

  0x0000740ad4586794: ; ImmutableOopMap {rbp=Oop [4]=NarrowOop [8]=Oop [24]=Oop }
                      ;*invokevirtual pop {reexecute=0 rethrow=0 return_oop=0}
                      ; - org.apache.xalan.transformer.TransformerImpl::executeChildTemplates@165 (line 2413)
                      ; - org.apache.xalan.templates.ElemLiteralResult::execute@195 (line 1376)
  0x0000740ad4586794: 683b 6eff 

  0x0000740ad4586798: ;   {other}
  0x0000740ad4586798: 0f1f 8400 | 0816 0047 | bef6 ffff 

  0x0000740ad45867a4: ;   {runtime_call UncommonTrapBlob}
  0x0000740ad45867a4: ff66 90e8 

  0x0000740ad45867a8: ; ImmutableOopMap {[4]=NarrowOop [8]=Oop [16]=Oop [24]=Oop }
                      ;*aaload {reexecute=0 rethrow=0 return_oop=0}
                      ; - org.apache.xml.utils.ObjectStack::pop@15 (line 101)
                      ; - org.apache.xalan.transformer.TransformerImpl::executeChildTemplates@165 (line 2413)
                      ; - org.apache.xalan.templates.ElemLiteralResult::execute@195 (line 1376)
  0x0000740ad45867a8: 543b 6eff 

  0x0000740ad45867ac: ;   {other}
  0x0000740ad45867ac: 0f1f 8400 | 1c16 0048 | bef6 ffff | ff48 8b6c | 2408 4c89 

  0x0000740ad45867c0: ;   {runtime_call UncommonTrapBlob}
  0x0000740ad45867c0: 5c24 08e8 

  0x0000740ad45867c4: ; ImmutableOopMap {rbp=Oop [8]=Oop [24]=Oop }
                      ;*invokevirtual pop {reexecute=0 rethrow=0 return_oop=0}
                      ; - org.apache.xpath.XPathContext::popSAXLocator@4 (line 434)
                      ; - org.apache.xalan.transformer.TransformerImpl::executeChildTemplates@171 (line 2414)
                      ; - org.apache.xalan.templates.ElemLiteralResult::execute@195 (line 1376)
  0x0000740ad45867c4: 383b 6eff 

  0x0000740ad45867c8: ;   {other}
  0x0000740ad45867c8: 0f1f 8400 | 3816 0049 | bef6 ffff 

  0x0000740ad45867d4: ;   {runtime_call UncommonTrapBlob}
  0x0000740ad45867d4: ff66 90e8 

  0x0000740ad45867d8: ; ImmutableOopMap {[8]=Oop [16]=Oop [24]=Oop }
                      ;*aaload {reexecute=0 rethrow=0 return_oop=0}
                      ; - org.apache.xml.utils.ObjectStack::pop@15 (line 101)
                      ; - org.apache.xpath.XPathContext::popSAXLocator@4 (line 434)
                      ; - org.apache.xalan.transformer.TransformerImpl::executeChildTemplates@171 (line 2414)
                      ; - org.apache.xalan.templates.ElemLiteralResult::execute@195 (line 1376)
  0x0000740ad45867d8: 243b 6eff 

  0x0000740ad45867dc: ;   {other}
  0x0000740ad45867dc: 0f1f 8400 | 4c16 004a | 4533 d2e9 | 23f6 ffff | be45 ffff | ff49 8beb | 4489 5424 

  0x0000740ad45867f8: ;   {runtime_call UncommonTrapBlob}
  0x0000740ad45867f8: 0466 90e8 

  0x0000740ad45867fc: ; ImmutableOopMap {rbp=Oop [4]=NarrowOop [8]=Oop [24]=Oop }
                      ;*if_acmpeq {reexecute=1 rethrow=0 return_oop=0}
                      ; - (reexecute) org.apache.xalan.templates.ElemTemplateElement::executeNSDecls@5 (line 1182)
                      ; - org.apache.xalan.templates.ElemTemplateElement::executeNSDecls@3 (line 1166)
                      ; - org.apache.xalan.templates.ElemLiteralResult::execute@42 (line 1320)
  0x0000740ad45867fc: 003b 6eff 

  0x0000740ad4586800: ;   {other}
  0x0000740ad4586800: 0f1f 8400 | 7016 004b | be45 ffff | ff49 8be9 | 4489 5424 

  0x0000740ad4586814: ;   {runtime_call UncommonTrapBlob}
  0x0000740ad4586814: 0466 90e8 

  0x0000740ad4586818: ; ImmutableOopMap {rbp=Oop [4]=NarrowOop [24]=Oop }
                      ;*if_acmpeq {reexecute=1 rethrow=0 return_oop=0}
                      ; - (reexecute) org.apache.xalan.templates.ElemTemplateElement::unexecuteNSDecls@5 (line 1231)
                      ; - org.apache.xalan.templates.ElemTemplateElement::unexecuteNSDecls@3 (line 1214)
                      ; - org.apache.xalan.templates.ElemLiteralResult::execute@283 (line 1421)
  0x0000740ad4586818: e43a 6eff 

  0x0000740ad458681c: ;   {other}
  0x0000740ad458681c: 0f1f 8400 | 8c16 004c | bef6 ffff | ff49 8bea | 4c8b 5424 | 104c 8954 | 2408 4c8b | 5424 184c 
  0x0000740ad458683c: 8954 2410 | 4489 4424 

  0x0000740ad4586844: ;   {runtime_call UncommonTrapBlob}
  0x0000740ad4586844: 1866 90e8 

  0x0000740ad4586848: ; ImmutableOopMap {rbp=Oop [8]=Oop [16]=Oop }
                      ;*invokeinterface get {reexecute=0 rethrow=0 return_oop=0}
                      ; - org.apache.xalan.templates.ElemLiteralResult::execute@119 (line 1350)
  0x0000740ad4586848: b43a 6eff 

  0x0000740ad458684c: ;   {other}
  0x0000740ad458684c: 0f1f 8400 | bc16 004d | bef6 ffff | ff49 8bea | 4c8b 5424 | 104c 8954 | 2408 4c8b | 5424 184c 
  0x0000740ad458686c: 8954 2410 | 4489 4424 | 0444 895c 

  0x0000740ad4586878: ;   {runtime_call UncommonTrapBlob}
  0x0000740ad4586878: 2418 90e8 

  0x0000740ad458687c: ; ImmutableOopMap {rbp=Oop [8]=Oop [16]=Oop }
                      ;*aaload {reexecute=0 rethrow=0 return_oop=0}
                      ; - java.util.ArrayList::elementData@5 (line 411)
                      ; - java.util.ArrayList::get@11 (line 428)
                      ; - org.apache.xalan.templates.ElemLiteralResult::execute@119 (line 1350)
  0x0000740ad458687c: 803a 6eff 

  0x0000740ad4586880: ;   {other}
  0x0000740ad4586880: 0f1f 8400 | f016 004e | bef4 ffff | ff49 8bea | 4c8b 5424 | 104c 8954 | 2408 4489 

  0x0000740ad458689c: ;   {runtime_call UncommonTrapBlob}
  0x0000740ad458689c: 5c24 04e8 

  0x0000740ad45868a0: ; ImmutableOopMap {rbp=Oop [8]=Oop [24]=Oop }
                      ;*checkcast {reexecute=0 rethrow=0 return_oop=0}
                      ; - org.apache.xalan.templates.ElemLiteralResult::execute@124 (line 1350)
  0x0000740ad45868a0: 5c3a 6eff 

  0x0000740ad45868a4: ;   {other}
  0x0000740ad45868a4: 0f1f 8400 | 1417 004f | bef6 ffff | ff49 8bea | 48ff 7424 | 1048 8f44 | 2408 4c8b | 5424 184c 
  0x0000740ad45868c4: 8954 2410 | 4489 5c24 | 0448 895c 

  0x0000740ad45868d0: ;   {runtime_call UncommonTrapBlob}
  0x0000740ad45868d0: 2418 90e8 

  0x0000740ad45868d4: ; ImmutableOopMap {rbp=Oop [8]=Oop [16]=Oop [24]=Oop }
                      ;*invokevirtual getCurrentNode {reexecute=0 rethrow=0 return_oop=0}
                      ; - org.apache.xalan.templates.ElemLiteralResult::execute@137 (line 1352)
  0x0000740ad45868d4: 283a 6eff 

  0x0000740ad45868d8: ;   {other}
  0x0000740ad45868d8: 0f1f 8400 | 4817 0050 | bef6 ffff | ff49 8bea | 48ff 7424 | 1048 8f44 | 2408 4c8b | 5424 184c 
  0x0000740ad45868f8: 8954 2410 | 4489 5c24 | 0448 895c | 2418 897c 

  0x0000740ad4586908: ;   {runtime_call UncommonTrapBlob}
  0x0000740ad4586908: 2420 90e8 

  0x0000740ad458690c: ; ImmutableOopMap {rbp=Oop [8]=Oop [16]=Oop [24]=Oop [32]=NarrowOop }
                      ;*invokevirtual peek {reexecute=0 rethrow=0 return_oop=0}
                      ; - org.apache.xpath.XPathContext::getCurrentNode@4 (line 736)
                      ; - org.apache.xalan.templates.ElemLiteralResult::execute@137 (line 1352)
  0x0000740ad458690c: f039 6eff 

  0x0000740ad4586910: ;   {other}
  0x0000740ad4586910: 0f1f 8400 | 8017 0051 | bef6 ffff | ff4c 8954 | 2408 4489 | 5c24 0448 | 895c 2420 | 897c 2428 
  0x0000740ad4586930: ;   {runtime_call UncommonTrapBlob}
  0x0000740ad4586930: 6666 90e8 

  0x0000740ad4586934: ; ImmutableOopMap {[8]=Oop [16]=Oop [24]=Oop [32]=Oop [40]=NarrowOop }
                      ;*iaload {reexecute=0 rethrow=0 return_oop=0}
                      ; - org.apache.xml.utils.IntStack::peek@10 (line 123)
                      ; - org.apache.xpath.XPathContext::getCurrentNode@4 (line 736)
                      ; - org.apache.xalan.templates.ElemLiteralResult::execute@137 (line 1352)
  0x0000740ad4586934: c839 6eff 

  0x0000740ad4586938: ;   {other}
  0x0000740ad4586938: 0f1f 8400 | a817 0052 | bef6 ffff | ff49 8bea | 4c8b 5424 | 184c 8954 | 2410 4889 | 7c24 1848 
  0x0000740ad4586958: 894c 2420 | 4489 4c24 

  0x0000740ad4586960: ;   {runtime_call UncommonTrapBlob}
  0x0000740ad4586960: 0466 90e8 

  0x0000740ad4586964: ; ImmutableOopMap {rbp=Oop [4]=NarrowOop [16]=Oop [24]=Oop [32]=Oop }
                      ;*invokevirtual push {reexecute=0 rethrow=0 return_oop=0}
                      ; - org.apache.xalan.transformer.TransformerImpl::pushElemTemplateElement@5 (line 2624)
                      ; - org.apache.xalan.transformer.TransformerImpl::executeChildTemplates@36 (line 2365)
                      ; - org.apache.xalan.templates.ElemLiteralResult::execute@195 (line 1376)
  0x0000740ad4586964: 9839 6eff 

  0x0000740ad4586968: ;   {other}
  0x0000740ad4586968: 0f1f 8400 | d817 0053 | bef6 ffff | ff49 8bea | 4c8b 5424 | 184c 8954 | 2410 4889 | 7c24 1848 
  0x0000740ad4586988: 894c 2420 | 4489 4c24 | 0444 895c 

  0x0000740ad4586994: ;   {runtime_call UncommonTrapBlob}
  0x0000740ad4586994: 2428 90e8 

  0x0000740ad4586998: ; ImmutableOopMap {rbp=Oop [4]=NarrowOop [16]=Oop [24]=Oop [32]=Oop }
                      ;*aastore {reexecute=1 rethrow=0 return_oop=0}
                      ; - (reexecute) org.apache.xml.utils.ObjectStack::push@64 (line 86)
                      ; - org.apache.xalan.transformer.TransformerImpl::pushElemTemplateElement@5 (line 2624)
                      ; - org.apache.xalan.transformer.TransformerImpl::executeChildTemplates@36 (line 2365)
                      ; - org.apache.xalan.templates.ElemLiteralResult::execute@195 (line 1376)
  0x0000740ad4586998: 6439 6eff 

  0x0000740ad458699c: ;   {other}
  0x0000740ad458699c: 0f1f 8400 | 0c18 0054 | bef6 ffff | ff4c 8954 

  0x0000740ad45869ac: ;   {runtime_call UncommonTrapBlob}
  0x0000740ad45869ac: 2408 90e8 

  0x0000740ad45869b0: ; ImmutableOopMap {rbp=NarrowOop [8]=Oop [16]=Oop [24]=Oop }
                      ;*arraylength {reexecute=0 rethrow=0 return_oop=0}
                      ; - org.apache.xalan.transformer.TransformerImpl::executeChildTemplates@48 (line 2366)
                      ; - org.apache.xalan.templates.ElemLiteralResult::execute@195 (line 1376)
  0x0000740ad45869b0: 4c39 6eff 

  0x0000740ad45869b4: ;   {other}
  0x0000740ad45869b4: 0f1f 8400 | 2418 0055 | bef6 ffff | ff49 8bea | 4c8b 5424 | 184c 8954 | 2410 4889 | 7c24 1844 
  0x0000740ad45869d4: 894c 2404 | 4489 5c24 

  0x0000740ad45869dc: ;   {runtime_call UncommonTrapBlob}
  0x0000740ad45869dc: 2066 90e8 

  0x0000740ad45869e0: ; ImmutableOopMap {rbp=Oop [4]=NarrowOop [16]=Oop [24]=Oop }
                      ;*invokeinterface characters {reexecute=0 rethrow=0 return_oop=0}
                      ; - org.apache.xalan.transformer.TransformerImpl::executeChildTemplates@49 (line 2366)
                      ; - org.apache.xalan.templates.ElemLiteralResult::execute@195 (line 1376)
  0x0000740ad45869e0: 1c39 6eff 

  0x0000740ad45869e4: ;   {other}
  0x0000740ad45869e4: 0f1f 8400 | 5418 0056 | bef6 ffff | ff48 ff74 | 2410 488f 

  0x0000740ad45869f8: ;   {runtime_call UncommonTrapBlob}
  0x0000740ad45869f8: 4424 08e8 

  0x0000740ad45869fc: ; ImmutableOopMap {rbp=Oop [8]=Oop [24]=Oop }
                      ;*invokevirtual pop {reexecute=0 rethrow=0 return_oop=0}
                      ; - org.apache.xalan.transformer.TransformerImpl::popElemTemplateElement@4 (line 2632)
                      ; - org.apache.xalan.transformer.TransformerImpl::executeChildTemplates@55 (line 2374)
                      ; - org.apache.xalan.templates.ElemLiteralResult::execute@195 (line 1376)
  0x0000740ad45869fc: 0039 6eff 

  0x0000740ad4586a00: ;   {other}
  0x0000740ad4586a00: 0f1f 8400 | 7018 0057 | bef6 ffff 

  0x0000740ad4586a0c: ;   {runtime_call UncommonTrapBlob}
  0x0000740ad4586a0c: ff66 90e8 

  0x0000740ad4586a10: ; ImmutableOopMap {[8]=Oop [16]=Oop [24]=Oop }
                      ;*aaload {reexecute=0 rethrow=0 return_oop=0}
                      ; - org.apache.xml.utils.ObjectStack::pop@15 (line 101)
                      ; - org.apache.xalan.transformer.TransformerImpl::popElemTemplateElement@4 (line 2632)
                      ; - org.apache.xalan.transformer.TransformerImpl::executeChildTemplates@55 (line 2374)
                      ; - org.apache.xalan.templates.ElemLiteralResult::execute@195 (line 1376)
  0x0000740ad4586a10: ec38 6eff 

  0x0000740ad4586a14: ;   {other}
  0x0000740ad4586a14: 0f1f 8400 | 8418 0058 | 488b e8e9 | 5901 0000 | e9fa 0300 | 00e9 f503 | 0000 e9f0 | 0300 0048 
  0x0000740ad4586a34: 8be8 e9aa | 0200 0048 | 8be8 e93a | 0100 0044 | 8b40 0849 | ba00 0000 | af5d 6700 | 004d 03d0 
  0x0000740ad4586a54: 488b e8e9 | d102 0000 | e9c2 0300 | 00e9 bd03 | 0000 e9b8 | 0300 0048 | 8be8 e972 | 0200 0048 
  0x0000740ad4586a74: 8be8 e96a | 0200 0044 | 8b40 0849 | ba00 0000 | af5d 6700 | 004d 03d0 | 488b e8e9 | 9902 0000 
  0x0000740ad4586a94: 448b 4008 | 49ba 0000 | 00af 5d67 | 0000 4d03 | d048 8be8 | e980 0200 | 0044 8b50 | 0849 bb00 
  0x0000740ad4586ab4: 0000 af5d | 6700 004d | 03da 4d8b 

  0x0000740ad4586ac0: ;   {metadata('org/xml/sax/SAXException')}
  0x0000740ad4586ac0: 5348 49bb | 1084 01b0 | 5d67 0000 | 4d3b d30f | 8569 0500 | 0048 8bc8 | 498b 87b8 | 0400 004c 
  0x0000740ad4586ae0: 8bd0 4983 | c230 4d3b | 97c0 0400 | 000f 83e5 | 0500 004d | 8997 b804 | 0000 4c8b | d84d 8bc3 
  0x0000740ad4586b00: 49c1 e806 | 49ba 0000 | 4028 5e67 | 0000 4d03 | c249 c1eb | 034d 8bd0 | 450f b602 | 4983 e307 
  0x0000740ad4586b20: 458b dbc4 | 6221 f74c | 2440 450b | c145 8802 | 48c7 0001 

  0x0000740ad4586b34: ;   {metadata('javax/xml/transform/TransformerException')}
  0x0000740ad4586b34: 0000 00c7 | 4008 9030 | 0101 4489 | 600c 4c89 | 6010 4c89 | 6018 4c89 | 6020 4c89 | 6028 488b 
  0x0000740ad4586b54: e94c 8bd0 | 4c89 5424 | 2049 8bf2 | 488b d548 | 8b6c 2408 

  0x0000740ad4586b68: ;   {optimized virtual_call}
  0x0000740ad4586b68: 6666 90e8 

  0x0000740ad4586b6c: ; ImmutableOopMap {rbp=Oop [8]=Oop [16]=Oop [24]=Oop [32]=Oop }
                      ;*invokespecial <init> {reexecute=0 rethrow=0 return_oop=0}
                      ; - org.apache.xalan.transformer.TransformerImpl::executeChildTemplates@69 (line 2370)
                      ; - org.apache.xalan.templates.ElemLiteralResult::execute@195 (line 1376)
  0x0000740ad4586b6c: 10e5 6dff 

  0x0000740ad4586b70: ;   {other}
  0x0000740ad4586b70: 0f1f 8400 | e019 0059 | 488b 6c24 | 2048 8b74 

  0x0000740ad4586b80: ;   {optimized virtual_call}
  0x0000740ad4586b80: 2410 90e8 

  0x0000740ad4586b84: ; ImmutableOopMap {rbp=Oop [8]=Oop [16]=Oop [24]=Oop }
                      ;*invokevirtual popElemTemplateElement {reexecute=0 rethrow=0 return_oop=0}
                      ; - org.apache.xalan.transformer.TransformerImpl::executeChildTemplates@76 (line 2374)
                      ; - org.apache.xalan.templates.ElemLiteralResult::execute@195 (line 1376)
  0x0000740ad4586b84: f8e4 6dff 

  0x0000740ad4586b88: ;   {other}
  0x0000740ad4586b88: 0f1f 8400 | f819 005a | 448b 4508 | 49ba 0000 | 00af 5d67 | 0000 4d03 | d0e9 8701 | 0000 448b 
  0x0000740ad4586ba8: 5808 49ba | 0000 00af | 5d67 0000 | 4d03 d34d 

  0x0000740ad4586bb8: ;   {metadata('javax/xml/transform/TransformerException')}
  0x0000740ad4586bb8: 8b52 4849 | bb90 3001 | b05d 6700 | 004d 3bd3 | 0f85 5504 | 0000 e970 | 0100 0044 | 8b58 0849 
  0x0000740ad4586bd8: ba00 0000 | af5d 6700 | 004d 03d3 | 4d8b 5248 

  0x0000740ad4586be8: ;   {metadata('javax/xml/transform/TransformerException')}
  0x0000740ad4586be8: 49bb 9030 | 01b0 5d67 | 0000 4d3b | d30f 850d | 0400 00e9 | 4301 0000 | 448b 5808 

  0x0000740ad4586c04: ;   {metadata('java/lang/RuntimeException')}
  0x0000740ad4586c04: 49ba c0e3 | 05af 5d67 | 0000 49b8 | 0000 00af | 5d67 0000 | 4d03 c34d | 8b58 484d | 3bda 0f85 
  0x0000740ad4586c24: f001 0000 | 4c8b c849 | 8b87 b804 | 0000 4c8b | d049 83c2 | 304d 3b97 | c004 0000 | 0f83 0004 
  0x0000740ad4586c44: 0000 4d89 | 97b8 0400 | 004c 8bd8 | 4d8b c349 | c1e8 0649 | ba00 0040 | 285e 6700 | 004d 03c2 
  0x0000740ad4586c64: 49c1 eb03 | 498b c844 | 0fb6 1149 | 83e3 0745 | 8bdb c462 | 21f7 4424 | 4045 0bd0 | 4488 1148 
  0x0000740ad4586c84: c700 0100 

  0x0000740ad4586c88: ;   {metadata('javax/xml/transform/TransformerException')}
  0x0000740ad4586c88: 0000 c740 | 0890 3001 | 0144 8960 | 0c4c 8960 | 104c 8960 | 184c 8960 | 204c 8960 | 2849 8be9 
  0x0000740ad4586ca8: 4c8b d04c | 8954 2420 | 498b f248 | 8bd5 488b 

  0x0000740ad4586cb8: ;   {optimized virtual_call}
  0x0000740ad4586cb8: 6c24 08e8 

  0x0000740ad4586cbc: ; ImmutableOopMap {rbp=Oop [4]=NarrowOop [8]=Oop [16]=Oop [24]=Oop [32]=Oop [40]=Oop [48]=Oop }
                      ;*invokespecial <init> {reexecute=0 rethrow=0 return_oop=0}
                      ; - org.apache.xalan.transformer.TransformerImpl::executeChildTemplates@185 (line 2407)
                      ; - org.apache.xalan.templates.ElemLiteralResult::execute@195 (line 1376)
  0x0000740ad4586cbc: c0e3 6dff 

  0x0000740ad4586cc0: ;   {other}
  0x0000740ad4586cc0: 0f1f 8400 | 301b 005b | 488b 7424 | 2048 8b54 

  0x0000740ad4586cd0: ;   {optimized virtual_call}
  0x0000740ad4586cd0: 2430 90e8 

  0x0000740ad4586cd4: ; ImmutableOopMap {rbp=Oop [4]=NarrowOop [8]=Oop [16]=Oop [24]=Oop [32]=Oop [40]=Oop }
                      ;*invokevirtual setLocator {reexecute=0 rethrow=0 return_oop=0}
                      ; - org.apache.xalan.transformer.TransformerImpl::executeChildTemplates@193 (line 2408)
                      ; - org.apache.xalan.templates.ElemLiteralResult::execute@195 (line 1376)
  0x0000740ad4586cd4: a8e3 6dff 

  0x0000740ad4586cd8: ;   {other}
  0x0000740ad4586cd8: 0f1f 8400 | 481b 005c | 488b 6c24 | 204c 8b5c | 2410 458b | 534c 4585 | d20f 84ce | 0300 0049 
  0x0000740ad4586cf8: ;   {optimized virtual_call}
  0x0000740ad4586cf8: 8bf2 90e8 

  0x0000740ad4586cfc: ; ImmutableOopMap {rbp=Oop [8]=Oop [16]=Oop [24]=Oop [40]=Oop }
                      ;*invokevirtual pop {reexecute=0 rethrow=0 return_oop=1}
                      ; - org.apache.xalan.transformer.TransformerImpl::executeChildTemplates@205 (line 2413)
                      ; - org.apache.xalan.templates.ElemLiteralResult::execute@195 (line 1376)
  0x0000740ad4586cfc: 80e3 6dff 

  0x0000740ad4586d00: ;   {other}
  0x0000740ad4586d00: 0f1f 8400 | 701b 005d | 488b 7424 

  0x0000740ad4586d0c: ;   {optimized virtual_call}
  0x0000740ad4586d0c: 2866 90e8 

  0x0000740ad4586d10: ; ImmutableOopMap {rbp=Oop [8]=Oop [16]=Oop [24]=Oop }
                      ;*invokevirtual popSAXLocator {reexecute=0 rethrow=0 return_oop=0}
                      ; - org.apache.xalan.transformer.TransformerImpl::executeChildTemplates@211 (line 2414)
                      ; - org.apache.xalan.templates.ElemLiteralResult::execute@195 (line 1376)
  0x0000740ad4586d10: 6ce3 6dff 

  0x0000740ad4586d14: ;   {other}
  0x0000740ad4586d14: 0f1f 8400 | 841b 005e | 448b 5d08 | 49ba 0000 | 00af 5d67 | 0000 4d03 | d34d 8b52 

  0x0000740ad4586d30: ;   {metadata('javax/xml/transform/TransformerException')}
  0x0000740ad4586d30: 4849 bb90 | 3001 b05d | 6700 004d | 3bd3 7515 | 488b c54c | 8b5c 2410 | 4c8b 5424 | 084c 8bc0 
  0x0000740ad4586d50: e9cd ebff 

  0x0000740ad4586d54: ;   {metadata('org/xml/sax/SAXException')}
  0x0000740ad4586d54: ff49 bb10 | 8401 b05d | 6700 004d | 3bd3 0f85 | b800 0000 | 488b cd49 | 8b87 b804 | 0000 4c8b 
  0x0000740ad4586d74: d049 83c2 | 304d 3b97 | c004 0000 | 0f83 fb02 | 0000 4d89 | 97b8 0400 | 004c 8bd8 | 4d8b c349 
  0x0000740ad4586d94: c1e8 0649 | ba00 0040 | 285e 6700 | 004d 03c2 | 49c1 eb03 | 4d8b d045 | 0fb6 0249 | 83e3 0745 
  0x0000740ad4586db4: 8bdb c462 | 21f7 4c24 | 4045 0bc1 | 4588 0248 | c700 0100 

  0x0000740ad4586dc8: ;   {metadata('javax/xml/transform/TransformerException')}
  0x0000740ad4586dc8: 0000 c740 | 0890 3001 | 0144 8960 | 0c4c 8960 | 104c 8960 | 184c 8960 | 204c 8960 | 2848 8be9 
  0x0000740ad4586de8: 4c8b d04c | 8954 2420 | 498b f248 

  0x0000740ad4586df4: ;   {optimized virtual_call}
  0x0000740ad4586df4: 8bd5 90e8 

  0x0000740ad4586df8: ; ImmutableOopMap {[8]=Oop [16]=Oop [24]=Oop [32]=Oop }
                      ;*invokespecial <init> {reexecute=0 rethrow=0 return_oop=0}
                      ; - org.apache.xalan.templates.ElemLiteralResult::execute@217 (line 1385)
  0x0000740ad4586df8: 84e2 6dff 

  0x0000740ad4586dfc: ;   {other}
  0x0000740ad4586dfc: 0f1f 8400 | 6c1c 005f | 4c8b 4424 | 204c 8b5c | 2410 4c8b | 5424 08e9 | 0aeb ffff | 488b e8e9 
  0x0000740ad4586e1c: c5fe ffff | 488b c548 | 8bf0 e92f | 0100 0044 | 8b50 0849 | bb00 0000 | af5d 6700 | 004d 03da 
  0x0000740ad4586e3c: 4d8b 5348 

  0x0000740ad4586e40: ;   {metadata('org/xml/sax/SAXException')}
  0x0000740ad4586e40: 49bb 1084 | 01b0 5d67 | 0000 4d3b | d375 d44c | 8bd0 4c89 | 5424 0841 | ba01 0000 | 00eb 3144 
  0x0000740ad4586e60: 8b58 0849 | ba00 0000 | af5d 6700 | 004d 03d3 | 4d8b 5248 

  0x0000740ad4586e74: ;   {metadata('org/xml/sax/SAXException')}
  0x0000740ad4586e74: 49bb 1084 | 01b0 5d67 | 0000 4d3b | d375 a04c | 8bd0 4c89 | 5424 0844 | 8b54 2440 | 498b 87b8 
  0x0000740ad4586e94: 0400 004c | 8bd8 4983 | c330 4d3b | 9fc0 0400 | 000f 83ba | 0100 004d | 899f b804 | 0000 4c8b 
  0x0000740ad4586eb4: c04d 8bc8 | 49c1 e906 | 49bb 0000 | 4028 5e67 | 0000 4d03 | cb49 c1e8 | 034d 8bd9 | 450f b60b 
  0x0000740ad4586ed4: 4983 e007 | 458b c0c4 | 4239 f7c2 | 450b c845 | 880b 48c7 | 0001 0000 

  0x0000740ad4586eec: ;   {metadata('javax/xml/transform/TransformerException')}
  0x0000740ad4586eec: 00c7 4008 | 9030 0101 | 4489 600c | 4c89 6010 | 4c89 6018 | 4c89 6020 | 4c89 6028 | 488b e848 
  0x0000740ad4586f0c: 8bf5 488b 

  0x0000740ad4586f10: ;   {optimized virtual_call}
  0x0000740ad4586f10: 5424 08e8 

  0x0000740ad4586f14: ; ImmutableOopMap {rbp=Oop }
                      ;*invokespecial <init> {reexecute=0 rethrow=0 return_oop=0}
                      ; - org.apache.xalan.templates.ElemLiteralResult::execute@72 (line 1325)
  0x0000740ad4586f14: 68e1 6dff 

  0x0000740ad4586f18: ;   {other}
  0x0000740ad4586f18: 0f1f 8400 | 881d 0060 | 488b f5eb | 3544 8b58 | 0849 ba00 | 0000 af5d | 6700 004d | 03d3 4d8b 
  0x0000740ad4586f38: ;   {metadata('org/xml/sax/SAXException')}
  0x0000740ad4586f38: 5248 49bb | 1084 01b0 | 5d67 0000 | 4d3b d30f | 85d6 feff | ff4c 8b54 | 2410 4d85 | d274 0d49 
  0x0000740ad4586f58: 8bf2 4883 

  0x0000740ad4586f5c: ;   {runtime_call _rethrow_Java}
  0x0000740ad4586f5c: c460 5de9 | 9cb3 79ff | 4c8b d04c | 8954 2408 | 498b 87b8 | 0400 004c | 8bd0 4983 | c230 4d3b 
  0x0000740ad4586f7c: 97c0 0400 | 000f 831a | 0100 004d | 8997 b804 | 0000 4c8b | d84d 8bc3 | 49c1 e806 | 49ba 0000 
  0x0000740ad4586f9c: 4028 5e67 | 0000 4d03 | c249 c1eb | 034d 8bd0 | 450f b602 | 4983 e307 | 458b dbc4 | 6221 f74c 
  0x0000740ad4586fbc: 2440 450b | c145 8802 | 48c7 0001 

  0x0000740ad4586fc8: ;   {metadata('javax/xml/transform/TransformerException')}
  0x0000740ad4586fc8: 0000 00c7 | 4008 9030 | 0101 4489 | 600c 4c89 | 6010 4c89 | 6018 4c89 | 6020 4c89 | 6028 488b 
  0x0000740ad4586fe8: e848 8bf5 | 488b 5424 

  0x0000740ad4586ff0: ;   {optimized virtual_call}
  0x0000740ad4586ff0: 0866 90e8 

  0x0000740ad4586ff4: ; ImmutableOopMap {rbp=Oop }
                      ;*invokespecial <init> {reexecute=0 rethrow=0 return_oop=0}
                      ; - org.apache.xalan.templates.ElemLiteralResult::execute@271 (line 1412)
  0x0000740ad4586ff4: 88e0 6dff 

  0x0000740ad4586ff8: ;   {other}
  0x0000740ad4586ff8: 0f1f 8400 | 681e 0061 | 488b f5e9 | 52ff ffff 

  0x0000740ad4587008: ;   {metadata('org/xml/sax/SAXException')}
  0x0000740ad4587008: 49bb 1084 | 01b0 5d67 | 0000 4d3b | d30f 8508 | feff ff48 | 8bc8 e948 

  0x0000740ad4587020: ;   {metadata('org/xml/sax/SAXException')}
  0x0000740ad4587020: fdff ff49 | bb10 8401 | b05d 6700 | 004d 3bd3 | 0f85 edfd | ffff 488b | c8e9 2dfd | ffff 488b 
  0x0000740ad4587040: e8e9 37fb | ffff 498b 

  0x0000740ad4587048: ;   {metadata('javax/xml/transform/TransformerException')}
  0x0000740ad4587048: e948 be90 | 3001 b05d 

  0x0000740ad4587050: ;   {runtime_call _new_instance_Java}
  0x0000740ad4587050: 6700 00e8 

  0x0000740ad4587054: ; ImmutableOopMap {rbp=Oop [4]=NarrowOop [8]=Oop [16]=Oop [24]=Oop [40]=Oop [48]=Oop }
                      ;*new {reexecute=0 rethrow=0 return_oop=1}
                      ; - org.apache.xalan.transformer.TransformerImpl::executeChildTemplates@179 (line 2407)
                      ; - org.apache.xalan.templates.ElemLiteralResult::execute@195 (line 1376)
  0x0000740ad4587054: a869 79ff 

  0x0000740ad4587058: ;   {other}
  0x0000740ad4587058: 0f1f 8400 | c81e 0062 | e943 fcff 

  0x0000740ad4587064: ;   {metadata('javax/xml/transform/TransformerException')}
  0x0000740ad4587064: ff48 be90 | 3001 b05d 

  0x0000740ad458706c: ;   {runtime_call _new_instance_Java}
  0x0000740ad458706c: 6700 00e8 

  0x0000740ad4587070: ; ImmutableOopMap {[8]=Oop }
                      ;*new {reexecute=0 rethrow=0 return_oop=1}
                      ; - org.apache.xalan.templates.ElemLiteralResult::execute@67 (line 1325)
  0x0000740ad4587070: 8c69 79ff 

  0x0000740ad4587074: ;   {other}
  0x0000740ad4587074: 0f1f 8400 | e41e 0063 | e987 feff | ff48 8be9 

  0x0000740ad4587084: ;   {metadata('javax/xml/transform/TransformerException')}
  0x0000740ad4587084: 48be 9030 | 01b0 5d67 

  0x0000740ad458708c: ;   {runtime_call _new_instance_Java}
  0x0000740ad458708c: 0000 90e8 

  0x0000740ad4587090: ; ImmutableOopMap {rbp=Oop [8]=Oop [16]=Oop [24]=Oop }
                      ;*new {reexecute=0 rethrow=0 return_oop=1}
                      ; - org.apache.xalan.templates.ElemLiteralResult::execute@211 (line 1385)
  0x0000740ad4587090: 6c69 79ff 

  0x0000740ad4587094: ;   {other}
  0x0000740ad4587094: 0f1f 8400 | 041f 0064 | e947 fdff 

  0x0000740ad45870a0: ;   {metadata('javax/xml/transform/TransformerException')}
  0x0000740ad45870a0: ff48 be90 | 3001 b05d | 6700 0048 | 8b6c 2408 

  0x0000740ad45870b0: ;   {runtime_call _new_instance_Java}
  0x0000740ad45870b0: 6666 90e8 

  0x0000740ad45870b4: ; ImmutableOopMap {rbp=Oop [8]=Oop }
                      ;*new {reexecute=0 rethrow=0 return_oop=1}
                      ; - org.apache.xalan.templates.ElemLiteralResult::execute@265 (line 1412)
  0x0000740ad45870b4: 4869 79ff 

  0x0000740ad45870b8: ;   {other}
  0x0000740ad45870b8: 0f1f 8400 | 281f 0065 | e921 ffff | ffbe f6ff 

  0x0000740ad45870c8: ;   {runtime_call UncommonTrapBlob}
  0x0000740ad45870c8: ffff 90e8 

  0x0000740ad45870cc: ; ImmutableOopMap {rbp=Oop [4]=NarrowOop [8]=Oop [16]=Oop [24]=Oop }
                      ;*invokevirtual pop {reexecute=0 rethrow=0 return_oop=0}
                      ; - org.apache.xalan.transformer.TransformerImpl::executeChildTemplates@205 (line 2413)
                      ; - org.apache.xalan.templates.ElemLiteralResult::execute@195 (line 1376)
  0x0000740ad45870cc: 3032 6eff 

  0x0000740ad45870d0: ;   {other}
  0x0000740ad45870d0: 0f1f 8400 | 401f 0066 

  0x0000740ad45870d8: ;   {metadata('javax/xml/transform/TransformerException')}
  0x0000740ad45870d8: 488b e948 | be90 3001 | b05d 6700 

  0x0000740ad45870e4: ;   {runtime_call _new_instance_Java}
  0x0000740ad45870e4: 0066 90e8 

  0x0000740ad45870e8: ; ImmutableOopMap {rbp=Oop [8]=Oop [16]=Oop [24]=Oop }
                      ;*new {reexecute=0 rethrow=0 return_oop=1}
                      ; - org.apache.xalan.transformer.TransformerImpl::executeChildTemplates@63 (line 2370)
                      ; - org.apache.xalan.templates.ElemLiteralResult::execute@195 (line 1376)
  0x0000740ad45870e8: 1469 79ff 

  0x0000740ad45870ec: ;   {other}
  0x0000740ad45870ec: 0f1f 8400 | 5c1f 0067 | e95c faff 

  0x0000740ad45870f8: ;   {internal_word}
  0x0000740ad45870f8: ff49 baf6 | 5a58 d40a | 7400 004d | 8997 8007 

  0x0000740ad4587108: ;   {runtime_call SafepointBlob}
  0x0000740ad4587108: 0000 e9f1 

  0x0000740ad458710c: ;   {runtime_call StubRoutines (final stubs)}
  0x0000740ad458710c: 426e ffe8 | 4c7d 6cff | e9c1 e4ff | fff4 f4f4 | f4f4 f4f4 
[Stub Code]
  0x0000740ad4587120: ;   {no_reloc}
  0x0000740ad4587120: 48bb 0000 | 0000 0000 

  0x0000740ad4587128: ;   {runtime_call nmethod}
  0x0000740ad4587128: 0000 e9fb 

  0x0000740ad458712c: ;   {static_stub}
  0x0000740ad458712c: ffff ff48 | bb00 0000 | 0000 0000 

  0x0000740ad4587138: ;   {runtime_call nmethod}
  0x0000740ad4587138: 00e9 fbff 

  0x0000740ad458713c: ;   {static_stub}
  0x0000740ad458713c: ffff 48bb | 0000 0000 | 0000 0000 

  0x0000740ad4587148: ;   {runtime_call nmethod}
  0x0000740ad4587148: e9fb ffff 

  0x0000740ad458714c: ;   {static_stub}
  0x0000740ad458714c: ff48 bb00 | 0000 0000 

  0x0000740ad4587154: ;   {runtime_call nmethod}
  0x0000740ad4587154: 0000 00e9 | fbff ffff 

  0x0000740ad458715c: ;   {static_stub}
  0x0000740ad458715c: 48bb 0000 | 0000 0000 

  0x0000740ad4587164: ;   {runtime_call nmethod}
  0x0000740ad4587164: 0000 e9fb 

  0x0000740ad4587168: ;   {static_stub}
  0x0000740ad4587168: ffff ff48 | bb00 0000 | 0000 0000 

  0x0000740ad4587174: ;   {runtime_call nmethod}
  0x0000740ad4587174: 00e9 fbff 

  0x0000740ad4587178: ;   {static_stub}
  0x0000740ad4587178: ffff 48bb | 0000 0000 | 0000 0000 

  0x0000740ad4587184: ;   {runtime_call nmethod}
  0x0000740ad4587184: e9fb ffff 

  0x0000740ad4587188: ;   {static_stub}
  0x0000740ad4587188: ff48 bb00 | 0000 0000 

  0x0000740ad4587190: ;   {runtime_call nmethod}
  0x0000740ad4587190: 0000 00e9 | fbff ffff 

  0x0000740ad4587198: ;   {static_stub}
  0x0000740ad4587198: 48bb 0000 | 0000 0000 

  0x0000740ad45871a0: ;   {runtime_call nmethod}
  0x0000740ad45871a0: 0000 e9fb 

  0x0000740ad45871a4: ;   {static_stub}
  0x0000740ad45871a4: ffff ff48 | bb00 0000 | 0000 0000 

  0x0000740ad45871b0: ;   {runtime_call nmethod}
  0x0000740ad45871b0: 00e9 fbff 

  0x0000740ad45871b4: ;   {static_stub}
  0x0000740ad45871b4: ffff 48bb | 0000 0000 | 0000 0000 

  0x0000740ad45871c0: ;   {runtime_call nmethod}
  0x0000740ad45871c0: e9fb ffff 

  0x0000740ad45871c4: ;   {runtime_call ExceptionBlob}
  0x0000740ad45871c4: ffe9 3628 | 79ff e800 | 0000 0048 | 832c 2405 

  0x0000740ad45871d4: ;   {runtime_call DeoptimizationBlob}
  0x0000740ad45871d4: e9c7 346e | fff4 f4f4 | f4f4 f4f4 
[/MachCode]


---------------  P R O C E S S  ---------------

Threads class SMR info:
_java_thread_list=0x0000675d0c0a0700, length=56, elements={
0x0000740ae402b240, 0x0000740ae4526f30, 0x0000740ae45287c0, 0x0000740ae452a2b0,
0x0000740ae4548ae0, 0x0000740ae454a430, 0x0000740ae454bcf0, 0x0000740ae454db30,
0x0000740ae4557500, 0x0000675d280354a0, 0x0000740ae459e150, 0x0000740ae45a1160,
0x0000675d1c025600, 0x0000675d280654b0, 0x0000675d28066cf0, 0x0000675d28068330,
0x0000675d18022370, 0x0000740ae47b5780, 0x0000740ae47b6340, 0x0000740ae47b9770,
0x0000740ae47babf0, 0x0000740ae47bbfc0, 0x0000740ae47bd390, 0x0000740ae47be830,
0x0000740ae47bfda0, 0x0000740ae47c1170, 0x0000740ae47c2620, 0x0000740ae47c3be0,
0x0000740ae47c5170, 0x0000740ae47c6620, 0x0000740ae47c7ad0, 0x0000740ae43e1860,
0x0000740ae43e2880, 0x0000740ae43e40c0, 0x0000740ae45c72d0, 0x0000740ae45c86f0,
0x0000740ae45c9c40, 0x0000740ae45cb220, 0x0000740ae45cc800, 0x0000740ae45cdca0,
0x0000740ae45cf530, 0x0000740ae45d10b0, 0x0000740ae45d2940, 0x0000740ae45d41d0,
0x0000740ae45d5a60, 0x0000740ae45d72f0, 0x0000740ae45d8d00, 0x0000740ae43d4d90,
0x0000740ae43d5f10, 0x0000675d1c0d7b70, 0x0000675c800028b0, 0x0000675d0c04f070,
0x0000675d0c0507c0, 0x0000675c78052c30, 0x0000675d041210d0, 0x0000675d0c09f280
}

Java Threads: ( => current thread )
  0x0000740ae402b240 JavaThread "main"                              [_thread_blocked, id=446836, stack(0x0000740ae9300000,0x0000740ae9400000) (1024K)]
  0x0000740ae4526f30 JavaThread "Reference Handler"          daemon [_thread_blocked, id=446840, stack(0x0000740aac6ff000,0x0000740aac7ff000) (1024K)]
  0x0000740ae45287c0 JavaThread "Finalizer"                  daemon [_thread_blocked, id=446841, stack(0x0000740aac5ff000,0x0000740aac6ff000) (1024K)]
  0x0000740ae452a2b0 JavaThread "MMTk Finalizer Thread"      daemon [_thread_blocked, id=446842, stack(0x0000740aac4ff000,0x0000740aac5ff000) (1024K)]
  0x0000740ae4548ae0 JavaThread "Signal Dispatcher"          daemon [_thread_blocked, id=446866, stack(0x0000675dae6f8000,0x0000675dae7f8000) (1024K)]
  0x0000740ae454a430 JavaThread "Service Thread"             daemon [_thread_blocked, id=446867, stack(0x0000675dae5f8000,0x0000675dae6f8000) (1024K)]
  0x0000740ae454bcf0 JavaThread "Monitor Deflation Thread"   daemon [_thread_blocked, id=446868, stack(0x0000675dae4f8000,0x0000675dae5f8000) (1024K)]
  0x0000740ae454db30 JavaThread "C2 CompilerThread0"         daemon [_thread_blocked, id=446869, stack(0x0000675dae3f8000,0x0000675dae4f8000) (1024K)]
  0x0000740ae4557500 JavaThread "C1 CompilerThread0"         daemon [_thread_blocked, id=446870, stack(0x0000675dae2f8000,0x0000675dae3f8000) (1024K)]
  0x0000675d280354a0 JavaThread "C1 CompilerThread1"         daemon [_thread_blocked, id=446871, stack(0x0000675dae1f8000,0x0000675dae2f8000) (1024K)]
  0x0000740ae459e150 JavaThread "Notification Thread"        daemon [_thread_blocked, id=446872, stack(0x0000675dae0f8000,0x0000675dae1f8000) (1024K)]
  0x0000740ae45a1160 JavaThread "Common-Cleaner"             daemon [_thread_blocked, id=446873, stack(0x0000675dadff8000,0x0000675dae0f8000) (1024K)]
  0x0000675d1c025600 JavaThread "C2 CompilerThread1"         daemon [_thread_blocked, id=446874, stack(0x0000675dadef8000,0x0000675dadff8000) (1024K)]
  0x0000675d280654b0 JavaThread "C1 CompilerThread2"         daemon [_thread_blocked, id=446875, stack(0x0000675daddf8000,0x0000675dadef8000) (1024K)]
  0x0000675d28066cf0 JavaThread "C1 CompilerThread3"         daemon [_thread_blocked, id=446876, stack(0x0000675dadcf8000,0x0000675daddf8000) (1024K)]
  0x0000675d28068330 JavaThread "C1 CompilerThread4"         daemon [_thread_blocked, id=446877, stack(0x0000675dadbf8000,0x0000675dadcf8000) (1024K)]
  0x0000675d18022370 JavaThread "C2 CompilerThread2"         daemon [_thread_blocked, id=446878, stack(0x0000675dadaf8000,0x0000675dadbf8000) (1024K)]
  0x0000740ae47b5780 JavaThread "Thread-0"                          [_thread_blocked, id=446879, stack(0x0000675dad9f8000,0x0000675dadaf8000) (1024K)]
  0x0000740ae47b6340 JavaThread "Thread-1"                          [_thread_blocked, id=446880, stack(0x0000675dad8f8000,0x0000675dad9f8000) (1024K)]
  0x0000740ae47b9770 JavaThread "Thread-2"                          [_thread_blocked, id=446881, stack(0x0000675dad7f8000,0x0000675dad8f8000) (1024K)]
  0x0000740ae47babf0 JavaThread "Thread-3"                          [_thread_blocked, id=446882, stack(0x0000675dad6f8000,0x0000675dad7f8000) (1024K)]
  0x0000740ae47bbfc0 JavaThread "Thread-4"                          [_thread_blocked, id=446883, stack(0x0000675dad5f8000,0x0000675dad6f8000) (1024K)]
  0x0000740ae47bd390 JavaThread "Thread-5"                          [_thread_blocked, id=446884, stack(0x0000675dad4f8000,0x0000675dad5f8000) (1024K)]
  0x0000740ae47be830 JavaThread "Thread-6"                          [_thread_blocked, id=446885, stack(0x0000675dad3f8000,0x0000675dad4f8000) (1024K)]
  0x0000740ae47bfda0 JavaThread "Thread-7"                          [_thread_blocked, id=446886, stack(0x0000675dad2f8000,0x0000675dad3f8000) (1024K)]
  0x0000740ae47c1170 JavaThread "Thread-8"                          [_thread_blocked, id=446887, stack(0x0000675dad1f8000,0x0000675dad2f8000) (1024K)]
  0x0000740ae47c2620 JavaThread "Thread-9"                          [_thread_blocked, id=446888, stack(0x0000675dad0f8000,0x0000675dad1f8000) (1024K)]
  0x0000740ae47c3be0 JavaThread "Thread-10"                         [_thread_blocked, id=446889, stack(0x0000675dacff8000,0x0000675dad0f8000) (1024K)]
  0x0000740ae47c5170 JavaThread "Thread-11"                         [_thread_blocked, id=446890, stack(0x0000675dacef8000,0x0000675dacff8000) (1024K)]
  0x0000740ae47c6620 JavaThread "Thread-12"                         [_thread_blocked, id=446891, stack(0x0000675dacdf8000,0x0000675dacef8000) (1024K)]
  0x0000740ae47c7ad0 JavaThread "Thread-13"                         [_thread_blocked, id=446892, stack(0x0000675daccf8000,0x0000675dacdf8000) (1024K)]
  0x0000740ae43e1860 JavaThread "Thread-14"                         [_thread_blocked, id=446893, stack(0x0000675dacbf8000,0x0000675daccf8000) (1024K)]
  0x0000740ae43e2880 JavaThread "Thread-15"                         [_thread_blocked, id=446894, stack(0x0000675dacaf8000,0x0000675dacbf8000) (1024K)]
  0x0000740ae43e40c0 JavaThread "Thread-16"                         [_thread_blocked, id=446895, stack(0x0000675dac9f8000,0x0000675dacaf8000) (1024K)]
  0x0000740ae45c72d0 JavaThread "Thread-17"                         [_thread_blocked, id=446896, stack(0x0000675dac8f8000,0x0000675dac9f8000) (1024K)]
  0x0000740ae45c86f0 JavaThread "Thread-18"                         [_thread_blocked, id=446897, stack(0x0000675dac7f8000,0x0000675dac8f8000) (1024K)]
  0x0000740ae45c9c40 JavaThread "Thread-19"                         [_thread_blocked, id=446898, stack(0x0000675dac6f8000,0x0000675dac7f8000) (1024K)]
  0x0000740ae45cb220 JavaThread "Thread-20"                         [_thread_blocked, id=446899, stack(0x0000675dac5f8000,0x0000675dac6f8000) (1024K)]
=>0x0000740ae45cc800 JavaThread "Thread-21"                         [_thread_in_Java, id=446900, stack(0x0000675dac4f8000,0x0000675dac5f8000) (1024K)]
  0x0000740ae45cdca0 JavaThread "Thread-22"                         [_thread_blocked, id=446901, stack(0x0000675dac3f8000,0x0000675dac4f8000) (1024K)]
  0x0000740ae45cf530 JavaThread "Thread-23"                         [_thread_blocked, id=446902, stack(0x0000675dac2f8000,0x0000675dac3f8000) (1024K)]
  0x0000740ae45d10b0 JavaThread "Thread-24"                         [_thread_blocked, id=446903, stack(0x0000675dac1f8000,0x0000675dac2f8000) (1024K)]
  0x0000740ae45d2940 JavaThread "Thread-25"                         [_thread_blocked, id=446904, stack(0x0000675dac0f8000,0x0000675dac1f8000) (1024K)]
  0x0000740ae45d41d0 JavaThread "Thread-26"                         [_thread_blocked, id=446905, stack(0x0000675c9bf00000,0x0000675c9c000000) (1024K)]
  0x0000740ae45d5a60 JavaThread "Thread-27"                         [_thread_blocked, id=446906, stack(0x0000675c9be00000,0x0000675c9bf00000) (1024K)]
  0x0000740ae45d72f0 JavaThread "Thread-28"                         [_thread_blocked, id=446907, stack(0x0000675c9bd00000,0x0000675c9be00000) (1024K)]
  0x0000740ae45d8d00 JavaThread "Thread-29"                         [_thread_blocked, id=446908, stack(0x0000675c9bc00000,0x0000675c9bd00000) (1024K)]
  0x0000740ae43d4d90 JavaThread "Thread-30"                         [_thread_blocked, id=446909, stack(0x0000675c9bb00000,0x0000675c9bc00000) (1024K)]
  0x0000740ae43d5f10 JavaThread "Thread-31"                         [_thread_blocked, id=446910, stack(0x0000675c9ba00000,0x0000675c9bb00000) (1024K)]
  0x0000675d1c0d7b70 JavaThread "C2 CompilerThread3"         daemon [_thread_blocked, id=446911, stack(0x0000675c9b900000,0x0000675c9ba00000) (1024K)]
  0x0000675c800028b0 JavaThread "C2 CompilerThread4"         daemon [_thread_blocked, id=446912, stack(0x0000675c9b800000,0x0000675c9b900000) (1024K)]
  0x0000675d0c04f070 JavaThread "C2 CompilerThread5"         daemon [_thread_blocked, id=446913, stack(0x0000675c9b700000,0x0000675c9b800000) (1024K)]
  0x0000675d0c0507c0 JavaThread "C2 CompilerThread6"         daemon [_thread_blocked, id=446914, stack(0x0000675c9b600000,0x0000675c9b700000) (1024K)]
  0x0000675c78052c30 JavaThread "C2 CompilerThread7"         daemon [_thread_blocked, id=446915, stack(0x0000675c9b500000,0x0000675c9b600000) (1024K)]
  0x0000675d041210d0 JavaThread "C2 CompilerThread8"         daemon [_thread_blocked, id=446916, stack(0x0000675c9b400000,0x0000675c9b500000) (1024K)]
  0x0000675d0c09f280 JavaThread "C2 CompilerThread9"         daemon [_thread_blocked, id=446917, stack(0x0000675c9b300000,0x0000675c9b400000) (1024K)]
Total: 56

Other Threads:
  0x0000740ae451ba80 VMThread "VM Thread"                           [id=446839, stack(0x0000740ae8043000,0x0000740ae8143000) (1024K)] _threads_hazard_ptr=0x0000675d0c0a0700
  0x0000740ae45096d0 WatcherThread "VM Periodic Task Thread"        [id=446838, stack(0x0000740ae8144000,0x0000740ae8244000) (1024K)]
Total: 2

Threads with active compile tasks:
Total: 0

VM state: synchronizing (normal execution)

VM Mutex/Monitor currently owned by a thread:  ([mutex/lock_event])
[0x0000740aea9580d0] Threads_lock - owner thread: 0x0000740ae451ba80

Heap address: 0x0000000040000000, size: 3072 MB, Compressed Oops mode: 32-bit

CDS archive(s) mapped at: [0x0000675daf000000-0x0000675dafca3000-0x0000675dafca3000), size 13250560, SharedBaseAddress: 0x0000675daf000000, ArchiveRelocationMode: 1.
Compressed class space mapped at: 0x0000675db0000000-0x0000675df0000000, reserved size: 1073741824
Narrow klass base: 0x0000675daf000000, Narrow klass shift: 0, Narrow klass range: 0x100000000

GC Precious Log:
<Empty>

Heap:

[error occurred during error reporting (printing heap information), id 0xe0000000, Internal Error (/mydata/mmtk-openjdk/openjdk/share/mmtkHeap.cpp:424)]
Metaspace:

Usage:
  Non-class:      7.15 MB used.
      Class:    980.78 KB used.
       Both:      8.10 MB used.

Virtual space:
  Non-class space:       64.00 MB reserved,       7.25 MB ( 11%) committed,  1 nodes.
      Class space:        1.00 GB reserved,       1.06 MB ( <1%) committed,  1 nodes.
             Both:        1.06 GB reserved,       8.31 MB ( <1%) committed. 

Chunk freelists:
   Non-Class:  7.28 MB
       Class:  14.99 MB
        Both:  22.27 MB

MaxMetaspaceSize: unlimited
CompressedClassSpaceSize: 1.00 GB
Initial GC threshold: 21.00 MB
Current GC threshold: 21.00 MB
CDS: on
 - commit_granule_bytes: 65536.
 - commit_granule_words: 8192.
 - virtual_space_node_default_size: 8388608.
 - enlarge_chunks_in_place: 1.
 - use_allocation_guard: 0.


Internal statistics:

num_allocs_failed_limit: 0.
num_arena_births: 122.
num_arena_deaths: 0.
num_vsnodes_births: 2.
num_vsnodes_deaths: 0.
num_space_committed: 133.
num_space_uncommitted: 0.
num_chunks_returned_to_freelist: 0.
num_chunks_taken_from_freelist: 376.
num_chunk_merges: 0.
num_chunk_splits: 262.
num_chunks_enlarged: 206.
num_inconsistent_stats: 0.

CodeHeap 'non-profiled nmethods': size=118880Kb used=2931Kb max_used=2931Kb free=115948Kb
 bounds [0x0000740ad43e8000, 0x0000740ad46c8000, 0x0000740adb800000]
CodeHeap 'profiled nmethods': size=118876Kb used=7083Kb max_used=7083Kb free=111792Kb
 bounds [0x0000740acc800000, 0x0000740accef0000, 0x0000740ad3c17000]
CodeHeap 'non-nmethods': size=8004Kb used=3463Kb max_used=3625Kb free=4540Kb
 bounds [0x0000740ad3c17000, 0x0000740ad3fa7000, 0x0000740ad43e8000]
CodeCache: size=245760Kb, used=13477Kb, max_used=13639Kb, free=232280Kb
 total_blobs=3778, nmethods=3296, adapters=381, full_count=0
Compilation: enabled, stopped_count=0, restarted_count=0

Compilation events (20 events):
Event: 3.425 Thread 0x0000675d0c0507c0 nmethod 3227 0x0000740ad4639090 code [0x0000740ad4639580, 0x0000740ad463d6f8]
Event: 3.425 Thread 0x0000675d0c0507c0 3286   !   4       java.net.URL::<init> (543 bytes)
Event: 3.452 Thread 0x0000675d0c04f070 nmethod 3179 0x0000740ad4640390 code [0x0000740ad4640a40, 0x0000740ad4646830]
Event: 3.453 Thread 0x0000675c78052c30 nmethod 3217 0x0000740ad4649f10 code [0x0000740ad464a400, 0x0000740ad464ea68]
Event: 3.453 Thread 0x0000675d0c04f070 3279       4       java.lang.Integer::formatUnsignedInt (40 bytes)
Event: 3.482 Thread 0x0000675c78052c30 3277       4       org.apache.xerces.impl.XMLScanner::normalizeWhitespace (50 bytes)
Event: 3.482 Thread 0x0000675c800028b0 nmethod 3212 0x0000740ad4652f90 code [0x0000740ad4653420, 0x0000740ad4656750]
Event: 3.482 Thread 0x0000675c800028b0 3283   !   4       java.util.WeakHashMap::expungeStaleEntries (139 bytes)
Event: 3.484 Thread 0x0000675c78052c30 nmethod 3277 0x0000740ad4659c10 code [0x0000740ad4659da0, 0x0000740ad4659f48]
Event: 3.484 Thread 0x0000675c78052c30 3113   !   4       jdk.internal.loader.URLClassPath$JarLoader::ensureOpen (36 bytes)
Event: 3.485 Thread 0x0000675d041210d0 nmethod 3278 0x0000740ad465a090 code [0x0000740ad465a520, 0x0000740ad465ec38]
Event: 3.485 Thread 0x0000675d041210d0 3180   !   4       jdk.internal.loader.URLClassPath$JarLoader::getResource (40 bytes)
Event: 3.485 Thread 0x0000675c78052c30 nmethod 3113 0x0000740ad4661910 code [0x0000740ad4661ac0, 0x0000740ad4661c90]
Event: 3.485 Thread 0x0000675c78052c30 3211       4       org.apache.xpath.VariableStack::link (136 bytes)
Event: 3.485 Thread 0x0000675d0c04f070 nmethod 3279 0x0000740ad4661e10 code [0x0000740ad4661fa0, 0x0000740ad4662238]
Event: 3.485 Thread 0x0000675d0c04f070 3228       4       java.util.Properties::get (9 bytes)
Event: 3.486 Thread 0x0000675d1c0d7b70 nmethod 3224 0x0000740ad4662390 code [0x0000740ad46628c0, 0x0000740ad4668168]
Event: 3.486 Thread 0x0000675d1c0d7b70 3236       4       org.apache.xml.serializer.SerializerBase::getFirstCharLocName (30 bytes)
Event: 3.486 Thread 0x0000675c78052c30 nmethod 3211 0x0000740ad466b810 code [0x0000740ad466b9a0, 0x0000740ad466baf0]
Event: 3.486 Thread 0x0000675c78052c30 3230   !   4       org.apache.xml.serializer.ToStream::setProp (750 bytes)

GC Heap History (0 events):
No events

Dll operation events (7 events):
Event: 0.001 Loaded shared library /mydata/openjdk-mmtk/build/b0test/images/jdk/lib/libjava.so
Event: 2.220 Loaded shared library /mydata/openjdk-mmtk/build/b0test/images/jdk/lib/libjsvml.so
Event: 2.233 Loaded shared library /mydata/openjdk-mmtk/build/b0test/images/jdk/lib/libnio.so
Event: 2.237 Loaded shared library /mydata/openjdk-mmtk/build/b0test/images/jdk/lib/libzip.so
Event: 2.250 Loaded shared library /mydata/openjdk-mmtk/build/b0test/images/jdk/lib/libjimage.so
Event: 2.276 Loaded shared library /mydata/openjdk-mmtk/build/b0test/images/jdk/lib/libnet.so
Event: 2.373 Loaded shared library /mydata/openjdk-mmtk/build/b0test/images/jdk/lib/libverify.so

Deoptimization events (20 events):
Event: 3.410 Thread 0x0000740ae47c2620 DEOPT PACKING pc=0x0000740accd7baa6 sp=0x0000675dad1f6560
Event: 3.410 Thread 0x0000740ae47c2620 DEOPT UNPACKING pc=0x0000740ad3c6ab2f sp=0x0000675dad1f5b48 mode 0
Event: 3.418 Thread 0x0000740ae43d5f10 DEOPT PACKING pc=0x0000740accd7baa6 sp=0x0000675c9bafe560
Event: 3.418 Thread 0x0000740ae43d5f10 DEOPT UNPACKING pc=0x0000740ad3c6ab2f sp=0x0000675c9bafdb48 mode 0
Event: 3.428 Thread 0x0000740ae45d72f0 DEOPT PACKING pc=0x0000740accd7baa6 sp=0x0000675c9bdfe560
Event: 3.428 Thread 0x0000740ae45d72f0 DEOPT UNPACKING pc=0x0000740ad3c6ab2f sp=0x0000675c9bdfdb48 mode 0
Event: 3.484 Thread 0x0000740ae47bfda0 DEOPT PACKING pc=0x0000740accd7baa6 sp=0x0000675dad3f6560
Event: 3.484 Thread 0x0000740ae47bfda0 DEOPT UNPACKING pc=0x0000740ad3c6ab2f sp=0x0000675dad3f5b48 mode 0
Event: 3.485 Thread 0x0000740ae47bd390 Uncommon trap: trap_request=0xffffff6e fr.pc=0x0000740ad465de5c relative=0x000000000000393c
Event: 3.485 Thread 0x0000740ae45d5a60 Uncommon trap: trap_request=0xffffff6e fr.pc=0x0000740ad465de5c relative=0x000000000000393c
Event: 3.485 Thread 0x0000740ae47bd390 Uncommon trap: reason=loop_limit_check action=maybe_recompile pc=0x0000740ad465de5c method=org.apache.xalan.templates.ElemNumber.getCountString(Lorg/apache/xalan/transformer/TransformerImpl;I)Ljava/lang/String; @ 193 c2
Event: 3.485 Thread 0x0000740ae45d5a60 Uncommon trap: reason=loop_limit_check action=maybe_recompile pc=0x0000740ad465de5c method=org.apache.xalan.templates.ElemNumber.getCountString(Lorg/apache/xalan/transformer/TransformerImpl;I)Ljava/lang/String; @ 193 c2
Event: 3.485 Thread 0x0000740ae47bd390 DEOPT PACKING pc=0x0000740ad465de5c sp=0x0000675dad5f5bd0
Event: 3.485 Thread 0x0000740ae45d5a60 DEOPT PACKING pc=0x0000740ad465de5c sp=0x0000675c9befdbd0
Event: 3.485 Thread 0x0000740ae47bd390 DEOPT UNPACKING pc=0x0000740ad3c6a399 sp=0x0000675dad5f5bf8 mode 2
Event: 3.485 Thread 0x0000740ae45d5a60 DEOPT UNPACKING pc=0x0000740ad3c6a399 sp=0x0000675c9befdbf8 mode 2
Event: 3.487 Thread 0x0000740ae45cc800 Uncommon trap: trap_request=0xffffffde fr.pc=0x0000740ad45ad420 relative=0x00000000000020a0
Event: 3.487 Thread 0x0000740ae45cc800 Uncommon trap: reason=class_check action=maybe_recompile pc=0x0000740ad45ad420 method=org.apache.xpath.axes.IteratorPool.getInstance()Lorg/apache/xml/dtm/DTMIterator; @ 49 c2
Event: 3.487 Thread 0x0000740ae45cc800 DEOPT PACKING pc=0x0000740ad45ad420 sp=0x0000675dac5f5740
Event: 3.487 Thread 0x0000740ae45cc800 DEOPT UNPACKING pc=0x0000740ad3c6a399 sp=0x0000675dac5f55e0 mode 2

Classes loaded (20 events):
Event: 2.635 Loading class java/util/ResourceBundle$KeyElementReference
Event: 2.635 Loading class java/util/ResourceBundle$CacheKeyReference
Event: 2.635 Loading class java/util/ResourceBundle$CacheKeyReference done
Event: 2.636 Loading class java/util/ResourceBundle$KeyElementReference done
Event: 2.637 Loading class java/util/ResourceBundle$Control$2
Event: 2.637 Loading class java/util/ResourceBundle$Control$2 done
Event: 2.638 Loading class sun/util/PropertyResourceBundleCharset
Event: 2.638 Loading class sun/util/PropertyResourceBundleCharset done
Event: 2.638 Loading class sun/util/PropertyResourceBundleCharset$PropertiesFileDecoder
Event: 2.638 Loading class sun/util/PropertyResourceBundleCharset$PropertiesFileDecoder done
Event: 2.644 Loading class java/util/ResourceBundle$BundleReference
Event: 2.644 Loading class java/util/ResourceBundle$BundleReference done
Event: 2.645 Loading class sun/util/ResourceBundleEnumeration
Event: 2.645 Loading class sun/util/ResourceBundleEnumeration done
Event: 2.672 Loading class sun/nio/cs/ISO_8859_1$Encoder
Event: 2.672 Loading class sun/nio/cs/ISO_8859_1$Encoder done
Event: 2.706 Loading class java/util/ResourceBundle$Control$1
Event: 2.706 Loading class java/util/ResourceBundle$Control$1 done
Event: 2.732 Loading class java/lang/foreign/MemorySegment
Event: 2.732 Loading class java/lang/foreign/MemorySegment done

Classes unloaded (0 events):
No events

Classes redefined (0 events):
No events

Internal exceptions (13 events):
Event: 2.243 Thread 0x0000740ae402b240 Exception <a 'java/lang/NoSuchMethodError'{0x000000004033c090}: 'java.lang.Object java.lang.invoke.DirectMethodHandle$Holder.newInvokeSpecial(java.lang.Object, int, java.lang.Object)'> (0x000000004033c090) 
thrown [src/hotspot/share/interpreter/linkResolver.cpp, line 772]
Event: 2.253 Thread 0x0000740ae402b240 Exception <a 'java/lang/NoSuchMethodError'{0x0000000040301e28}: 'void java.lang.invoke.DirectMethodHandle$Holder.invokeStatic(java.lang.Object, java.lang.Object)'> (0x0000000040301e28) 
thrown [src/hotspot/share/interpreter/linkResolver.cpp, line 772]
Event: 2.253 Thread 0x0000740ae402b240 Exception <a 'java/lang/NoSuchMethodError'{0x0000000040305820}: 'void java.lang.invoke.DirectMethodHandle$Holder.invokeSpecial(java.lang.Object, java.lang.Object, java.lang.Object)'> (0x0000000040305820) 
thrown [src/hotspot/share/interpreter/linkResolver.cpp, line 772]
Event: 2.295 Thread 0x0000740ae402b240 Exception <a 'java/lang/NoSuchMethodError'{0x00000000401b5c58}: 'void java.lang.invoke.DirectMethodHandle$Holder.invokeVirtual(java.lang.Object, java.lang.Object)'> (0x00000000401b5c58) 
thrown [src/hotspot/share/interpreter/linkResolver.cpp, line 772]
Event: 2.300 Thread 0x0000740ae402b240 Exception <a 'java/io/FileNotFoundException'{0x0000000040196918}> (0x0000000040196918) 
thrown [src/hotspot/share/prims/jni.cpp, line 520]
Event: 2.311 Thread 0x0000740ae402b240 Exception <a 'java/lang/NoSuchMethodError'{0x0000000040137c70}: 'java.lang.Object java.lang.invoke.Invokers$Holder.invokeExact_MT(java.lang.Object, java.lang.Object, java.lang.Object, java.lang.Object, java.lang.Object)'> (0x0000000040137c70) 
thrown [src/hotspot/share/interpreter/linkResolver.cpp, line 772]
Event: 2.493 Thread 0x0000740ae402b240 Exception <a 'java/lang/NoSuchMethodError'{0x0000000040ebb4b8}: 'void java.lang.invoke.DirectMethodHandle$Holder.invokeVirtual(java.lang.Object, java.lang.Object, int)'> (0x0000000040ebb4b8) 
thrown [src/hotspot/share/interpreter/linkResolver.cpp, line 772]
Event: 2.494 Thread 0x0000740ae402b240 Exception <a 'java/lang/NoSuchMethodError'{0x0000000040ebfbe0}: 'int java.lang.invoke.DirectMethodHandle$Holder.invokeSpecial(java.lang.Object, java.lang.Object, java.lang.Object, int)'> (0x0000000040ebfbe0) 
thrown [src/hotspot/share/interpreter/linkResolver.cpp, line 772]
Event: 2.495 Thread 0x0000740ae402b240 Exception <a 'java/lang/NoSuchMethodError'{0x0000000040ea29a0}: 'java.lang.Object java.lang.invoke.DirectMethodHandle$Holder.invokeStatic(java.lang.Object, java.lang.Object, java.lang.Object, java.lang.Object, int)'> (0x0000000040ea29a0) 
thrown [src/hotspot/share/interpreter/linkResolver.cpp, line 772]
Event: 2.496 Thread 0x0000740ae402b240 Exception <a 'java/lang/NoSuchMethodError'{0x0000000040e9dbc8}: 'void java.lang.invoke.DelegatingMethodHandle$Holder.reinvoke_L(java.lang.Object, java.lang.Object, int)'> (0x0000000040e9dbc8) 
thrown [src/hotspot/share/interpreter/linkResolver.cpp, line 772]
Event: 2.497 Thread 0x0000740ae402b240 Exception <a 'java/lang/NoSuchMethodError'{0x0000000040e94500}: 'int java.lang.invoke.DirectMethodHandle$Holder.invokeSpecial(java.lang.Object, java.lang.Object, java.lang.Object)'> (0x0000000040e94500) 
thrown [src/hotspot/share/interpreter/linkResolver.cpp, line 772]
Event: 2.565 Thread 0x0000740ae402b240 Exception <a 'java/lang/NoSuchMethodError'{0x00000000413bc670}: 'void java.lang.invoke.DelegatingMethodHandle$Holder.reinvoke_L(java.lang.Object, java.lang.Object, int, int)'> (0x00000000413bc670) 
thrown [src/hotspot/share/interpreter/linkResolver.cpp, line 772]
Event: 2.632 Thread 0x0000740ae45cb220 Exception <a 'java/lang/NoSuchMethodError'{0x0000000040b71ea0}: 'java.lang.Object java.lang.invoke.DirectMethodHandle$Holder.invokeInterface(java.lang.Object, java.lang.Object)'> (0x0000000040b71ea0) 
thrown [src/hotspot/share/interpreter/linkResolver.cpp, line 772]

ZGC Phase Switch (0 events):
No events

VM Operations (20 events):
Event: 3.030 Executing VM operation: ICBufferFull
Event: 3.030 Executing VM operation: ICBufferFull done
Event: 3.037 Executing VM operation: ICBufferFull
Event: 3.037 Executing VM operation: ICBufferFull done
Event: 3.044 Executing VM operation: ICBufferFull
Event: 3.049 Executing VM operation: ICBufferFull done
Event: 3.049 Executing VM operation: ICBufferFull
Event: 3.060 Executing VM operation: ICBufferFull done
Event: 3.191 Executing VM operation: ThirdPartyHeapOperation
Event: 3.208 Executing VM operation: ThirdPartyHeapOperation done
Event: 3.212 Executing VM operation: ThirdPartyHeapOperation
Event: 3.238 Executing VM operation: ThirdPartyHeapOperation done
Event: 3.314 Executing VM operation: ThirdPartyHeapOperation
Event: 3.330 Executing VM operation: ThirdPartyHeapOperation done
Event: 3.333 Executing VM operation: ThirdPartyHeapOperation
Event: 3.363 Executing VM operation: ThirdPartyHeapOperation done
Event: 3.434 Executing VM operation: ThirdPartyHeapOperation
Event: 3.449 Executing VM operation: ThirdPartyHeapOperation done
Event: 3.453 Executing VM operation: ThirdPartyHeapOperation
Event: 3.482 Executing VM operation: ThirdPartyHeapOperation done

Memory protections (20 events):
Event: 2.600 Protecting memory [0x0000675dac6f8000,0x0000675dac6fc000] with protection modes 0
Event: 2.600 Protecting memory [0x0000675dac5f8000,0x0000675dac5fc000] with protection modes 0
Event: 2.600 Protecting memory [0x0000675dac4f8000,0x0000675dac4fc000] with protection modes 0
Event: 2.600 Protecting memory [0x0000675dac3f8000,0x0000675dac3fc000] with protection modes 0
Event: 2.600 Protecting memory [0x0000675dac2f8000,0x0000675dac2fc000] with protection modes 0
Event: 2.600 Protecting memory [0x0000675dac1f8000,0x0000675dac1fc000] with protection modes 0
Event: 2.600 Protecting memory [0x0000675dac0f8000,0x0000675dac0fc000] with protection modes 0
Event: 2.600 Protecting memory [0x0000675c9bf00000,0x0000675c9bf04000] with protection modes 0
Event: 2.600 Protecting memory [0x0000675c9be00000,0x0000675c9be04000] with protection modes 0
Event: 2.600 Protecting memory [0x0000675c9bd00000,0x0000675c9bd04000] with protection modes 0
Event: 2.600 Protecting memory [0x0000675c9bc00000,0x0000675c9bc04000] with protection modes 0
Event: 2.601 Protecting memory [0x0000675c9bb00000,0x0000675c9bb04000] with protection modes 0
Event: 2.601 Protecting memory [0x0000675c9ba00000,0x0000675c9ba04000] with protection modes 0
Event: 2.652 Protecting memory [0x0000675c9b900000,0x0000675c9b904000] with protection modes 0
Event: 2.661 Protecting memory [0x0000675c9b800000,0x0000675c9b804000] with protection modes 0
Event: 2.711 Protecting memory [0x0000675c9b700000,0x0000675c9b704000] with protection modes 0
Event: 2.711 Protecting memory [0x0000675c9b600000,0x0000675c9b604000] with protection modes 0
Event: 2.731 Protecting memory [0x0000675c9b500000,0x0000675c9b504000] with protection modes 0
Event: 2.734 Protecting memory [0x0000675c9b400000,0x0000675c9b404000] with protection modes 0
Event: 2.734 Protecting memory [0x0000675c9b300000,0x0000675c9b304000] with protection modes 0

Nmethod flushes (0 events):
No events

Events (20 events):
Event: 2.599 Thread 0x0000740ae402b240 Thread added: 0x0000740ae45c9c40
Event: 2.600 Thread 0x0000740ae402b240 Thread added: 0x0000740ae45cb220
Event: 2.600 Thread 0x0000740ae402b240 Thread added: 0x0000740ae45cc800
Event: 2.600 Thread 0x0000740ae402b240 Thread added: 0x0000740ae45cdca0
Event: 2.600 Thread 0x0000740ae402b240 Thread added: 0x0000740ae45cf530
Event: 2.600 Thread 0x0000740ae402b240 Thread added: 0x0000740ae45d10b0
Event: 2.600 Thread 0x0000740ae402b240 Thread added: 0x0000740ae45d2940
Event: 2.600 Thread 0x0000740ae402b240 Thread added: 0x0000740ae45d41d0
Event: 2.600 Thread 0x0000740ae402b240 Thread added: 0x0000740ae45d5a60
Event: 2.600 Thread 0x0000740ae402b240 Thread added: 0x0000740ae45d72f0
Event: 2.600 Thread 0x0000740ae402b240 Thread added: 0x0000740ae45d8d00
Event: 2.601 Thread 0x0000740ae402b240 Thread added: 0x0000740ae43d4d90
Event: 2.601 Thread 0x0000740ae402b240 Thread added: 0x0000740ae43d5f10
Event: 2.652 Thread 0x0000675d280354a0 Thread added: 0x0000675d1c0d7b70
Event: 2.661 Thread 0x0000675d1c0d7b70 Thread added: 0x0000675c800028b0
Event: 2.711 Thread 0x0000675d280654b0 Thread added: 0x0000675d0c04f070
Event: 2.711 Thread 0x0000675d280654b0 Thread added: 0x0000675d0c0507c0
Event: 2.731 Thread 0x0000675d0c04f070 Thread added: 0x0000675c78052c30
Event: 2.733 Thread 0x0000675d28068330 Thread added: 0x0000675d041210d0
Event: 2.734 Thread 0x0000675d280654b0 Thread added: 0x0000675d0c09f280


Dynamic libraries:
40000000-40400000 rw-p 00000000 00:00 0                                  [anon:mmtk:space:immix]
40400000-40800000 rw-p 00000000 00:00 0                                  [anon:mmtk:space:los]
40800000-41400000 rw-p 00000000 00:00 0                                  [anon:mmtk:space:immix]
41400000-41800000 rw-p 00000000 00:00 0                                  [anon:mmtk:space:los]
41800000-41c00000 rw-p 00000000 00:00 0                                  [anon:mmtk:space:immix]
41c00000-42000000 rw-p 00000000 00:00 0                                  [anon:mmtk:space:los]
42000000-42800000 rw-p 00000000 00:00 0                                  [anon:mmtk:space:immix]
42800000-42c00000 rw-p 00000000 00:00 0                                  [anon:mmtk:space:los]
42c00000-43000000 rw-p 00000000 00:00 0                                  [anon:mmtk:space:immix]
43000000-43400000 rw-p 00000000 00:00 0                                  [anon:mmtk:space:los]
43400000-43c00000 rw-p 00000000 00:00 0                                  [anon:mmtk:space:immix]
43c00000-44000000 rw-p 00000000 00:00 0                                  [anon:mmtk:space:los]
44000000-44800000 rw-p 00000000 00:00 0                                  [anon:mmtk:space:immix]
44800000-44c00000 rw-p 00000000 00:00 0                                  [anon:mmtk:space:los]
44c00000-45000000 rw-p 00000000 00:00 0                                  [anon:mmtk:space:immix]
45000000-45400000 rw-p 00000000 00:00 0                                  [anon:mmtk:space:los]
45400000-45c00000 rw-p 00000000 00:00 0                                  [anon:mmtk:space:immix]
45c00000-46000000 rw-p 00000000 00:00 0                                  [anon:mmtk:space:los]
46000000-46800000 rw-p 00000000 00:00 0                                  [anon:mmtk:space:immix]
46800000-46c00000 rw-p 00000000 00:00 0                                  [anon:mmtk:space:los]
46c00000-47000000 rw-p 00000000 00:00 0                                  [anon:mmtk:space:immix]
47000000-47400000 rw-p 00000000 00:00 0                                  [anon:mmtk:space:los]
47400000-47800000 rw-p 00000000 00:00 0                                  [anon:mmtk:space:immix]
47800000-47c00000 rw-p 00000000 00:00 0                                  [anon:mmtk:space:los]
47c00000-48000000 rw-p 00000000 00:00 0                                  [anon:mmtk:space:immix]
48000000-48400000 rw-p 00000000 00:00 0                                  [anon:mmtk:space:los]
48400000-48c00000 rw-p 00000000 00:00 0                                  [anon:mmtk:space:immix]
48c00000-49000000 rw-p 00000000 00:00 0                                  [anon:mmtk:space:los]
49000000-49800000 rw-p 00000000 00:00 0                                  [anon:mmtk:space:immix]
49800000-49c00000 rw-p 00000000 00:00 0                                  [anon:mmtk:space:los]
49c00000-4a400000 rw-p 00000000 00:00 0                                  [anon:mmtk:space:immix]
4a400000-4a800000 rw-p 00000000 00:00 0                                  [anon:mmtk:space:los]
4a800000-4ac00000 rw-p 00000000 00:00 0                                  [anon:mmtk:space:immix]
4ac00000-4b000000 rw-p 00000000 00:00 0                                  [anon:mmtk:space:los]
4b000000-4b800000 rw-p 00000000 00:00 0                                  [anon:mmtk:space:immix]
4b800000-4bc00000 rw-p 00000000 00:00 0                                  [anon:mmtk:space:los]
4bc00000-4c400000 rw-p 00000000 00:00 0                                  [anon:mmtk:space:immix]
4c400000-4c800000 rw-p 00000000 00:00 0                                  [anon:mmtk:space:los]
4c800000-4cc00000 rw-p 00000000 00:00 0                                  [anon:mmtk:space:immix]
4cc00000-4d000000 rw-p 00000000 00:00 0                                  [anon:mmtk:space:los]
4d000000-4d400000 rw-p 00000000 00:00 0                                  [anon:mmtk:space:immix]
4d400000-4d800000 rw-p 00000000 00:00 0                                  [anon:mmtk:space:los]
4d800000-4e000000 rw-p 00000000 00:00 0                                  [anon:mmtk:space:immix]
4e000000-4e400000 rw-p 00000000 00:00 0                                  [anon:mmtk:space:los]
4e400000-4e800000 rw-p 00000000 00:00 0                                  [anon:mmtk:space:immix]
4e800000-4ec00000 rw-p 00000000 00:00 0                                  [anon:mmtk:space:los]
4ec00000-4f400000 rw-p 00000000 00:00 0                                  [anon:mmtk:space:immix]
4f400000-4f800000 rw-p 00000000 00:00 0                                  [anon:mmtk:space:los]
4f800000-50000000 rw-p 00000000 00:00 0                                  [anon:mmtk:space:immix]
50000000-50400000 rw-p 00000000 00:00 0                                  [anon:mmtk:space:los]
50400000-50800000 rw-p 00000000 00:00 0                                  [anon:mmtk:space:immix]
50800000-51000000 rw-p 00000000 00:00 0                                  [anon:mmtk:space:los]
51000000-51800000 rw-p 00000000 00:00 0                                  [anon:mmtk:space:immix]
51800000-51c00000 rw-p 00000000 00:00 0                                  [anon:mmtk:space:los]
51c00000-52000000 rw-p 00000000 00:00 0                                  [anon:mmtk:space:immix]
52000000-52400000 rw-p 00000000 00:00 0                                  [anon:mmtk:space:los]
52400000-52800000 rw-p 00000000 00:00 0                                  [anon:mmtk:space:immix]
52800000-52c00000 rw-p 00000000 00:00 0                                  [anon:mmtk:space:los]
52c00000-53000000 rw-p 00000000 00:00 0                                  [anon:mmtk:space:immix]
200000000000-2000c00c0000 rw-s 00000000 00:10 68                         anon_inode:bpf-map
60fac6aa7000-60fac6aa8000 r--p 00000000 fc:00 49676352                   /mydata/openjdk-mmtk/build/b0test/images/jdk/bin/java
60fac6aa8000-60fac6aa9000 r-xp 00001000 fc:00 49676352                   /mydata/openjdk-mmtk/build/b0test/images/jdk/bin/java
60fac6aa9000-60fac6aaa000 r--p 00002000 fc:00 49676352                   /mydata/openjdk-mmtk/build/b0test/images/jdk/bin/java
60fac6aaa000-60fac6aab000 r--p 00002000 fc:00 49676352                   /mydata/openjdk-mmtk/build/b0test/images/jdk/bin/java
60fac6aab000-60fac6aac000 rw-p 00003000 fc:00 49676352                   /mydata/openjdk-mmtk/build/b0test/images/jdk/bin/java
60faf32b8000-60faf3300000 rw-p 00000000 00:00 0                          [heap]
675c64000000-675c64934000 rw-p 00000000 00:00 0 
675c64934000-675c68000000 ---p 00000000 00:00 0 
675c68000000-675c68e51000 rw-p 00000000 00:00 0 
675c68e51000-675c6c000000 ---p 00000000 00:00 0 
675c6c000000-675c6c995000 rw-p 00000000 00:00 0 
675c6c995000-675c70000000 ---p 00000000 00:00 0 
675c70000000-675c7094a000 rw-p 00000000 00:00 0 
675c7094a000-675c74000000 ---p 00000000 00:00 0 
675c74000000-675c74ac8000 rw-p 00000000 00:00 0 
675c74ac8000-675c78000000 ---p 00000000 00:00 0 
675c78000000-675c789dc000 rw-p 00000000 00:00 0 
675c789dc000-675c7c000000 ---p 00000000 00:00 0 
675c7c000000-675c7c021000 rw-p 00000000 00:00 0 
675c7c021000-675c80000000 ---p 00000000 00:00 0 
675c80000000-675c80be8000 rw-p 00000000 00:00 0 
675c80be8000-675c84000000 ---p 00000000 00:00 0 
675c84000000-675c84047000 rw-p 00000000 00:00 0 
675c84047000-675c88000000 ---p 00000000 00:00 0 
675c88000000-675c88025000 rw-p 00000000 00:00 0 
675c88025000-675c8c000000 ---p 00000000 00:00 0 
675c8c000000-675c8c021000 rw-p 00000000 00:00 0 
675c8c021000-675c90000000 ---p 00000000 00:00 0 
675c90000000-675c90021000 rw-p 00000000 00:00 0 
675c90021000-675c94000000 ---p 00000000 00:00 0 
675c94000000-675c94021000 rw-p 00000000 00:00 0 
675c94021000-675c98000000 ---p 00000000 00:00 0 
675c9b300000-675c9b304000 ---p 00000000 00:00 0 
675c9b304000-675c9b400000 rw-p 00000000 00:00 0 
675c9b400000-675c9b404000 ---p 00000000 00:00 0 
675c9b404000-675c9b500000 rw-p 00000000 00:00 0 
675c9b500000-675c9b504000 ---p 00000000 00:00 0 
675c9b504000-675c9b600000 rw-p 00000000 00:00 0 
675c9b600000-675c9b604000 ---p 00000000 00:00 0 
675c9b604000-675c9b700000 rw-p 00000000 00:00 0 
675c9b700000-675c9b704000 ---p 00000000 00:00 0 
675c9b704000-675c9b800000 rw-p 00000000 00:00 0 
675c9b800000-675c9b804000 ---p 00000000 00:00 0 
675c9b804000-675c9b900000 rw-p 00000000 00:00 0 
675c9b900000-675c9b904000 ---p 00000000 00:00 0 
675c9b904000-675c9ba00000 rw-p 00000000 00:00 0 
675c9ba00000-675c9ba04000 ---p 00000000 00:00 0 
675c9ba04000-675c9bb00000 rw-p 00000000 00:00 0 
675c9bb00000-675c9bb04000 ---p 00000000 00:00 0 
675c9bb04000-675c9bc00000 rw-p 00000000 00:00 0 
675c9bc00000-675c9bc04000 ---p 00000000 00:00 0 
675c9bc04000-675c9bd00000 rw-p 00000000 00:00 0 
675c9bd00000-675c9bd04000 ---p 00000000 00:00 0 
675c9bd04000-675c9be00000 rw-p 00000000 00:00 0 
675c9be00000-675c9be04000 ---p 00000000 00:00 0 
675c9be04000-675c9bf00000 rw-p 00000000 00:00 0 
675c9bf00000-675c9bf04000 ---p 00000000 00:00 0 
675c9bf04000-675c9c000000 rw-p 00000000 00:00 0 
675c9c000000-675c9c031000 rw-p 00000000 00:00 0 
675c9c031000-675ca0000000 ---p 00000000 00:00 0 
675ca0000000-675ca0031000 rw-p 00000000 00:00 0 
675ca0031000-675ca4000000 ---p 00000000 00:00 0 
675ca4000000-675ca4021000 rw-p 00000000 00:00 0 
675ca4021000-675ca8000000 ---p 00000000 00:00 0 
675ca8000000-675ca8021000 rw-p 00000000 00:00 0 
675ca8021000-675cac000000 ---p 00000000 00:00 0 
675cac000000-675cac021000 rw-p 00000000 00:00 0 
675cac021000-675cb0000000 ---p 00000000 00:00 0 
675cb0000000-675cb094a000 rw-p 00000000 00:00 0 
675cb094a000-675cb4000000 ---p 00000000 00:00 0 
675cb4000000-675cb4021000 rw-p 00000000 00:00 0 
675cb4021000-675cb8000000 ---p 00000000 00:00 0 
675cb8000000-675cb8024000 rw-p 00000000 00:00 0 
675cb8024000-675cbc000000 ---p 00000000 00:00 0 
675cbc000000-675cbc021000 rw-p 00000000 00:00 0 
675cbc021000-675cc0000000 ---p 00000000 00:00 0 
675cc0000000-675cc0035000 rw-p 00000000 00:00 0 
675cc0035000-675cc4000000 ---p 00000000 00:00 0 
675cc4000000-675cc4021000 rw-p 00000000 00:00 0 
675cc4021000-675cc8000000 ---p 00000000 00:00 0 
675cc8000000-675cc8036000 rw-p 00000000 00:00 0 
675cc8036000-675ccc000000 ---p 00000000 00:00 0 
675ccc000000-675ccc021000 rw-p 00000000 00:00 0 
675ccc021000-675cd0000000 ---p 00000000 00:00 0 
675cd0000000-675cd002d000 rw-p 00000000 00:00 0 
675cd002d000-675cd4000000 ---p 00000000 00:00 0 
675cd4000000-675cd4021000 rw-p 00000000 00:00 0 
675cd4021000-675cd8000000 ---p 00000000 00:00 0 
675cd8000000-675cd8041000 rw-p 00000000 00:00 0 
675cd8041000-675cdc000000 ---p 00000000 00:00 0 
675cdc000000-675cdc05c000 rw-p 00000000 00:00 0 
675cdc05c000-675ce0000000 ---p 00000000 00:00 0 
675ce0000000-675ce0067000 rw-p 00000000 00:00 0 
675ce0067000-675ce4000000 ---p 00000000 00:00 0 
675ce4000000-675ce4021000 rw-p 00000000 00:00 0 
675ce4021000-675ce8000000 ---p 00000000 00:00 0 
675ce8000000-675ce8021000 rw-p 00000000 00:00 0 
675ce8021000-675cec000000 ---p 00000000 00:00 0 
675cec000000-675cec021000 rw-p 00000000 00:00 0 
675cec021000-675cf0000000 ---p 00000000 00:00 0 
675cf0000000-675cf004b000 rw-p 00000000 00:00 0 
675cf004b000-675cf4000000 ---p 00000000 00:00 0 
675cf4000000-675cf4022000 rw-p 00000000 00:00 0 
675cf4022000-675cf8000000 ---p 00000000 00:00 0 
675cf8000000-675cf8021000 rw-p 00000000 00:00 0 
675cf8021000-675cfc000000 ---p 00000000 00:00 0 
675cfc000000-675cfc021000 rw-p 00000000 00:00 0 
675cfc021000-675d00000000 ---p 00000000 00:00 0 
675d00000000-675d00030000 rw-p 00000000 00:00 0 
675d00030000-675d04000000 ---p 00000000 00:00 0 
675d04000000-675d0436a000 rw-p 00000000 00:00 0 
675d0436a000-675d08000000 ---p 00000000 00:00 0 
675d08000000-675d093a7000 rw-p 00000000 00:00 0 
675d093a7000-675d0c000000 ---p 00000000 00:00 0 
675d0c000000-675d0c28a000 rw-p 00000000 00:00 0 
675d0c28a000-675d10000000 ---p 00000000 00:00 0 
675d10000000-675d10268000 rw-p 00000000 00:00 0 
675d10268000-675d14000000 ---p 00000000 00:00 0 
675d14000000-675d14021000 rw-p 00000000 00:00 0 
675d14021000-675d18000000 ---p 00000000 00:00 0 
675d18000000-675d18e0d000 rw-p 00000000 00:00 0 
675d18e0d000-675d1c000000 ---p 00000000 00:00 0 
675d1c000000-675d1c47c000 rw-p 00000000 00:00 0 
675d1c47c000-675d20000000 ---p 00000000 00:00 0 
675d20000000-675d20021000 rw-p 00000000 00:00 0 
675d20021000-675d24000000 ---p 00000000 00:00 0 
675d24000000-675d25376000 rw-p 00000000 00:00 0 
675d25376000-675d28000000 ---p 00000000 00:00 0 
675d28000000-675d282f9000 rw-p 00000000 00:00 0 
675d282f9000-675d2c000000 ---p 00000000 00:00 0 
675d2c000000-675d2c021000 rw-p 00000000 00:00 0 
675d2c021000-675d30000000 ---p 00000000 00:00 0 
675d30000000-675d30021000 rw-p 00000000 00:00 0 
675d30021000-675d34000000 ---p 00000000 00:00 0 
675d34000000-675d34032000 rw-p 00000000 00:00 0 
675d34032000-675d38000000 ---p 00000000 00:00 0 
675d38000000-675d38021000 rw-p 00000000 00:00 0 
675d38021000-675d3c000000 ---p 00000000 00:00 0 
675d3c000000-675d3c036000 rw-p 00000000 00:00 0 
675d3c036000-675d40000000 ---p 00000000 00:00 0 
675d40000000-675d40034000 rw-p 00000000 00:00 0 
675d40034000-675d44000000 ---p 00000000 00:00 0 
675d44000000-675d4403b000 rw-p 00000000 00:00 0 
675d4403b000-675d48000000 ---p 00000000 00:00 0 
675d48000000-675d4803a000 rw-p 00000000 00:00 0 
675d4803a000-675d4c000000 ---p 00000000 00:00 0 
675d4c000000-675d4c033000 rw-p 00000000 00:00 0 
675d4c033000-675d50000000 ---p 00000000 00:00 0 
675d50000000-675d50032000 rw-p 00000000 00:00 0 
675d50032000-675d54000000 ---p 00000000 00:00 0 
675d54000000-675d5402a000 rw-p 00000000 00:00 0 
675d5402a000-675d58000000 ---p 00000000 00:00 0 
675d58000000-675d5803b000 rw-p 00000000 00:00 0 
675d5803b000-675d5c000000 ---p 00000000 00:00 0 
675d5c000000-675d5c038000 rw-p 00000000 00:00 0 
675d5c038000-675d60000000 ---p 00000000 00:00 0 
675d60000000-675d60046000 rw-p 00000000 00:00 0 
675d60046000-675d64000000 ---p 00000000 00:00 0 
675d64000000-675d64313000 rw-p 00000000 00:00 0 
675d64313000-675d68000000 ---p 00000000 00:00 0 
675d68000000-675d68033000 rw-p 00000000 00:00 0 
675d68033000-675d6c000000 ---p 00000000 00:00 0 
675d6c000000-675d6c03b000 rw-p 00000000 00:00 0 
675d6c03b000-675d70000000 ---p 00000000 00:00 0 
675d70000000-675d70033000 rw-p 00000000 00:00 0 
675d70033000-675d74000000 ---p 00000000 00:00 0 
675d74000000-675d7403b000 rw-p 00000000 00:00 0 
675d7403b000-675d78000000 ---p 00000000 00:00 0 
675d78000000-675d78053000 rw-p 00000000 00:00 0 
675d78053000-675d7c000000 ---p 00000000 00:00 0 
675d7c000000-675d7c042000 rw-p 00000000 00:00 0 
675d7c042000-675d80000000 ---p 00000000 00:00 0 
675d80000000-675d8030a000 rw-p 00000000 00:00 0 
675d8030a000-675d84000000 ---p 00000000 00:00 0 
675d84000000-675d84032000 rw-p 00000000 00:00 0 
675d84032000-675d88000000 ---p 00000000 00:00 0 
675d88000000-675d8802b000 rw-p 00000000 00:00 0 
675d8802b000-675d8c000000 ---p 00000000 00:00 0 
675d8c000000-675d8c023000 rw-p 00000000 00:00 0 
675d8c023000-675d90000000 ---p 00000000 00:00 0 
675d90000000-675d90033000 rw-p 00000000 00:00 0 
675d90033000-675d94000000 ---p 00000000 00:00 0 
675d94000000-675d94021000 rw-p 00000000 00:00 0 
675d94021000-675d98000000 ---p 00000000 00:00 0 
675d98000000-675d98021000 rw-p 00000000 00:00 0 
675d98021000-675d9c000000 ---p 00000000 00:00 0 
675d9c000000-675d9c021000 rw-p 00000000 00:00 0 
675d9c021000-675da0000000 ---p 00000000 00:00 0 
675da0000000-675da0021000 rw-p 00000000 00:00 0 
675da0021000-675da4000000 ---p 00000000 00:00 0 
675da4000000-675da4280000 rw-p 00000000 00:00 0 
675da4280000-675da4400000 ---p 00000000 00:00 0 
675da4400000-675da48c0000 rw-p 00000000 00:00 0 
675da48c0000-675da8000000 ---p 00000000 00:00 0 
675da8000000-675da8021000 rw-p 00000000 00:00 0 
675da8021000-675dac000000 ---p 00000000 00:00 0 
675dac0f8000-675dac0fc000 ---p 00000000 00:00 0 
675dac0fc000-675dac1f8000 rw-p 00000000 00:00 0 
675dac1f8000-675dac1fc000 ---p 00000000 00:00 0 
675dac1fc000-675dac2f8000 rw-p 00000000 00:00 0 
675dac2f8000-675dac2fc000 ---p 00000000 00:00 0 
675dac2fc000-675dac3f8000 rw-p 00000000 00:00 0 
675dac3f8000-675dac3fc000 ---p 00000000 00:00 0 
675dac3fc000-675dac4f8000 rw-p 00000000 00:00 0 
675dac4f8000-675dac4fc000 ---p 00000000 00:00 0 
675dac4fc000-675dac5f8000 rw-p 00000000 00:00 0 
675dac5f8000-675dac5fc000 ---p 00000000 00:00 0 
675dac5fc000-675dac6f8000 rw-p 00000000 00:00 0 
675dac6f8000-675dac6fc000 ---p 00000000 00:00 0 
675dac6fc000-675dac7f8000 rw-p 00000000 00:00 0 
675dac7f8000-675dac7fc000 ---p 00000000 00:00 0 
675dac7fc000-675dac8f8000 rw-p 00000000 00:00 0 
675dac8f8000-675dac8fc000 ---p 00000000 00:00 0 
675dac8fc000-675dac9f8000 rw-p 00000000 00:00 0 
675dac9f8000-675dac9fc000 ---p 00000000 00:00 0 
675dac9fc000-675dacaf8000 rw-p 00000000 00:00 0 
675dacaf8000-675dacafc000 ---p 00000000 00:00 0 
675dacafc000-675dacbf8000 rw-p 00000000 00:00 0 
675dacbf8000-675dacbfc000 ---p 00000000 00:00 0 
675dacbfc000-675daccf8000 rw-p 00000000 00:00 0 
675daccf8000-675daccfc000 ---p 00000000 00:00 0 
675daccfc000-675dacdf8000 rw-p 00000000 00:00 0 
675dacdf8000-675dacdfc000 ---p 00000000 00:00 0 
675dacdfc000-675dacef8000 rw-p 00000000 00:00 0 
675dacef8000-675dacefc000 ---p 00000000 00:00 0 
675dacefc000-675dacff8000 rw-p 00000000 00:00 0 
675dacff8000-675dacffc000 ---p 00000000 00:00 0 
675dacffc000-675dad0f8000 rw-p 00000000 00:00 0 
675dad0f8000-675dad0fc000 ---p 00000000 00:00 0 
675dad0fc000-675dad1f8000 rw-p 00000000 00:00 0 
675dad1f8000-675dad1fc000 ---p 00000000 00:00 0 
675dad1fc000-675dad2f8000 rw-p 00000000 00:00 0 
675dad2f8000-675dad2fc000 ---p 00000000 00:00 0 
675dad2fc000-675dad3f8000 rw-p 00000000 00:00 0 
675dad3f8000-675dad3fc000 ---p 00000000 00:00 0 
675dad3fc000-675dad4f8000 rw-p 00000000 00:00 0 
675dad4f8000-675dad4fc000 ---p 00000000 00:00 0 
675dad4fc000-675dad5f8000 rw-p 00000000 00:00 0 
675dad5f8000-675dad5fc000 ---p 00000000 00:00 0 
675dad5fc000-675dad6f8000 rw-p 00000000 00:00 0 
675dad6f8000-675dad6fc000 ---p 00000000 00:00 0 
675dad6fc000-675dad7f8000 rw-p 00000000 00:00 0 
675dad7f8000-675dad7fc000 ---p 00000000 00:00 0 
675dad7fc000-675dad8f8000 rw-p 00000000 00:00 0 
675dad8f8000-675dad8fc000 ---p 00000000 00:00 0 
675dad8fc000-675dad9f8000 rw-p 00000000 00:00 0 
675dad9f8000-675dad9fc000 ---p 00000000 00:00 0 
675dad9fc000-675dadaf8000 rw-p 00000000 00:00 0 
675dadaf8000-675dadafc000 ---p 00000000 00:00 0 
675dadafc000-675dadbf8000 rw-p 00000000 00:00 0 
675dadbf8000-675dadbfc000 ---p 00000000 00:00 0 
675dadbfc000-675dadcf8000 rw-p 00000000 00:00 0 
675dadcf8000-675dadcfc000 ---p 00000000 00:00 0 
675dadcfc000-675daddf8000 rw-p 00000000 00:00 0 
675daddf8000-675daddfc000 ---p 00000000 00:00 0 
675daddfc000-675dadef8000 rw-p 00000000 00:00 0 
675dadef8000-675dadefc000 ---p 00000000 00:00 0 
675dadefc000-675dadff8000 rw-p 00000000 00:00 0 
675dadff8000-675dadffc000 ---p 00000000 00:00 0 
675dadffc000-675dae0f8000 rw-p 00000000 00:00 0 
675dae0f8000-675dae0fc000 ---p 00000000 00:00 0 
675dae0fc000-675dae1f8000 rw-p 00000000 00:00 0 
675dae1f8000-675dae1fc000 ---p 00000000 00:00 0 
675dae1fc000-675dae2f8000 rw-p 00000000 00:00 0 
675dae2f8000-675dae2fc000 ---p 00000000 00:00 0 
675dae2fc000-675dae3f8000 rw-p 00000000 00:00 0 
675dae3f8000-675dae3fc000 ---p 00000000 00:00 0 
675dae3fc000-675dae4f8000 rw-p 00000000 00:00 0 
675dae4f8000-675dae4fc000 ---p 00000000 00:00 0 
675dae4fc000-675dae5f8000 rw-p 00000000 00:00 0 
675dae5f8000-675dae5fc000 ---p 00000000 00:00 0 
675dae5fc000-675dae6f8000 rw-p 00000000 00:00 0 
675dae6f8000-675dae6fc000 ---p 00000000 00:00 0 
675dae6fc000-675dae7f8000 rw-p 00000000 00:00 0 
675dae7f8000-675dae7f9000 ---p 00000000 00:00 0 
675dae7f9000-675dae8f9000 rw-p 00000000 00:00 0 
675dae8f9000-675dae8fa000 ---p 00000000 00:00 0 
675dae8fa000-675dae9fa000 rw-p 00000000 00:00 0 
675dae9fa000-675dae9fb000 ---p 00000000 00:00 0 
675dae9fb000-675daeafb000 rw-p 00000000 00:00 0 
675daeafb000-675daeafc000 ---p 00000000 00:00 0 
675daeafc000-675daebfc000 rw-p 00000000 00:00 0 
675daebfc000-675daebfd000 ---p 00000000 00:00 0 
675daebfd000-675daecfd000 rw-p 00000000 00:00 0 
675daecfd000-675daecfe000 ---p 00000000 00:00 0 
675daecfe000-675daedfe000 rw-p 00000000 00:00 0 
675daedfe000-675daedff000 ---p 00000000 00:00 0 
675daedff000-675daeeff000 rw-p 00000000 00:00 0 
675daeeff000-675daef00000 ---p 00000000 00:00 0 
675daef00000-675daf000000 rw-p 00000000 00:00 0 
675daf000000-675dafca3000 rw-p 00001000 fc:00 49677059                   /mydata/openjdk-mmtk/build/b0test/images/jdk/lib/server/classes.jsa
675dafca3000-675db0000000 ---p 00000000 00:00 0 
675db0000000-675db0040000 rw-p 00000000 00:00 0 
675db0040000-675db0110000 rw-p 00000000 00:00 0 
675db0110000-675df0000000 ---p 00000000 00:00 0 
675df0000000-675df0021000 rw-p 00000000 00:00 0 
675df0021000-675df4000000 ---p 00000000 00:00 0 
675df40f3000-675df40f4000 ---p 00000000 00:00 0 
675df40f4000-675df41f4000 rw-p 00000000 00:00 0 
675df41f4000-675df41f5000 ---p 00000000 00:00 0 
675df41f5000-675df42f5000 rw-p 00000000 00:00 0 
675df42f5000-675df42f6000 ---p 00000000 00:00 0 
675df42f6000-675df43f6000 rw-p 00000000 00:00 0 
675df43f6000-675df43f7000 ---p 00000000 00:00 0 
675df43f7000-675df44f7000 rw-p 00000000 00:00 0 
675df44f7000-675df44f8000 ---p 00000000 00:00 0 
675df44f8000-675df45f8000 rw-p 00000000 00:00 0 
675df45f8000-675df45f9000 ---p 00000000 00:00 0 
675df45f9000-675df46f9000 rw-p 00000000 00:00 0 
675df46f9000-675df46fa000 ---p 00000000 00:00 0 
675df46fa000-675df47fa000 rw-p 00000000 00:00 0 
675df47fa000-675df47fb000 ---p 00000000 00:00 0 
675df47fb000-675df48fb000 rw-p 00000000 00:00 0 
675df48fb000-675df48fc000 ---p 00000000 00:00 0 
675df48fc000-675df49fc000 rw-p 00000000 00:00 0 
675df49fc000-675df49fd000 ---p 00000000 00:00 0 
675df49fd000-675df4afd000 rw-p 00000000 00:00 0 
675df4afd000-675df4afe000 ---p 00000000 00:00 0 
675df4afe000-675df4bfe000 rw-p 00000000 00:00 0 
675df4bfe000-675df4bff000 ---p 00000000 00:00 0 
675df4bff000-675df4cff000 rw-p 00000000 00:00 0 
675df4cff000-675df4d00000 ---p 00000000 00:00 0 
675df4d00000-675df4e00000 rw-p 00000000 00:00 0 
675df4e00000-675df50eb000 r--p 00000000 08:03 1410552                    /usr/lib/locale/locale-archive
675df50ff000-675df5100000 ---p 00000000 00:00 0 
675df5100000-675df5200000 rw-p 00000000 00:00 0 
675df5200000-675df8200000 rw-p 00000000 00:00 0 
675df82fb000-675df82fc000 ---p 00000000 00:00 0 
675df82fc000-675df83fc000 rw-p 00000000 00:00 0 
675df83fc000-675e28400000 rw-p 00000000 00:00 0 
675e28400000-675e29400000 ---p 00000000 00:00 0                          [anon:mmtk:sidemeta:all:all-quarantined]
675e29400000-675e29800000 rw-p 00000000 00:00 0                          [anon:mmtk:sidemeta:immix:VO_BIT]
675e29800000-675e29c00000 rw-p 00000000 00:00 0                          [anon:mmtk:sidemeta:los:VO_BIT]
675e29c00000-695e2a400000 ---p 00000000 00:00 0                          [anon:mmtk:sidemeta:all:all-quarantined]
695e2a400000-695e2a800000 rw-p 00000000 00:00 0                          [anon:mmtk:sidemeta:immix:CHUNK_MARK]
695e2a800000-695e2d400000 ---p 00000000 00:00 0                          [anon:mmtk:sidemeta:all:all-quarantined]
695e2d400000-695e2d800000 rw-p 00000000 00:00 0                          [anon:mmtk:sidemeta:immix:VMGlobalLogBitSpec]
695e2d800000-695e2dc00000 rw-p 00000000 00:00 0                          [anon:mmtk:sidemeta:los:VMGlobalLogBitSpec]
695e2dc00000-6b662c800000 ---p 00000000 00:00 0                          [anon:mmtk:sidemeta:all:all-quarantined]
6b662c800000-6b662cc00000 rw-p 00000000 00:00 0                          [anon:mmtk:sidemeta:immix:IX_LINE_MARK]
6b662cc00000-6be62c400000 ---p 00000000 00:00 0                          [anon:mmtk:sidemeta:all:all-quarantined]
6be62c400000-6be62c800000 rw-p 00000000 00:00 0                          [anon:mmtk:sidemeta:immix:IX_BLOCK_DEFRAG]
6be62c800000-6be72c400000 ---p 00000000 00:00 0                          [anon:mmtk:sidemeta:all:all-quarantined]
6be72c400000-6be72c800000 rw-p 00000000 00:00 0                          [anon:mmtk:sidemeta:immix:IX_BLOCK_MARK]
6be72c800000-7208ac400000 ---p 00000000 00:00 0                          [anon:mmtk:sidemeta:all:all-quarantined]
7208ac400000-7208ac800000 rw-p 00000000 00:00 0                          [anon:mmtk:sidemeta:los:VMLocalLOSMarkNurserySpec]
7208ac800000-720aad400000 ---p 00000000 00:00 0                          [anon:mmtk:sidemeta:all:all-quarantined]
720aad400000-720aadc00000 rw-p 00000000 00:00 0                          [anon:mmtk:sidemeta:immix:VMLocalMarkBitSpec]
720aadc00000-740aac400000 ---p 00000000 00:00 0                          [anon:mmtk:sidemeta:all:all-quarantined]
740aac42e000-740aac433000 r--p 00000000 fc:00 49676433                   /mydata/openjdk-mmtk/build/b0test/images/jdk/lib/libjsvml.so
740aac433000-740aac474000 r-xp 00005000 fc:00 49676433                   /mydata/openjdk-mmtk/build/b0test/images/jdk/lib/libjsvml.so
740aac474000-740aac4fd000 r--p 00046000 fc:00 49676433                   /mydata/openjdk-mmtk/build/b0test/images/jdk/lib/libjsvml.so
740aac4fd000-740aac4fe000 r--p 000ce000 fc:00 49676433                   /mydata/openjdk-mmtk/build/b0test/images/jdk/lib/libjsvml.so
740aac4fe000-740aac4ff000 rw-p 000cf000 fc:00 49676433                   /mydata/openjdk-mmtk/build/b0test/images/jdk/lib/libjsvml.so
740aac4ff000-740aac503000 ---p 00000000 00:00 0 
740aac503000-740aac5ff000 rw-p 00000000 00:00 0 
740aac5ff000-740aac603000 ---p 00000000 00:00 0 
740aac603000-740aac6ff000 rw-p 00000000 00:00 0 
740aac6ff000-740aac703000 ---p 00000000 00:00 0 
740aac703000-740aac7ff000 rw-p 00000000 00:00 0 
740aac7ff000-740acc800000 rw-p 00000000 00:00 0 
740acc800000-740accef0000 rwxp 00000000 00:00 0 
740accef0000-740ad3c17000 ---p 00000000 00:00 0 
740ad3c17000-740ad3fa7000 rwxp 00000000 00:00 0 
740ad3fa7000-740ad43e8000 ---p 00000000 00:00 0 
740ad43e8000-740ad46c8000 rwxp 00000000 00:00 0 
740ad46c8000-740adb800000 ---p 00000000 00:00 0 
740adb800000-740ae3fa0000 r--s 00000000 fc:00 49676300                   /mydata/openjdk-mmtk/build/b0test/images/jdk/lib/modules
740ae4000000-740ae47ea000 rw-p 00000000 00:00 0 
740ae47ea000-740ae8000000 ---p 00000000 00:00 0 
740ae8042000-740ae8043000 ---p 00000000 00:00 0 
740ae8043000-740ae8143000 rw-p 00000000 00:00 0 
740ae8143000-740ae8144000 ---p 00000000 00:00 0 
740ae8144000-740ae8244000 rw-p 00000000 00:00 0 
740ae8244000-740ae8245000 ---p 00000000 00:00 0 
740ae8245000-740ae8345000 rw-p 00000000 00:00 0 
740ae8345000-740ae8946000 rw-p 00000000 00:00 0 
740ae8946000-740ae894a000 r--p 00000000 08:03 1410107                    /usr/lib/x86_64-linux-gnu/libzstd.so.1.5.5
740ae894a000-740ae89f1000 r-xp 00004000 08:03 1410107                    /usr/lib/x86_64-linux-gnu/libzstd.so.1.5.5
740ae89f1000-740ae89fe000 r--p 000ab000 08:03 1410107                    /usr/lib/x86_64-linux-gnu/libzstd.so.1.5.5
740ae89fe000-740ae89ff000 r--p 000b7000 08:03 1410107                    /usr/lib/x86_64-linux-gnu/libzstd.so.1.5.5
740ae89ff000-740ae8a00000 rw-p 000b8000 08:03 1410107                    /usr/lib/x86_64-linux-gnu/libzstd.so.1.5.5
740ae8a00000-740ae8a0c000 r--p 00000000 fc:00 13107796                   /mydata/gc-bpf-fault/shim/libgcbpf.so
740ae8a0c000-740ae8a6e000 r-xp 0000c000 fc:00 13107796                   /mydata/gc-bpf-fault/shim/libgcbpf.so
740ae8a6e000-740ae8cde000 r--p 0006e000 fc:00 13107796                   /mydata/gc-bpf-fault/shim/libgcbpf.so
740ae8cde000-740ae8ce0000 r--p 002de000 fc:00 13107796                   /mydata/gc-bpf-fault/shim/libgcbpf.so
740ae8ce0000-740ae8ce1000 rw-p 002e0000 fc:00 13107796                   /mydata/gc-bpf-fault/shim/libgcbpf.so
740ae8ce1000-740ae8ce2000 rw-p 00000000 00:00 0 
740ae8d17000-740ae8d1d000 rw-p 00000000 00:00 0 
740ae8d1d000-740ae8e00000 ---p 00000000 00:00 0 
740ae8e00000-740ae8f48000 r--p 00000000 fc:00 49676390                   /mydata/openjdk-mmtk/build/b0test/images/jdk/lib/server/libmmtk_openjdk.so
740ae8f48000-740ae91c6000 r-xp 00147000 fc:00 49676390                   /mydata/openjdk-mmtk/build/b0test/images/jdk/lib/server/libmmtk_openjdk.so
740ae91c6000-740ae9207000 r--p 003c4000 fc:00 49676390                   /mydata/openjdk-mmtk/build/b0test/images/jdk/lib/server/libmmtk_openjdk.so
740ae9207000-740ae920a000 rw-p 00404000 fc:00 49676390                   /mydata/openjdk-mmtk/build/b0test/images/jdk/lib/server/libmmtk_openjdk.so
740ae920a000-740ae920c000 rw-p 00000000 00:00 0 
740ae9217000-740ae9225000 rw-p 00000000 00:00 0 
740ae9225000-740ae9300000 ---p 00000000 00:00 0 
740ae9300000-740ae9304000 ---p 00000000 00:00 0 
740ae9304000-740ae9400000 rw-p 00000000 00:00 0 
740ae9400000-740ae96a9000 r--p 00000000 fc:00 49676389                   /mydata/openjdk-mmtk/build/b0test/images/jdk/lib/server/libjvm.so
740ae96a9000-740aea53c000 r-xp 002a9000 fc:00 49676389                   /mydata/openjdk-mmtk/build/b0test/images/jdk/lib/server/libjvm.so
740aea53c000-740aea820000 r--p 0113c000 fc:00 49676389                   /mydata/openjdk-mmtk/build/b0test/images/jdk/lib/server/libjvm.so
740aea820000-740aea8f6000 r--p 0141f000 fc:00 49676389                   /mydata/openjdk-mmtk/build/b0test/images/jdk/lib/server/libjvm.so
740aea8f6000-740aea926000 rw-p 014f5000 fc:00 49676389                   /mydata/openjdk-mmtk/build/b0test/images/jdk/lib/server/libjvm.so
740aea926000-740aea98c000 rw-p 00000000 00:00 0 
740aea9d6000-740aea9da000 r--p 00000000 fc:00 49676379                   /mydata/openjdk-mmtk/build/b0test/images/jdk/lib/libverify.so
740aea9da000-740aea9e1000 r-xp 00004000 fc:00 49676379                   /mydata/openjdk-mmtk/build/b0test/images/jdk/lib/libverify.so
740aea9e1000-740aea9e3000 r--p 0000b000 fc:00 49676379                   /mydata/openjdk-mmtk/build/b0test/images/jdk/lib/libverify.so
740aea9e3000-740aea9e5000 r--p 0000c000 fc:00 49676379                   /mydata/openjdk-mmtk/build/b0test/images/jdk/lib/libverify.so
740aea9e5000-740aea9e6000 rw-p 0000e000 fc:00 49676379                   /mydata/openjdk-mmtk/build/b0test/images/jdk/lib/libverify.so
740aea9e6000-740aea9e8000 r--p 00000000 fc:00 49676380                   /mydata/openjdk-mmtk/build/b0test/images/jdk/lib/libzip.so
740aea9e8000-740aea9ed000 r-xp 00002000 fc:00 49676380                   /mydata/openjdk-mmtk/build/b0test/images/jdk/lib/libzip.so
740aea9ed000-740aea9ef000 r--p 00007000 fc:00 49676380                   /mydata/openjdk-mmtk/build/b0test/images/jdk/lib/libzip.so
740aea9ef000-740aea9f0000 r--p 00008000 fc:00 49676380                   /mydata/openjdk-mmtk/build/b0test/images/jdk/lib/libzip.so
740aea9f0000-740aea9f1000 rw-p 00009000 fc:00 49676380                   /mydata/openjdk-mmtk/build/b0test/images/jdk/lib/libzip.so
740aea9f1000-740aea9f4000 r--p 00000000 fc:00 49676376                   /mydata/openjdk-mmtk/build/b0test/images/jdk/lib/libnet.so
740aea9f4000-740aea9fc000 r-xp 00003000 fc:00 49676376                   /mydata/openjdk-mmtk/build/b0test/images/jdk/lib/libnet.so
740aea9fc000-740aea9fe000 r--p 0000b000 fc:00 49676376                   /mydata/openjdk-mmtk/build/b0test/images/jdk/lib/libnet.so
740aea9fe000-740aea9ff000 r--p 0000c000 fc:00 49676376                   /mydata/openjdk-mmtk/build/b0test/images/jdk/lib/libnet.so
740aea9ff000-740aeaa00000 rw-p 0000d000 fc:00 49676376                   /mydata/openjdk-mmtk/build/b0test/images/jdk/lib/libnet.so
740aeaa00000-740aeaa28000 r--p 00000000 08:03 1410238                    /usr/lib/x86_64-linux-gnu/libc.so.6
740aeaa28000-740aeabb0000 r-xp 00028000 08:03 1410238                    /usr/lib/x86_64-linux-gnu/libc.so.6
740aeabb0000-740aeabff000 r--p 001b0000 08:03 1410238                    /usr/lib/x86_64-linux-gnu/libc.so.6
740aeabff000-740aeac03000 r--p 001fe000 08:03 1410238                    /usr/lib/x86_64-linux-gnu/libc.so.6
740aeac03000-740aeac05000 rw-p 00202000 08:03 1410238                    /usr/lib/x86_64-linux-gnu/libc.so.6
740aeac05000-740aeac12000 rw-p 00000000 00:00 0 
740aeac1b000-740aeac22000 r--p 00000000 fc:00 49676377                   /mydata/openjdk-mmtk/build/b0test/images/jdk/lib/libnio.so
740aeac22000-740aeac2b000 r-xp 00007000 fc:00 49676377                   /mydata/openjdk-mmtk/build/b0test/images/jdk/lib/libnio.so
740aeac2b000-740aeac2f000 r--p 00010000 fc:00 49676377                   /mydata/openjdk-mmtk/build/b0test/images/jdk/lib/libnio.so
740aeac2f000-740aeac30000 r--p 00014000 fc:00 49676377                   /mydata/openjdk-mmtk/build/b0test/images/jdk/lib/libnio.so
740aeac30000-740aeac31000 rw-p 00015000 fc:00 49676377                   /mydata/openjdk-mmtk/build/b0test/images/jdk/lib/libnio.so
740aeac31000-740aeac34000 r--p 00000000 08:03 1410420                    /usr/lib/x86_64-linux-gnu/libelf-0.190.so
740aeac34000-740aeac4a000 r-xp 00003000 08:03 1410420                    /usr/lib/x86_64-linux-gnu/libelf-0.190.so
740aeac4a000-740aeac4e000 r--p 00019000 08:03 1410420                    /usr/lib/x86_64-linux-gnu/libelf-0.190.so
740aeac4e000-740aeac4f000 r--p 0001c000 08:03 1410420                    /usr/lib/x86_64-linux-gnu/libelf-0.190.so
740aeac4f000-740aeac50000 rw-p 0001d000 08:03 1410420                    /usr/lib/x86_64-linux-gnu/libelf-0.190.so
740aeac53000-740aeac5a000 r--s 00000000 08:03 1436340                    /usr/lib/x86_64-linux-gnu/gconv/gconv-modules.cache
740aeac5a000-740aeac62000 rw-p 00000000 00:00 0 
740aeac62000-740aeac6a000 ---p 00000000 00:00 0 
740aeac6a000-740aeac77000 r--p 00000000 fc:00 49676369                   /mydata/openjdk-mmtk/build/b0test/images/jdk/lib/libjava.so
740aeac77000-740aeac86000 r-xp 0000d000 fc:00 49676369                   /mydata/openjdk-mmtk/build/b0test/images/jdk/lib/libjava.so
740aeac86000-740aeac8b000 r--p 0001c000 fc:00 49676369                   /mydata/openjdk-mmtk/build/b0test/images/jdk/lib/libjava.so
740aeac8b000-740aeac8c000 r--p 00021000 fc:00 49676369                   /mydata/openjdk-mmtk/build/b0test/images/jdk/lib/libjava.so
740aeac8c000-740aeac8d000 rw-p 00022000 fc:00 49676369                   /mydata/openjdk-mmtk/build/b0test/images/jdk/lib/libjava.so
740aeac8d000-740aeac8e000 rw-p 00000000 00:00 0 
740aeac8e000-740aeac96000 rw-s 00000000 08:03 237600                     /tmp/hsperfdata_root/446835
740aeac96000-740aeac9a000 r--p 00000000 fc:00 49676370                   /mydata/openjdk-mmtk/build/b0test/images/jdk/lib/libjimage.so
740aeac9a000-740aeacb1000 r-xp 00004000 fc:00 49676370                   /mydata/openjdk-mmtk/build/b0test/images/jdk/lib/libjimage.so
740aeacb1000-740aeacb6000 r--p 0001b000 fc:00 49676370                   /mydata/openjdk-mmtk/build/b0test/images/jdk/lib/libjimage.so
740aeacb6000-740aeacb8000 r--p 00020000 fc:00 49676370                   /mydata/openjdk-mmtk/build/b0test/images/jdk/lib/libjimage.so
740aeacb8000-740aeacb9000 rw-p 00022000 fc:00 49676370                   /mydata/openjdk-mmtk/build/b0test/images/jdk/lib/libjimage.so
740aeacb9000-740aeacbd000 r--p 00000000 08:03 1410148                    /usr/lib/x86_64-linux-gnu/libgcc_s.so.1
740aeacbd000-740aeace1000 r-xp 00004000 08:03 1410148                    /usr/lib/x86_64-linux-gnu/libgcc_s.so.1
740aeace1000-740aeace5000 r--p 00028000 08:03 1410148                    /usr/lib/x86_64-linux-gnu/libgcc_s.so.1
740aeace5000-740aeace6000 r--p 0002b000 08:03 1410148                    /usr/lib/x86_64-linux-gnu/libgcc_s.so.1
740aeace6000-740aeace7000 rw-p 0002c000 08:03 1410148                    /usr/lib/x86_64-linux-gnu/libgcc_s.so.1
740aeace7000-740aeacf7000 r--p 00000000 08:03 1411099                    /usr/lib/x86_64-linux-gnu/libm.so.6
740aeacf7000-740aead76000 r-xp 00010000 08:03 1411099                    /usr/lib/x86_64-linux-gnu/libm.so.6
740aead76000-740aeadce000 r--p 0008f000 08:03 1411099                    /usr/lib/x86_64-linux-gnu/libm.so.6
740aeadce000-740aeadcf000 r--p 000e7000 08:03 1411099                    /usr/lib/x86_64-linux-gnu/libm.so.6
740aeadcf000-740aeadd0000 rw-p 000e8000 08:03 1411099                    /usr/lib/x86_64-linux-gnu/libm.so.6
740aeadd0000-740aeadd2000 rw-p 00000000 00:00 0 
740aeadd2000-740aeadd4000 r--p 00000000 08:03 1409104                    /usr/lib/x86_64-linux-gnu/libz.so.1.3
740aeadd4000-740aeade6000 r-xp 00002000 08:03 1409104                    /usr/lib/x86_64-linux-gnu/libz.so.1.3
740aeade6000-740aeadec000 r--p 00014000 08:03 1409104                    /usr/lib/x86_64-linux-gnu/libz.so.1.3
740aeadec000-740aeaded000 r--p 0001a000 08:03 1409104                    /usr/lib/x86_64-linux-gnu/libz.so.1.3
740aeaded000-740aeadee000 rw-p 0001b000 08:03 1409104                    /usr/lib/x86_64-linux-gnu/libz.so.1.3
740aeadf3000-740aeadf4000 rw-s 00000000 00:10 68                         anon_inode:bpf-map
740aeadf4000-740aeadf5000 r--s 00000000 00:10 68                         anon_inode:bpf-map
740aeadf5000-740aeadf6000 ---p 00000000 00:00 0 
740aeadf6000-740aeadf7000 r--p 00000000 00:00 0 
740aeadf7000-740aeadf8000 ---p 00000000 00:00 0 
740aeadf8000-740aeadfa000 r--p 00000000 fc:00 49676372                   /mydata/openjdk-mmtk/build/b0test/images/jdk/lib/libjli.so
740aeadfa000-740aeae04000 r-xp 00002000 fc:00 49676372                   /mydata/openjdk-mmtk/build/b0test/images/jdk/lib/libjli.so
740aeae04000-740aeae07000 r--p 0000c000 fc:00 49676372                   /mydata/openjdk-mmtk/build/b0test/images/jdk/lib/libjli.so
740aeae07000-740aeae08000 r--p 0000f000 fc:00 49676372                   /mydata/openjdk-mmtk/build/b0test/images/jdk/lib/libjli.so
740aeae08000-740aeae09000 rw-p 00010000 fc:00 49676372                   /mydata/openjdk-mmtk/build/b0test/images/jdk/lib/libjli.so
740aeae09000-740aeae0b000 rw-p 00000000 00:00 0 
740aeae0b000-740aeae0f000 r--p 00000000 00:00 0                          [vvar]
740aeae0f000-740aeae11000 r--p 00000000 00:00 0                          [vvar_vclock]
740aeae11000-740aeae13000 r-xp 00000000 00:00 0                          [vdso]
740aeae13000-740aeae14000 r--p 00000000 08:03 1409763                    /usr/lib/x86_64-linux-gnu/ld-linux-x86-64.so.2
740aeae14000-740aeae3f000 r-xp 00001000 08:03 1409763                    /usr/lib/x86_64-linux-gnu/ld-linux-x86-64.so.2
740aeae3f000-740aeae49000 r--p 0002c000 08:03 1409763                    /usr/lib/x86_64-linux-gnu/ld-linux-x86-64.so.2
740aeae49000-740aeae4b000 r--p 00036000 08:03 1409763                    /usr/lib/x86_64-linux-gnu/ld-linux-x86-64.so.2
740aeae4b000-740aeae4d000 rw-p 00038000 08:03 1409763                    /usr/lib/x86_64-linux-gnu/ld-linux-x86-64.so.2
7ffd204d9000-7ffd204fa000 rw-p 00000000 00:00 0                          [stack]
ffffffffff600000-ffffffffff601000 --xp 00000000 00:00 0                  [vsyscall]
Total number of mappings: 548

JVMTI agents: none


VM Arguments:
jvm_args: -XX:+UseThirdPartyHeap -Xms512m -Xmx512m 
java_command: /mydata/dacapo/dacapo-23.11/dacapo-23.11-MR2-chopin.jar xalan -n 3
java_class_path (initial): /mydata/dacapo/dacapo-23.11/dacapo-23.11-MR2-chopin.jar
Launcher Type: SUN_STANDARD

[Global flags]
     intx CICompilerCount                          = 15                                        {product} {ergonomic}
   size_t InitialHeapSize                          = 536870912                                 {product} {command line}
   size_t MaxHeapSize                              = 536870912                                 {product} {command line}
   size_t MinHeapDeltaBytes                        = 524288                                    {product} {ergonomic}
   size_t MinHeapSize                              = 536870912                                 {product} {command line}
    uintx NonNMethodCodeHeapSize                   = 8192380                                {pd product} {ergonomic}
    uintx NonProfiledCodeHeapSize                  = 121732930                              {pd product} {ergonomic}
    uintx ProfiledCodeHeapSize                     = 121732930                              {pd product} {ergonomic}
    uintx ReservedCodeCacheSize                    = 251658240                              {pd product} {ergonomic}
     bool SegmentedCodeCache                       = true                                      {product} {ergonomic}
   size_t SoftMaxHeapSize                          = 536870912                              {manageable} {ergonomic}
     bool UseCompressedOops                        = true                           {product lp64_product} {ergonomic}

Logging:
Log output configuration:
 #0: stdout all=warning uptime,level,tags foldmultilines=false
 #1: stderr all=off uptime,level,tags foldmultilines=false

Release file:
IMPLEMENTOR="N/A"
JAVA_RUNTIME_VERSION="21.0.9-internal-adhoc.talzuss.openjdk-mmtk"
JAVA_VERSION="21.0.9"
JAVA_VERSION_DATE="2025-10-21"
LIBC="gnu"
MODULES="java.base java.compiler java.datatransfer java.xml java.prefs java.desktop java.instrument java.logging java.management java.security.sasl java.naming java.rmi java.management.rmi java.net.http java.scripting java.security.jgss java.transaction.xa java.sql java.sql.rowset java.xml.crypto java.se java.smartcardio jdk.accessibility jdk.internal.jvmstat jdk.attach jdk.charsets jdk.internal.opt jdk.zipfs jdk.compiler jdk.crypto.ec jdk.crypto.cryptoki jdk.dynalink jdk.internal.ed jdk.editpad jdk.hotspot.agent jdk.httpserver jdk.incubator.vector jdk.internal.le jdk.internal.vm.ci jdk.internal.vm.compiler jdk.internal.vm.compiler.management jdk.jartool jdk.javadoc jdk.jcmd jdk.management jdk.management.agent jdk.jconsole jdk.jdeps jdk.jdwp.agent jdk.jdi jdk.jfr jdk.jlink jdk.jpackage jdk.jshell jdk.jsobject jdk.jstatd jdk.localedata jdk.management.jfr jdk.naming.dns jdk.naming.rmi jdk.net jdk.nio.mapmode jdk.random jdk.sctp jdk.security.auth jdk.security.jgss jdk.unsupported jdk.unsupported.desktop jdk.xml.dom"
OS_ARCH="x86_64"
OS_NAME="Linux"
SOURCE=".:git:b557520f04b3+"

Environment Variables:
PATH=/usr/local/sbin:/usr/local/bin:/usr/sbin:/usr/bin:/sbin:/bin:/snap/bin
SHELL=/bin/bash
LANG=en_US.UTF-8
TERM=tmux-256color

Active Locale:
LC_ALL=en_US.UTF-8
LC_COLLATE=en_US.UTF-8
LC_CTYPE=en_US.UTF-8
LC_MESSAGES=en_US.UTF-8
LC_MONETARY=en_US.UTF-8
LC_NUMERIC=en_US.UTF-8
LC_TIME=en_US.UTF-8

Signal Handlers:
   SIGSEGV: crash_handler in libjvm.so, mask=11100100010111111101111111111110, flags=SA_RESTART|SA_SIGINFO, unblocked
    SIGBUS: crash_handler in libjvm.so, mask=11100100010111111101111111111110, flags=SA_RESTART|SA_SIGINFO, unblocked
    SIGFPE: crash_handler in libjvm.so, mask=11100100010111111101111111111110, flags=SA_RESTART|SA_SIGINFO, unblocked
   SIGPIPE: javaSignalHandler in libjvm.so, mask=11100100010111111101111111111110, flags=SA_RESTART|SA_SIGINFO, blocked
   SIGXFSZ: javaSignalHandler in libjvm.so, mask=11100100010111111101111111111110, flags=SA_RESTART|SA_SIGINFO, blocked
    SIGILL: crash_handler in libjvm.so, mask=11100100010111111101111111111110, flags=SA_RESTART|SA_SIGINFO, unblocked
   SIGUSR2: SR_handler in libjvm.so, mask=00000000000000000000000000000000, flags=SA_RESTART|SA_SIGINFO, blocked
    SIGHUP: UserHandler in libjvm.so, mask=11100100010111111101111111111110, flags=SA_RESTART|SA_SIGINFO, blocked
    SIGINT: UserHandler in libjvm.so, mask=11100100010111111101111111111110, flags=SA_RESTART|SA_SIGINFO, blocked
   SIGTERM: UserHandler in libjvm.so, mask=11100100010111111101111111111110, flags=SA_RESTART|SA_SIGINFO, blocked
   SIGQUIT: UserHandler in libjvm.so, mask=11100100010111111101111111111110, flags=SA_RESTART|SA_SIGINFO, blocked
   SIGTRAP: crash_handler in libjvm.so, mask=11100100010111111101111111111110, flags=SA_RESTART|SA_SIGINFO, unblocked


Periodic native trim disabled

---------------  S Y S T E M  ---------------

OS:
DISTRIB_ID=Ubuntu
DISTRIB_RELEASE=24.04
DISTRIB_CODENAME=noble
DISTRIB_DESCRIPTION="Ubuntu 24.04.4 LTS"
uname: Linux 6.17.0-bpf-fault+ #1 SMP PREEMPT_DYNAMIC Mon Jul  6 16:43:12 MDT 2026 x86_64
OS uptime: 1 days 3:05 hours
libc: glibc 2.39 NPTL 2.39 
rlimit (soft/hard): STACK 8192k/infinity , CORE 0k/0k , NPROC 513205/513205 , NOFILE 1048576/1048576 , AS infinity/infinity , CPU infinity/infinity , DATA infinity/infinity , FSIZE infinity/infinity , MEMLOCK 16436528k/16436528k
load average: 1.10 1.01 0.84

/proc/meminfo:
MemTotal:       131492232 kB
MemFree:        64682840 kB
MemAvailable:   111959544 kB
Buffers:          565780 kB
Cached:         45969304 kB
SwapCached:            0 kB
Active:          4487812 kB
Inactive:       45711256 kB
Active(anon):    3681352 kB
Inactive(anon):        0 kB
Active(file):     806460 kB
Inactive(file): 45711256 kB
Unevictable:       41912 kB
Mlocked:           38840 kB
SwapTotal:       8388604 kB
SwapFree:        8388604 kB
Zswap:                 0 kB
Zswapped:              0 kB
Dirty:             20648 kB
Writeback:             0 kB
AnonPages:       3707840 kB
Mapped:         12904392 kB
Shmem:              5316 kB
KReclaimable:    2010672 kB
Slab:            2552808 kB
SReclaimable:    2010672 kB
SUnreclaim:       542136 kB
KernelStack:       13120 kB
PageTables:        72672 kB
SecPageTables:      9412 kB
NFS_Unstable:          0 kB
Bounce:                0 kB
WritebackTmp:          0 kB
CommitLimit:    74134720 kB
Committed_AS:   164994276 kB
VmallocTotal:   34359738367 kB
VmallocUsed:       39052 kB
VmallocChunk:          0 kB
Percpu:            51072 kB
HardwareCorrupted:     0 kB
AnonHugePages:         0 kB
ShmemHugePages:        0 kB
ShmemPmdMapped:        0 kB
FileHugePages:   2177024 kB
FilePmdMapped:         0 kB
Unaccepted:            0 kB
Balloon:               0 kB
HugePages_Total:       0
HugePages_Free:        0
HugePages_Rsvd:        0
HugePages_Surp:        0
Hugepagesize:       2048 kB
Hugetlb:               0 kB
DirectMap4k:     1104704 kB
DirectMap2M:    30988288 kB
DirectMap1G:    101711872 kB

/sys/kernel/mm/transparent_hugepage/enabled: always [madvise] never
/sys/kernel/mm/transparent_hugepage/hpage_pmd_size: 2097152
/sys/kernel/mm/transparent_hugepage/defrag (defrag/compaction efforts parameter): always defer defer+madvise [madvise] never

Process Memory:
Virtual Size: 13620322392K (peak: 13620326464K)
Resident Set Size: 4271484K (peak: 4271484K) (anon: 1098316K, file: 3173168K, shmem: 0K)
Swapped out: 0K
C-Heap outstanding allocations: 1412289K, retained: 71974K
glibc malloc tunables: (default)

/proc/sys/kernel/threads-max (system-wide limit on the number of threads): 1026411
/proc/sys/vm/max_map_count (maximum number of memory map areas a process may have): 1048576
/proc/sys/vm/swappiness (control to define how aggressively the kernel swaps out anonymous memory): 60
/proc/sys/kernel/pid_max (system-wide limit on number of process identifiers): 4194304

container information not found.
Steal ticks since vm start: 0
Steal ticks percentage since vm start:  0.000

CPU: total 32 (initial active 32) (32 cores per cpu, 2 threads per core) family 23 model 49 stepping 0 microcode 0x830107c, cx8, cmov, fxsr, ht, mmx, 3dnowpref, sse, sse2, sse3, ssse3, sse4a, sse4.1, sse4.2, popcnt, lzcnt, tsc, tscinvbit, avx, avx2, aes, clmul, bmi1, bmi2, adx, sha, fma, vzeroupper, clflush, clflushopt, rdtscp, rdpid, f16c
CPU Model and flags from /proc/cpuinfo:
model name	: AMD EPYC 7302P 16-Core Processor
flags		: fpu vme de pse tsc msr pae mce cx8 apic sep mtrr pge mca cmov pat pse36 clflush mmx fxsr sse sse2 ht syscall nx mmxext fxsr_opt pdpe1gb rdtscp lm constant_tsc rep_good nopl xtopology nonstop_tsc cpuid extd_apicid aperfmperf rapl pni pclmulqdq monitor ssse3 fma cx16 sse4_1 sse4_2 movbe popcnt aes xsave avx f16c rdrand lahf_lm cmp_legacy svm extapic cr8_legacy abm sse4a misalignsse 3dnowprefetch osvw ibs skinit wdt tce topoext perfctr_core perfctr_nb bpext perfctr_llc mwaitx cpb cat_l3 cdp_l3 hw_pstate ssbd mba ibrs ibpb stibp vmmcall fsgsbase bmi1 avx2 smep bmi2 cqm rdt_a rdseed adx smap clflushopt clwb sha_ni xsaveopt xsavec xgetbv1 xsaves cqm_llc cqm_occup_llc cqm_mbm_total cqm_mbm_local clzero irperf xsaveerptr rdpru wbnoinvd amd_ppin arat npt lbrv svm_lock nrip_save tsc_scale vmcb_clean flushbyasid decodeassists pausefilter pfthreshold avic v_vmsave_vmload vgif v_spec_ctrl umip rdpid overflow_recov succor smca sev sev_es

Online cpus: 0-31
Offline cpus: 
BIOS frequency limitation: <Not Available>
Frequency switch latency (ns): <Not Available>
Available cpu frequencies: <Not Available>
Current governor: <Not Available>
Core performance/turbo boost: <Not Available>

Memory: 4k page, physical 131492232k(111959544k free), swap 8388604k(8388604k free)
Page Sizes: 4k

vm_info: OpenJDK 64-Bit Server VM (21.0.9-internal-adhoc.talzuss.openjdk-mmtk) for linux-amd64 JRE (21.0.9-internal-adhoc.talzuss.openjdk-mmtk), built on 2026-07-06T23:13:08Z by "talzuss" with gcc 13.3.0
heap_info: MMTk OpenJDK 0.32.0 (f59b93a-dirty), using MMTk 0.32.0 (3ecdf08-dirty, BUILTIN_ENV_LOGGER, DEFAULT, EAGER_SWEEPING, VO_BIT)

END.
