#
# A fatal error has been detected by the Java Runtime Environment:
#
#  SIGSEGV (0xb) at pc=0x00007240a05208ae, pid=514612, tid=514670
#
# JRE version: OpenJDK Runtime Environment (21.0.9) (build 21.0.9-internal-adhoc.talzuss.openjdk-mmtk)
# Java VM: OpenJDK 64-Bit Server VM (21.0.9-internal-adhoc.talzuss.openjdk-mmtk, mixed mode, sharing, tiered, compressed oops, compressed class ptrs, third-party gc, linux-amd64)
# Problematic frame:
# J 2436 c2 org.apache.xpath.axes.LocPathIterator.asIterator(Lorg/apache/xpath/XPathContext;I)Lorg/apache/xml/dtm/DTMIterator; (26 bytes) @ 0x00007240a05208ae [0x00007240a0520700+0x00000000000001ae]
#
# No core dump will be written. Core dumps have been disabled. To enable core dumping, try "ulimit -c unlimited" before starting Java again
#
# If you would like to submit a bug report, please visit:
#   https://bugreport.java.com/bugreport/crash.jsp
#

---------------  S U M M A R Y ------------

Command Line: -XX:+UseThirdPartyHeap -Xms512m -Xmx512m /mydata/dacapo/dacapo-23.11/dacapo-23.11-MR2-chopin.jar xalan -n 3

Host: AMD EPYC 7302P 16-Core Processor, 32 cores, 125G, Ubuntu 24.04.4 LTS
Time: Wed Jul  8 00:02:04 2026 MDT elapsed time: 3.131131 seconds (0d 0h 0m 3s)

---------------  T H R E A D  ---------------

Current thread (0x00007240b03e3d60):  JavaThread "Thread-16"        [_thread_in_Java, id=514670, stack(0x000065937a900000,0x000065937aa00000) (1024K)]

Stack: [0x000065937a900000,0x000065937aa00000],  sp=0x000065937a9fd980,  free space=1014k
Native frames: (J=compiled Java code, j=interpreted, Vv=VM code, C=native code)
J 2436 c2 org.apache.xpath.axes.LocPathIterator.asIterator(Lorg/apache/xpath/XPathContext;I)Lorg/apache/xml/dtm/DTMIterator; (26 bytes) @ 0x00007240a05208ae [0x00007240a0520700+0x00000000000001ae]
J 2327 c2 org.apache.xalan.templates.ElemApplyTemplates.transformSelectedNodes(Lorg/apache/xalan/transformer/TransformerImpl;)V (979 bytes) @ 0x00007240a05706fc [0x00007240a056e1a0+0x000000000000255c]
J 2467 c2 org.apache.xalan.templates.ElemApplyTemplates.execute(Lorg/apache/xalan/transformer/TransformerImpl;)V (141 bytes) @ 0x00007240a0515504 [0x00007240a0515300+0x0000000000000204]
J 2286 c2 org.apache.xalan.transformer.TransformerImpl.executeChildTemplates(Lorg/apache/xalan/templates/ElemTemplateElement;Z)V (218 bytes) @ 0x00007240a04b019c [0x00007240a04b0020+0x000000000000017c]
j  org.apache.xalan.templates.ElemLiteralResult.execute(Lorg/apache/xalan/transformer/TransformerImpl;)V+195
J 2327 c2 org.apache.xalan.templates.ElemApplyTemplates.transformSelectedNodes(Lorg/apache/xalan/transformer/TransformerImpl;)V (979 bytes) @ 0x00007240a056efa4 [0x00007240a056e1a0+0x0000000000000e04]
J 2467 c2 org.apache.xalan.templates.ElemApplyTemplates.execute(Lorg/apache/xalan/transformer/TransformerImpl;)V (141 bytes) @ 0x00007240a0515504 [0x00007240a0515300+0x0000000000000204]
J 2286 c2 org.apache.xalan.transformer.TransformerImpl.executeChildTemplates(Lorg/apache/xalan/templates/ElemTemplateElement;Z)V (218 bytes) @ 0x00007240a04b019c [0x00007240a04b0020+0x000000000000017c]
j  org.apache.xalan.templates.ElemLiteralResult.execute(Lorg/apache/xalan/transformer/TransformerImpl;)V+195
J 2327 c2 org.apache.xalan.templates.ElemApplyTemplates.transformSelectedNodes(Lorg/apache/xalan/transformer/TransformerImpl;)V (979 bytes) @ 0x00007240a056efa4 [0x00007240a056e1a0+0x0000000000000e04]
J 2467 c2 org.apache.xalan.templates.ElemApplyTemplates.execute(Lorg/apache/xalan/transformer/TransformerImpl;)V (141 bytes) @ 0x00007240a0515504 [0x00007240a0515300+0x0000000000000204]
J 2286 c2 org.apache.xalan.transformer.TransformerImpl.executeChildTemplates(Lorg/apache/xalan/templates/ElemTemplateElement;Z)V (218 bytes) @ 0x00007240a04b019c [0x00007240a04b0020+0x000000000000017c]
j  org.apache.xalan.templates.ElemLiteralResult.execute(Lorg/apache/xalan/transformer/TransformerImpl;)V+195
J 2327 c2 org.apache.xalan.templates.ElemApplyTemplates.transformSelectedNodes(Lorg/apache/xalan/transformer/TransformerImpl;)V (979 bytes) @ 0x00007240a056efa4 [0x00007240a056e1a0+0x0000000000000e04]
J 2467 c2 org.apache.xalan.templates.ElemApplyTemplates.execute(Lorg/apache/xalan/transformer/TransformerImpl;)V (141 bytes) @ 0x00007240a0515504 [0x00007240a0515300+0x0000000000000204]
J 2286 c2 org.apache.xalan.transformer.TransformerImpl.executeChildTemplates(Lorg/apache/xalan/templates/ElemTemplateElement;Z)V (218 bytes) @ 0x00007240a04b019c [0x00007240a04b0020+0x000000000000017c]
J 2859 c1 org.apache.xalan.transformer.TransformerImpl.applyTemplateToNode(Lorg/apache/xalan/templates/ElemTemplateElement;Lorg/apache/xalan/templates/ElemTemplate;I)Z (577 bytes) @ 0x0000724098e0a7ec [0x0000724098e07d00+0x0000000000002aec]
J 2641 c1 org.apache.xalan.transformer.TransformerImpl.transformNode(I)V (489 bytes) @ 0x0000724098d89c1c [0x0000724098d888c0+0x000000000000135c]
j  org.apache.xalan.transformer.TransformerImpl.transform(Ljavax/xml/transform/Source;Z)V+331
J 2898 c1 org.apache.xalan.transformer.TransformerImpl.transform(Ljavax/xml/transform/Source;Ljavax/xml/transform/Result;Z)V (47 bytes) @ 0x0000724098e1ab2c [0x0000724098e1a880+0x00000000000002ac]
J 2897 c1 org.apache.xalan.transformer.TransformerImpl.transform(Ljavax/xml/transform/Source;Ljavax/xml/transform/Result;)V (8 bytes) @ 0x0000724098e198dc [0x0000724098e19840+0x000000000000009c]
j  org.dacapo.xalan.XSLTBench$XalanWorker.run()V+209
v  ~StubRoutines::call_stub 0x000072409fc17cc6
V  [libjvm.so+0x92b2fa]  JavaCalls::call_helper(JavaValue*, methodHandle const&, JavaCallArguments*, JavaThread*)+0x2da  (javaCalls.cpp:415)
V  [libjvm.so+0x92ccb2]  JavaCalls::call_virtual(JavaValue*, Handle, Klass*, Symbol*, Symbol*, JavaThread*)+0x1c2  (javaCalls.cpp:329)
V  [libjvm.so+0x9fc323]  thread_entry(JavaThread*, JavaThread*)+0x93  (jvm.cpp:2930)
V  [libjvm.so+0x941e38]  JavaThread::thread_main_inner() [clone .part.0]+0xb8  (javaThread.cpp:717)
V  [libjvm.so+0xf9e927]  Thread::call_run()+0xa7  (thread.cpp:236)
V  [libjvm.so+0xd290e5]  thread_native_entry(Thread*)+0xd5  (os_linux.cpp:789)
C  [libc.so.6+0x9caa4]

siginfo: si_signo: 11 (SIGSEGV), si_code: 2 (SEGV_ACCERR), si_addr: 0x00006593bbc78d00

Registers:
RAX=0x0000000000000000, RBX=0x0000000000000004, RCX=0x0000000040dbdd10, RDX=0x0000000040c79e28
RSP=0x000065937a9fd980, RBP=0x0000000040c78d20, RSI=0x00006593bbc78ce0, RDI=0x0000000040dbd0f0
R8 =0x0000000040c78ce0, R9 =0x0000000000000003, R10=0x0000000040dbdcf8, R11=0x000000000000000a
R12=0x0000000000000000, R13=0x00000000435827f8, R14=0x00000000435827f8, R15=0x00007240b03e3d60
RIP=0x00007240a05208ae, EFLAGS=0x0000000000010202, CSGSFS=0x002b000000000033, ERR=0x0000000000000004
  TRAPNO=0x000000000000000e

XMM[0]=0x0000000000000000 0x0000000047326cf0
XMM[1]=0x0000000000000000 0x0000000000000000
XMM[2]=0x0000000000000000 0x0000000000000001
XMM[3]=0x0000000000000000 0x0000000000000000
XMM[4]=0x0000000000000000 0x0000000000000001
XMM[5]=0x0000000000000000 0x0000000000000021
XMM[6]=0x0000000000000000 0x0000000000000000
XMM[7]=0x0000000000000000 0x0000000000000000
XMM[8]=0xff00ff00ff00ff00 0xff00ff00ff00ff00
XMM[9]=0x0000000000000000 0x0000000000000000
XMM[10]=0x0000000000000000 0x00000000092081c0
XMM[11]=0x0000000000000000 0xefe56f37ed4f5e0b
XMM[12]=0x0000000000000000 0x00000000fd69eed4
XMM[13]=0x0000000000000000 0x0000000000000000
XMM[14]=0x0000000000000000 0x0000000000000000
XMM[15]=0x0000000000000000 0x0000000000000000
  MXCSR=0x00001fa2


Register to memory mapping:

RAX=0x0 is null
RBX=
[error occurred during error reporting (printing register info), id 0xe0000000, Internal Error (/mydata/mmtk-openjdk/openjdk/share/mmtkHeap.cpp:444)]
RCX=
[error occurred during error reporting (printing register info, attempt 2), id 0xe0000000, Internal Error (/mydata/mmtk-openjdk/openjdk/share/mmtkHeap.cpp:444)]
RDX=
[error occurred during error reporting (printing register info, attempt 3), id 0xe0000000, Internal Error (/mydata/mmtk-openjdk/openjdk/share/mmtkHeap.cpp:444)]
Top of Stack: (sp=0x000065937a9fd980)
0x000065937a9fd980:   00000000435827f8 0000724000010014
0x000065937a9fd990:   0000000040fb5670 0000000047326d68
0x000065937a9fd9a0:   0000000047326c78 0000000040fb55e8
0x000065937a9fd9b0:   0000000040dbdcf8 0000000047326cb8
0x000065937a9fd9c0:   0000000000000003 00007240a0474e50
0x000065937a9fd9d0:   00000000435827f8 00007240a05706fc
0x000065937a9fd9e0:   0000000047326c78 0000000040fb5638
0x000065937a9fd9f0:   0000000040dbd0f0 00000000435827f8
0x000065937a9fda00:   00000000402972c8 00000000409378e8
0x000065937a9fda10:   0000000040fb0b48 47326cb800008000
0x000065937a9fda20:   0000000043582380 0000000100010014
0x000065937a9fda30:   0000000040fb5260 00007240a04f1460
0x000065937a9fda40:   0000000040fb5260 0000000047321f68
0x000065937a9fda50:   0000800040fb5260 0000000000000000
0x000065937a9fda60:   0000000043582380 435827f800000001
0x000065937a9fda70:   0000000040e8cdc8 0000000040db9ff0
0x000065937a9fda80:   0000000040db9ff0 0000000040fb0bd0
0x000065937a9fda90:   0000000000000000 00007240a0474e50
0x000065937a9fdaa0:   000065937a9fdb20 000072409fc1f326
0x000065937a9fdab0:   000065937a9fdb20 000072409fc1f326
0x000065937a9fdac0:   000072409fc1f326 00000000403ffed0
0x000065937a9fdad0:   0000000047321f68 000065937a9fdad8
0x000065937a9fdae0:   000065937053e86b 000000000000000b
0x000065937a9fdaf0:   0000659370541048 000065937081b0b8
0x000065937a9fdb00:   0000000000000000 00007240a0515504
0x000065937a9fdb10:   0000000000000000 0000000040dbd0f0
0x000065937a9fdb20:   0000000000000001 00007240a04b019c
0x000065937a9fdb30:   00000000435827a0 0000000000000000
0x000065937a9fdb40:   0000000043582380 0000000000000000
0x000065937a9fdb50:   0000000000000001 0000000000000000
0x000065937a9fdb60:   0000000000000000 0000000047321f68
0x000065937a9fdb70:   000000000000000a 00007240a04b019c 

Instructions: (pc=0x00007240a05208ae)
0x00007240a05207ae:   60 0c 4c 89 60 10 4c 89 60 18 4c 89 60 20 48 89
0x00007240a05207be:   44 24 10 44 8b 5d 50 44 89 5c 24 30 45 85 db 0f
0x00007240a05207ce:   84 12 04 00 00 4d 8b d3 48 8d 5c 24 40 49 8b 02
0x00007240a05207de:   a8 02 0f 85 23 00 00 00 48 83 c8 01 48 89 03 f0
0x00007240a05207ee:   49 0f b1 1a 0f 84 37 00 00 00 48 2b c4 48 25 07
0x00007240a05207fe:   f0 ff ff 48 89 03 e9 24 00 00 00 4c 8b d8 48 33
0x00007240a052080e:   c0 f0 4d 0f b1 7b 3e 48 c7 03 03 00 00 00 74 11
0x00007240a052081e:   4c 3b f8 75 15 49 ff 83 86 00 00 00 48 33 c0 75
0x00007240a052082e:   09 49 ff 87 68 08 00 00 33 c0 0f 85 ba 03 00 00
0x00007240a052083e:   44 8b 5c 24 30 41 8b 4b 10 8b 59 10 85 db 0f 84
0x00007240a052084e:   1e 02 00 00 44 8d 4b ff 85 db 0f 8c 2e 04 00 00
0x00007240a052085e:   8b eb 44 3b cd 0f 83 cf 03 00 00 8b 51 14 41 8b
0x00007240a052086e:   e9 44 8b 5a 0c 41 3b eb 0f 83 d8 03 00 00 44 89
0x00007240a052087e:   49 10 8b 6c aa 10 44 8b 41 0c 41 ff c0 44 89 41
0x00007240a052088e:   0c 45 3b cb 0f 83 d8 03 00 00 44 89 64 9a 0c 44
0x00007240a052089e:   8b 45 08 48 be 00 00 00 7b 93 65 00 00 49 03 f0
0x00007240a05208ae:   4c 8b 5e 20 49 b8 90 ea 01 7c 93 65 00 00 4d 3b
0x00007240a05208be:   d8 0f 85 49 01 00 00 48 8d 44 24 40 48 83 38 00
0x00007240a05208ce:   0f 84 79 00 00 00 4d 8b 1a 41 f6 c3 02 0f 84 62
0x00007240a05208de:   00 00 00 49 83 bb 86 00 00 00 00 74 09 49 ff 8b
0x00007240a05208ee:   86 00 00 00 eb 4b 49 8b 83 96 00 00 00 49 0b 83
0x00007240a05208fe:   8e 00 00 00 75 0a 49 c7 43 3e 00 00 00 00 eb 3d
0x00007240a052090e:   49 83 bb 9e 00 00 00 00 74 22 48 33 c0 49 c7 43
0x00007240a052091e:   3e 00 00 00 00 f0 83 04 24 00 49 83 bb 9e 00 00
0x00007240a052092e:   00 00 75 0d f0 4d 0f b1 7b 3e 75 05 83 c8 01 eb
0x00007240a052093e:   0c a8 00 eb 08 4c 8b 18 f0 4d 0f b1 1a 75 0a 49
0x00007240a052094e:   ff 8f 68 08 00 00 45 33 db 0f 85 5b 03 00 00 44
0x00007240a052095e:   8b 5d 08 49 ba 58 62 0c 7c 93 65 00 00 49 b8 00
0x00007240a052096e:   00 00 7b 93 65 00 00 4d 03 c3 4d 8b 58 50 4d 3b
0x00007240a052097e:   da 0f 85 a1 02 00 00 48 8b f5 4c 8b 54 24 10 45
0x00007240a052098e:   89 62 18 41 c7 42 14 ff ff ff ff 4c 8b d6 4c 8b
0x00007240a052099e:   5c 24 10 45 89 53 20 48 8b 0c 24 44 8b 51 28 45 


Stack slot to memory mapping:

stack at sp + 0 slots: 
[error occurred during error reporting (inspecting top of stack), id 0xe0000000, Internal Error (/mydata/mmtk-openjdk/openjdk/share/mmtkHeap.cpp:444)]
stack at sp + 1 slots: 
[error occurred during error reporting (inspecting top of stack, attempt 2), id 0xe0000000, Internal Error (/mydata/mmtk-openjdk/openjdk/share/mmtkHeap.cpp:444)]
stack at sp + 2 slots: 
[error occurred during error reporting (inspecting top of stack, attempt 3), id 0xe0000000, Internal Error (/mydata/mmtk-openjdk/openjdk/share/mmtkHeap.cpp:444)]

Compiled method (c2) 4896 2436       4       org.apache.xpath.axes.LocPathIterator::asIterator (26 bytes)
 total in heap  [0x00007240a0520510,0x00007240a0521340] = 3632
 relocation     [0x00007240a0520668,0x00007240a05206f8] = 144
 main code      [0x00007240a0520700,0x00007240a0520ee8] = 2024
 stub code      [0x00007240a0520ee8,0x00007240a0520f00] = 24
 oops           [0x00007240a0520f00,0x00007240a0520f08] = 8
 metadata       [0x00007240a0520f08,0x00007240a0520f68] = 96
 scopes data    [0x00007240a0520f68,0x00007240a0521138] = 464
 scopes pcs     [0x00007240a0521138,0x00007240a0521298] = 352
 dependencies   [0x00007240a0521298,0x00007240a05212b0] = 24
 handler table  [0x00007240a05212b0,0x00007240a0521310] = 96
 nul chk table  [0x00007240a0521310,0x00007240a0521340] = 48

[Constant Pool (empty)]

[MachCode]
[Entry Point]
  # {method} {0x000065937067a8e8} 'asIterator' '(Lorg/apache/xpath/XPathContext;I)Lorg/apache/xml/dtm/DTMIterator;' in 'org/apache/xpath/axes/LocPathIterator'
  # this:     rsi:rsi   = 'org/apache/xpath/axes/LocPathIterator'
  # parm0:    rdx:rdx   = 'org/apache/xpath/XPathContext'
  # parm1:    rcx       = int
  #           [sp+0x60]  (sp of caller)
  0x00007240a0520700: 448b 5608 | 49bb 0000 | 007b 9365 | 0000 4d03 | d349 3bc2 

  0x00007240a0520714: ;   {runtime_call ic_miss_stub}
  0x00007240a0520714: 0f85 6646 | 74ff 6690 | 0f1f 4000 
[Verified Entry Point]
  0x00007240a0520720: 8984 2400 | c0fe ff55 | 4883 ec50 | 4181 7f20 | 0100 0000 | 0f85 9e07 | 0000 894c | 2408 4889 
  0x00007240a0520740: 1424 488b | ee49 8b87 | b804 0000 | 4c8b d049 | 83c2 284d | 3b97 c004 | 0000 0f83 | 6804 0000 
  0x00007240a0520760: 4d89 97b8 | 0400 004c | 8bd0 4d8b | da49 c1eb | 0649 c1ea | 0349 83e2 | 0745 8bd2 | 41b9 0100 
  0x00007240a0520780: 0000 c442 | 29f7 d149 | b800 0040 | f493 6500 | 004d 03d8 | 450f b60b | 450b ca45 | 880b 48c7 
  0x00007240a05207a0: 0001 0000 

  0x00007240a05207a4: ;   {metadata('org/apache/xpath/objects/XNodeSet')}
  0x00007240a05207a4: 00c7 4008 | 08f5 0101 | 4489 600c | 4c89 6010 | 4c89 6018 | 4c89 6020 | 4889 4424 | 1044 8b5d 
  0x00007240a05207c4: 5044 895c | 2430 4585 | db0f 8412 | 0400 004d | 8bd3 488d | 5c24 4049 | 8b02 a802 | 0f85 2300 
  0x00007240a05207e4: 0000 4883 | c801 4889 | 03f0 490f | b11a 0f84 | 3700 0000 | 482b c448 | 2507 f0ff | ff48 8903 
  0x00007240a0520804: e924 0000 | 004c 8bd8 | 4833 c0f0 | 4d0f b17b | 3e48 c703 | 0300 0000 | 7411 4c3b | f875 1549 
  0x00007240a0520824: ff83 8600 | 0000 4833 | c075 0949 | ff87 6808 | 0000 33c0 | 0f85 ba03 | 0000 448b | 5c24 3041 
  0x00007240a0520844: 8b4b 108b | 5910 85db | 0f84 1e02 | 0000 448d | 4bff 85db | 0f8c 2e04 | 0000 8beb | 443b cd0f 
  0x00007240a0520864: 83cf 0300 | 008b 5114 | 418b e944 | 8b5a 0c41 | 3beb 0f83 | d803 0000 | 4489 4910 | 8b6c aa10 
  0x00007240a0520884: 448b 410c | 41ff c044 | 8941 0c45 | 3bcb 0f83 | d803 0000 | 4489 649a | 0c44 8b45 | 0848 be00 
  0x00007240a05208a4: ;   {no_reloc}
  0x00007240a05208a4: 0000 7b93 | 6500 0049 | 03f0 4c8b 

  0x00007240a05208b0: ;   {metadata('org/apache/xml/dtm/DTMIterator')}
  0x00007240a05208b0: 5e20 49b8 | 90ea 017c | 9365 0000 | 4d3b d80f | 8549 0100 | 0048 8d44 | 2440 4883 | 3800 0f84 
  0x00007240a05208d0: 7900 0000 | 4d8b 1a41 | f6c3 020f | 8462 0000 | 0049 83bb | 8600 0000 | 0074 0949 | ff8b 8600 
  0x00007240a05208f0: 0000 eb4b | 498b 8396 | 0000 0049 | 0b83 8e00 | 0000 750a | 49c7 433e | 0000 0000 | eb3d 4983 
  0x00007240a0520910: bb9e 0000 | 0000 7422 | 4833 c049 | c743 3e00 | 0000 00f0 | 8304 2400 | 4983 bb9e | 0000 0000 
  0x00007240a0520930: 750d f04d | 0fb1 7b3e | 7505 83c8 | 01eb 0ca8 | 00eb 084c | 8b18 f04d | 0fb1 1a75 | 0a49 ff8f 
  0x00007240a0520950: 6808 0000 | 4533 db0f | 855b 0300 | 0044 8b5d 

  0x00007240a0520960: ;   {metadata('org/apache/xpath/axes/LocPathIterator')}
  0x00007240a0520960: 0849 ba58 | 620c 7c93 | 6500 0049 | b800 0000 | 7b93 6500 | 004d 03c3 | 4d8b 5850 | 4d3b da0f 
  0x00007240a0520980: 85a1 0200 | 0048 8bf5 | 4c8b 5424 | 1045 8962 | 1841 c742 | 14ff ffff | ff4c 8bd6 | 4c8b 5c24 
  0x00007240a05209a0: 1045 8953 | 2048 8b0c | 2444 8b51 | 2845 8953 | 248b 5424 | 0849 8beb | 9048 b840 | 0c00 9c92 
  0x00007240a05209c0: ;   {virtual_call}
  0x00007240a05209c0: 6500 00e8 

  0x00007240a05209c4: ; ImmutableOopMap {rbp=Oop }
                      ;*invokeinterface setRoot {reexecute=0 rethrow=0 return_oop=0}
                      ; - org.apache.xpath.axes.NodeSequence::setRoot@27 (line 265)
                      ; - org.apache.xpath.axes.LocPathIterator::asIterator@21 (line 269)
  0x00007240a05209c4: 507f 93ff 

  0x00007240a05209c8: ;   {other}
  0x00007240a05209c8: 0f1f 8400 | b804 0000 | 448b 5d20 | 498b f366 | 9048 b840 | ae00 bc92 

  0x00007240a05209e0: ;   {virtual_call}
  0x00007240a05209e0: 6500 00e8 

  0x00007240a05209e4: ; ImmutableOopMap {rbp=Oop }
                      ;*invokeinterface isDocOrdered {reexecute=0 rethrow=0 return_oop=0}
                      ; - org.apache.xpath.axes.NodeSequence::setRoot@36 (line 266)
                      ; - org.apache.xpath.axes.LocPathIterator::asIterator@21 (line 269)
  0x00007240a05209e4: e87f 93ff 

  0x00007240a05209e8: ;   {other}
  0x00007240a05209e8: 0f1f 8400 | d804 0001 | 85c0 0f84 | e502 0000 | 488b c548 | 83c4 505d 

  0x00007240a0520a00: ;   {poll_return}
  0x00007240a0520a00: 493b a768 | 0700 000f | 87b5 0400 

  0x00007240a0520a0c: ;   {metadata('org/apache/xml/dtm/DTMIterator')}
  0x00007240a0520a0c: 00c3 48b8 | 90ea 017c | 9365 0000 | 4833 ff4c | 8b9e a000 | 0000 498b | d348 c1e2 | 290f 8921 
  0x00007240a0520a2c: 0000 00f3 | 480f b8d2 | 488b 5e28 | 483b 04d3 | 7415 490f | bae3 1773 | 0b49 c1cb 

  0x00007240a0520a48: ;   {runtime_call StubRoutines (compiler stubs)}
  0x00007240a0520a48: 16e8 a9ce | 75ff eb03 | 48ff c748 | 85ff 0f84 | 69fe ffff | bede ffff 

  0x00007240a0520a60: ;   {runtime_call UncommonTrapBlob}
  0x00007240a0520a60: ff66 90e8 

  0x00007240a0520a64: ; ImmutableOopMap {rbp=NarrowOop [0]=Oop [16]=Oop [48]=NarrowOop }
                      ;*checkcast {reexecute=0 rethrow=0 return_oop=0}
                      ; - org.apache.xpath.axes.IteratorPool::getInstance@49 (line 104)
                      ; - org.apache.xpath.axes.LocPathIterator::asIterator@8 (line 267)
  0x00007240a0520a64: 9898 74ff 

  0x00007240a0520a68: ;   {other}
  0x00007240a0520a68: 0f1f 8400 | 5805 0002 | 458b 5b0c | 498b f348 | 8b6c 2410 | 4c89 5424 | 2048 b8b0 | 0001 7c92 
  0x00007240a0520a88: ;   {virtual_call}
  0x00007240a0520a88: 6500 00e8 

  0x00007240a0520a8c: ; ImmutableOopMap {rbp=Oop [0]=Oop [16]=Oop [32]=Oop [48]=NarrowOop }
                      ;*invokeinterface clone {reexecute=0 rethrow=0 return_oop=1}
                      ; - org.apache.xpath.axes.IteratorPool::getInstance@14 (line 94)
                      ; - org.apache.xpath.axes.LocPathIterator::asIterator@8 (line 267)
  0x00007240a0520a8c: d07d 93ff 

  0x00007240a0520a90: ;   {other}
  0x00007240a0520a90: 0f1f 8400 | 8005 0003 | 488b e844 | 8b50 0848 | be00 0000 | 7b93 6500 | 0049 03f2 | 4c8b 5620 
  0x00007240a0520ab0: ;   {metadata('org/apache/xml/dtm/DTMIterator')}
  0x00007240a0520ab0: 49bb 90ea | 017c 9365 | 0000 4d3b | d30f 85a2 | 0000 0048 | 8d44 2440 | 4c8b 5c24 | 2048 8338 
  0x00007240a0520ad0: 000f 8479 | 0000 004d | 8b13 41f6 | c202 0f84 | 6200 0000 | 4983 ba86 | 0000 0000 | 7409 49ff 
  0x00007240a0520af0: 8a86 0000 | 00eb 4b49 | 8b82 9600 | 0000 490b | 828e 0000 | 0075 0a49 | c742 3e00 | 0000 00eb 
  0x00007240a0520b10: 3d49 83ba | 9e00 0000 | 0074 2248 | 33c0 49c7 | 423e 0000 | 0000 f083 | 0424 0049 | 83ba 9e00 
  0x00007240a0520b30: 0000 0075 | 0df0 4d0f | b17a 3e75 | 0583 c801 | eb0c a800 | eb08 4c8b | 10f0 4d0f | b113 750a 
  0x00007240a0520b50: 49ff 8f68 | 0800 0045 | 33d2 0f85 | 9401 0000 | e9f8 fdff 

  0x00007240a0520b64: ;   {metadata('org/apache/xml/dtm/DTMIterator')}
  0x00007240a0520b64: ff48 b890 | ea01 7c93 | 6500 0048 | 33ff 4c8b | 9ea0 0000 | 0049 8bd3 | 48c1 e229 | 0f89 2100 
  0x00007240a0520b84: 0000 f348 | 0fb8 d248 | 8b5e 2848 | 3b04 d374 | 1549 0fba | e317 730b | 49c1 cb16 

  0x00007240a0520ba0: ;   {runtime_call StubRoutines (compiler stubs)}
  0x00007240a0520ba0: e852 cd75 | ffeb 0348 | ffc7 4885 | ff0f 8410 | ffff ffbe | deff ffff 

  0x00007240a0520bb8: ;   {runtime_call UncommonTrapBlob}
  0x00007240a0520bb8: 6666 90e8 

  0x00007240a0520bbc: ; ImmutableOopMap {rbp=Oop [0]=Oop [16]=Oop [48]=NarrowOop }
                      ;*checkcast {reexecute=0 rethrow=0 return_oop=0}
                      ; - org.apache.xpath.axes.IteratorPool::getInstance@19 (line 94)
                      ; - org.apache.xpath.axes.LocPathIterator::asIterator@8 (line 267)
  0x00007240a0520bbc: 4097 74ff 

  0x00007240a0520bc0: ;   {other}
  0x00007240a0520bc0: 0f1f 8400 | b006 0004 

  0x00007240a0520bc8: ;   {metadata('org/apache/xpath/objects/XNodeSet')}
  0x00007240a0520bc8: 48be 08f5 | 017c 9365 

  0x00007240a0520bd0: ;   {runtime_call _new_instance_Java}
  0x00007240a0520bd0: 0000 90e8 

  0x00007240a0520bd4: ; ImmutableOopMap {rbp=Oop [0]=Oop }
                      ;*new {reexecute=0 rethrow=0 return_oop=1}
                      ; - org.apache.xpath.axes.LocPathIterator::asIterator@0 (line 267)
  0x00007240a0520bd4: 28ce 7fff 

  0x00007240a0520bd8: ;   {other}
  0x00007240a0520bd8: 0f1f 8400 | c806 0005 | e9d7 fbff | ffbe f6ff 

  0x00007240a0520be8: ;   {runtime_call UncommonTrapBlob}
  0x00007240a0520be8: ffff 90e8 

  0x00007240a0520bec: ; ImmutableOopMap {}
                      ;*invokevirtual getInstance {reexecute=0 rethrow=0 return_oop=0}
                      ; - org.apache.xpath.axes.LocPathIterator::asIterator@8 (line 267)
  0x00007240a0520bec: 1097 74ff 

  0x00007240a0520bf0: ;   {other}
  0x00007240a0520bf0: 0f1f 8400 | e006 0006 | 498b f248 | 8d54 2440 | 488b 2c24 | 4c89 5424 | 284c 8954 

  0x00007240a0520c0c: ;   {runtime_call _complete_monitor_locking_Java}
  0x00007240a0520c0c: 2438 90e8 

  0x00007240a0520c10: ; ImmutableOopMap {rbp=Oop [0]=Oop [16]=Oop [40]=Oop [48]=NarrowOop [56]=Oop }
                      ;*synchronization entry
                      ; - org.apache.xpath.axes.IteratorPool::getInstance@-1 (line 88)
                      ; - org.apache.xpath.axes.LocPathIterator::asIterator@8 (line 267)
  0x00007240a0520c10: 6c0c 80ff 

  0x00007240a0520c14: ;   {other}
  0x00007240a0520c14: 0f1f 8400 | 0407 0007 | 4c8b 5424 | 28e9 18fc | ffff bede 

  0x00007240a0520c28: ;   {runtime_call UncommonTrapBlob}
  0x00007240a0520c28: ffff ffe8 

  0x00007240a0520c2c: ; ImmutableOopMap {rbp=Oop }
                      ;*checkcast {reexecute=0 rethrow=0 return_oop=0}
                      ; - org.apache.xpath.axes.LocPathIterator::asIterator@11 (line 267)
  0x00007240a0520c2c: d096 74ff 

  0x00007240a0520c30: ;   {other}
  0x00007240a0520c30: 0f1f 8400 | 2007 0008 | bee4 ffff | ff89 4c24 | 2044 894c 

  0x00007240a0520c44: ;   {runtime_call UncommonTrapBlob}
  0x00007240a0520c44: 2428 90e8 

  0x00007240a0520c48: ; ImmutableOopMap {[0]=Oop [16]=Oop [32]=NarrowOop [48]=NarrowOop }
                      ;*invokestatic checkIndex {reexecute=0 rethrow=0 return_oop=0}
                      ; - java.util.Objects::checkIndex@3 (line 385)
                      ; - java.util.ArrayList::remove@5 (line 551)
                      ; - org.apache.xpath.axes.IteratorPool::getInstance@46 (line 104)
                      ; - org.apache.xpath.axes.LocPathIterator::asIterator@8 (line 267)
  0x00007240a0520c48: b496 74ff 

  0x00007240a0520c4c: ;   {other}
  0x00007240a0520c4c: 0f1f 8400 | 3c07 0009 | bee4 ffff | ff89 4c24 | 2089 5424 

  0x00007240a0520c60: ;   {runtime_call UncommonTrapBlob}
  0x00007240a0520c60: 2866 90e8 

  0x00007240a0520c64: ; ImmutableOopMap {[0]=Oop [16]=Oop [32]=NarrowOop [40]=NarrowOop [48]=NarrowOop }
                      ;*aaload {reexecute=0 rethrow=0 return_oop=0}
                      ; - java.util.ArrayList::remove@16 (line 554)
                      ; - org.apache.xpath.axes.IteratorPool::getInstance@46 (line 104)
                      ; - org.apache.xpath.axes.LocPathIterator::asIterator@8 (line 267)
  0x00007240a0520c64: 9896 74ff 

  0x00007240a0520c68: ;   {other}
  0x00007240a0520c68: 0f1f 8400 | 5807 000a | bee4 ffff | ff89 5424 | 2044 894c 

  0x00007240a0520c7c: ;   {runtime_call UncommonTrapBlob}
  0x00007240a0520c7c: 2424 90e8 

  0x00007240a0520c80: ; ImmutableOopMap {rbp=NarrowOop [0]=Oop [16]=Oop [32]=NarrowOop [48]=NarrowOop }
                      ;*aastore {reexecute=1 rethrow=0 return_oop=0}
                      ; - (reexecute) java.util.ArrayList::fastRemove@42 (line 724)
                      ; - java.util.ArrayList::remove@21 (line 555)
                      ; - org.apache.xpath.axes.IteratorPool::getInstance@46 (line 104)
                      ; - org.apache.xpath.axes.LocPathIterator::asIterator@8 (line 267)
  0x00007240a0520c80: 7c96 74ff 

  0x00007240a0520c84: ;   {other}
  0x00007240a0520c84: 0f1f 8400 | 7407 000b | becc ffff | ff48 8b2c | 2444 8b5c | 2408 4489 | 1c24 894c | 2418 4489 
  0x00007240a0520ca4: 4c24 2089 

  0x00007240a0520ca8: ;   {runtime_call UncommonTrapBlob}
  0x00007240a0520ca8: 5c24 24e8 

  0x00007240a0520cac: ; ImmutableOopMap {rbp=Oop [16]=Oop [24]=NarrowOop [48]=NarrowOop }
                      ;*invokestatic checkIndex {reexecute=0 rethrow=0 return_oop=0}
                      ; - java.util.Objects::checkIndex@3 (line 385)
                      ; - java.util.ArrayList::remove@5 (line 551)
                      ; - org.apache.xpath.axes.IteratorPool::getInstance@46 (line 104)
                      ; - org.apache.xpath.axes.LocPathIterator::asIterator@8 (line 267)
  0x00007240a0520cac: 5096 74ff 

  0x00007240a0520cb0: ;   {other}
  0x00007240a0520cb0: 0f1f 8400 | a007 000c | 498b fa48 | 8d74 2440 | 498b d749 | baa0 89fe | b740 7200 | 0041 ffd2 
  0x00007240a0520cd0: ;   {other}
  0x00007240a0520cd0: 0f1f 8400 | 0000 0000 | e980 fcff | ffbe 45ff | ffff 8944 

  0x00007240a0520ce4: ;   {runtime_call UncommonTrapBlob}
  0x00007240a0520ce4: 2408 90e8 

  0x00007240a0520ce8: ; ImmutableOopMap {rbp=Oop }
                      ;*ifne {reexecute=1 rethrow=0 return_oop=0}
                      ; - (reexecute) org.apache.xpath.axes.NodeSequence::setRoot@41 (line 266)
                      ; - org.apache.xpath.axes.LocPathIterator::asIterator@21 (line 269)
  0x00007240a0520ce8: 1496 74ff 

  0x00007240a0520cec: ;   {other}
  0x00007240a0520cec: 0f1f 8400 | dc07 000d | 498b fb48 | 8d74 2440 | 498b d749 | baa0 89fe | b740 7200 | 0041 ffd2 
  0x00007240a0520d0c: ;   {other}
  0x00007240a0520d0c: 0f1f 8400 | 0000 0000 | e947 feff | ffbe f6ff | ffff 488b | 2c24 448b | 5424 0844 | 8914 2444 
  0x00007240a0520d2c: 895c 2418 

  0x00007240a0520d30: ;   {runtime_call UncommonTrapBlob}
  0x00007240a0520d30: 6666 90e8 

  0x00007240a0520d34: ; ImmutableOopMap {rbp=Oop [16]=Oop [24]=NarrowOop [48]=NarrowOop }
                      ;*invokevirtual isEmpty {reexecute=0 rethrow=0 return_oop=0}
                      ; - org.apache.xpath.axes.IteratorPool::getInstance@4 (line 88)
                      ; - org.apache.xpath.axes.LocPathIterator::asIterator@8 (line 267)
  0x00007240a0520d34: c895 74ff 

  0x00007240a0520d38: ;   {other}
  0x00007240a0520d38: 0f1f 8400 | 2808 000e | be5e ffff 

  0x00007240a0520d44: ;   {runtime_call UncommonTrapBlob}
  0x00007240a0520d44: ff66 90e8 

  0x00007240a0520d48: ; ImmutableOopMap {}
                      ;*invokevirtual getDTMManager {reexecute=0 rethrow=0 return_oop=0}
                      ; - org.apache.xpath.axes.NodeSequence::setRoot@15 (line 264)
                      ; - org.apache.xpath.axes.LocPathIterator::asIterator@21 (line 269)
  0x00007240a0520d48: b495 74ff 

  0x00007240a0520d4c: ;   {other}
  0x00007240a0520d4c: 0f1f 8400 | 3c08 000f | bef6 ffff 

  0x00007240a0520d58: ;   {runtime_call UncommonTrapBlob}
  0x00007240a0520d58: ff66 90e8 

  0x00007240a0520d5c: ; ImmutableOopMap {[0]=Oop [16]=Oop [48]=NarrowOop }
                      ;*aaload {reexecute=0 rethrow=0 return_oop=0}
                      ; - java.util.ArrayList::remove@16 (line 554)
                      ; - org.apache.xpath.axes.IteratorPool::getInstance@46 (line 104)
                      ; - org.apache.xpath.axes.LocPathIterator::asIterator@8 (line 267)
  0x00007240a0520d5c: a095 74ff 

  0x00007240a0520d60: ;   {other}
  0x00007240a0520d60: 0f1f 8400 | 5008 0010 | bef4 ffff | ff48 8b2c | 2444 8b54 | 2408 4489 

  0x00007240a0520d78: ;   {runtime_call UncommonTrapBlob}
  0x00007240a0520d78: 1424 90e8 

  0x00007240a0520d7c: ; ImmutableOopMap {rbp=Oop [16]=Oop [48]=NarrowOop }
                      ;*checkcast {reexecute=0 rethrow=0 return_oop=0}
                      ; - org.apache.xpath.axes.IteratorPool::getInstance@49 (line 104)
                      ; - org.apache.xpath.axes.LocPathIterator::asIterator@8 (line 267)
  0x00007240a0520d7c: 8095 74ff 

  0x00007240a0520d80: ;   {other}
  0x00007240a0520d80: 0f1f 8400 | 7008 0011 | bef4 ffff | ff48 8b2c | 2444 8b54 | 2408 4489 

  0x00007240a0520d98: ;   {runtime_call UncommonTrapBlob}
  0x00007240a0520d98: 1424 90e8 

  0x00007240a0520d9c: ; ImmutableOopMap {rbp=Oop [16]=Oop [48]=NarrowOop }
                      ;*checkcast {reexecute=0 rethrow=0 return_oop=0}
                      ; - org.apache.xpath.axes.IteratorPool::getInstance@19 (line 94)
                      ; - org.apache.xpath.axes.LocPathIterator::asIterator@8 (line 267)
  0x00007240a0520d9c: 6095 74ff 

  0x00007240a0520da0: ;   {other}
  0x00007240a0520da0: 0f1f 8400 | 9008 0012 | 488b f0e9 | ce00 0000 | 488b d844 

  0x00007240a0520db4: ;   {metadata('java/lang/Exception')}
  0x00007240a0520db4: 8b58 0849 | ba78 c100 | 7b93 6500 | 0049 b800 | 0000 7b93 | 6500 004d | 03c3 4d8b | 5840 4d3b 
  0x00007240a0520dd4: da0f 84ad | 0000 0048 | 8d44 2440 | 4c8b 5c24 | 2048 8338 | 000f 8479 | 0000 004d | 8b13 41f6 
  0x00007240a0520df4: c202 0f84 | 6200 0000 | 4983 ba86 | 0000 0000 | 7409 49ff | 8a86 0000 | 00eb 4b49 | 8b82 9600 
  0x00007240a0520e14: 0000 490b | 828e 0000 | 0075 0a49 | c742 3e00 | 0000 00eb | 3d49 83ba | 9e00 0000 | 0074 2248 
  0x00007240a0520e34: 33c0 49c7 | 423e 0000 | 0000 f083 | 0424 0049 | 83ba 9e00 | 0000 0075 | 0df0 4d0f | b17a 3e75 
  0x00007240a0520e54: 0583 c801 | eb0c a800 | eb08 4c8b | 10f0 4d0f | b113 750a | 49ff 8f68 | 0800 0045 | 33d2 752c 
  0x00007240a0520e74: 488b f3eb | 05eb 0048 | 8bf0 4883 

  0x00007240a0520e80: ;   {runtime_call _rethrow_Java}
  0x00007240a0520e80: c450 5de9 | f812 80ff | 488b e8be | 0c00 0000 

  0x00007240a0520e90: ;   {runtime_call UncommonTrapBlob}
  0x00007240a0520e90: 6666 90e8 

  0x00007240a0520e94: ; ImmutableOopMap {rbp=Oop [0]=Oop [16]=Oop [48]=NarrowOop }
                      ;*new {reexecute=0 rethrow=0 return_oop=0}
                      ; - org.apache.xpath.axes.IteratorPool::getInstance@24 (line 98)
                      ; - org.apache.xpath.axes.LocPathIterator::asIterator@8 (line 267)
  0x00007240a0520e94: 6894 74ff 

  0x00007240a0520e98: ;   {other}
  0x00007240a0520e98: 0f1f 8400 | 8809 0013 | 498b fb48 | 8d74 2440 | 498b d749 | baa0 89fe | b740 7200 | 0041 ffd2 
  0x00007240a0520eb8: ;   {other}
  0x00007240a0520eb8: 0f1f 8400 | 0000 0000 

  0x00007240a0520ec0: ;   {internal_word}
  0x00007240a0520ec0: ebb2 49ba | 000a 52a0 | 4072 0000 | 4d89 9780 

  0x00007240a0520ed0: ;   {runtime_call SafepointBlob}
  0x00007240a0520ed0: 0700 00e9 | 28a5 74ff 

  0x00007240a0520ed8: ;   {runtime_call StubRoutines (final stubs)}
  0x00007240a0520ed8: e883 df72 | ffe9 58f8 | ffff f4f4 | f4f4 f4f4 
[Exception Handler]
  0x00007240a0520ee8: ;   {no_reloc}
  0x00007240a0520ee8: e913 887f | ffe8 0000 | 0000 4883 

  0x00007240a0520ef4: ;   {runtime_call DeoptimizationBlob}
  0x00007240a0520ef4: 2c24 05e9 | a497 74ff | f4f4 f4f4 
[/MachCode]


Compiled method (c2) 4902 2327   !   4       org.apache.xalan.templates.ElemApplyTemplates::transformSelectedNodes (979 bytes)
 total in heap  [0x00007240a056d910,0x00007240a0581a10] = 82176
 relocation     [0x00007240a056da68,0x00007240a056e190] = 1832
 main code      [0x00007240a056e1a0,0x00007240a0579c38] = 47768
 stub code      [0x00007240a0579c38,0x00007240a0579cc8] = 144
 oops           [0x00007240a0579cc8,0x00007240a0579cd8] = 16
 metadata       [0x00007240a0579cd8,0x00007240a057a058] = 896
 scopes data    [0x00007240a057a058,0x00007240a057fe40] = 24040
 scopes pcs     [0x00007240a057fe40,0x00007240a05812d0] = 5264
 dependencies   [0x00007240a05812d0,0x00007240a05813c0] = 240
 handler table  [0x00007240a05813c0,0x00007240a0581708] = 840
 nul chk table  [0x00007240a0581708,0x00007240a0581a10] = 776

[Constant Pool (empty)]

[MachCode]
[Entry Point]
  # {method} {0x000065937055b320} 'transformSelectedNodes' '(Lorg/apache/xalan/transformer/TransformerImpl;)V' in 'org/apache/xalan/templates/ElemApplyTemplates'
  # this:     rsi:rsi   = 'org/apache/xalan/templates/ElemApplyTemplates'
  # parm0:    rdx:rdx   = 'org/apache/xalan/transformer/TransformerImpl'
  #           [sp+0x130]  (sp of caller)
  0x00007240a056e1a0: 448b 5608 | 49bb 0000 | 007b 9365 | 0000 4d03 | d349 3bc2 

  0x00007240a056e1b4: ;   {runtime_call ic_miss_stub}
  0x00007240a056e1b4: 0f85 c66b | 6fff 6690 | 0f1f 4000 
[Verified Entry Point]
  0x00007240a056e1c0: 8984 2400 | c0fe ff55 | 4881 ec20 | 0100 0090 | 4181 7f20 | 0100 0000 | 0f85 4eba | 0000 4889 
  0x00007240a056e1e0: 7424 1048 | 8954 2440 

  0x00007240a056e1e8: ; implicit exception: dispatches to 0x00007240a05757b8
  0x00007240a056e1e8: 448b 725c 

  0x00007240a056e1ec: ; implicit exception: dispatches to 0x00007240a05757d4
  0x00007240a056e1ec: 458b 5654 

  0x00007240a056e1f0: ; implicit exception: dispatches to 0x00007240a05757f0
  0x00007240a056e1f0: 458b 4a18 | 458b 5a10 | 418d 6bff 

  0x00007240a056e1fc: ; implicit exception: dispatches to 0x00007240a0575810
  0x00007240a056e1fc: 458b 410c | 413b e80f | 83fb 4600 | 0047 8b5c | 990c 448b | 4650 458b | 5008 498b | f04d 8bee 
  0x00007240a056e21c: ;   {metadata('org/apache/xpath/axes/ChildIterator')}
  0x00007240a056e21c: 4181 fa18 | a80c 010f | 85ae 2400 | 004d 8b87 | b804 0000 | 4d8b d049 | 83c2 284d | 3b97 c004 
  0x00007240a056e23c: 0000 0f83 | ad36 0000 | 4d89 97b8 | 0400 004d | 8bd0 4d8b | ca49 c1e9 | 0648 b900 | 0040 f493 
  0x00007240a056e25c: 6500 004c | 03c9 49c1 | ea03 410f | b609 4983 | e207 418b | da41 ba01 | 0000 00c4 | 4261 f7d2 
  0x00007240a056e27c: 410b ca41 | 8809 49c7 | 0001 0000 

  0x00007240a056e288: ;   {metadata('org/apache/xpath/objects/XNodeSet')}
  0x00007240a056e288: 0041 c740 | 0808 f501 | 0145 8960 | 0c4d 8960 | 104d 8960 | 184d 8960 | 2044 8b56 | 5045 85d2 
  0x00007240a056e2a8: 0f84 f24c | 0000 4d8b | ca48 8d9c | 2400 0100 | 0049 8b01 | a802 0f85 | 2300 0000 | 4883 c801 
  0x00007240a056e2c8: 4889 03f0 | 490f b119 | 0f84 3700 | 0000 482b | c448 2507 | f0ff ff48 | 8903 e924 | 0000 0048 
  0x00007240a056e2e8: 8bc8 4833 | c0f0 4c0f | b179 3e48 | c703 0300 | 0000 7411 | 4c3b f875 | 1548 ff81 | 8600 0000 
  0x00007240a056e308: 4833 c075 | 0949 ff87 | 6808 0000 | 33c0 0f85 | a84c 0000 | 418b 5a10 

  0x00007240a056e320: ; implicit exception: dispatches to 0x00007240a0575c84
  0x00007240a056e320: 8b4b 1085 | c90f 84de | 1f00 008d | 41ff 85c9 | 0f8c 8654 | 0000 8be9 | 3bc5 0f83 | b753 0000 
  0x00007240a056e340: 4489 5c24 | 4844 8b5b | 148b e841 | 8b7b 0c3b | ef0f 83dd | 5300 0089 | 4310 418b | 6cab 108b 
  0x00007240a056e360: 530c ffc2 | 8953 0c3b | c70f 8309 | 5400 0045 | 8964 8b0c 

  0x00007240a056e374: ; implicit exception: dispatches to 0x00007240a057602c
  0x00007240a056e374: 448b 5d08 | 48be 0000 | 007b 9365 | 0000 4903 | f34c 8b5e 

  0x00007240a056e388: ;   {no_reloc}
  0x00007240a056e388: 2048 b990 | ea01 7c93 | 6500 004c | 3bd9 0f85 | 2c1e 0000 | 488d 8424 | 0001 0000 | 4883 3800 
  0x00007240a056e3a8: 0f84 7900 | 0000 4d8b | 1141 f6c2 | 020f 8462 | 0000 0049 | 83ba 8600 | 0000 0074 | 0949 ff8a 
  0x00007240a056e3c8: 8600 0000 | eb4b 498b | 8296 0000 | 0049 0b82 | 8e00 0000 | 750a 49c7 | 423e 0000 | 0000 eb3d 
  0x00007240a056e3e8: 4983 ba9e | 0000 0000 | 7422 4833 | c049 c742 | 3e00 0000 | 00f0 8304 | 2400 4983 | ba9e 0000 
  0x00007240a056e408: 0000 750d | f04d 0fb1 | 7a3e 7505 | 83c8 01eb | 0ca8 00eb | 084c 8b10 | f04d 0fb1 | 1175 0a49 
  0x00007240a056e428: ff8f 6808 | 0000 4533 | d20f 85c9 | 5300 0044 

  0x00007240a056e438: ;   {metadata('org/apache/xpath/axes/LocPathIterator')}
  0x00007240a056e438: 8b5d 0849 | ba58 620c | 7c93 6500 | 0049 b900 | 0000 7b93 | 6500 004d | 03cb 4d8b | 5950 4d3b 
  0x00007240a056e458: da0f 85cd | 4b00 004c | 896c 2420 | 488b f545 | 8b56 2844 | 8974 2418 | 4589 5024 | 4589 6018 
  0x00007240a056e478: 41c7 4014 | ffff ffff | 4c8b de45 | 8958 204c | 8944 2450 | 8b54 2448 | 498b cd66 | 6690 c5f8 
  0x00007240a056e498: 7748 b818 | a80c 7c93 

  0x00007240a056e4a0: ;   {virtual_call}
  0x00007240a056e4a0: 6500 00e8 

  0x00007240a056e4a4: ; ImmutableOopMap {[16]=Oop [24]=NarrowOop [32]=Oop [64]=Oop [80]=Oop }
                      ;*invokeinterface setRoot {reexecute=0 rethrow=0 return_oop=0}
                      ; - org.apache.xpath.axes.NodeSequence::setRoot@27 (line 265)
                      ; - org.apache.xpath.axes.LocPathIterator::asIterator@21 (line 269)
                      ; - org.apache.xalan.templates.ElemApplyTemplates::transformSelectedNodes@16 (line 207)
  0x00007240a056e4a4: b83b 6fff 

  0x00007240a056e4a8: ;   {other}
  0x00007240a056e4a8: 0f1f 8400 | 980b 0000 | 4c8b 5424 | 5045 8b5a | 2049 8bf3 | 6690 c5f8 | 7748 b818 | a80c 7c93 
  0x00007240a056e4c8: ;   {virtual_call}
  0x00007240a056e4c8: 6500 00e8 

  0x00007240a056e4cc: ; ImmutableOopMap {[16]=Oop [24]=NarrowOop [32]=Oop [64]=Oop [80]=Oop }
                      ;*invokeinterface isDocOrdered {reexecute=0 rethrow=0 return_oop=0}
                      ; - org.apache.xpath.axes.NodeSequence::setRoot@36 (line 266)
                      ; - org.apache.xpath.axes.LocPathIterator::asIterator@21 (line 269)
                      ; - org.apache.xalan.templates.ElemApplyTemplates::transformSelectedNodes@16 (line 207)
  0x00007240a056e4cc: 103c 6fff 

  0x00007240a056e4d0: ;   {other}
  0x00007240a056e4d0: 0f1f 8400 | c00b 0001 | 85c0 0f84 | 6059 0000 | 4c8b 4c24 | 1045 8b51 | 6445 85d2 | 0f85 7a28 
  0x00007240a056e4f0: 0000 33ff | 8b5c 2418 | 8b4b 388b | 4110 488b | 5424 4044 | 8b52 6041 | 8b6a 0c83 | fdff 0f8f 
  0x00007240a056e510: 1056 0000 | 448b 4354 

  0x00007240a056e518: ; implicit exception: dispatches to 0x00007240a0575890
  0x00007240a056e518: 458b 5810 | 4489 9424 | 8c00 0000 | 8944 2444 | 897c 2440 | 4889 4424 | f88b 4424 | 1889 4424 
  0x00007240a056e538: 3848 8b44 | 24f8 4c89 | 4c24 3048 | 8954 2468 | 418b 7818 | 458b 5014 | 4489 4424 | 284c 8bc3 
  0x00007240a056e558: 4c89 4424 | 5844 895c | 242c 458d | 4b01 4c8b | d94c 895c | 2460 898c | 2488 0000 | 0044 8b9c 
  0x00007240a056e578: 248c 0000 | 004c 895c | 2470 453b | ca0f 8d60 | 3000 004c | 8bef 458b | 550c 448b | 4424 2c45 
  0x00007240a056e598: 3bc2 0f83 | 8443 0000 | 43c7 4485 | 10ff ffff | ff44 8b5c | 2438 458b | 5360 4489 | 5424 3c44 
  0x00007240a056e5b8: 8b54 242c | 41ff c244 | 8b44 2428 | 4589 5010 | 448b 5424 

  0x00007240a056e5cc: ;   {no_reloc}
  0x00007240a056e5cc: 3c45 8b5a | 1044 895c | 2428 418b | 4a18 458b | 5a14 448b | 4424 2841 | ffc0 453b | c30f 8d85 
  0x00007240a056e5ec: 3100 0085 | c90f 8445 | 4500 0048 | 8bd9 448b | 530c 448b | 5c24 2845 | 3bda 0f83 | 5843 0000 
  0x00007240a056e60c: 42c7 449b | 10ff ffff | ff44 8b54 | 2438 458b | 522c 418b | ca41 ffc3 | 448b 5424 | 3c45 895a 
  0x00007240a056e62c: 1044 8b51 | 1044 8b59 | 1441 8d5a | 0141 3bdb | 0f8d 0e55 | 0000 8b69 | 1844 8b45 | 0c45 3bd0 
  0x00007240a056e64c: 0f83 5243 | 0000 4689 | 6495 1089 | 5910 4c8b | 5424 6845 | 8b4a 4c45 | 8b51 1045 | 8b59 1441 
  0x00007240a056e66c: 8d4a 0141 | 3bcb 0f8d | 1455 0000 | 418b 6918 

  0x00007240a056e67c: ; implicit exception: dispatches to 0x00007240a0575978
  0x00007240a056e67c: 448b 450c | 453b d00f | 8363 4300 | 0046 8964 | 9510 4189 | 4910 4c8b | 5424 3041 | 8b6a 5885 
  0x00007240a056e69c: ed0f 8509 | 5400 004c | 8b54 2468 | 410f b66a | 1585 ed0f | 8513 5500 | 0045 8b5a | 6444 895c 
  0x00007240a056e6bc: 2478 458b | 5258 4489 | 5424 3c45 | 8b9a dc00 

  0x00007240a056e6cc: ;   {no_reloc}
  0x00007240a056e6cc: 0000 4489 | 5c24 7c4c | 8b54 2468 | 450f b652 | 1144 8994 | 2480 0000 | 0044 8b54 | 2438 418b 
  0x00007240a056e6ec: 6a28 448b 

  0x00007240a056e6f0: ;   {metadata('org/apache/xml/dtm/ref/DTMManagerDefault')}
  0x00007240a056e6f0: 5d08 4181 | fb38 a60e | 010f 8561 | 4400 004c | 8bd5 4c89 | 9424 9000 | 0000 448b | 5c24 3c4d 
  0x00007240a056e710: 8bd3 4c89 | 9424 9800 | 0000 4c8b | 9c24 9000 | 0000 488d | 9c24 0001 | 0000 498b | 03a8 020f 
  0x00007240a056e730: 8523 0000 | 0048 83c8 | 0148 8903 | f049 0fb1 | 1b0f 8437 | 0000 0048 | 2bc4 4825 | 07f0 ffff 
  0x00007240a056e750: 4889 03e9 | 2400 0000 | 4c8b d048 | 33c0 f04d | 0fb1 7a3e | 48c7 0303 | 0000 0074 | 114c 3bf8 
  0x00007240a056e770: 7515 49ff | 8286 0000 | 0048 33c0 | 7509 49ff | 8768 0800 | 0033 c00f | 852f 4400 | 004c 8b94 
  0x00007240a056e790: 2490 0000 | 0045 8b42 | 148b 6c24 | 48c1 ed10 

  0x00007240a056e7a0: ; implicit exception: dispatches to 0x00007240a0575a14
  0x00007240a056e7a0: 458b 580c | 413b eb0f | 8387 4200 | 0045 8b5c | a810 4489 | 9c24 8400 | 0000 4c8b | 9c24 9000 
  0x00007240a056e7c0: 0000 488d | 8424 0001 | 0000 4883 | 3800 0f84 | 7900 0000 | 4d8b 1341 | f6c2 020f | 8462 0000 
  0x00007240a056e7e0: 0049 83ba | 8600 0000 | 0074 0949 | ff8a 8600 

  0x00007240a056e7f0: ;   {no_reloc}
  0x00007240a056e7f0: 0000 eb4b | 498b 8296 | 0000 0049 | 0b82 8e00 | 0000 750a | 49c7 423e | 0000 0000 | eb3d 4983 
  0x00007240a056e810: ba9e 0000 | 0000 7422 | 4833 c049 | c742 3e00 | 0000 00f0 | 8304 2400 | 4983 ba9e | 0000 0000 
  0x00007240a056e830: 750d f04d | 0fb1 7a3e | 7505 83c8 | 01eb 0ca8 | 00eb 084c | 8b10 f04d | 0fb1 1375 | 0a49 ff8f 
  0x00007240a056e850: 6808 0000 | 4533 d20f | 8584 4300 | 0044 8b54 | 2440 4585 | d20f 8f89 | 5300 0044 | 8b5c 2438 
  0x00007240a056e870: 458b 5350 | 4489 5424 | 4c45 85d2 | 0f84 1242 | 0000 4c89 | 5424 104c | 8b5c 2410 | 488d 9c24 
  0x00007240a056e890: 0001 0000 | 498b 03a8 | 020f 8523 | 0000 0048 | 83c8 0148 | 8903 f049 | 0fb1 1b0f | 8437 0000 
  0x00007240a056e8b0: 0048 2bc4 | 4825 07f0 | ffff 4889 | 03e9 2400 | 0000 4c8b | d048 33c0 | f04d 0fb1 | 7a3e 48c7 
  0x00007240a056e8d0: 0303 0000 | 0074 114c | 3bf8 7515 | 49ff 8286 | 0000 0048 | 33c0 7509 | 49ff 8768 | 0800 0033 
  0x00007240a056e8f0: ;   {no_reloc}
  0x00007240a056e8f0: c00f 8515 | 4300 0044 | 8b54 244c | 458b 5218 | 448b 4424 | 4c41 ff40 | 0c45 8b5a | 0c41 8b68 
  0x00007240a056e910: 1041 3beb | 0f84 6523 | 0000 4d8b | c245 8b50 | 0c41 3bea | 0f83 b241 | 0000 458b 

  0x00007240a056e92c: ;   {metadata('java/lang/Object'[])}
  0x00007240a056e92c: 5008 4181 | fa88 1200 | 000f 85f6 | 4200 0044 | 8d55 0144 | 8b4c 244c | 4589 5110 | 4c8b 5424 
  0x00007240a056e94c: 5045 8954 | a810 4c8b | 5c24 1048 | 8d84 2400 | 0100 0048 | 8338 000f | 8479 0000 | 004d 8b13 
  0x00007240a056e96c: 41f6 c202 | 0f84 6200 | 0000 4983 | ba86 0000 | 0000 7409 | 49ff 8a86 | 0000 00eb | 4b49 8b82 
  0x00007240a056e98c: 9600 0000 | 490b 828e | 0000 0075 | 0a49 c742 | 3e00 0000 | 00eb 3d49 | 83ba 9e00 | 0000 0074 
  0x00007240a056e9ac: 2248 33c0 | 49c7 423e | 0000 0000 | f083 0424 | 0049 83ba | 9e00 0000 | 0075 0df0 | 4d0f b17a 
  0x00007240a056e9cc: 3e75 0583 | c801 eb0c | a800 eb08 | 4c8b 10f0 | 4d0f b113 | 750a 49ff | 8f68 0800 | 0045 33d2 
  0x00007240a056e9ec: 0f85 a242 | 0000 448b | 5424 3845 | 8b5a 6044 | 899c 2490 | 0000 0045 | 8b52 5444 | 8994 2494 
  0x00007240a056ea0c: 0000 004c | 8b54 2450 

  0x00007240a056ea14: ; implicit exception: dispatches to 0x00007240a0572cbf
  0x00007240a056ea14: 458b 5a08 

  0x00007240a056ea18: ;   {metadata('org/apache/xpath/objects/XNodeSet')}
  0x00007240a056ea18: 4181 fb08 | f501 010f | 859a 4200 | 004c 8994 | 24a0 0000 | 0045 33db | 41b8 0a00 | 0000 4489 
  0x00007240a056ea38: 9c24 f800 | 0000 4489 | 8424 fc00 | 0000 4c8b | 9424 a000 | 0000 458b | 5a1c 458b | 4220 4585 
  0x00007240a056ea58: db0f 85f5 | 1700 0045 | 85c0 0f84 | 6850 0000 | 498b f066 | 6690 c5f8 | 7748 b818 | a80c 7c93 
  0x00007240a056ea78: ;   {virtual_call}
  0x00007240a056ea78: 6500 00e8 

  0x00007240a056ea7c: ; ImmutableOopMap {[48]=Oop [56]=NarrowOop [60]=NarrowOop [80]=Oop [88]=Oop [96]=Oop [104]=Oop [112]=Oop [120]=NarrowOop [124]=NarrowOop [132]=NarrowOop [136]=NarrowOop [140]=NarrowOop [144]=NarrowOop [148]=NarrowOop [152]=Oop [160]=Oop }
                      ;*invokeinterface nextNode {reexecute=0 rethrow=0 return_oop=0}
                      ; - org.apache.xpath.axes.NodeSequence::nextNode@91 (line 335)
                      ; - org.apache.xalan.templates.ElemApplyTemplates::transformSelectedNodes@322 (line 280)
  0x00007240a056ea7c: 2037 6fff 

  0x00007240a056ea80: ;   {other}
  0x00007240a056ea80: 0f1f 8400 | 7011 0002 | 4c8b 9424 | a000 0000 | 458b 521c | 4c8b 9c24 | a000 0000 | 458b 4318 
  0x00007240a056eaa0: 458d 5801 | 83f8 ff75 | 1e45 85d2 | 0f85 5c1c | 0000 4c8b | 9424 a000 | 0000 4589 | 5a18 4589 
  0x00007240a056eac0: 4214 e997 | 0700 0045 | 85d2 0f85 | 6319 0000 | 4c8b 9424 | a000 0000 | 4589 5a18 | 448b 9c24 
  0x00007240a056eae0: 9400 0000 | 4585 db0f | 8452 4d00 | 0044 8b94 | 2490 0000 | 0045 85d2 | 0f84 414d | 0000 448b 
  0x00007240a056eb00: 5c24 7c45 | 85db 0f84 | 334d 0000 | 4c89 5424 | 2044 8b9c | 2494 0000 | 004d 8bd3 | 4c89 5424 
  0x00007240a056eb20: 1844 8b94 | 2484 0000 | 004c 8954 | 2410 448b | 5c24 7c4d | 8bd3 4c89 | 5424 2844 | 8b54 2478 
  0x00007240a056eb40: 4c89 9424 | a800 0000 | 8984 24e0 | 0000 00e9 | e90c 0000 | 498b c344 | 8b58 0c41 | 3beb 0f83 
  0x00007240a056eb60: 7434 0000 | 448b 5808 

  0x00007240a056eb68: ;   {metadata('java/lang/Object'[])}
  0x00007240a056eb68: 4181 fb88 | 1200 000f | 8554 3700 | 0044 8b94 | 24bc 0000 | 0044 8954 | a810 ffc5 | 448b 9c24 
  0x00007240a056eb88: b800 0000 | 4189 6b10 | 4c8b 9c24 | c000 0000 | 488d 8424 | 0001 0000 | 4883 3800 | 0f84 7900 
  0x00007240a056eba8: 0000 4d8b | 1341 f6c2 | 020f 8462 | 0000 0049 | 83ba 8600 | 0000 0074 | 0949 ff8a | 8600 0000 
  0x00007240a056ebc8: eb4b 498b | 8296 0000 | 0049 0b82 | 8e00 0000 | 750a 49c7 | 423e 0000 | 0000 eb3d | 4983 ba9e 
  0x00007240a056ebe8: 0000 0000 | 7422 4833 | c049 c742 | 3e00 0000 | 00f0 8304 | 2400 4983 | ba9e 0000 | 0000 750d 
  0x00007240a056ec08: f04d 0fb1 | 7a3e 7505 | 83c8 01eb | 0ca8 00eb | 084c 8b10 | f04d 0fb1 | 1375 0a49 | ff8f 6808 
  0x00007240a056ec28: 0000 4533 | d20f 8539 | 3700 004c | 8b54 2468 | 458b 5254 | 4489 9424 | b800 0000 

  0x00007240a056ec44: ; implicit exception: dispatches to 0x00007240a0575348
  0x00007240a056ec44: 458b 5a10 | 4489 9c24 | bc00 0000 | 418b 6a18 | 418b 4a14 | 448b 9c24 | bc00 0000 | 41ff c344 
  0x00007240a056ec64: ;   {no_reloc}
  0x00007240a056ec64: 895c 244c | 443b d90f | 8d04 2100 | 0085 ed0f | 84df 3500 | 004c 8bed | 458b 5d0c | 448b 9424 
  0x00007240a056ec84: bc00 0000 | 453b d30f | 83eb 3300 | 0045 8bda | 448b 9424 | e000 0000 | 4789 549d | 1044 8b9c 
  0x00007240a056eca4: 24b8 0000 | 0044 8b54 | 244c 4589 | 5310 448b | 5c24 3c45 | 8b93 e800 | 0000 4c8b | 5c24 6845 
  0x00007240a056ecc4: 8b4b 4c45 | 8b59 1845 | 8b49 1045 | 8d41 ff41 | 8b4b 0c44 | 3bc1 0f83 | 0834 0000 | 418b 4b08 
  0x00007240a056ece4: ;   {metadata('java/lang/Object'[])}
  0x00007240a056ece4: 81f9 8812 | 0000 0f85 | a736 0000 | 4789 548b | 0c48 8bb4 | 24b0 0000 | 008b 9424 | e000 0000 
  0x00007240a056ed04: 488b 8c24 | a800 0000 | 448b 8424 | f800 0000 

  0x00007240a056ed14: ;   {optimized virtual_call}
  0x00007240a056ed14: c5f8 77e8 

  0x00007240a056ed18: ; ImmutableOopMap {[16]=Oop [24]=Oop [32]=Oop [40]=Oop [48]=Oop [56]=NarrowOop [60]=NarrowOop [80]=Oop [88]=Oop [96]=Oop [104]=Oop [112]=Oop [120]=NarrowOop [124]=NarrowOop [132]=NarrowOop [136]=NarrowOop [140]=NarrowOop [144]=NarrowOop [148]=NarrowOop [152]=Oop [160]=Oop [168]=Oop [176]=Oop }
                      ;*invokeinterface dispatchCharactersEvents {reexecute=0 rethrow=0 return_oop=0}
                      ; - org.apache.xalan.templates.ElemApplyTemplates::transformSelectedNodes@517 (line 318)
  0x00007240a056ed18: 84a8 f6ff 

  0x00007240a056ed1c: ;   {other}
  0x00007240a056ed1c: 0f1f 8400 | 0c14 0003 | 4c8b 5424 | 6841 8b6a | 5085 ed0f | 8407 3400 | 004c 8bd5 | 4c89 9424 
  0x00007240a056ed3c: b800 0000 | 4c8b 9c24 | b800 0000 | 488d 9c24 | 0001 0000 | 498b 03a8 | 020f 8523 | 0000 0048 
  0x00007240a056ed5c: 83c8 0148 | 8903 f049 | 0fb1 1b0f | 8437 0000 | 0048 2bc4 | 4825 07f0 | ffff 4889 | 03e9 2400 
  0x00007240a056ed7c: 0000 4c8b | d048 33c0 | f04d 0fb1 | 7a3e 48c7 | 0303 0000 | 0074 114c | 3bf8 7515 | 49ff 8286 
  0x00007240a056ed9c: 0000 0048 | 33c0 7509 | 49ff 8768 | 0800 0033 | c00f 8539 | 3600 0044 | 8b4d 1045 | 85c9 0f84 
  0x00007240a056edbc: d04a 0000 | 458d 41ff | 453b c10f | 8d1b 4b00 | 008b 7d18 

  0x00007240a056edd0: ; implicit exception: dispatches to 0x00007240a0575440
  0x00007240a056edd0: 448b 570c | 453b c20f | 83ab 3300 | 0042 8b4c | 8f0c 453b | c10f 8d79 | 4b00 0045 | 85c0 0f8c 
  0x00007240a056edf0: e44b 0000 | 4489 4510 | 4689 648f | 0c44 8b55 | 0c41 ffc2 | 4489 550c | 4c8b 9c24 | b800 0000 
  0x00007240a056ee10: 488d 8424 | 0001 0000 

  0x00007240a056ee18: ;   {no_reloc}
  0x00007240a056ee18: 4883 3800 | 0f84 7900 | 0000 4d8b | 1341 f6c2 | 020f 8462 | 0000 0049 | 83ba 8600 | 0000 0074 
  0x00007240a056ee38: 0949 ff8a | 8600 0000 | eb4b 498b | 8296 0000 | 0049 0b82 | 8e00 0000 | 750a 49c7 | 423e 0000 
  0x00007240a056ee58: 0000 eb3d | 4983 ba9e | 0000 0000 | 7422 4833 | c049 c742 | 3e00 0000 | 00f0 8304 | 2400 4983 
  0x00007240a056ee78: ba9e 0000 | 0000 750d | f04d 0fb1 | 7a3e 7505 | 83c8 01eb | 0ca8 00eb | 084c 8b10 | f04d 0fb1 
  0x00007240a056ee98: 1375 0a49 | ff8f 6808 | 0000 4533 | d20f 8562 | 3500 004c | 8b54 2468 | 458b 5254 

  0x00007240a056eeb4: ; implicit exception: dispatches to 0x00007240a0575498
  0x00007240a056eeb4: 418b 4a18 | 458b 4a10 | 458d 41ff | 4589 4210 

  0x00007240a056eec4: ; implicit exception: dispatches to 0x00007240a05754e4
  0x00007240a056eec4: 8b59 0c44 | 3bc3 0f83 | 2c33 0000 | 42c7 4489 | 0cff ffff | ff45 33d2 | 4c89 9424 | c000 0000 
  0x00007240a056eee4: e9f9 0200 | 000f 1f80 | 0000 0000 | 4c89 9424 | c800 0000 | 448b 5c24 | 3845 8b5b | 2c45 8b43 
  0x00007240a056ef04: 1845 8b4b | 1045 8d59 | ff45 8b50 | 0c45 3bda | 0f83 7235 

  0x00007240a056ef18: ;   {no_reloc}
  0x00007240a056ef18: 0000 458b 

  0x00007240a056ef1c: ;   {metadata('java/lang/Object'[])}
  0x00007240a056ef1c: 5008 4181 | fa88 1200 | 000f 85b1 | 3600 004c | 8b54 2468 | 458b 524c | 4c8b 9c24 | c800 0000 
  0x00007240a056ef3c: 498b db43 | 895c 880c 

  0x00007240a056ef44: ; implicit exception: dispatches to 0x00007240a05755ec
  0x00007240a056ef44: 458b 5a10 | 418b 4a14 | 458d 4301 | 443b c10f | 8ddb 4a00 | 0045 8b4a | 1841 8b49 | 0c44 3bd9 
  0x00007240a056ef64: 0f83 8e35 | 0000 418b 

  0x00007240a056ef6c: ;   {metadata('java/lang/Object'[])}
  0x00007240a056ef6c: 4908 81f9 | 8812 0000 | 0f85 ce36 | 0000 4389 | 5c99 1045 | 8942 1048 | 8bb4 24c8 | 0000 0048 
  0x00007240a056ef8c: 8b54 2468 | 6690 c5f8 | 7748 b8ff | ffff ffff 

  0x00007240a056ef9c: ;   {virtual_call}
  0x00007240a056ef9c: ffff ffe8 

  0x00007240a056efa0: ; ImmutableOopMap {[16]=Oop [24]=Oop [32]=Oop [40]=Oop [48]=Oop [56]=NarrowOop [60]=NarrowOop [80]=Oop [88]=Oop [96]=Oop [104]=Oop [112]=Oop [120]=NarrowOop [124]=NarrowOop [132]=NarrowOop [136]=NarrowOop [140]=NarrowOop [144]=NarrowOop [148]=NarrowOop [152]=Oop [160]=Oop [168]=Oop [176]=Oop [192]=Oop [200]=Oop }
                      ;*invokevirtual execute {reexecute=0 rethrow=0 return_oop=0}
                      ; - org.apache.xalan.templates.ElemApplyTemplates::transformSelectedNodes@775 (line 395)
  0x00007240a056efa0: bc31 6fff 

  0x00007240a056efa4: ;   {other}
  0x00007240a056efa4: 0f1f 8400 | 9416 0004 | 4c8b 5424 | 6845 8b5a | 4c41 8b4b | 1845 8b53 | 1045 8d42 | ff45 8943 
  0x00007240a056efc4: 1044 8b49 | 0c45 3bc1 | 0f83 a635 | 0000 4689 | 6491 0c4c | 8b94 24c8 | 0000 0045 | 8b52 404d 
  0x00007240a056efe4: 8b9f 7007 

  0x00007240a056efe8: ; ImmutableOopMap {r10=NarrowOop [16]=Oop [24]=Oop [32]=Oop [40]=Oop [48]=Oop [56]=NarrowOop [60]=NarrowOop [80]=Oop [88]=Oop [96]=Oop [104]=Oop [112]=Oop [120]=NarrowOop [124]=NarrowOop [132]=NarrowOop [136]=NarrowOop [140]=NarrowOop [144]=NarrowOop [148]=NarrowOop [152]=Oop [160]=Oop [168]=Oop [176]=Oop [192]=Oop }
                      ;*goto {reexecute=1 rethrow=0 return_oop=0}
                      ; - (reexecute) org.apache.xalan.templates.ElemApplyTemplates::transformSelectedNodes@807 (line 389)
                      ;   {poll}
  0x00007240a056efe8: 0000 4185 | 0345 85d2 | 0f85 fafe | ffff 4c8b | 5424 6841 | 0fb6 6a15 | 85ed 0f85 | 9051 0000 
  0x00007240a056f008: 4c8b 9424 | c000 0000 | 458b 524c | 4585 d20f | 8f1f 1a00 | 004c 8b54 | 2468 458b | 5250 4489 
  0x00007240a056f028: 9424 bc00 | 0000 4585 | d20f 8481 | 4300 004c | 8994 24c8 | 0000 004c | 8b9c 24c8 | 0000 0048 
  0x00007240a056f048: 8d9c 2400 | 0100 0049 | 8b03 a802 | 0f85 2300 | 0000 4883 | c801 4889 | 03f0 490f | b11b 0f84 
  0x00007240a056f068: 3700 0000 | 482b c448 | 2507 f0ff | ff48 8903 | e924 0000 | 004c 8bd0 | 4833 c0f0 | 4d0f b17a 
  0x00007240a056f088: 3e48 c703 | 0300 0000 | 7411 4c3b | f875 1549 | ff82 8600 | 0000 4833 | c075 0949 | ff87 6808 
  0x00007240a056f0a8: 0000 33c0 | 0f85 1e45 | 0000 448b | 9424 bc00 | 0000 458b | 4a10 4585 | c90f 84f5 | 4d00 0045 
  0x00007240a056f0c8: 8d41 ff45 | 3bc1 0f8d | 6c4e 0000 | 418b 4a18 

  0x00007240a056f0d8: ; implicit exception: dispatches to 0x00007240a0575e48
  0x00007240a056f0d8: 448b 590c | 453b c30f | 831f 4300 | 0042 8b6c 

  0x00007240a056f0e8: ;   {no_reloc}
  0x00007240a056f0e8: 890c 453b | c10f 8d01 | 4f00 0045 | 85c0 0f8c | 944f 0000 | 4589 4210 | 4689 6489 | 0c45 8b5a 
  0x00007240a056f108: 0c41 ffc3 | 4589 5a0c | 4c8b 9c24 | c800 0000 | 488d 8424 | 0001 0000 | 4883 3800 | 0f84 7900 
  0x00007240a056f128: 0000 4d8b | 1341 f6c2 | 020f 8462 | 0000 0049 | 83ba 8600 | 0000 0074 | 0949 ff8a | 8600 0000 
  0x00007240a056f148: eb4b 498b | 8296 0000 | 0049 0b82 | 8e00 0000 | 750a 49c7 | 423e 0000 | 0000 eb3d | 4983 ba9e 
  0x00007240a056f168: 0000 0000 | 7422 4833 | c049 c742 | 3e00 0000 | 00f0 8304 | 2400 4983 | ba9e 0000 | 0000 750d 
  0x00007240a056f188: f04d 0fb1 | 7a3e 7505 | 83c8 01eb | 0ca8 00eb | 084c 8b10 | f04d 0fb1 | 1375 0a49 | ff8f 6808 
  0x00007240a056f1a8: 0000 4533 | d20f 8542 | 4400 004c | 8b54 2468 | 458b 4254 

  0x00007240a056f1bc: ; implicit exception: dispatches to 0x00007240a0575eb8
  0x00007240a056f1bc: 418b 4818 | 458b 5010 | 418d 6aff | 4189 6810 

  0x00007240a056f1cc: ; implicit exception: dispatches to 0x00007240a0575f04
  0x00007240a056f1cc: 448b 590c | 413b eb0f | 83cb 4200 | 0042 c744 | 910c ffff | ffff 4c8b | 9424 a000 

  0x00007240a056f1e8: ;   {no_reloc}
  0x00007240a056f1e8: 0000 418b | 7a1c 458b | 4a20 85ff | 0f85 da0e | 0000 4585 | c90f 84ad | 3600 0049 | 8bf1 c5f8 
  0x00007240a056f208: 7748 b818 | a80c 7c93 

  0x00007240a056f210: ;   {virtual_call}
  0x00007240a056f210: 6500 00e8 

  0x00007240a056f214: ; ImmutableOopMap {[16]=Oop [24]=Oop [32]=Oop [40]=Oop [48]=Oop [56]=NarrowOop [60]=NarrowOop [80]=Oop [88]=Oop [96]=Oop [104]=Oop [112]=Oop [120]=NarrowOop [124]=NarrowOop [132]=NarrowOop [136]=NarrowOop [140]=NarrowOop [144]=NarrowOop [148]=NarrowOop [152]=Oop [160]=Oop [168]=Oop [176]=Oop [192]=Oop }
                      ;*invokeinterface nextNode {reexecute=0 rethrow=0 return_oop=0}
                      ; - org.apache.xpath.axes.NodeSequence::nextNode@91 (line 335)
                      ; - org.apache.xalan.templates.ElemApplyTemplates::transformSelectedNodes@322 (line 280)
  0x00007240a056f214: 082f 6fff 

  0x00007240a056f218: ;   {other}
  0x00007240a056f218: 0f1f 8400 | 0819 0006 | 4c8b 9424 | a000 0000 | 458b 521c | 4c8b 9c24 | a000 0000 | 458b 4318 
  0x00007240a056f238: 458d 5801 | 83f8 ff0f | 85dc 0500 | 0045 85d2 | 0f85 cb12 | 0000 4c8b | 9424 a000 | 0000 4589 
  0x00007240a056f258: 5a18 4589 | 4214 4c8b | 5424 6841 | 0fb6 6a15 | 85ed 0f85 | d049 0000 | 448b 5424 | 3845 8b42 
  0x00007240a056f278: 2c41 8b48 | 1845 8b58 | 1041 8d6b | ff41 8968 | 1044 8b49 | 0c41 3be9 | 0f83 823a | 0000 4689 
  0x00007240a056f298: 6499 0c41 | 8b6a 5085 | ed0f 84c1 | 3a00 004c | 8bd5 4c89 | 5424 104c | 8b5c 2410 | 488d 9c24 
  0x00007240a056f2b8: 0001 0000 | 498b 03a8 | 020f 8523 | 0000 0048 | 83c8 0148 | 8903 f049 | 0fb1 1b0f | 8437 0000 
  0x00007240a056f2d8: 0048 2bc4 | 4825 07f0 | ffff 4889 | 03e9 2400 | 0000 4c8b | d048 33c0 | f04d 0fb1 | 7a3e 48c7 
  0x00007240a056f2f8: 0303 0000 | 0074 114c | 3bf8 7515 | 49ff 8286 | 0000 0048 | 33c0 7509 | 49ff 8768 

  0x00007240a056f314: ;   {no_reloc}
  0x00007240a056f314: 0800 0033 | c00f 85e5 | 3b00 008b | 5d10 4c8b | 5c24 1048 | 8d84 2400 | 0100 0048 | 8338 000f 
  0x00007240a056f334: 8479 0000 | 004d 8b13 | 41f6 c202 | 0f84 6200 | 0000 4983 | ba86 0000 | 0000 7409 | 49ff 8a86 
  0x00007240a056f354: 0000 00eb | 4b49 8b82 | 9600 0000 | 490b 828e | 0000 0075 | 0a49 c742 | 3e00 0000 | 00eb 3d49 
  0x00007240a056f374: 83ba 9e00 | 0000 0074 | 2248 33c0 | 49c7 423e | 0000 0000 | f083 0424 | 0049 83ba | 9e00 0000 
  0x00007240a056f394: 0075 0df0 | 4d0f b17a | 3e75 0583 | c801 eb0c | a800 eb08 | 4c8b 10f0 | 4d0f b113 | 750a 49ff 
  0x00007240a056f3b4: 8f68 0800 | 0045 33d2 | 0f85 633b | 0000 85db | 0f84 be48 | 0000 448b | 5424 3845 | 8b52 5044 
  0x00007240a056f3d4: 8954 2454 | 4585 d20f | 84d3 3900 | 004c 8954 | 2410 4c8b | 5c24 1048 | 8d9c 2400 | 0100 0049 
  0x00007240a056f3f4: 8b03 a802 | 0f85 2300 | 0000 4883 | c801 4889 | 03f0 490f | b11b 0f84 | 3700 0000 | 482b c448 
  0x00007240a056f414: ;   {no_reloc}
  0x00007240a056f414: 2507 f0ff | ff48 8903 | e924 0000 | 004c 8bd0 | 4833 c0f0 | 4d0f b17a | 3e48 c703 | 0300 0000 
  0x00007240a056f434: 7411 4c3b | f875 1549 | ff82 8600 | 0000 4833 | c075 0949 | ff87 6808 | 0000 33c0 | 0f85 fa3a 
  0x00007240a056f454: 0000 448b | 5c24 5445 | 8b4b 1045 | 85c9 0f84 | 7048 0000 | 458d 41ff | 453b c10f | 8db7 4800 
  0x00007240a056f474: 0045 8bd3 | 418b 5a18 

  0x00007240a056f47c: ; implicit exception: dispatches to 0x00007240a0575b50
  0x00007240a056f47c: 448b 5b0c | 453b c30f | 8377 3900 | 0042 8b6c | 8b0c 453b | c10f 8df5 | 4800 0045 | 85c0 0f8c 
  0x00007240a056f49c: 4849 0000 | 4589 4210 | 4689 648b | 0c45 8b5a | 0c41 ffc3 | 4589 5a0c | 4c8b 5c24 | 1048 8d84 
  0x00007240a056f4bc: 2400 0100 | 0048 8338 | 000f 8479 | 0000 004d | 8b13 41f6 | c202 0f84 | 6200 0000 | 4983 ba86 
  0x00007240a056f4dc: 0000 0000 | 7409 49ff | 8a86 0000 | 00eb 4b49 | 8b82 9600 | 0000 490b | 828e 0000 | 0075 0a49 
  0x00007240a056f4fc: c742 3e00 | 0000 00eb | 3d49 83ba | 9e00 0000 | 0074 2248 | 33c0 49c7 

  0x00007240a056f514: ;   {no_reloc}
  0x00007240a056f514: 423e 0000 | 0000 f083 | 0424 0049 | 83ba 9e00 | 0000 0075 | 0df0 4d0f | b17a 3e75 | 0583 c801 
  0x00007240a056f534: eb0c a800 | eb08 4c8b | 10f0 4d0f | b113 750a | 49ff 8f68 | 0800 0045 | 33d2 0f85 | 213a 0000 
  0x00007240a056f554: 4c8b 5424 | 6845 8b4a | 4c45 8b41 | 1845 8b51 | 1041 8d6a | ff41 8969 | 1045 8b58 | 0c41 3beb 
  0x00007240a056f574: 0f83 ea38 | 0000 4789 | 6490 0c44 | 8b54 2438 | 458b 5260 | 4585 d20f | 8427 3900 | 0041 ff4a 
  0x00007240a056f594: 1044 8b5c | 2438 458b | 5b54 41ff | 4b10 4c8b | 9424 a000 | 0000 418b | 6a20 448b | 5d08 488b 
  0x00007240a056f5b4: ;   {metadata('org/apache/xpath/axes/ChildIterator')}
  0x00007240a056f5b4: f541 81fb | 18a8 0c01 | 0f85 e20e | 0000 4889 | b424 a800 | 0000 0fb6 | 6e16 85ed | 0f84 3a4b 
  0x00007240a056f5d4: 0000 c746 | 44ff ffff | ff44 8b5e | 5044 899c | 24b0 0000 | 0044 8966 | 5cc7 4640 | ffff ffff 
  0x00007240a056f5f4: 4489 6654 | c746 4cff | ffff ff44 | 8966 48c7 | 463c ffff | ffff 4585 | db0f 84ed | 3e00 004d 
  0x00007240a056f614: 8bd3 4c89 | 5424 504c | 8b5c 2450 | 488d 9c24 | 0001 0000 | 498b 03a8 | 020f 8523 | 0000 0048 
  0x00007240a056f634: 83c8 0148 | 8903 f049 | 0fb1 1b0f | 8437 0000 | 0048 2bc4 | 4825 07f0 | ffff 4889 | 03e9 2400 
  0x00007240a056f654: 0000 4c8b | d048 33c0 | f04d 0fb1 | 7a3e 48c7 | 0303 0000 | 0074 114c | 3bf8 7515 | 49ff 8286 
  0x00007240a056f674: 0000 0048 | 33c0 7509 | 49ff 8768 | 0800 0033 | c00f 8595 | 3f00 0044 | 8b94 24b0 | 0000 0045 
  0x00007240a056f694: 8b52 1044 | 8994 24b4 | 0000 0045 | 8b5a 1444 | 899c 24b8 | 0000 0041 | ff42 0c45 | 8b53 0c44 
  0x00007240a056f6b4: ;   {no_reloc}
  0x00007240a056f6b4: 8994 24bc | 0000 0044 | 8b94 24b4 | 0000 0045 | 8b5a 1044 | 899c 24c0 | 0000 0044 | 8b9c 24b8 
  0x00007240a056f6d4: 0000 004d | 8bd3 4c89 | 9424 c800 | 0000 448b | 9424 c000 | 0000 41ff | c244 8954 | 244c 448b 
  0x00007240a056f6f4: 9c24 c000 | 0000 443b | 9c24 bc00 | 0000 0f84 | 250e 0000 | 448b 9424 | c000 0000 | 443b 9424 
  0x00007240a056f714: bc00 0000 | 0f83 2e3e | 0000 4c8b | 9424 c800 | 0000 458b 

  0x00007240a056f728: ;   {metadata('java/lang/Object'[])}
  0x00007240a056f728: 5a08 4181 | fb88 1200 | 000f 850e | 3f00 0044 | 8b9c 24b4 | 0000 0044 | 8b54 244c | 4589 5310 
  0x00007240a056f748: 4c8b 9424 | a800 0000 | 4d8b da4c | 8b94 24c8 | 0000 0044 | 8b8c 24c0 | 0000 0047 | 895c 8a10 
  0x00007240a056f768: 4c8b 5c24 | 5048 8d84 | 2400 0100 | 0048 8338 | 000f 8479 | 0000 004d | 8b13 41f6 | c202 0f84 
  0x00007240a056f788: 6200 0000 | 4983 ba86 | 0000 0000 | 7409 49ff | 8a86 0000 | 00eb 4b49 | 8b82 9600 | 0000 490b 
  0x00007240a056f7a8: 828e 0000 | 0075 0a49 | c742 3e00 | 0000 00eb | 3d49 83ba | 9e00 0000 | 0074 2248 | 33c0 49c7 
  0x00007240a056f7c8: 423e 0000 | 0000 f083 | 0424 0049 | 83ba 9e00 | 0000 0075 | 0df0 4d0f | b17a 3e75 | 0583 c801 
  0x00007240a056f7e8: eb0c a800 | eb08 4c8b | 10f0 4d0f | b113 750a | 49ff 8f68 | 0800 0045 | 33d2 0f85 | c43e 0000 
  0x00007240a056f808: c5f8 7748 | 81c4 2001 

  0x00007240a056f810: ;   {poll_return}
  0x00007240a056f810: 0000 5d49 | 3ba7 6807 | 0000 0f87 | f6a3 0000 | c345 85d2 | 0f85 2609 | 0000 4c8b | 9424 a000 
  0x00007240a056f830: 0000 4589 | 5a18 8984 | 24e0 0000 | 0044 8b9c | 2494 0000 | 0045 8b5b | 1844 8b94 | 2494 0000 
  0x00007240a056f850: 0045 8b52 | 1045 8d4a | ff45 8b43 | 0c45 3bc8 | 0f83 f222 | 0000 448b | 8c24 e000 | 0000 4789 
  0x00007240a056f870: 4c93 0c44 | 8b94 2490 | 0000 0045 | 8b42 1845 | 8bda 458b | 5310 458d | 4aff 458b | 580c 453b 
  0x00007240a056f890: cb0f 8319 | 2300 0044 | 8b9c 24e0 | 0000 0047 | 895c 900c | 448b 5c24 | 3845 8b53 | 2845 8b5a 
  0x00007240a056f8b0: ;   {metadata('org/apache/xml/dtm/ref/DTMManagerDefault')}
  0x00007240a056f8b0: 0841 81fb | 38a6 0e01 | 0f85 2a25 | 0000 4c89 | 9424 b000 | 0000 4c8b | 9c24 b000 | 0000 488d 
  0x00007240a056f8d0: 9c24 0001 | 0000 498b | 03a8 020f | 8523 0000 | 0048 83c8 | 0148 8903 | f049 0fb1 | 1b0f 8437 
  0x00007240a056f8f0: 0000 0048 | 2bc4 4825 | 07f0 ffff | 4889 03e9 | 2400 0000 | 4c8b d048 | 33c0 f04d | 0fb1 7a3e 
  0x00007240a056f910: 48c7 0303 | 0000 0074 | 114c 3bf8 | 7515 49ff | 8286 0000 | 0048 33c0 | 7509 49ff | 8768 0800 
  0x00007240a056f930: 0033 c00f | 8503 2500 | 004c 8b94 | 24b0 0000 | 0045 8b52 | 148b 9c24 | e000 0000 | c1eb 1045 
  0x00007240a056f950: 8b42 0c41 | 3bd8 0f83 | ac22 0000 | 458b 749a | 104c 8b9c | 24b0 0000 | 0048 8d84 | 2400 0100 
  0x00007240a056f970: 0048 8338 | 000f 8479 | 0000 004d | 8b13 41f6 | c202 0f84 | 6200 0000 | 4983 ba86 | 0000 0000 
  0x00007240a056f990: 7409 49ff | 8a86 0000 | 00eb 4b49 | 8b82 9600 | 0000 490b | 828e 0000 | 0075 0a49 | c742 3e00 
  0x00007240a056f9b0: ;   {no_reloc}
  0x00007240a056f9b0: 0000 00eb | 3d49 83ba | 9e00 0000 | 0074 2248 | 33c0 49c7 | 423e 0000 | 0000 f083 | 0424 0049 
  0x00007240a056f9d0: 83ba 9e00 | 0000 0075 | 0df0 4d0f | b17a 3e75 | 0583 c801 | eb0c a800 | eb08 4c8b | 10f0 4d0f 
  0x00007240a056f9f0: b113 750a | 49ff 8f68 | 0800 0045 | 33d2 0f85 | 5d24 0000 | 448b 9424 | 8400 0000 | 453b f20f 
  0x00007240a056fa10: 85b3 2c00 | 0045 8b52 

  0x00007240a056fa18: ;   {metadata('org/apache/xml/dtm/ref/sax2dtm/SAX2DTM')}
  0x00007240a056fa18: 0841 81fa | 48bf 0e01 | 0f85 6624 | 0000 4c8b | 5424 104c | 8994 24b0 | 0000 0044 | 8b94 24e0 
  0x00007240a056fa38: 0000 0041 | 83fa ff0f | 84e3 2c00 | 004c 8b94 | 24b0 0000 | 0045 8b52 | 3845 8b4a | 1445 8b59 
  0x00007240a056fa58: 0c41 3bdb | 0f83 0622 | 0000 458b | 5c99 104d | 8bc3 4c8b | 8c24 b000 | 0000 4d3b | c10f 8509 
  0x00007240a056fa78: 2d00 0045 | 8b5a 1845 | 8b43 0c41 | 3bd8 0f83 | 5422 0000 | 440f b784 | 24e0 0000 | 0045 0b44 
  0x00007240a056fa98: 9b10 4183 | f8ff 0f84 | 482d 0000 | 4d8b d145 | 8b4a 0c45 | 3bc1 0f8d | 8c2d 0000 | 418b 4a14 
  0x00007240a056fab8: ; implicit exception: dispatches to 0x00007240a0575170
  0x00007240a056fab8: 448b 510c | 453b c20f | 8d02 0800 | 0044 8b59 | 2845 8b4b | 0c45 3bc1 | 0f83 5e24 | 0000 478b 
  0x00007240a056fad8: 5c83 1044 | 899c 24b8 | 0000 004c | 8b94 24b0 | 0000 0045 | 8b5a 5045 | 8b53 1845 | 8b5a 0c44 
  0x00007240a056faf8: 8b8c 24b8 | 0000 0045 | 3bcb 0f83 | 4022 0000 | 478b 548a | 1045 0fbf | 5a0c 4489 | 9c24 bc00 
  0x00007240a056fb18: ;   {no_reloc}
  0x00007240a056fb18: 0000 4c8b | 5424 6841 | 8baa 9000 | 0000 85ed | 0f84 6e22 | 0000 4c8b | d54c 8994 | 24c0 0000 
  0x00007240a056fb38: 004c 8b9c | 24c0 0000 | 0048 8d9c | 2400 0100 | 0049 8b03 | a802 0f85 | 2300 0000 | 4883 c801 
  0x00007240a056fb58: 4889 03f0 | 490f b11b | 0f84 3700 | 0000 482b | c448 2507 | f0ff ff48 | 8903 e924 | 0000 004c 
  0x00007240a056fb78: 8bd0 4833 | c0f0 4d0f | b17a 3e48 | c703 0300 | 0000 7411 | 4c3b f875 | 1549 ff82 | 8600 0000 
  0x00007240a056fb98: 4833 c075 | 0949 ff87 | 6808 0000 | 33c0 0f85 | 3c23 0000 | 8b6d 104c | 8b9c 24c0 | 0000 0048 
  0x00007240a056fbb8: 8d84 2400 | 0100 0048 | 8338 000f | 8479 0000 | 004d 8b13 | 41f6 c202 | 0f84 6200 | 0000 4983 
  0x00007240a056fbd8: ba86 0000 | 0000 7409 | 49ff 8a86 | 0000 00eb | 4b49 8b82 | 9600 0000 | 490b 828e | 0000 0075 
  0x00007240a056fbf8: 0a49 c742 | 3e00 0000 | 00eb 3d49 | 83ba 9e00 | 0000 0074 | 2248 33c0 | 49c7 423e 

  0x00007240a056fc14: ;   {no_reloc}
  0x00007240a056fc14: 0000 0000 | f083 0424 | 0049 83ba | 9e00 0000 | 0075 0df0 | 4d0f b17a | 3e75 0583 | c801 eb0c 
  0x00007240a056fc34: a800 eb08 | 4c8b 10f0 | 4d0f b113 | 750a 49ff | 8f68 0800 | 0045 33d2 | 0f85 b722 | 0000 85ed 
  0x00007240a056fc54: 0f85 c80a | 0000 4533 | c948 8b74 | 2428 488b | 5424 588b | 8c24 e000 | 0000 448b | 8424 b800 
  0x00007240a056fc74: 0000 bfff | ffff ff44 | 8b9c 2480 | 0000 0044 | 891c 244c | 8b94 24b0 | 0000 004c | 8954 2408 
  0x00007240a056fc94: ;   {optimized virtual_call}
  0x00007240a056fc94: c5f8 77e8 

  0x00007240a056fc98: ; ImmutableOopMap {[16]=Oop [24]=Oop [32]=Oop [40]=Oop [48]=Oop [56]=NarrowOop [60]=NarrowOop [80]=Oop [88]=Oop [96]=Oop [104]=Oop [112]=Oop [120]=NarrowOop [124]=NarrowOop [132]=NarrowOop [136]=NarrowOop [140]=NarrowOop [144]=NarrowOop [148]=NarrowOop [152]=Oop [160]=Oop [168]=Oop [176]=Oop }
                      ;*invokevirtual getTemplateFast {reexecute=0 rethrow=0 return_oop=1}
                      ; - org.apache.xalan.templates.ElemApplyTemplates::transformSelectedNodes@408 (line 296)
  0x00007240a056fc98: 046b f3ff 

  0x00007240a056fc9c: ;   {other}
  0x00007240a056fc9c: 0f1f 8400 | 8c23 0007 | 4c8b 5424 | 6845 8b52 | 5044 8994 | 24b8 0000 | 0048 85c0 | 0f84 c002 
  0x00007240a056fcbc: 0000 4c8b | 5424 6845 | 8b5a 4c45 | 8b43 1845 | 8b53 1041 | 8d6a ff45 | 8b58 0c41 | 3beb 0f83 
  0x00007240a056fcdc: d434 0000 | 458b 5808 

  0x00007240a056fce4: ;   {metadata('java/lang/Object'[])}
  0x00007240a056fce4: 4181 fb88 | 1200 000f | 856a 3600 | 004c 8bd8 | 4789 5c90 | 0c48 8984 | 24c0 0000 | 0044 8b94 
  0x00007240a056fd04: 24b8 0000 | 0045 85d2 | 0f84 3633 | 0000 4c89 | 9424 c800 | 0000 4c8b | 9c24 c800 | 0000 488d 
  0x00007240a056fd24: 9c24 0001 | 0000 498b | 03a8 020f | 8523 0000 | 0048 83c8 | 0148 8903 | f049 0fb1 | 1b0f 8437 
  0x00007240a056fd44: 0000 0048 | 2bc4 4825 | 07f0 ffff | 4889 03e9 | 2400 0000 | 4c8b d048 | 33c0 f04d | 0fb1 7a3e 
  0x00007240a056fd64: 48c7 0303 | 0000 0074 | 114c 3bf8 | 7515 49ff | 8286 0000 | 0048 33c0 | 7509 49ff | 8768 0800 
  0x00007240a056fd84: 0033 c00f | 85cf 3400 | 0044 8b94 | 24b8 0000 | 0045 8b5a | 1841 ff42 | 0c45 8b43 | 0c41 8b6a 
  0x00007240a056fda4: 1041 3be8 | 0f84 460f | 0000 4d8b | c345 8b58 | 0c41 3beb | 0f83 d632 | 0000 458b 

  0x00007240a056fdc0: ;   {metadata('java/lang/Object'[])}
  0x00007240a056fdc0: 5808 4181 | fb88 1200 | 000f 85b2 | 3400 0044 | 8d5d 0144 | 8b8c 24b8 | 0000 0045 | 8959 104c 
  0x00007240a056fde0: 8b94 24c0 | 0000 004d | 8bda 4589 | 5ca8 104c | 8b9c 24c8 | 0000 0048 | 8d84 2400 | 0100 0048 
  0x00007240a056fe00: 8338 000f | 8479 0000 | 004d 8b13 | 41f6 c202 | 0f84 6200 | 0000 4983 | ba86 0000 | 0000 7409 
  0x00007240a056fe20: 49ff 8a86 | 0000 00eb | 4b49 8b82 | 9600 0000 | 490b 828e | 0000 0075 | 0a49 c742 | 3e00 0000 
  0x00007240a056fe40: 00eb 3d49 | 83ba 9e00 | 0000 0074 | 2248 33c0 | 49c7 423e | 0000 0000 | f083 0424 | 0049 83ba 
  0x00007240a056fe60: 9e00 0000 | 0075 0df0 | 4d0f b17a | 3e75 0583 | c801 eb0c | a800 eb08 | 4c8b 10f0 | 4d0f b113 
  0x00007240a056fe80: 750a 49ff | 8f68 0800 | 0045 33d2 | 0f85 9e34 | 0000 4c8b | 5424 6845 | 8b52 5444 | 8994 24b8 
  0x00007240a056fea0: 0000 0045 | 8b5a 1044 | 899c 24bc | 0000 0045 | 8b52 1844 | 8994 24d8 | 0000 0044 | 8b94 24b8 
  0x00007240a056fec0: ;   {no_reloc}
  0x00007240a056fec0: 0000 0041 | 8b4a 1444 | 8b9c 24bc | 0000 0041 | ffc3 4489 | 5c24 4c44 | 3bd9 0f8d | 6710 0000 
  0x00007240a056fee0: 448b 9c24 | d800 0000 | 4585 db0f | 841f 3300 | 0045 8bd3 | 4d8b ea45 | 8b55 0c44 | 8b9c 24bc 
  0x00007240a056ff00: 0000 0045 | 3bda 0f83 | 3c32 0000 | 448b 9424 | e000 0000 | 4789 549d | 1044 8b9c | 24b8 0000 
  0x00007240a056ff20: 0044 8b54 | 244c 4589 | 5310 4c8b | 9424 c000 | 0000 458b | 524c 4585 | d20f 8f39 | 0a00 0045 
  0x00007240a056ff40: 33d2 4489 | 9424 b800 | 0000 4c8b | 5424 6841 | 0fb6 6a15 | 85ed 0f85 | 0c3f 0000 | 4c8b 9424 
  0x00007240a056ff60: c000 0000 | 458b 5244 | 4585 d20f | 8497 f0ff | ff4c 8994 | 24c8 0000 | 00e9 7aef | ffff 448b 
  0x00007240a056ff80: 9c24 bc00 | 0000 4183 | c3fe 4183 | fb01 0f87 | 2d09 0000 | 448b 5424 | 3c45 8b9a | e800 0000 
  0x00007240a056ffa0: 4489 9c24 | bc00 0000 | 448b 9c24 | b800 0000 | 4585 db0f | 84d3 1f00 | 0045 8bd3 | 4c89 9424 
  0x00007240a056ffc0: ;   {no_reloc}
  0x00007240a056ffc0: c000 0000 | 4c8b 9c24 | c000 0000 | 488d 9c24 | 0001 0000 | 498b 03a8 | 020f 8523 | 0000 0048 
  0x00007240a056ffe0: 83c8 0148 | 8903 f049 | 0fb1 1b0f | 8437 0000 | 0048 2bc4 | 4825 07f0 | ffff 4889 | 03e9 2400 
  0x00007240a0570000: 0000 4c8b | d048 33c0 | f04d 0fb1 | 7a3e 48c7 | 0303 0000 | 0074 114c | 3bf8 7515 | 49ff 8286 
  0x00007240a0570020: 0000 0048 | 33c0 7509 | 49ff 8768 | 0800 0033 | c00f 856d | 2200 0044 | 8b9c 24b8 | 0000 0045 
  0x00007240a0570040: 8b5b 1844 | 8b94 24b8 | 0000 0041 | ff42 0c45 | 8b43 0c41 | 8b6a 1041 | 3be8 0f85 | f4ea ffff 
  0x00007240a0570060: 488b b424 | c000 0000 

  0x00007240a0570068: ;   {optimized virtual_call}
  0x00007240a0570068: c5f8 77e8 

  0x00007240a057006c: ; ImmutableOopMap {[16]=Oop [24]=Oop [32]=Oop [40]=Oop [48]=Oop [56]=NarrowOop [60]=NarrowOop [80]=Oop [88]=Oop [96]=Oop [104]=Oop [112]=Oop [120]=NarrowOop [124]=NarrowOop [132]=NarrowOop [136]=NarrowOop [140]=NarrowOop [144]=NarrowOop [148]=NarrowOop [152]=Oop [160]=Oop [168]=Oop [176]=Oop [184]=NarrowOop [188]=NarrowOop [192]=Oop }
                      ;*invokevirtual grow {reexecute=0 rethrow=0 return_oop=1}
                      ; - java.util.Vector::add@7 (line 782)
                      ; - java.util.Vector::addElement@20 (line 617)
                      ; - java.util.Stack::push@2 (line 68)
                      ; - org.apache.xalan.transformer.TransformerImpl::pushPairCurrentMatched@5 (line 2729)
                      ; - org.apache.xalan.templates.ElemApplyTemplates::transformSelectedNodes@498 (line 315)
  0x00007240a057006c: 5097 8df8 

  0x00007240a0570070: ;   {other}
  0x00007240a0570070: 0f1f 8400 | 6027 0008 | 4885 c00f | 85d6 eaff | ffbe f6ff | ffff 4c8b | 5424 304c | 8954 2410 
  0x00007240a0570090: 4c8b 5424 | 684c 8954 | 2418 448b | 5c24 3844 | 895c 2420 | 448b 5424 | 4844 8954 | 2424 448b 
  0x00007240a05700b0: 5c24 4044 | 895c 2430 | 448b 5424 | 4444 8954 | 2434 6690 

  0x00007240a05700c4: ;   {runtime_call UncommonTrapBlob}
  0x00007240a05700c4: c5f8 77e8 

  0x00007240a05700c8: ; ImmutableOopMap {[16]=Oop [24]=Oop [32]=NarrowOop [60]=NarrowOop [120]=NarrowOop [124]=NarrowOop [136]=NarrowOop [140]=NarrowOop [144]=NarrowOop [148]=NarrowOop [160]=Oop [176]=Oop [184]=NarrowOop [188]=NarrowOop }
                      ;*aastore {reexecute=1 rethrow=0 return_oop=0}
                      ; - (reexecute) java.util.Vector::add@14 (line 783)
                      ; - java.util.Vector::addElement@20 (line 617)
                      ; - java.util.Stack::push@2 (line 68)
                      ; - org.apache.xalan.transformer.TransformerImpl::pushPairCurrentMatched@5 (line 2729)
                      ; - org.apache.xalan.templates.ElemApplyTemplates::transformSelectedNodes@498 (line 315)
  0x00007240a05700c8: 34a2 6fff 

  0x00007240a05700cc: ;   {other}
  0x00007240a05700cc: 0f1f 8400 | bc27 0009 | 8b4f 1485 | c90f 841b | f1ff ff44 | 8b51 084c | 8b9c 24a0 | 0000 0045 
  0x00007240a05700ec: 8b43 184c 

  0x00007240a05700f0: ;   {metadata('org/apache/xpath/NodeSetDTM')}
  0x00007240a05700f0: 8bd9 4181 | fa68 7a08 

  0x00007240a05700f8: ;   {metadata('org/apache/xml/utils/NodeVector')}
  0x00007240a05700f8: 0174 1341 | 81fa d077 | 0801 0f85 | 3849 0000 | 418b 6b10 | eb04 418b | 6b10 443b | c50f 8cbd 
  0x00007240a0570118: 4800 0044 | 0fb6 5f10 | 4585 db75 | 164c 8b94 | 24a0 0000 | 0045 8b5a | 1441 83fb | ff0f 8419 
  0x00007240a0570138: 1100 0045 | 8d58 014c | 8b94 24a0 | 0000 0045 | 895a 18e9 | 0ef1 ffff | 458b 5214 | 4585 d20f 
  0x00007240a0570158: 84cd f6ff | ff33 ed45 | 85d2 400f | 95c5 be45 | ffff ff4c | 8b54 2430 | 4c89 5424 | 104c 8b54 
  0x00007240a0570178: 2468 4c89 | 5424 1844 | 8b54 2438 | 4489 5424 | 2044 8b5c | 2448 4489 | 5c24 244c | 8b94 24a0 
  0x00007240a0570198: 0000 004c | 8954 2428 | 448b 5424 | 4044 8954 | 2430 448b | 5c24 4444 | 895c 2434 | 8944 2468 
  0x00007240a05701b8: ;   {runtime_call UncommonTrapBlob}
  0x00007240a05701b8: c5f8 77e8 

  0x00007240a05701bc: ; ImmutableOopMap {[16]=Oop [24]=Oop [32]=NarrowOop [40]=Oop [60]=NarrowOop [120]=NarrowOop [124]=NarrowOop [136]=NarrowOop [140]=NarrowOop [144]=NarrowOop [148]=NarrowOop [176]=Oop [192]=Oop }
                      ;*ifeq {reexecute=1 rethrow=0 return_oop=0}
                      ; - (reexecute) org.apache.xpath.axes.NodeSequence::nextNode@106 (line 338)
                      ; - org.apache.xalan.templates.ElemApplyTemplates::transformSelectedNodes@322 (line 280)
  0x00007240a05701bc: 40a1 6fff 

  0x00007240a05701c0: ;   {other}
  0x00007240a05701c0: 0f1f 8400 | b028 000a 

  0x00007240a05701c8: ;   {metadata('org/apache/xml/dtm/DTMIterator')}
  0x00007240a05701c8: 48b8 90ea | 017c 9365 | 0000 4833 | ff4c 8b9e | a000 0000 | 498b d348 | c1e2 290f | 8921 0000 
  0x00007240a05701e8: 00f3 480f | b8d2 488b | 5e28 483b | 04d3 7415 | 490f bae3 | 1773 0b49 

  0x00007240a0570200: ;   {runtime_call StubRoutines (compiler stubs)}
  0x00007240a0570200: c1cb 16e8 | efd6 70ff | eb03 48ff | c748 85ff | 0f84 86e1 | ffff bede | ffff ff4c | 8b5c 2440 
  0x00007240a0570220: 4c89 5c24 | 1844 8b4c | 2448 4489 | 7424 2845 | 8bd9 4489 | 5c24 2c4c | 8944 2438 | 4489 5424 
  0x00007240a0570240: 4066 6690 

  0x00007240a0570244: ;   {runtime_call UncommonTrapBlob}
  0x00007240a0570244: c5f8 77e8 

  0x00007240a0570248: ; ImmutableOopMap {rbp=NarrowOop [16]=Oop [24]=Oop [40]=NarrowOop [56]=Oop [64]=NarrowOop }
                      ;*checkcast {reexecute=0 rethrow=0 return_oop=0}
                      ; - org.apache.xpath.axes.IteratorPool::getInstance@49 (line 104)
                      ; - org.apache.xpath.axes.LocPathIterator::asIterator@8 (line 267)
                      ; - org.apache.xalan.templates.ElemApplyTemplates::transformSelectedNodes@16 (line 207)
  0x00007240a0570248: b4a0 6fff 

  0x00007240a057024c: ;   {other}
  0x00007240a057024c: 0f1f 8400 | 3c29 000b | 458b 4b14 | 4585 c90f | 84fe e7ff | ff41 8b49 | 0841 8b5a | 184d 8bd1 
  0x00007240a057026c: ;   {metadata('org/apache/xpath/NodeSetDTM')}
  0x00007240a057026c: 81f9 687a | 0801 7412 

  0x00007240a0570274: ;   {metadata('org/apache/xml/utils/NodeVector')}
  0x00007240a0570274: 81f9 d077 | 0801 0f85 | 044a 0000 | 418b 6a10 | eb04 418b | 6a10 3bdd | 0f8c be48 | 0000 450f 
  0x00007240a0570294: b65b 1045 | 85db 7516 | 4c8b 9424 | a000 0000 | 458b 5a14 | 4183 fbff | 0f84 1610 | 0000 448d 
  0x00007240a05702b4: 5301 4c8b | 9c24 a000 | 0000 4589 | 5318 e997 | efff ff44 | 8b51 1044 | 8b49 24c4 | c22b f7e8 
  0x00007240a05702d4: ; implicit exception: dispatches to 0x00007240a05760b4
  0x00007240a05702d4: 458b 590c | 413b eb0f | 8383 4000 | 0041 8b6c | a910 4423 | 4114 448b | 5d0c 453b | c30f 83cd 
  0x00007240a05702f4: 4000 0046 | 8b54 8510 | 4489 9424 | b800 0000 | e9da f7ff | ff4c 894c | 2420 4c89 | 4424 304c 
  0x00007240a0570314: 896c 2418 | 4489 5c24 | 4844 8974 | 2428 458b | 420c 4489 | 5424 3849 | 8bf0 4489 | 5c24 2c48 
  0x00007240a0570334: 8b6c 2430 | 6690 c5f8 | 7748 b818 | a80c 7c93 

  0x00007240a0570344: ;   {virtual_call}
  0x00007240a0570344: 6500 00e8 

  0x00007240a0570348: ; ImmutableOopMap {rbp=Oop [16]=Oop [24]=Oop [32]=Oop [40]=NarrowOop [48]=Oop [56]=NarrowOop [64]=Oop }
                      ;*invokeinterface clone {reexecute=0 rethrow=0 return_oop=1}
                      ; - org.apache.xpath.axes.IteratorPool::getInstance@14 (line 94)
                      ; - org.apache.xpath.axes.LocPathIterator::asIterator@8 (line 267)
                      ; - org.apache.xalan.templates.ElemApplyTemplates::transformSelectedNodes@16 (line 207)
  0x00007240a0570348: 14f6 66f8 

  0x00007240a057034c: ;   {other}
  0x00007240a057034c: 0f1f 8400 | 3c2a 000c | 488b e844 | 8b58 0848 | be00 0000 | 7b93 6500 | 0049 03f3 | 4c8b 5620 
  0x00007240a057036c: ;   {metadata('org/apache/xml/dtm/DTMIterator')}
  0x00007240a057036c: 49bb 90ea | 017c 9365 | 0000 4d3b | d30f 858a | 0500 004c | 8b5c 2420 | 488d 8424 | 0001 0000 
  0x00007240a057038c: 4883 3800 | 0f84 7900 | 0000 4d8b | 1341 f6c2 | 020f 8462 | 0000 0049 | 83ba 8600 | 0000 0074 
  0x00007240a05703ac: 0949 ff8a | 8600 0000 | eb4b 498b | 8296 0000 | 0049 0b82 | 8e00 0000 | 750a 49c7 | 423e 0000 
  0x00007240a05703cc: 0000 eb3d | 4983 ba9e | 0000 0000 | 7422 4833 | c049 c742 | 3e00 0000 | 00f0 8304 | 2400 4983 
  0x00007240a05703ec: ba9e 0000 | 0000 750d | f04d 0fb1 | 7a3e 7505 | 83c8 01eb | 0ca8 00eb | 084c 8b10 | f04d 0fb1 
  0x00007240a057040c: 1375 0a49 | ff8f 6808 | 0000 4533 | d20f 85f1 | 3f00 0044 | 8b74 2428 | 4c8b 6c24 | 184c 8b44 
  0x00007240a057042c: 2430 e904 | e0ff ff45 | 8b52 1445 | 85d2 0f84 | 90e6 ffff | 33ed 4585 | d240 0f95 | c5be 45ff 
  0x00007240a057044c: ffff 4c8b | 5424 304c | 8954 2410 | 448b 5c24 | 3844 895c | 2420 448b | 5424 4844 

  0x00007240a0570468: ;   {no_reloc}
  0x00007240a0570468: 8954 2424 | 4c8b 9424 | a000 0000 | 4c89 5424 | 2844 8b5c | 2440 4489 | 5c24 3044 | 8b54 2444 
  0x00007240a0570488: 4489 5424 | 3489 4424 | 5466 6690 

  0x00007240a0570494: ;   {runtime_call UncommonTrapBlob}
  0x00007240a0570494: c5f8 77e8 

  0x00007240a0570498: ; ImmutableOopMap {[16]=Oop [32]=NarrowOop [40]=Oop [60]=NarrowOop [104]=Oop [120]=NarrowOop [124]=NarrowOop [132]=NarrowOop [136]=NarrowOop [140]=NarrowOop [144]=NarrowOop [148]=NarrowOop }
                      ;*ifeq {reexecute=1 rethrow=0 return_oop=0}
                      ; - (reexecute) org.apache.xpath.axes.NodeSequence::nextNode@106 (line 338)
                      ; - org.apache.xalan.templates.ElemApplyTemplates::transformSelectedNodes@322 (line 280)
  0x00007240a0570498: 649e 6fff 

  0x00007240a057049c: ;   {other}
  0x00007240a057049c: 0f1f 8400 | 8c2b 000d | 4c8b 5424 | 304c 8954 | 2410 4c8b | 5424 684c | 8954 2418 | 4c8b 5424 
  0x00007240a05704bc: 584c 8954 | 2420 448b | 5c24 4844 | 895c 2428 | 4c8b 9424 | a000 0000 | 4c89 5424 | 304c 8b54 
  0x00007240a05704dc: 2460 4c89 | 5424 388b | 6c24 4089 | 6c24 2c8b | 6c24 4489 | 6c24 4048 | 8b6c 2430 | 6690 c5f8 
  0x00007240a05704fc: 7748 b8b0 | c20c 7c93 

  0x00007240a0570504: ;   {virtual_call}
  0x00007240a0570504: 6500 00e8 

  0x00007240a0570508: ; ImmutableOopMap {rbp=Oop [16]=Oop [24]=Oop [32]=Oop [48]=Oop [56]=Oop [112]=Oop [120]=NarrowOop [124]=NarrowOop [132]=NarrowOop [144]=NarrowOop [148]=NarrowOop [152]=Oop }
                      ;*invokeinterface detach {reexecute=0 rethrow=0 return_oop=0}
                      ; - org.apache.xpath.axes.NodeSequence::detach@12 (line 398)
                      ; - org.apache.xalan.templates.ElemApplyTemplates::transformSelectedNodes@971 (line 450)
  0x00007240a0570508: 141d 6fff 

  0x00007240a057050c: ;   {other}
  0x00007240a057050c: 0f1f 8400 | fc2b 000e | e9ef f2ff | ff45 3b62 | 140f 842b | edff ff41 | c642 1001 | e921 edff 
  0x00007240a057052c: ff44 8b94 | 24b4 0000 | 004d 8bca | 448b 9c24 | bc00 0000 | 4585 db0f | 875c 0500 | 0044 8b94 
  0x00007240a057054c: 24b8 0000 

  0x00007240a0570550: ;   {oop(a 'java/lang/Object'[0] {0x00000000403d71a8})}
  0x00007240a0570550: 0041 81fa | a871 3d40 | 0f85 4240 | 0000 448b | 9c24 fc00 | 0000 443b | 5c24 4c45 | 8bd3 448b 
  0x00007240a0570570: 4424 4c45 | 0f4c d041 | 8bd2 4181 | fa00 0004 | 000f 87b4 | 3e00 004d | 63c2 4533 | db41 81fa 
  0x00007240a0570590: 0000 0400 | 410f 97c3 | 4a8d 0c85 | 1700 0000 | 488b d948 | 83e3 f848 | 81fb 0040 | 0000 448b 
  0x00007240a05705b0: 9424 f800 | 0000 410f | 93c2 458b | c245 0bc3 | 4585 c00f | 85fb 1300 | 004d 8b97 | b804 0000 
  0x00007240a05705d0: 498b f24c | 03d3 4d3b | 97c0 0400 | 000f 83e1 | 1300 004d | 8997 b804 | 0000 488b | fe48 83c7 
  0x00007240a05705f0: 1048 c1e9 | 034c 8bd6 | 4d8b c248 | 83c1 fe4d | 8bd8 49c1 | eb03 49c1 | e806 49ba | 0000 40f4 
  0x00007240a0570610: 9365 0000 | 4d03 c249 | 83e3 074d | 8bc8 450f | b611 458b | c341 bb01 | 0000 00c4 | 4239 f7db 
  0x00007240a0570630: 450b d345 | 8811 4c8b | d649 c702 | 0100 0000 

  0x00007240a0570640: ;   {metadata('java/lang/Object'[])}
  0x00007240a0570640: 41c7 4208 | 8812 0000 | 4189 520c | 4833 c048 | 83f9 087f | 1048 ffc9 | 784f 4889 | 04cf 48ff 
  0x00007240a0570660: c97d f7eb | 44c5 fdef | c0e9 0d00 | 0000 c5fe | 7f07 c5fe | 7f47 2048 | 83c7 4048 | 83e9 087d 
  0x00007240a0570680: ed48 83c1 | 047c 0cc5 | fe7f 0748 | 83c7 2048 | 83e9 0448 | 83c1 047e | 1048 ffc9 | c5f9 d607 
  0x00007240a05706a0: 4883 c708 | 48ff c97d | f34c 8bd6 | 498b da4d | 8bda 448b | 9424 b400 | 0000 4589 | 5a14 448b 
  0x00007240a05706c0: 530c 4489 | 9424 bc00 | 0000 4889 | 9c24 c800 | 0000 e931 | f0ff ff49 | 8bed 4489 | 5c24 4844 
  0x00007240a05706e0: 8974 2418 | 498b d541 | 8bcb c5f8 | 7748 b8b0 | c20c 7c93 

  0x00007240a05706f4: ;   {virtual_call}
  0x00007240a05706f4: 6500 00e8 

  0x00007240a05706f8: ; ImmutableOopMap {rbp=Oop [16]=Oop [24]=NarrowOop [64]=Oop }
                      ;*invokevirtual asIterator {reexecute=0 rethrow=0 return_oop=1}
                      ; - org.apache.xalan.templates.ElemApplyTemplates::transformSelectedNodes@16 (line 207)
  0x00007240a05706f8: e41a 6fff 

  0x00007240a05706fc: ;   {other}
  0x00007240a05706fc: 0f1f 8400 | ec2d 000f | 4889 4424 | 50e9 d2dd | ffff 453b | 6214 0f84 | 9ae3 ffff | 41c6 4210 
  0x00007240a057071c: 01e9 90e3 | ffff 4c8b | 5424 6845 | 8b92 9000 | 0000 4489 | 9424 c000 | 0000 4585 | d20f 8431 
  0x00007240a057073c: 3d00 004c | 8994 24c8 | 0000 004c | 8b9c 24c8 | 0000 0048 | 8d9c 2400 | 0100 0049 | 8b03 a802 
  0x00007240a057075c: 0f85 2300 | 0000 4883 | c801 4889 | 03f0 490f | b11b 0f84 | 3700 0000 | 482b c448 | 2507 f0ff 
  0x00007240a057077c: ff48 8903 | e924 0000 | 004c 8bd0 | 4833 c0f0 | 4d0f b17a | 3e48 c703 | 0300 0000 | 7411 4c3b 
  0x00007240a057079c: f875 1549 | ff82 8600 | 0000 4833 | c075 0949 | ff87 6808 | 0000 33c0 | 0f85 6a3d | 0000 448b 
  0x00007240a05707bc: 9c24 c000 | 0000 458b | 5b10 458b | c345 85db | 0f84 223f | 0000 41ff | cb45 8bcb | 453b d80f 
  0x00007240a05707dc: 8d6f 3f00 | 0044 8b9c | 24c0 0000 | 0041 8b6b | 1844 8b55 | 0c45 8bd9 | 453b da0f 

  0x00007240a05707f8: ;   {no_reloc}
  0x00007240a05707f8: 83bf 3c00 | 0045 8bd8 | 428b 6c9d | 0c4c 8b9c | 24c8 0000 | 0048 8d84 | 2400 0100 | 0048 8338 
  0x00007240a0570818: 000f 8479 | 0000 004d | 8b13 41f6 | c202 0f84 | 6200 0000 | 4983 ba86 | 0000 0000 | 7409 49ff 
  0x00007240a0570838: 8a86 0000 | 00eb 4b49 | 8b82 9600 | 0000 490b | 828e 0000 | 0075 0a49 | c742 3e00 | 0000 00eb 
  0x00007240a0570858: 3d49 83ba | 9e00 0000 | 0074 2248 | 33c0 49c7 | 423e 0000 | 0000 f083 | 0424 0049 | 83ba 9e00 
  0x00007240a0570878: 0000 0075 | 0df0 4d0f | b17a 3e75 | 0583 c801 | eb0c a800 | eb08 4c8b | 10f0 4d0f | b113 750a 
  0x00007240a0570898: 49ff 8f68 | 0800 0045 | 33d2 0f85 | a13c 0000 

  0x00007240a05708a8: ; implicit exception: dispatches to 0x00007240a05761f0
  0x00007240a05708a8: 448b 5d08 

  0x00007240a05708ac: ;   {metadata('org/apache/xml/utils/QName')}
  0x00007240a05708ac: 4181 fba8 | f502 010f | 8533 4600 | 004c 8bcd | e99c f3ff | ff44 8b94 | 24bc 0000 | 0041 ffca 
  0x00007240a05708cc: 4183 fa02 | 0f86 f90c | 0000 448b | 9424 bc00 | 0000 4183 | fa08 0f85 | bd3d 0000 | 4d8b 8f70 
  0x00007240a05708ec: 0700 004c | 8b94 24b0 | 0000 004c | 8b5c 2418 | 4c8b 4424 

  0x00007240a0570900: ; ImmutableOopMap {r10=Oop r11=Oop r8=Oop [48]=Oop [56]=NarrowOop [60]=NarrowOop [80]=Oop [88]=Oop [96]=Oop [104]=Oop [112]=Oop [120]=NarrowOop [124]=NarrowOop [132]=NarrowOop [136]=NarrowOop [140]=NarrowOop [144]=NarrowOop [148]=NarrowOop [152]=Oop [160]=Oop }
                      ;*goto {reexecute=1 rethrow=0 return_oop=0}
                      ; - (reexecute) org.apache.xalan.templates.ElemApplyTemplates::transformSelectedNodes@539 (line 327)
                      ;   {poll}
  0x00007240a0570900: 2041 8501 | e93d e1ff 

  0x00007240a0570908: ;   {metadata('org/apache/xml/dtm/DTMIterator')}
  0x00007240a0570908: ff48 b890 | ea01 7c93 | 6500 0048 | 33ff 4c8b | 9ea0 0000 | 0049 8bd3 | 48c1 e229 | 0f89 2100 
  0x00007240a0570928: 0000 f348 | 0fb8 d248 | 8b5e 2848 | 3b04 d374 | 1549 0fba | e317 730b | 49c1 cb16 

  0x00007240a0570944: ;   {runtime_call StubRoutines (compiler stubs)}
  0x00007240a0570944: e8ae cf70 | ffeb 0348 | ffc7 4885 | ff0f 8428 | faff ffbe | deff ffff | 4c8b 5424 | 404c 8954 
  0x00007240a0570964: 2418 6690 

  0x00007240a0570968: ;   {runtime_call UncommonTrapBlob}
  0x00007240a0570968: c5f8 77e8 

  0x00007240a057096c: ; ImmutableOopMap {rbp=Oop [16]=Oop [24]=Oop [40]=NarrowOop [48]=Oop [56]=NarrowOop }
                      ;*checkcast {reexecute=0 rethrow=0 return_oop=0}
                      ; - org.apache.xpath.axes.IteratorPool::getInstance@19 (line 94)
                      ; - org.apache.xpath.axes.LocPathIterator::asIterator@8 (line 267)
                      ; - org.apache.xalan.templates.ElemApplyTemplates::transformSelectedNodes@16 (line 207)
  0x00007240a057096c: 9099 6fff 

  0x00007240a0570970: ;   {other}
  0x00007240a0570970: 0f1f 8400 | 6030 0011 | 448b 5c24 | 3845 8b53 | 1845 8b43 | 1445 85d2 | 0f84 3e3e | 0000 498b 
  0x00007240a0570990: f241 8bd0 | 488b 6c24 | 3066 6690 

  0x00007240a057099c: ;   {optimized virtual_call}
  0x00007240a057099c: c5f8 77e8 

  0x00007240a05709a0: ; ImmutableOopMap {rbp=Oop [16]=Oop [24]=Oop [32]=Oop [40]=Oop [48]=Oop [56]=NarrowOop [60]=NarrowOop [80]=Oop [88]=Oop [96]=Oop [104]=Oop [112]=Oop [120]=NarrowOop [124]=NarrowOop [132]=NarrowOop [136]=NarrowOop [140]=NarrowOop [144]=NarrowOop [148]=NarrowOop [152]=Oop [160]=Oop [168]=Oop [176]=Oop [192]=Oop }
                      ;*invokevirtual push {reexecute=0 rethrow=0 return_oop=0}
                      ; - org.apache.xpath.XPathContext::pushRTFContext@8 (line 1273)
                      ; - org.apache.xalan.templates.ElemApplyTemplates::transformSelectedNodes@575 (line 342)
  0x00007240a05709a0: 9cc7 eeff 

  0x00007240a05709a4: ;   {other}
  0x00007240a05709a4: 0f1f 8400 | 9430 0012 | 448b 5c24 | 3845 3b63 | 1c0f 84f9 | 0700 0048 | 8b6c 2458 | 4c8b 9424 
  0x00007240a05709c4: 9800 0000 | 4c89 5424 | 1048 8bf5 

  0x00007240a05709d0: ;   {optimized virtual_call}
  0x00007240a05709d0: c5f8 77e8 

  0x00007240a05709d4: ; ImmutableOopMap {rbp=Oop [16]=Oop [24]=Oop [32]=Oop [48]=Oop [56]=NarrowOop [60]=NarrowOop [80]=Oop [96]=Oop [104]=Oop [112]=Oop [120]=NarrowOop [124]=NarrowOop [136]=NarrowOop [140]=NarrowOop [144]=NarrowOop [148]=NarrowOop [160]=Oop [176]=Oop [192]=Oop }
                      ;*invokevirtual getRTFDTM {reexecute=0 rethrow=0 return_oop=1}
                      ; - org.apache.xpath.XPathContext::pushRTFContext@21 (line 1275)
                      ; - org.apache.xalan.templates.ElemApplyTemplates::transformSelectedNodes@575 (line 342)
  0x00007240a05709d4: a846 6fff 

  0x00007240a05709d8: ;   {other}
  0x00007240a05709d8: 0f1f 8400 | c830 0013 

  0x00007240a05709e0: ; implicit exception: dispatches to 0x00007240a0576290
  0x00007240a05709e0: 448b 5008 

  0x00007240a05709e4: ;   {metadata('org/apache/xml/dtm/ref/sax2dtm/SAX2RTFDTM')}
  0x00007240a05709e4: 4181 fa58 | c90e 010f | 859b 3e00 | 0048 8be8 | bead ffff | ff4c 8b54 | 2430 4c89 | 5424 1044 
  0x00007240a0570a04: 8b54 2438 | 4489 5424 | 2044 8b5c | 2448 4489 | 5c24 2444 | 8b54 2440 | 4489 5424 | 3044 8b5c 
  0x00007240a0570a24: 2444 4489 | 5c24 3490 

  0x00007240a0570a2c: ;   {runtime_call UncommonTrapBlob}
  0x00007240a0570a2c: c5f8 77e8 

  0x00007240a0570a30: ; ImmutableOopMap {rbp=Oop [16]=Oop [32]=NarrowOop [60]=NarrowOop [104]=Oop [120]=NarrowOop [124]=NarrowOop [136]=NarrowOop [140]=NarrowOop [144]=NarrowOop [148]=NarrowOop [160]=Oop [176]=Oop [192]=Oop }
                      ;*invokevirtual pushRewindMark {reexecute=0 rethrow=0 return_oop=0}
                      ; - org.apache.xpath.XPathContext::pushRTFContext@30 (line 1275)
                      ; - org.apache.xalan.templates.ElemApplyTemplates::transformSelectedNodes@575 (line 342)
  0x00007240a0570a30: cc98 6fff 

  0x00007240a0570a34: ;   {other}
  0x00007240a0570a34: 0f1f 8400 | 2431 0014 | 448b 9c24 | 8800 0000 | 458b 5314 | 458b 4b1c | 418d 6aff | 4189 6b14 
  0x00007240a0570a54: ; implicit exception: dispatches to 0x00007240a057623c
  0x00007240a0570a54: 458b 590c | 413b eb0f | 83b7 3d00 | 0044 8b9c | 2488 0000 | 008b 8c24 | b800 0000 | 4189 4b10 
  0x00007240a0570a74: 478b 5491 | 0c44 8b84 | 2488 0000 | 0045 8950 | 0c48 8b74 | 2458 488b | 6c24 3090 

  0x00007240a0570a90: ;   {optimized virtual_call}
  0x00007240a0570a90: c5f8 77e8 

  0x00007240a0570a94: ; ImmutableOopMap {rbp=Oop [16]=Oop [24]=Oop [32]=Oop [40]=Oop [48]=Oop [56]=NarrowOop [60]=NarrowOop [80]=Oop [88]=Oop [96]=Oop [104]=Oop [112]=Oop [120]=NarrowOop [124]=NarrowOop [132]=NarrowOop [136]=NarrowOop [140]=NarrowOop [144]=NarrowOop [148]=NarrowOop [152]=Oop [160]=Oop [168]=Oop [176]=Oop [192]=Oop }
                      ;*invokevirtual popRTFContext {reexecute=0 rethrow=0 return_oop=0}
                      ; - org.apache.xalan.templates.ElemApplyTemplates::transformSelectedNodes@842 (line 424)
  0x00007240a0570a94: a8ce 72f8 

  0x00007240a0570a98: ;   {other}
  0x00007240a0570a98: 0f1f 8400 | 8831 0015 | e978 e5ff | ff8b ac24 | c000 0000 | 412b eb45 | 8bd3 41d1 | faff c544 
  0x00007240a0570ab8: 3bd5 440f | 4cd5 478d | 041a 4489 | 8424 c400 | 0000 458d | 58ff 4181 | fbf7 ffff | 7f0f 83d1 
  0x00007240a0570ad8: 3f00 0044 | 8b84 24b8 | 0000 0041 | 8b58 0848 | be00 0000 | 7b93 6500 | 0048 03f3 | 4c8b 5e70 
  0x00007240a0570af8: 498b 2b44 | 8b9c 24c4 | 0000 0045 | 85db 0f8c | 403e 0000 | 448b 4614 | 4d63 d84e | 8b1c 1e49 
  0x00007240a0570b18: 3bf3 0f85 | fb05 0000 | 4c63 9c24 | bc00 0000 | 4d63 c24d | 03c3 448b | 9c24 c400 | 0000 458b 
  0x00007240a0570b38: d345 33db | 4181 fa00 | 0004 0041 | 0f97 c34e | 8d14 8517 | 0000 004c | 8994 24d0 | 0000 0049 
  0x00007240a0570b58: 8bca 4883 | e1f8 4881 | f900 4000 | 0044 8b84 | 24f8 0000 | 0041 0f93 | c045 8bd0 | 450b d345 
  0x00007240a0570b78: 85d2 0f85 | b818 0000 | 4d8b 97b8 | 0400 004d | 8bda 4c03 | d94d 3b9f | c004 0000 

  0x00007240a0570b94: ;   {no_reloc}
  0x00007240a0570b94: 0f83 9e18 | 0000 4d89 | 9fb8 0400 | 004d 8bc2 | 4d8b c849 | c1e9 0649 | bb00 0040 | f493 6500 
  0x00007240a0570bb4: 004d 03cb | 49c1 e803 | 498b f90f | b60f 4983 | e007 458b | d841 b901 | 0000 00c4 | 4221 f7d9 
  0x00007240a0570bd4: 410b cb88 | 0f49 c702 | 0100 0000 | 4189 5a08 | 448b 9c24 | c400 0000 | 4589 5a0c | 498b da44 
  0x00007240a0570bf4: 8b9c 24bc | 0000 0044 | 3b9c 24c4 | 0000 0045 | 8bd3 448b | 8424 c400 | 0000 450f | 4fd0 458b 
  0x00007240a0570c14: da4c 8bd3 | 4983 c210 | 4c8b 8424 | d000 0000 | 49c1 e803 | 488b eb45 | 85db 0f84 | ac3c 0000 
  0x00007240a0570c34: 8b8c 24b8 | 0000 004c | 8d49 1049 | 63d3 443b | 9c24 c400 | 0000 0f8c | f30c 0000 | 498b f949 
  0x00007240a0570c54: 8bf2 c5f8 | 7749 ba60 | e5c4 9f40 | 7200 0041 

  0x00007240a0570c64: ;   {other}
  0x00007240a0570c64: ffd2 0f1f | 8400 0000 | 0000 448b | 9c24 b400 | 0000 4189 | 6b14 e93f | faff ff48 | 8b74 2410 
  0x00007240a0570c84: ;   {optimized virtual_call}
  0x00007240a0570c84: c5f8 77e8 

  0x00007240a0570c88: ; ImmutableOopMap {[16]=Oop [48]=Oop [56]=NarrowOop [60]=NarrowOop [76]=NarrowOop [80]=Oop [88]=Oop [96]=Oop [104]=Oop [112]=Oop [120]=NarrowOop [124]=NarrowOop [132]=NarrowOop [136]=NarrowOop [140]=NarrowOop [152]=Oop }
                      ;*invokevirtual grow {reexecute=0 rethrow=0 return_oop=1}
                      ; - java.util.Vector::add@7 (line 782)
                      ; - java.util.Vector::addElement@20 (line 617)
                      ; - java.util.Stack::push@2 (line 68)
                      ; - org.apache.xpath.XPathContext::pushContextNodeList@5 (line 697)
                      ; - org.apache.xalan.templates.ElemApplyTemplates::transformSelectedNodes@301 (line 270)
  0x00007240a0570c88: 348b 8df8 

  0x00007240a0570c8c: ;   {other}
  0x00007240a0570c8c: 0f1f 8400 | 7c33 0016 | 4c8b c048 | 85c0 0f85 | 7ddc ffff | bef6 ffff | ff4c 8b54 | 2430 4c89 
  0x00007240a0570cac: 5424 1044 | 8b54 2438 | 4489 5424 | 2044 8b5c | 2448 4489 | 5c24 2444 | 8b54 2440 | 4489 5424 
  0x00007240a0570ccc: 2844 8b5c | 2444 4489 | 5c24 2c44 | 8b5c 243c | 4489 5c24 | 3466 6690 

  0x00007240a0570ce4: ;   {runtime_call UncommonTrapBlob}
  0x00007240a0570ce4: c5f8 77e8 

  0x00007240a0570ce8: ; ImmutableOopMap {[16]=Oop [32]=NarrowOop [52]=NarrowOop [76]=NarrowOop [80]=Oop [104]=Oop [120]=NarrowOop [124]=NarrowOop [132]=NarrowOop [136]=NarrowOop [140]=NarrowOop }
                      ;*aastore {reexecute=1 rethrow=0 return_oop=0}
                      ; - (reexecute) java.util.Vector::add@14 (line 783)
                      ; - java.util.Vector::addElement@20 (line 617)
                      ; - java.util.Stack::push@2 (line 68)
                      ; - org.apache.xpath.XPathContext::pushContextNodeList@5 (line 697)
                      ; - org.apache.xalan.templates.ElemApplyTemplates::transformSelectedNodes@301 (line 270)
  0x00007240a0570ce8: 1496 6fff 

  0x00007240a0570cec: ;   {other}
  0x00007240a0570cec: 0f1f 8400 | dc33 0017 | 488b b424 | c800 0000 

  0x00007240a0570cfc: ;   {optimized virtual_call}
  0x00007240a0570cfc: c5f8 77e8 

  0x00007240a0570d00: ; ImmutableOopMap {[16]=Oop [24]=Oop [32]=Oop [40]=Oop [48]=Oop [56]=NarrowOop [60]=NarrowOop [80]=Oop [88]=Oop [96]=Oop [104]=Oop [112]=Oop [120]=NarrowOop [124]=NarrowOop [132]=NarrowOop [136]=NarrowOop [140]=NarrowOop [144]=NarrowOop [148]=NarrowOop [152]=Oop [160]=Oop [168]=Oop [176]=Oop [184]=NarrowOop [192]=Oop [200]=Oop }
                      ;*invokevirtual grow {reexecute=0 rethrow=0 return_oop=1}
                      ; - java.util.Vector::add@7 (line 782)
                      ; - java.util.Vector::addElement@20 (line 617)
                      ; - java.util.Stack::push@2 (line 68)
                      ; - org.apache.xalan.transformer.TransformerImpl::pushPairCurrentMatched@5 (line 2729)
                      ; - org.apache.xalan.templates.ElemApplyTemplates::transformSelectedNodes@553 (line 335)
  0x00007240a0570d00: 7c43 6fff 

  0x00007240a0570d04: ;   {other}
  0x00007240a0570d04: 0f1f 8400 | f433 0018 | 4c8b c048 | 85c0 0f85 | 99f0 ffff | bef6 ffff | ff4c 8b54 | 2430 4c89 
  0x00007240a0570d24: 5424 104c | 8b54 2468 | 4c89 5424 | 1844 8b5c | 2438 4489 | 5c24 2044 | 8b54 2448 | 4489 5424 
  0x00007240a0570d44: 2444 8b5c | 2440 4489 | 5c24 3044 | 8b54 2444 | 4489 5424 | 3466 6690 

  0x00007240a0570d5c: ;   {runtime_call UncommonTrapBlob}
  0x00007240a0570d5c: c5f8 77e8 

  0x00007240a0570d60: ; ImmutableOopMap {[16]=Oop [24]=Oop [32]=NarrowOop [60]=NarrowOop [120]=NarrowOop [124]=NarrowOop [136]=NarrowOop [140]=NarrowOop [144]=NarrowOop [148]=NarrowOop [160]=Oop [176]=Oop [184]=NarrowOop [192]=Oop }
                      ;*aastore {reexecute=1 rethrow=0 return_oop=0}
                      ; - (reexecute) java.util.Vector::add@14 (line 783)
                      ; - java.util.Vector::addElement@20 (line 617)
                      ; - java.util.Stack::push@2 (line 68)
                      ; - org.apache.xalan.transformer.TransformerImpl::pushPairCurrentMatched@5 (line 2729)
                      ; - org.apache.xalan.templates.ElemApplyTemplates::transformSelectedNodes@553 (line 335)
  0x00007240a0570d60: 9c95 6fff 

  0x00007240a0570d64: ;   {other}
  0x00007240a0570d64: 0f1f 8400 | 5434 0019 | 418b 7a0c | e97f d7ff | ff44 8b9c | 24b8 0000 | 0045 8b5b | 0c45 8bc3 
  0x00007240a0570d84: 448b 9424 | b800 0000 | 4d8b ca85 | ed0f 8499 | 0500 0046 | 8d14 0144 | 8994 24c0 | 0000 0041 
  0x00007240a0570da4: 81fa 0000 | 0400 0f87 | 083e 0000 | 4963 ca44 | 8b94 24b8 | 0000 0044 | 8b84 24c0 | 0000 0045 
  0x00007240a0570dc4: 8942 1444 | 8b5d 0c44 | 3b5c 244c | 0f82 563e | 0000 443b | 4424 4c0f | 824b 3e00 | 0044 8b54 
  0x00007240a0570de4: 244c 4585 | d20f 8c3d | 3e00 0045 | 33d2 4181 | f800 0004 | 0041 0f97 | c24c 8d1c | 8d17 0000 
  0x00007240a0570e04: 004c 899c | 24c8 0000 | 0049 83e3 | f84c 899c | 24d0 0000 | 0045 33c0 | 4981 fb00 | 4000 0041 
  0x00007240a0570e24: 0f93 c045 | 0bc2 4585 | c00f 8531 | 3300 004d | 8b97 b804 | 0000 4d8b | da4c 8b84 | 24d0 0000 
  0x00007240a0570e44: 004d 03d0 | 4d3b 97c0 | 0400 000f | 830f 3300 | 004d 8997 | b804 0000 | 4d8b d34d 

  0x00007240a0570e60: ;   {no_reloc}
  0x00007240a0570e60: 8bca 4d8b | c149 c1e8 | 0649 ba00 | 0040 f493 | 6500 004d | 03c2 49c1 | e903 498b | c844 0fb6 
  0x00007240a0570e80: 1149 83e1 | 0745 8bc1 | 41b9 0100 | 0000 c442 | 39f7 c145 | 0bd0 4488 | 114d 8bd3 | 49c7 0201 
  0x00007240a0570ea0: ;   {metadata({type array int})}
  0x00007240a0570ea0: 0000 0041 | c742 0870 | 2700 0044 | 8b8c 24c0 | 0000 0045 | 894a 0c4d | 8bd3 4d8b | ea49 83c2 
  0x00007240a0570ec0: 104d 8bc2 | 4c8b 9424 | c800 0000 | 49c1 ea03 | 4d8b ca4d | 8bd5 498b | da44 8b94 | 24bc 0000 
  0x00007240a0570ee0: 0041 83fa | ff0f 84d5 | 3c00 004c | 8bdd 4c8d | 5510 448b | 5c24 4c44 | 3b9c 24c0 | 0000 000f 
  0x00007240a0570f00: 8c0f 0b00 | 004c 8b9c | 24d0 0000 | 0049 83c3 | f049 c1eb | 0349 8bfa | 498b f049 | 8bd3 c5f8 
  0x00007240a0570f20: 7749 ba00 | e3c4 9f40 | 7200 0041 

  0x00007240a0570f2c: ;   {other}
  0x00007240a0570f2c: ffd2 0f1f | 8400 0000 | 0000 448b | 9424 b800 | 0000 4189 | 5a18 e935 | ddff ff44 | 8b9c 24b8 
  0x00007240a0570f4c: 0000 0045 | 8b53 0c45 | 8bc2 458b | d34d 8bda | 448b 9424 | d800 0000 | 4585 d20f | 8418 0500 
  0x00007240a0570f6c: 0046 8d0c | 0144 898c | 24c8 0000 | 0041 81f9 | 0000 0400 | 0f87 623d | 0000 4963 | c944 8b84 
  0x00007240a0570f8c: 24b8 0000 | 0045 8948 | 1444 8b84 | 24d8 0000 | 0045 8b50 | 0c44 3b54 | 244c 0f82 | b03d 0000 
  0x00007240a0570fac: 443b 4c24 | 4c0f 82a5 | 3d00 0044 | 8b54 244c | 4585 d20f | 8c97 3d00 | 0045 8bc1 | 4533 c941 
  0x00007240a0570fcc: 81f8 0000 | 0400 410f | 97c1 4c8d | 148d 1700 | 0000 498b | ea49 83e2 | f84c 8994 | 24d0 0000 
  0x00007240a0570fec: 0045 33c0 | 4981 fa00 | 4000 0041 | 0f93 c045 | 0bc1 4585 | c00f 85e5 | 3100 004d | 8b97 b804 
  0x00007240a057100c: 0000 4d8b | c24c 8b8c | 24d0 0000 | 004d 03c1 | 4d3b 87c0 | 0400 000f | 83c3 3100 | 004d 8987 
  0x00007240a057102c: ;   {no_reloc}
  0x00007240a057102c: b804 0000 | 4d8b ca4d | 8bc1 49c1 | e806 49bb | 0000 40f4 | 9365 0000 | 4d03 c349 | c1e9 0349 
  0x00007240a057104c: 8bd8 0fb6 | 0b49 83e1 | 0745 8bd9 | 41b9 0100 | 0000 c442 | 21f7 d941 | 0bcb 880b | 49c7 0201 
  0x00007240a057106c: ;   {metadata({type array int})}
  0x00007240a057106c: 0000 0041 | c742 0870 | 2700 0044 | 8b84 24c8 | 0000 0045 | 8942 0c4d | 8bea 4983 | c210 4d8b 
  0x00007240a057108c: c24c 8bd5 | 49c1 ea03 | 4d8b ca4d | 8bd5 498b | da44 8b94 | 24bc 0000 | 0041 83fa | ff0f 8441 
  0x00007240a05710ac: 3c00 0044 | 8b9c 24d8 | 0000 0044 | 8b94 24d8 | 0000 004d | 8d52 104d | 8bda 448b | 5424 4c44 
  0x00007240a05710cc: 3b94 24c8 | 0000 000f | 8cdd 0900 | 004c 8b94 | 24d0 0000 | 0049 83c2 | f049 c1ea | 0349 8bfb 
  0x00007240a05710ec: 498b f049 | 8bd2 c5f8 | 7749 ba00 | e3c4 9f40 | 7200 0041 

  0x00007240a0571100: ;   {other}
  0x00007240a0571100: ffd2 0f1f | 8400 0000 | 0000 448b | 9424 b800 | 0000 4189 | 5a18 e9dc | edff ff41 | 83f8 200f 
  0x00007240a0571120: 84fb f9ff | ffbe dcff | ffff 4c8b | 5424 304c | 8954 2410 | 4c8b 5424 | 684c 8954 | 2418 448b 
  0x00007240a0571140: 5c24 3844 | 895c 2420 | 448b 5424 | 4844 8954 | 2424 4c8b | 9424 a000 | 0000 4c89 | 5424 2844 
  0x00007240a0571160: 8b5c 2440 | 4489 5c24 | 3044 8b5c | 2444 4489 | 5c24 3444 | 8b54 2478 | 4489 5424 | 3844 8b54 
  0x00007240a0571180: 247c 4489 | 5424 4044 | 8b9c 2480 | 0000 0044 | 895c 2444 | 448b 9424 | b400 0000 | 4489 5424 
  0x00007240a05711a0: 6866 6690 

  0x00007240a05711a4: ;   {runtime_call UncommonTrapBlob}
  0x00007240a05711a4: c5f8 77e8 

  0x00007240a05711a8: ; ImmutableOopMap {rbp=Oop [16]=Oop [24]=Oop [32]=NarrowOop [40]=Oop [56]=NarrowOop [60]=NarrowOop [64]=NarrowOop [104]=NarrowOop [132]=NarrowOop [136]=NarrowOop [140]=NarrowOop [144]=NarrowOop [148]=NarrowOop [168]=Oop [176]=NarrowOop [184]=NarrowOop }
                      ;*invokestatic copyOf {reexecute=1 rethrow=0 return_oop=0}
                      ; - (reexecute) java.util.Arrays::copyOf@6 (line 3482)
                      ; - java.util.ArrayList::grow@37 (line 237)
                      ; - java.util.ArrayList::grow@7 (line 244)
                      ; - java.util.ArrayList::add@7 (line 483)
                      ; - java.util.ArrayList::add@20 (line 496)
                      ; - org.apache.xpath.axes.IteratorPool::freeInstance@5 (line 117)
                      ; - org.apache.xpath.axes.LocPathIterator::detach@47 (line 691)
                      ; - org.apache.xpath.axes.NodeSequence::detach@12 (line 398)
                      ; - org.apache.xalan.templates.ElemApplyTemplates::transformSelectedNodes@971 (line 450)
  0x00007240a05711a8: 5491 6fff 

  0x00007240a05711ac: ;   {other}
  0x00007240a05711ac: 0f1f 8400 | 9c38 001a | 448b 9424 | 8800 0000 | 458b 5a10 | 4489 9c24 | b800 0000 | 4c8b 9424 
  0x00007240a05711cc: c000 0000 | 418b 524c | 488b 7424 | 6066 6690 

  0x00007240a05711dc: ;   {optimized virtual_call}
  0x00007240a05711dc: c5f8 77e8 

  0x00007240a05711e0: ; ImmutableOopMap {rbp=Oop [16]=Oop [24]=Oop [32]=Oop [40]=Oop [48]=Oop [56]=NarrowOop [60]=NarrowOop [80]=Oop [88]=Oop [96]=Oop [104]=Oop [112]=Oop [120]=NarrowOop [124]=NarrowOop [132]=NarrowOop [136]=NarrowOop [140]=NarrowOop [144]=NarrowOop [148]=NarrowOop [152]=Oop [160]=Oop [168]=Oop [176]=Oop [192]=Oop }
                      ;*invokevirtual link {reexecute=0 rethrow=0 return_oop=0}
                      ; - org.apache.xalan.templates.ElemApplyTemplates::transformSelectedNodes@592 (line 344)
  0x00007240a05711e0: 1cf9 6ff8 

  0x00007240a05711e4: ;   {other}
  0x00007240a05711e4: 0f1f 8400 | d438 001b | 4c8b 9424 | c000 0000 | 418b 6a58 | 85ed 0f8e | 4aed ffff | be45 ffff 
  0x00007240a0571204: ff4c 8b54 | 2430 4c89 | 5424 104c | 8b54 2468 | 4c89 5424 | 1844 8b5c | 2438 4489 | 5c24 2044 
  0x00007240a0571224: 8b54 2448 | 4489 5424 | 2444 8b5c | 2440 4489 | 5c24 3044 | 8b54 2444 | 4489 5424 | 3466 6690 
  0x00007240a0571244: ;   {runtime_call UncommonTrapBlob}
  0x00007240a0571244: c5f8 77e8 

  0x00007240a0571248: ; ImmutableOopMap {[16]=Oop [24]=Oop [32]=NarrowOop [60]=NarrowOop [120]=NarrowOop [124]=NarrowOop [136]=NarrowOop [140]=NarrowOop [144]=NarrowOop [148]=NarrowOop [160]=Oop [176]=Oop [192]=Oop }
                      ;*ifle {reexecute=1 rethrow=0 return_oop=0}
                      ; - (reexecute) org.apache.xalan.templates.ElemApplyTemplates::transformSelectedNodes@601 (line 347)
  0x00007240a0571248: b490 6fff 

  0x00007240a057124c: ;   {other}
  0x00007240a057124c: 0f1f 8400 | 3c39 001c | 4585 c90f | 859d dfff | ffbe 45ff | ffff 488b | 6c24 304c | 8b54 2468 
  0x00007240a057126c: 4c89 5424 | 1044 8b5c | 2438 4489 | 5c24 1844 | 8b54 2448 | 4489 5424 | 1c4c 8b94 | 24a0 0000 
  0x00007240a057128c: 004c 8954 | 2420 448b | 5c24 4044 | 895c 2428 | 448b 5424 | 4444 8954 | 242c 448b | 5424 3c44 
  0x00007240a05712ac: 8954 2434 | 4489 4c24 | 6066 6690 

  0x00007240a05712b8: ;   {runtime_call UncommonTrapBlob}
  0x00007240a05712b8: c5f8 77e8 

  0x00007240a05712bc: ; ImmutableOopMap {rbp=Oop [16]=Oop [24]=NarrowOop [32]=Oop [52]=NarrowOop [96]=NarrowOop [120]=NarrowOop [124]=NarrowOop [136]=NarrowOop [140]=NarrowOop [144]=NarrowOop [148]=NarrowOop [176]=Oop [192]=Oop }
                      ;*if_acmpne {reexecute=1 rethrow=0 return_oop=0}
                      ; - (reexecute) org.apache.xpath.axes.NodeSequence::nextNode@62 (line 325)
                      ; - org.apache.xalan.templates.ElemApplyTemplates::transformSelectedNodes@322 (line 280)
  0x00007240a05712bc: 4090 6fff 

  0x00007240a05712c0: ;   {other}
  0x00007240a05712c0: 0f1f 8400 | b039 001d | 4585 c00f | 858e d7ff | ffbe 45ff | ffff 488b | 6c24 3044 | 8b54 2438 
  0x00007240a05712e0: 4489 5424 | 1844 8b5c | 2448 4489 | 5c24 1c4c | 8b94 24a0 | 0000 004c | 8954 2420 | 448b 5424 
  0x00007240a0571300: 4044 8954 | 2428 448b | 5c24 4444 | 895c 242c | 448b 5424 | 3c44 8954 | 2434 4489 | 4424 4c90 
  0x00007240a0571320: ;   {runtime_call UncommonTrapBlob}
  0x00007240a0571320: c5f8 77e8 

  0x00007240a0571324: ; ImmutableOopMap {rbp=Oop [24]=NarrowOop [32]=Oop [52]=NarrowOop [76]=NarrowOop [104]=Oop [120]=NarrowOop [124]=NarrowOop [132]=NarrowOop [136]=NarrowOop [140]=NarrowOop [144]=NarrowOop [148]=NarrowOop }
                      ;*if_acmpne {reexecute=1 rethrow=0 return_oop=0}
                      ; - (reexecute) org.apache.xpath.axes.NodeSequence::nextNode@62 (line 325)
                      ; - org.apache.xalan.templates.ElemApplyTemplates::transformSelectedNodes@322 (line 280)
  0x00007240a0571324: d88f 6fff 

  0x00007240a0571328: ;   {other}
  0x00007240a0571328: 0f1f 8400 | 183a 001e | 458b d841 | 81fb 0000 | 0400 0f87 | 743a 0000 | 4d63 db45 | 33d2 418b 
  0x00007240a0571348: e841 81f8 | 0000 0400 | 410f 97c2 | 4a8d 0c9d | 1700 0000 | 488b d948 | 83e3 f845 | 33c0 4881 
  0x00007240a0571368: fb00 4000 | 0041 0f93 | c045 0bc2 | 4585 c00f | 85c6 3000 | 004d 8b97 | b804 0000 | 4d8b da4c 
  0x00007240a0571388: 03d3 4d3b | 97c0 0400 | 000f 83ac | 3000 004d | 8997 b804 | 0000 498b | fb48 83c7 | 1048 c1e9 
  0x00007240a05713a8: 034d 8bd3 | 4d8b c248 | 83c1 fe49 | 8bd8 48c1 | eb03 49c1 | e806 49ba | 0000 40f4 | 9365 0000 
  0x00007240a05713c8: 4d03 c248 | 83e3 0749 | 8bd0 440f | b60a 448b | c3bb 0100 | 0000 c462 | 39f7 d345 | 0bca 4488 
  0x00007240a05713e8: 0a4d 8bd3 | 49c7 0201 

  0x00007240a05713f0: ;   {metadata({type array int})}
  0x00007240a05713f0: 0000 0041 | c742 0870 | 2700 0041 | 896a 0c48 | 33c0 4883 | f908 7f10 | 48ff c978 | 4f48 8904 
  0x00007240a0571410: cf48 ffc9 | 7df7 eb44 | c5fd efc0 | e90d 0000 | 00c5 fe7f | 07c5 fe7f | 4720 4883 | c740 4883 
  0x00007240a0571430: e908 7ded | 4883 c104 | 7c0c c5fe | 7f07 4883 | c720 4883 | e904 4883 | c104 7e10 | 48ff c9c5 
  0x00007240a0571450: f9d6 0748 | 83c7 0848 | ffc9 7df3 | 4d8b d34d | 8bea 448b | 9c24 b800 | 0000 4189 | 6b14 4d8b 
  0x00007240a0571470: d54d 8bda | 448b 8424 | b800 0000 | 4589 5818 | e9f7 d7ff | ff41 81f8 | 0000 0400 | 0f87 2a39 
  0x00007240a0571490: 0000 4d63 | c845 33d2 | 418b e841 | 81f8 0000 | 0400 410f | 97c2 4a8d | 0c8d 1700 | 0000 4c8b 
  0x00007240a05714b0: c949 83e1 | f845 33c0 | 4981 f900 | 4000 0041 | 0f93 c045 | 0bc2 4585 | c00f 85a5 | 3000 004d 
  0x00007240a05714d0: 8b97 b804 | 0000 4d8b | c24d 03d1 | 4d3b 97c0 | 0400 000f | 838b 3000 | 004d 8997 | b804 0000 
  0x00007240a05714f0: ;   {no_reloc}
  0x00007240a05714f0: 498b f848 | 83c7 1048 | c1e9 034d | 8bd0 4d8b | da48 83c1 | fe49 8bdb | 48c1 eb03 | 49c1 eb06 
  0x00007240a0571510: 49ba 0000 | 40f4 9365 | 0000 4d03 | da48 83e3 | 074d 8bcb | 450f b619 | 8bdb 41ba | 0100 0000 
  0x00007240a0571530: c442 61f7 | d245 0bda | 4588 194d | 8bd0 49c7 | 0201 0000 

  0x00007240a0571544: ;   {metadata({type array int})}
  0x00007240a0571544: 0041 c742 | 0870 2700 | 0041 896a | 0c48 33c0 | 4883 f908 | 7f10 48ff | c978 4f48 | 8904 cf48 
  0x00007240a0571564: ffc9 7df7 | eb44 c5fd | efc0 e90d | 0000 00c5 | fe7f 07c5 | fe7f 4720 | 4883 c740 | 4883 e908 
  0x00007240a0571584: 7ded 4883 | c104 7c0c | c5fe 7f07 | 4883 c720 | 4883 e904 | 4883 c104 | 7e10 48ff | c9c5 f9d6 
  0x00007240a05715a4: 0748 83c7 | 0848 ffc9 | 7df3 4d8b | d04d 8bea | 448b 9c24 | b800 0000 | 448b d545 | 8953 144d 
  0x00007240a05715c4: 8bd5 4589 | 5318 e928 | e9ff ff44 | 8b5c 243c | 458b 9bec | 0000 004d | 8bd3 4c89 | 9424 c000 
  0x00007240a05715e4: 0000 e916 | e7ff ff44 | 8b44 2428 | 4503 500c | 4489 5424 | 3c41 81fa | 0000 0400 | 0f87 be37 
  0x00007240a0571604: 0000 4963 | ca45 8bd0 | 448b 4424 | 3c45 8942 | 1444 8b57 | 0c45 3bd1 | 0f82 8a38 | 0000 448b 
  0x00007240a0571624: 5424 3c45 | 3bd1 0f82 | 7c38 0000 | 4585 c90f | 8c73 3800 | 0045 8bda | 4533 d241 | 81fb 0000 
  0x00007240a0571644: ;   {no_reloc}
  0x00007240a0571644: 0400 410f | 97c2 4c8d | 1c8d 1700 | 0000 4c89 | 5c24 1049 | 83e3 f84c | 895c 2418 | 4d8b c345 
  0x00007240a0571664: 33db 4981 | f800 4000 | 0041 0f93 | c345 0bda | 4585 db0f | 85a7 2f00 | 004d 8b97 | b804 0000 
  0x00007240a0571684: 498b da4d | 8bd8 4d03 | d34d 3b97 | c004 0000 | 0f83 8a2f | 0000 4d89 | 97b8 0400 | 004c 8bd3 
  0x00007240a05716a4: 4d8b da4d | 8bd3 49c1 | ea06 49b8 | 0000 40f4 | 9365 0000 | 4d03 d049 | c1eb 034d | 8bc2 450f 
  0x00007240a05716c4: b610 4983 | e307 458b | dbb9 0100 | 0000 c462 | 21f7 d945 | 0bd3 4588 | 104c 8bd3 | 49c7 0201 
  0x00007240a05716e4: ;   {metadata({type array int})}
  0x00007240a05716e4: 0000 0041 | c742 0870 | 2700 0044 | 8b5c 243c | 4589 5a0c | 4c8b d34d | 8bea 4983 | c210 4c8b 
  0x00007240a0571704: 5c24 1049 | c1eb 0349 | 8bdd 448b | 4424 2c41 | 83f8 ff0f | 84b7 3600 | 004c 8bc7 | 4c8d 4710 
  0x00007240a0571724: 443b 4c24 | 3c0f 8cf1 | 2a00 004c | 8b5c 2418 | 4983 c3f0 | 49c1 eb03 | 498b f849 | 8bf2 498b 
  0x00007240a0571744: d3c5 f877 | 49ba 00e3 | c49f 4072 | 0000 41ff 

  0x00007240a0571754: ;   {other}
  0x00007240a0571754: d20f 1f84 | 0000 0000 | 0044 8b5c | 2428 4189 | 5b18 458b | 5b10 4489 | 5c24 2ce9 | 1ace ffff 
  0x00007240a0571774: 458b cb45 | 034a 0c44 | 894c 242c | 4181 f900 | 0004 000f | 873f 3600 | 0049 63d9 | 448b 5c24 
  0x00007240a0571794: 3c45 894b | 1444 8b49 | 0c45 3bc8 | 0f82 2237 | 0000 448b | 4c24 2c45 | 3bc8 0f82 | 1437 0000 
  0x00007240a05717b4: 4585 c00f | 8c0b 3700 | 0045 33db | 4181 f900 | 0004 0041 | 0f97 c34c | 8d14 9d17 | 0000 004c 
  0x00007240a05717d4: 8954 2410 | 4983 e2f8 | 4c89 5424 | 184d 8bca | 4533 d249 | 81f9 0040 | 0000 410f | 93c2 450b 
  0x00007240a05717f4: d345 85d2 | 0f85 672e | 0000 4d8b | 97b8 0400 | 0049 8bda | 4d03 d14d | 3b97 c004 | 0000 0f83 
  0x00007240a0571814: 4d2e 0000 | 4d89 97b8 | 0400 004c | 8bd3 4d8b | ca4d 8bd9 | 49c1 eb06 | 49ba 0000 | 40f4 9365 
  0x00007240a0571834: 0000 4d03 | da49 c1e9 | 0349 8bfb | 440f b617 | 4983 e107 | 458b d941 | b901 0000 | 00c4 4221 
  0x00007240a0571854: ;   {no_reloc}
  0x00007240a0571854: f7c9 450b | d144 8817 | 4c8b d349 | c702 0100 

  0x00007240a0571864: ;   {metadata({type array int})}
  0x00007240a0571864: 0000 41c7 | 4208 7027 | 0000 448b | 4c24 2c45 | 894a 0c4c | 8bd3 498b | da49 83c2 | 104c 8b5c 
  0x00007240a0571884: 2410 49c1 | eb03 4c8b | eb8b 7c24 | 2883 ffff | 0f84 a635 | 0000 4c8b | c94c 8d49 | 1044 3b44 
  0x00007240a05718a4: 242c 0f8c | 162a 0000 | 4c8b 5c24 | 1849 83c3 | f049 c1eb | 0349 8bf9 | 498b f249 | 8bd3 c5f8 
  0x00007240a05718c4: 7749 ba00 | e3c4 9f40 | 7200 0041 

  0x00007240a05718d0: ;   {other}
  0x00007240a05718d0: ffd2 0f1f | 8400 0000 | 0000 448b | 5424 3c45 | 896a 1845 | 8b52 1044 | 8954 2428 | e909 cdff 
  0x00007240a05718f0: ff4c 896c | 2428 4889 | 7424 2044 | 895c 241c | 4489 7424 | 1848 8bea 

  0x00007240a0571908: ;   {metadata('org/apache/xpath/objects/XNodeSet')}
  0x00007240a0571908: 48be 08f5 | 017c 9365 | 0000 6690 

  0x00007240a0571914: ;   {runtime_call _new_instance_Java}
  0x00007240a0571914: c5f8 77e8 

  0x00007240a0571918: ; ImmutableOopMap {rbp=Oop [16]=Oop [24]=NarrowOop [32]=Oop [40]=Oop [64]=Oop }
                      ;*new {reexecute=0 rethrow=0 return_oop=1}
                      ; - org.apache.xpath.axes.LocPathIterator::asIterator@0 (line 267)
                      ; - org.apache.xalan.templates.ElemApplyTemplates::transformSelectedNodes@16 (line 207)
  0x00007240a0571918: e4c0 7aff 

  0x00007240a057191c: ;   {other}
  0x00007240a057191c: 0f1f 8400 | 0c40 001f | 448b 7424 | 1844 8b4c | 241c 488b | 7424 204c | 8b6c 2428 | 4c8b c045 
  0x00007240a057193c: 8bd9 e95e | c9ff ff48 | 8d0c 9510 | 0000 004c | 8bd9 49c1 | eb03 4d2b | c348 83e1 | fb48 8bfb 
  0x00007240a057195c: 4803 f949 | 8bc8 4833 | c048 83f9 | 087f 1048 | ffc9 784f | 4889 04cf | 48ff c97d | f7eb 44c5 
  0x00007240a057197c: fdef c0e9 | 0d00 0000 | c5fe 7f07 | c5fe 7f47 | 2048 83c7 | 4048 83e9 | 087d ed48 | 83c1 047c 
  0x00007240a057199c: 0cc5 fe7f | 0748 83c7 | 2048 83e9 | 0448 83c1 | 047e 1048 | ffc9 c5f9 | d607 4883 | c708 48ff 
  0x00007240a05719bc: c97d f3e9 | 8cf2 ffff 

  0x00007240a05719c4: ;   {metadata('java/lang/Object'[])}
  0x00007240a05719c4: 48be 8812 | 007b 9365 | 0000 488b | 6c24 584c | 8b54 2460 | 4c89 5424 | 104c 8b54 | 2470 4c89 
  0x00007240a05719e4: 5424 184c | 8b94 2498 | 0000 004c | 8954 2420 | 4c89 8c24 | c800 0000 

  0x00007240a05719fc: ;   {runtime_call _new_array_Java}
  0x00007240a05719fc: c5f8 77e8 

  0x00007240a0571a00: ; ImmutableOopMap {rbp=Oop [16]=Oop [24]=Oop [32]=Oop [48]=Oop [56]=NarrowOop [60]=NarrowOop [80]=Oop [104]=Oop [120]=NarrowOop [124]=NarrowOop [132]=NarrowOop [136]=NarrowOop [140]=NarrowOop [144]=NarrowOop [148]=NarrowOop [160]=Oop [168]=Oop [176]=NarrowOop [180]=NarrowOop [200]=Oop }
                      ;*anewarray {reexecute=0 rethrow=0 return_oop=1}
                      ; - java.util.ArrayList::grow@52 (line 239)
                      ; - java.util.ArrayList::grow@7 (line 244)
                      ; - java.util.ArrayList::add@7 (line 483)
                      ; - java.util.ArrayList::add@20 (line 496)
                      ; - org.apache.xpath.axes.IteratorPool::freeInstance@5 (line 117)
                      ; - org.apache.xpath.axes.LocPathIterator::detach@47 (line 691)
                      ; - org.apache.xpath.axes.NodeSequence::detach@12 (line 398)
                      ; - org.apache.xalan.templates.ElemApplyTemplates::transformSelectedNodes@971 (line 450)
  0x00007240a0571a00: 7c96 7aff 

  0x00007240a0571a04: ;   {other}
  0x00007240a0571a04: 0f1f 8400 | f440 0020 | 488b f0e9 | 95ec ffff | 4963 d348 | 8d0c 9510 | 0000 004c | 8bd9 49c1 
  0x00007240a0571a24: eb03 4d2b | cb48 83e1 | fb49 8bfd | 4803 f949 | 8bc9 4833 | c048 83f9 | 087f 1048 | ffc9 784f 
  0x00007240a0571a44: 4889 04cf | 48ff c97d | f7eb 44c5 | fdef c0e9 | 0d00 0000 | c5fe 7f07 | c5fe 7f47 | 2048 83c7 
  0x00007240a0571a64: 4048 83e9 | 087d ed48 | 83c1 047c | 0cc5 fe7f | 0748 83c7 | 2048 83e9 | 0448 83c1 | 047e 1048 
  0x00007240a0571a84: ffc9 c5f9 | d607 4883 | c708 48ff | c97d f349 | 8bfa 498b | f0c5 f877 | 49ba e0e1 | c49f 4072 
  0x00007240a0571aa4: 0000 41ff 

  0x00007240a0571aa8: ;   {other}
  0x00007240a0571aa8: d20f 1f84 | 0000 0000 | 00e9 80f4 | ffff 4963 | d248 8d0c | 9510 0000 | 004c 8bd1 | 49c1 ea03 
  0x00007240a0571ac8: 4d2b ca48 | 83e1 fb49 | 8bfd 4803 | f949 8bc9 | 4833 c048 | 83f9 087f | 1048 ffc9 | 784f 4889 
  0x00007240a0571ae8: 04cf 48ff | c97d f7eb | 44c5 fdef | c0e9 0d00 | 0000 c5fe | 7f07 c5fe | 7f47 2048 | 83c7 4048 
  0x00007240a0571b08: 83e9 087d | ed48 83c1 | 047c 0cc5 | fe7f 0748 | 83c7 2048 | 83e9 0448 | 83c1 047e | 1048 ffc9 
  0x00007240a0571b28: c5f9 d607 | 4883 c708 | 48ff c97d | f349 8bfb | 498b f0c5 | f877 49ba | e0e1 c49f | 4072 0000 
  0x00007240a0571b48: ;   {other}
  0x00007240a0571b48: 41ff d20f | 1f84 0000 | 0000 00e9 | b2f5 ffff | bee4 ffff | ff48 8b6c | 2430 448b | 4424 3844 
  0x00007240a0571b68: 8944 2418 | 448b 5424 | 4844 8954 | 241c 448b | 4424 4044 | 8944 2428 | 448b 5424 | 4444 8954 
  0x00007240a0571b88: 242c 448b | 4424 3c44 | 8944 2434 | 4489 5c24 | 5044 894c | 2454 6690 

  0x00007240a0571ba0: ;   {runtime_call UncommonTrapBlob}
  0x00007240a0571ba0: c5f8 77e8 

  0x00007240a0571ba4: ; ImmutableOopMap {rbp=Oop [24]=NarrowOop [52]=NarrowOop [80]=NarrowOop [104]=Oop [120]=NarrowOop [124]=NarrowOop [132]=NarrowOop [136]=NarrowOop [140]=NarrowOop [144]=NarrowOop [148]=NarrowOop [160]=Oop }
                      ;*iastore {reexecute=0 rethrow=0 return_oop=0}
                      ; - org.apache.xml.utils.IntStack::setTop@11 (line 159)
                      ; - org.apache.xalan.templates.ElemApplyTemplates::transformSelectedNodes@337 (line 282)
  0x00007240a0571ba4: 5887 6fff 

  0x00007240a0571ba8: ;   {other}
  0x00007240a0571ba8: 0f1f 8400 | 9842 0021 | bee4 ffff | ff48 8b6c | 2430 448b | 5424 3844 | 8954 2418 | 448b 5c24 
  0x00007240a0571bc8: 4844 895c | 241c 448b | 5424 4044 | 8954 2428 | 448b 5c24 | 4444 895c | 242c 448b | 5c24 3c44 
  0x00007240a0571be8: 895c 2434 | 4489 4424 | 5044 894c | 2454 6690 

  0x00007240a0571bf8: ;   {runtime_call UncommonTrapBlob}
  0x00007240a0571bf8: c5f8 77e8 

  0x00007240a0571bfc: ; ImmutableOopMap {rbp=Oop [24]=NarrowOop [52]=NarrowOop [80]=NarrowOop [104]=Oop [120]=NarrowOop [124]=NarrowOop [132]=NarrowOop [136]=NarrowOop [140]=NarrowOop [144]=NarrowOop [148]=NarrowOop [160]=Oop }
                      ;*iastore {reexecute=0 rethrow=0 return_oop=0}
                      ; - org.apache.xml.utils.IntStack::setTop@11 (line 159)
                      ; - org.apache.xalan.templates.ElemApplyTemplates::transformSelectedNodes@344 (line 283)
  0x00007240a0571bfc: 0087 6fff 

  0x00007240a0571c00: ;   {other}
  0x00007240a0571c00: 0f1f 8400 | f042 0022 | bee4 ffff | ff48 8b6c | 2430 4c8b | 5c24 684c | 895c 2410 | 448b 5c24 
  0x00007240a0571c20: 3844 895c | 2418 448b | 4424 4844 | 8944 241c | 448b 5c24 | 4044 895c | 2428 448b | 5c24 4444 
  0x00007240a0571c40: 895c 242c | 448b 5c24 | 3c44 895c | 2434 4489 | 5424 5489 | 5c24 5890 

  0x00007240a0571c58: ;   {runtime_call UncommonTrapBlob}
  0x00007240a0571c58: c5f8 77e8 

  0x00007240a0571c5c: ; ImmutableOopMap {rbp=Oop [16]=Oop [24]=NarrowOop [52]=NarrowOop [84]=NarrowOop [120]=NarrowOop [124]=NarrowOop [132]=NarrowOop [136]=NarrowOop [140]=NarrowOop [144]=NarrowOop [148]=NarrowOop [160]=Oop [176]=Oop }
                      ;*aaload {reexecute=0 rethrow=0 return_oop=0}
                      ; - org.apache.xml.dtm.ref.DTMManagerDefault::getDTM@8 (line 648)
                      ; - org.apache.xpath.XPathContext::getDTM@5 (line 171)
                      ; - org.apache.xalan.templates.ElemApplyTemplates::transformSelectedNodes@350 (line 285)
  0x00007240a0571c5c: a086 6fff 

  0x00007240a0571c60: ;   {other}
  0x00007240a0571c60: 0f1f 8400 | 5043 0023 | bee4 ffff | ff48 8b6c | 2430 4c8b | 5424 684c | 8954 2410 | 448b 5c24 
  0x00007240a0571c80: 3844 895c | 2418 448b | 5424 4844 | 8954 241c | 448b 5c24 | 4044 895c | 2428 448b | 5424 4444 
  0x00007240a0571ca0: 8954 242c | 448b 5c24 | 7844 895c | 2430 448b | 5424 3c44 | 8954 2434 | 4c8b 9424 | b000 0000 
  0x00007240a0571cc0: 4c89 5424 | 4044 894c | 246c 895c | 2470 6690 

  0x00007240a0571cd0: ;   {runtime_call UncommonTrapBlob}
  0x00007240a0571cd0: c5f8 77e8 

  0x00007240a0571cd4: ; ImmutableOopMap {rbp=Oop [16]=Oop [24]=NarrowOop [48]=NarrowOop [52]=NarrowOop [64]=Oop [108]=NarrowOop [124]=NarrowOop [136]=NarrowOop [140]=NarrowOop [144]=NarrowOop [148]=NarrowOop [160]=Oop }
                      ;*aaload {reexecute=0 rethrow=0 return_oop=0}
                      ; - org.apache.xml.dtm.ref.DTMDefaultBase::makeNodeIdentity@27 (line 945)
                      ; - org.apache.xml.dtm.ref.DTMDefaultBase::getExpandedTypeID@2 (line 1682)
                      ; - org.apache.xalan.templates.ElemApplyTemplates::transformSelectedNodes@370 (line 290)
  0x00007240a0571cd4: 2886 6fff 

  0x00007240a0571cd8: ;   {other}
  0x00007240a0571cd8: 0f1f 8400 | c843 0024 | bee4 ffff | ff48 8b6c | 2430 4c8b | 5424 684c | 8954 2410 | 448b 4424 
  0x00007240a0571cf8: 3844 8944 | 2418 448b | 5424 4844 | 8954 241c | 448b 4424 | 4044 8944 | 2428 448b | 5424 4444 
  0x00007240a0571d18: 8954 242c | 448b 4424 | 3c44 8944 | 2434 4d8b | d14c 8954 | 2458 4489 | 5c24 6089 | 5c24 6490 
  0x00007240a0571d38: ;   {runtime_call UncommonTrapBlob}
  0x00007240a0571d38: c5f8 77e8 

  0x00007240a0571d3c: ; ImmutableOopMap {rbp=Oop [16]=Oop [24]=NarrowOop [52]=NarrowOop [88]=Oop [96]=NarrowOop [120]=NarrowOop [124]=NarrowOop [136]=NarrowOop [140]=NarrowOop [144]=NarrowOop [148]=NarrowOop [160]=Oop [176]=Oop }
                      ;*iaload {reexecute=0 rethrow=0 return_oop=0}
                      ; - org.apache.xml.dtm.ref.DTMDefaultBase::makeNodeIdentity@42 (line 948)
                      ; - org.apache.xml.dtm.ref.DTMDefaultBase::getExpandedTypeID@2 (line 1682)
                      ; - org.apache.xalan.templates.ElemApplyTemplates::transformSelectedNodes@370 (line 290)
  0x00007240a0571d3c: c085 6fff 

  0x00007240a0571d40: ;   {other}
  0x00007240a0571d40: 0f1f 8400 | 3044 0025 | bee4 ffff | ff48 8b6c | 2430 448b | 5c24 3844 | 895c 2418 | 448b 4424 
  0x00007240a0571d60: 4844 8944 | 241c 448b | 5c24 4044 | 895c 2428 | 448b 4424 | 4444 8944 | 242c 448b | 5c24 3c44 
  0x00007240a0571d80: 895c 2434 | 4489 5424 | 5866 6690 

  0x00007240a0571d8c: ;   {runtime_call UncommonTrapBlob}
  0x00007240a0571d8c: c5f8 77e8 

  0x00007240a0571d90: ; ImmutableOopMap {rbp=Oop [24]=NarrowOop [52]=NarrowOop [88]=NarrowOop [104]=Oop [120]=NarrowOop [124]=NarrowOop [136]=NarrowOop [140]=NarrowOop [144]=NarrowOop [148]=NarrowOop [160]=Oop [176]=Oop }
                      ;*aaload {reexecute=0 rethrow=0 return_oop=0}
                      ; - org.apache.xml.dtm.ref.ExpandedNameTable::getType@5 (line 347)
                      ; - org.apache.xml.dtm.ref.DTMDefaultBase::getNodeType@20 (line 1838)
                      ; - org.apache.xalan.templates.ElemApplyTemplates::transformSelectedNodes@381 (line 292)
  0x00007240a0571d90: 6c85 6fff 

  0x00007240a0571d94: ;   {other}
  0x00007240a0571d94: 0f1f 8400 | 8444 0026 | bef6 ffff | ff48 8b6c | 2430 448b | 5424 3844 | 8954 2418 | 448b 5c24 
  0x00007240a0571db4: 4844 895c | 241c 448b | 5424 4044 | 8954 2428 | 448b 5c24 | 4444 895c | 242c 448b | 5c24 3c44 
  0x00007240a0571dd4: 895c 2434 

  0x00007240a0571dd8: ;   {runtime_call UncommonTrapBlob}
  0x00007240a0571dd8: c5f8 77e8 

  0x00007240a0571ddc: ; ImmutableOopMap {rbp=Oop [24]=NarrowOop [52]=NarrowOop [104]=Oop [120]=NarrowOop [124]=NarrowOop [136]=NarrowOop [140]=NarrowOop [144]=NarrowOop [148]=NarrowOop [160]=Oop [176]=Oop }
                      ;*invokevirtual isEmpty {reexecute=0 rethrow=0 return_oop=0}
                      ; - org.apache.xalan.transformer.TransformerImpl::getMode@4 (line 3195)
                      ; - org.apache.xalan.templates.ElemApplyTemplates::transformSelectedNodes@389 (line 294)
  0x00007240a0571ddc: 2085 6fff 

  0x00007240a0571de0: ;   {other}
  0x00007240a0571de0: 0f1f 8400 | d044 0027 | bede ffff | ff48 8b6c | 2430 448b | 4424 3844 | 8944 2418 | 448b 5c24 
  0x00007240a0571e00: 4844 895c | 241c 448b | 4424 4044 | 8944 2428 | 448b 5c24 | 4444 895c | 242c 448b | 5c24 3c44 
  0x00007240a0571e20: 895c 2434 | 4489 5424 | 5066 6690 

  0x00007240a0571e2c: ;   {runtime_call UncommonTrapBlob}
  0x00007240a0571e2c: c5f8 77e8 

  0x00007240a0571e30: ; ImmutableOopMap {rbp=Oop [24]=NarrowOop [52]=NarrowOop [80]=NarrowOop [104]=Oop [120]=NarrowOop [124]=NarrowOop [132]=NarrowOop [136]=NarrowOop [140]=NarrowOop [144]=NarrowOop [148]=NarrowOop [160]=Oop }
                      ;*invokevirtual getDTM {reexecute=0 rethrow=0 return_oop=0}
                      ; - org.apache.xpath.XPathContext::getDTM@5 (line 171)
                      ; - org.apache.xalan.templates.ElemApplyTemplates::transformSelectedNodes@350 (line 285)
  0x00007240a0571e30: cc84 6fff 

  0x00007240a0571e34: ;   {other}
  0x00007240a0571e34: 0f1f 8400 | 2445 0028 | 498b f348 | 8d94 2400 | 0100 0048 | 8b6c 2430 

  0x00007240a0571e4c: ;   {runtime_call _complete_monitor_locking_Java}
  0x00007240a0571e4c: c5f8 77e8 

  0x00007240a0571e50: ; ImmutableOopMap {rbp=Oop [16]=Oop [24]=Oop [32]=Oop [40]=Oop [48]=Oop [56]=NarrowOop [60]=NarrowOop [80]=Oop [88]=Oop [96]=Oop [104]=Oop [112]=Oop [120]=NarrowOop [124]=NarrowOop [132]=NarrowOop [136]=NarrowOop [140]=NarrowOop [144]=NarrowOop [148]=NarrowOop [152]=Oop [160]=Oop [168]=Oop [176]=Oop }
                      ;*synchronization entry
                      ; - org.apache.xml.dtm.ref.DTMManagerDefault::getDTM@-1 (line 648)
                      ; - org.apache.xpath.XPathContext::getDTM@5 (line 171)
                      ; - org.apache.xalan.templates.ElemApplyTemplates::transformSelectedNodes@350 (line 285)
  0x00007240a0571e50: 2cfa 7aff 

  0x00007240a0571e54: ;   {other}
  0x00007240a0571e54: 0f1f 8400 | 4445 0029 | e9d8 daff | ff49 8bfb | 488d b424 | 0001 0000 | 498b d7c5 | f877 49ba 
  0x00007240a0571e74: a089 feb7 | 4072 0000 

  0x00007240a0571e7c: ;   {other}
  0x00007240a0571e7c: 41ff d20f | 1f84 0000 | 0000 00e9 | 78db ffff | bede ffff | ff48 8b6c | 2430 448b | 5c24 3844 
  0x00007240a0571e9c: 895c 2418 | 448b 5424 | 4844 8954 | 241c 448b | 5c24 4044 | 895c 2428 | 448b 5424 | 4444 8954 
  0x00007240a0571ebc: 242c 448b | 5424 3c44 | 8954 2434 | 448b 9c24 | 8400 0000 | 4489 5c24 | 4066 6690 

  0x00007240a0571ed8: ;   {runtime_call UncommonTrapBlob}
  0x00007240a0571ed8: c5f8 77e8 

  0x00007240a0571edc: ; ImmutableOopMap {rbp=Oop [24]=NarrowOop [52]=NarrowOop [64]=NarrowOop [104]=Oop [120]=NarrowOop [124]=NarrowOop [136]=NarrowOop [140]=NarrowOop [144]=NarrowOop [148]=NarrowOop [160]=Oop }
                      ;*invokeinterface getExpandedTypeID {reexecute=0 rethrow=0 return_oop=0}
                      ; - org.apache.xalan.templates.ElemApplyTemplates::transformSelectedNodes@370 (line 290)
  0x00007240a0571edc: 2084 6fff 

  0x00007240a0571ee0: ;   {other}
  0x00007240a0571ee0: 0f1f 8400 | d045 002a | 498b f348 | 8d94 2400 | 0100 0090 

  0x00007240a0571ef4: ;   {runtime_call _complete_monitor_locking_Java}
  0x00007240a0571ef4: c5f8 77e8 

  0x00007240a0571ef8: ; ImmutableOopMap {rbp=NarrowOop [16]=Oop [24]=Oop [32]=Oop [40]=Oop [48]=Oop [56]=NarrowOop [60]=NarrowOop [80]=Oop [88]=Oop [96]=Oop [104]=Oop [112]=Oop [120]=NarrowOop [124]=NarrowOop [132]=NarrowOop [136]=NarrowOop [140]=NarrowOop [144]=NarrowOop [148]=NarrowOop [152]=Oop [160]=Oop [168]=Oop [176]=Oop [192]=Oop }
                      ;*synchronization entry
                      ; - java.util.Vector::isEmpty@-1 (line 316)
                      ; - org.apache.xalan.transformer.TransformerImpl::getMode@4 (line 3195)
                      ; - org.apache.xalan.templates.ElemApplyTemplates::transformSelectedNodes@389 (line 294)
  0x00007240a0571ef8: 84f9 7aff 

  0x00007240a0571efc: ;   {other}
  0x00007240a0571efc: 0f1f 8400 | ec45 002b | e9a3 dcff | ff49 8bfb | 488d b424 | 0001 0000 | 498b d7c5 | f877 49ba 
  0x00007240a0571f1c: a089 feb7 | 4072 0000 

  0x00007240a0571f24: ;   {other}
  0x00007240a0571f24: 41ff d20f | 1f84 0000 | 0000 00e9 | 1edd ffff | bee4 ffff | ff48 8b6c | 2430 448b | 5424 3844 
  0x00007240a0571f44: 8954 2418 | 448b 4c24 | 4844 894c | 241c 448b | 5424 4044 | 8954 2428 | 448b 5424 | 4444 8954 
  0x00007240a0571f64: 242c 448b | 5424 3c44 | 8954 2434 | 4489 5c24 | 5444 8944 | 2458 6690 

  0x00007240a0571f7c: ;   {runtime_call UncommonTrapBlob}
  0x00007240a0571f7c: c5f8 77e8 

  0x00007240a0571f80: ; ImmutableOopMap {rbp=Oop [24]=NarrowOop [52]=NarrowOop [84]=NarrowOop [104]=Oop [120]=NarrowOop [124]=NarrowOop [136]=NarrowOop [140]=NarrowOop [144]=NarrowOop [148]=NarrowOop [160]=Oop [176]=Oop }
                      ;*iaload {reexecute=0 rethrow=0 return_oop=0}
                      ; - org.apache.xml.utils.SuballocatedIntVector::elementAt@13 (line 440)
                      ; - org.apache.xml.dtm.ref.DTMDefaultBase::_exptype@37 (line 489)
                      ; - org.apache.xml.dtm.ref.DTMDefaultBase::getExpandedTypeID@15 (line 1685)
                      ; - org.apache.xalan.templates.ElemApplyTemplates::transformSelectedNodes@370 (line 290)
  0x00007240a0571f80: 7c83 6fff 

  0x00007240a0571f84: ;   {other}
  0x00007240a0571f84: 0f1f 8400 | 7446 002c | bef6 ffff | ff48 8b6c | 2430 448b | 5424 3844 | 8954 2418 | 448b 5c24 
  0x00007240a0571fa4: 4844 895c | 241c 448b | 5424 4044 | 8954 2428 | 448b 5c24 | 4444 895c | 242c 448b | 5c24 3c44 
  0x00007240a0571fc4: 895c 2434 

  0x00007240a0571fc8: ;   {runtime_call UncommonTrapBlob}
  0x00007240a0571fc8: c5f8 77e8 

  0x00007240a0571fcc: ; ImmutableOopMap {rbp=Oop [24]=NarrowOop [52]=NarrowOop [104]=Oop [120]=NarrowOop [124]=NarrowOop [136]=NarrowOop [140]=NarrowOop [144]=NarrowOop [148]=NarrowOop [160]=Oop [176]=Oop [188]=NarrowOop }
                      ;*invokevirtual push {reexecute=0 rethrow=0 return_oop=0}
                      ; - org.apache.xalan.transformer.TransformerImpl::pushPairCurrentMatched@5 (line 2729)
                      ; - org.apache.xalan.templates.ElemApplyTemplates::transformSelectedNodes@498 (line 315)
  0x00007240a0571fcc: 3083 6fff 

  0x00007240a0571fd0: ;   {other}
  0x00007240a0571fd0: 0f1f 8400 | c046 002d | bee4 ffff | ff4c 8b54 | 2430 4c89 | 5424 104c | 8b54 2468 | 4c89 5424 
  0x00007240a0571ff0: 1844 8b54 | 2438 4489 | 5424 2044 | 8b5c 2448 | 4489 5c24 | 2444 8b54 | 2440 4489 | 5424 3044 
  0x00007240a0572010: 8b54 2444 | 4489 5424 | 3444 8b5c | 2478 4489 | 5c24 3844 | 8b5c 247c | 4489 5c24 | 4044 8b94 
  0x00007240a0572030: 2480 0000 | 0044 8954 | 2444 448b | 9c24 bc00 | 0000 4489 | 5c24 6844 | 8b94 24b8 | 0000 0044 
  0x00007240a0572050: 8954 2470 | 4889 4424 | 7844 8b94 | 2488 0000 | 0044 8994 | 2484 0000 | 0066 6690 

  0x00007240a057206c: ;   {runtime_call UncommonTrapBlob}
  0x00007240a057206c: c5f8 77e8 

  0x00007240a0572070: ; ImmutableOopMap {[16]=Oop [24]=Oop [32]=NarrowOop [56]=NarrowOop [60]=NarrowOop [64]=NarrowOop [104]=NarrowOop [112]=NarrowOop [120]=Oop [132]=NarrowOop [140]=NarrowOop [144]=NarrowOop [148]=NarrowOop [160]=Oop [176]=Oop [184]=NarrowOop }
                      ;*aastore {reexecute=1 rethrow=0 return_oop=0}
                      ; - (reexecute) java.util.Vector::add@14 (line 783)
                      ; - java.util.Vector::addElement@20 (line 617)
                      ; - java.util.Stack::push@2 (line 68)
                      ; - org.apache.xalan.transformer.TransformerImpl::pushPairCurrentMatched@5 (line 2729)
                      ; - org.apache.xalan.templates.ElemApplyTemplates::transformSelectedNodes@498 (line 315)
  0x00007240a0572070: 8c82 6fff 

  0x00007240a0572074: ;   {other}
  0x00007240a0572074: 0f1f 8400 | 6447 002e | bee4 ffff | ff48 8b6c | 2430 4c8b | 5424 684c | 8954 2410 | 448b 5c24 
  0x00007240a0572094: 3844 895c | 2418 448b | 5424 4844 | 8954 241c | 448b 5424 | 4044 8954 | 2428 448b | 5c24 4444 
  0x00007240a05720b4: 895c 242c | 448b 5424 | 3c44 8954 | 2434 448b | 9424 bc00 | 0000 4c89 | 6c24 6045 | 8bda 4489 
  0x00007240a05720d4: 5c24 5c90 

  0x00007240a05720d8: ;   {runtime_call UncommonTrapBlob}
  0x00007240a05720d8: c5f8 77e8 

  0x00007240a05720dc: ; ImmutableOopMap {rbp=Oop [16]=Oop [24]=NarrowOop [52]=NarrowOop [96]=Oop [120]=NarrowOop [124]=NarrowOop [136]=NarrowOop [140]=NarrowOop [144]=NarrowOop [148]=NarrowOop [160]=Oop [176]=Oop [184]=NarrowOop }
                      ;*iastore {reexecute=0 rethrow=0 return_oop=0}
                      ; - org.apache.xml.utils.NodeVector::push@88 (line 172)
                      ; - org.apache.xalan.transformer.TransformerImpl::pushPairCurrentMatched@14 (line 2730)
                      ; - org.apache.xalan.templates.ElemApplyTemplates::transformSelectedNodes@498 (line 315)
  0x00007240a05720dc: 2082 6fff 

  0x00007240a05720e0: ;   {other}
  0x00007240a05720e0: 0f1f 8400 | d047 002f | bee4 ffff | ff48 8b6c | 2430 8b4c | 2438 894c | 2418 448b | 4c24 4844 
  0x00007240a0572100: 894c 241c | 8b4c 2440 | 894c 2428 | 8b4c 2444 | 894c 242c | 8b4c 243c | 894c 2434 | 4489 5c24 
  0x00007240a0572120: 5444 8944 | 2458 4489 | 5424 5c90 

  0x00007240a057212c: ;   {runtime_call UncommonTrapBlob}
  0x00007240a057212c: c5f8 77e8 

  0x00007240a0572130: ; ImmutableOopMap {rbp=Oop [24]=NarrowOop [52]=NarrowOop [84]=NarrowOop [92]=NarrowOop [104]=Oop [120]=NarrowOop [124]=NarrowOop [136]=NarrowOop [140]=NarrowOop [144]=NarrowOop [148]=NarrowOop [160]=Oop [176]=Oop }
                      ;*aastore {reexecute=1 rethrow=0 return_oop=0}
                      ; - (reexecute) org.apache.xml.utils.ObjectStack::setTop@11 (line 162)
                      ; - org.apache.xalan.transformer.TransformerImpl::setCurrentElement@5 (line 2644)
                      ; - org.apache.xalan.templates.ElemApplyTemplates::transformSelectedNodes@507 (line 316)
  0x00007240a0572130: cc81 6fff 

  0x00007240a0572134: ;   {other}
  0x00007240a0572134: 0f1f 8400 | 2448 0030 | bef6 ffff | ff48 8b6c | 2430 448b | 5424 3844 | 8954 2418 | 448b 5c24 
  0x00007240a0572154: 4844 895c | 241c 448b | 5424 4044 | 8954 2428 | 448b 5c24 | 4444 895c | 242c 448b | 5c24 3c44 
  0x00007240a0572174: 895c 2434 

  0x00007240a0572178: ;   {runtime_call UncommonTrapBlob}
  0x00007240a0572178: c5f8 77e8 

  0x00007240a057217c: ; ImmutableOopMap {rbp=Oop [24]=NarrowOop [52]=NarrowOop [104]=Oop [120]=NarrowOop [124]=NarrowOop [136]=NarrowOop [140]=NarrowOop [144]=NarrowOop [148]=NarrowOop [160]=Oop [176]=Oop }
                      ;*invokevirtual pop {reexecute=0 rethrow=0 return_oop=0}
                      ; - org.apache.xalan.transformer.TransformerImpl::popCurrentMatched@4 (line 2738)
                      ; - org.apache.xalan.templates.ElemApplyTemplates::transformSelectedNodes@523 (line 319)
  0x00007240a057217c: 8081 6fff 

  0x00007240a0572180: ;   {other}
  0x00007240a0572180: 0f1f 8400 | 7048 0031 | bee4 ffff | ff4c 8b54 | 2430 4c89 | 5424 104c | 8b54 2468 | 4c89 5424 
  0x00007240a05721a0: 1844 8b5c | 2438 4489 | 5c24 2044 | 8b54 2448 | 4489 5424 | 2444 8b54 | 2440 4489 | 5424 3044 
  0x00007240a05721c0: 8b5c 2444 | 4489 5c24 | 3444 8b54 | 2478 4489 | 5424 3844 | 8b54 247c | 4489 5424 | 4044 894c 
  0x00007240a05721e0: 2460 897c | 2470 4489 | 4424 7490 

  0x00007240a05721ec: ;   {runtime_call UncommonTrapBlob}
  0x00007240a05721ec: c5f8 77e8 

  0x00007240a05721f0: ; ImmutableOopMap {rbp=NarrowOop [16]=Oop [24]=Oop [32]=NarrowOop [56]=NarrowOop [60]=NarrowOop [64]=NarrowOop [112]=NarrowOop [136]=NarrowOop [140]=NarrowOop [144]=NarrowOop [148]=NarrowOop [160]=Oop [176]=Oop }
                      ;*aaload {reexecute=0 rethrow=0 return_oop=0}
                      ; - java.util.Vector::elementData@5 (line 731)
                      ; - java.util.Vector::elementAt@44 (line 469)
                      ; - java.util.Stack::peek@21 (line 104)
                      ; - java.util.Stack::pop@6 (line 85)
                      ; - org.apache.xalan.transformer.TransformerImpl::popCurrentMatched@4 (line 2738)
                      ; - org.apache.xalan.templates.ElemApplyTemplates::transformSelectedNodes@523 (line 319)
  0x00007240a05721f0: 0c81 6fff 

  0x00007240a05721f4: ;   {other}
  0x00007240a05721f4: 0f1f 8400 | e448 0032 | bee4 ffff | ff48 8b6c | 2430 448b | 5c24 3844 | 895c 2418 | 448b 4c24 
  0x00007240a0572214: 4844 894c | 241c 448b | 5c24 4044 | 895c 2428 | 448b 5c24 | 4444 895c | 242c 448b | 4c24 3c44 
  0x00007240a0572234: 894c 2434 | 4489 5424 | 5089 4c24 | 5444 8944 | 2458 6690 

  0x00007240a0572248: ;   {runtime_call UncommonTrapBlob}
  0x00007240a0572248: c5f8 77e8 

  0x00007240a057224c: ; ImmutableOopMap {rbp=Oop [24]=NarrowOop [52]=NarrowOop [80]=NarrowOop [84]=NarrowOop [104]=Oop [120]=NarrowOop [124]=NarrowOop [136]=NarrowOop [140]=NarrowOop [144]=NarrowOop [148]=NarrowOop [160]=Oop [176]=Oop }
                      ;*iaload {reexecute=0 rethrow=0 return_oop=0}
                      ; - org.apache.xml.utils.NodeVector::pop@18 (line 189)
                      ; - org.apache.xalan.transformer.TransformerImpl::popCurrentMatched@12 (line 2739)
                      ; - org.apache.xalan.templates.ElemApplyTemplates::transformSelectedNodes@523 (line 319)
  0x00007240a057224c: b080 6fff 

  0x00007240a0572250: ;   {other}
  0x00007240a0572250: 0f1f 8400 | 4049 0033 | bef6 ffff | ff48 8b6c | 2430 448b | 5424 3844 | 8954 2418 | 448b 5c24 
  0x00007240a0572270: 4844 895c | 241c 448b | 5424 4044 | 8954 2428 | 448b 5c24 | 4444 895c | 242c 448b | 5424 3c44 
  0x00007240a0572290: 8954 2434 

  0x00007240a0572294: ;   {runtime_call UncommonTrapBlob}
  0x00007240a0572294: c5f8 77e8 

  0x00007240a0572298: ; ImmutableOopMap {rbp=Oop [24]=NarrowOop [52]=NarrowOop [104]=Oop [120]=NarrowOop [124]=NarrowOop [136]=NarrowOop [140]=NarrowOop [144]=NarrowOop [148]=NarrowOop [160]=Oop [176]=Oop }
                      ;*iastore {reexecute=0 rethrow=0 return_oop=0}
                      ; - org.apache.xml.utils.NodeVector::push@88 (line 172)
                      ; - org.apache.xalan.transformer.TransformerImpl::pushPairCurrentMatched@14 (line 2730)
                      ; - org.apache.xalan.templates.ElemApplyTemplates::transformSelectedNodes@498 (line 315)
  0x00007240a0572298: 6480 6fff 

  0x00007240a057229c: ;   {other}
  0x00007240a057229c: 0f1f 8400 | 8c49 0034 | 498b f348 | 8d94 2400 | 0100 0048 | 8b6c 2430 

  0x00007240a05722b4: ;   {runtime_call _complete_monitor_locking_Java}
  0x00007240a05722b4: c5f8 77e8 

  0x00007240a05722b8: ; ImmutableOopMap {rbp=Oop [16]=Oop [24]=Oop [32]=Oop [40]=Oop [48]=Oop [56]=NarrowOop [60]=NarrowOop [80]=Oop [88]=Oop [96]=Oop [104]=Oop [112]=Oop [120]=NarrowOop [124]=NarrowOop [132]=NarrowOop [136]=NarrowOop [140]=NarrowOop [144]=NarrowOop [148]=NarrowOop [152]=Oop [160]=Oop [168]=Oop [176]=Oop [184]=NarrowOop [188]=NarrowOop [192]=Oop }
                      ;*synchronization entry
                      ; - java.util.Vector::addElement@-1 (line 616)
                      ; - java.util.Stack::push@2 (line 68)
                      ; - org.apache.xalan.transformer.TransformerImpl::pushPairCurrentMatched@5 (line 2729)
                      ; - org.apache.xalan.templates.ElemApplyTemplates::transformSelectedNodes@498 (line 315)
  0x00007240a05722b8: c4f5 7aff 

  0x00007240a05722bc: ;   {other}
  0x00007240a05722bc: 0f1f 8400 | ac49 0035 | e96e ddff | ffbe d6ff | ffff 4c8b | 5424 304c | 8954 2410 | 4c8b 5424 
  0x00007240a05722dc: 684c 8954 | 2418 448b | 5c24 3844 | 895c 2420 | 448b 5424 | 4844 8954 | 2424 448b | 5c24 4044 
  0x00007240a05722fc: 895c 2430 | 448b 5424 | 4444 8954 | 2434 448b | 5c24 7844 | 895c 2438 | 448b 5c24 | 7c44 895c 
  0x00007240a057231c: 2440 448b | 9424 8000 | 0000 4489 | 5424 4444 | 8b9c 24bc | 0000 0044 | 895c 2468 | 448b 9424 
  0x00007240a057233c: b800 0000 | 4489 5424 | 7048 8944 | 2478 448b | 9424 8800 | 0000 4489 | 9424 8400 | 0000 6690 
  0x00007240a057235c: ;   {runtime_call UncommonTrapBlob}
  0x00007240a057235c: c5f8 77e8 

  0x00007240a0572360: ; ImmutableOopMap {[16]=Oop [24]=Oop [32]=NarrowOop [56]=NarrowOop [60]=NarrowOop [64]=NarrowOop [104]=NarrowOop [112]=NarrowOop [120]=Oop [132]=NarrowOop [140]=NarrowOop [144]=NarrowOop [148]=NarrowOop [160]=Oop [176]=Oop [184]=NarrowOop }
                      ;*aastore {reexecute=1 rethrow=0 return_oop=0}
                      ; - (reexecute) java.util.Vector::add@14 (line 783)
                      ; - java.util.Vector::addElement@20 (line 617)
                      ; - java.util.Stack::push@2 (line 68)
                      ; - org.apache.xalan.transformer.TransformerImpl::pushPairCurrentMatched@5 (line 2729)
                      ; - org.apache.xalan.templates.ElemApplyTemplates::transformSelectedNodes@498 (line 315)
  0x00007240a0572360: 9c7f 6fff 

  0x00007240a0572364: ;   {other}
  0x00007240a0572364: 0f1f 8400 | 544a 0036 | 498b fb48 | 8db4 2400 | 0100 0049 | 8bd7 c5f8 | 7749 baa0 | 89fe b740 
  0x00007240a0572384: 7200 0041 

  0x00007240a0572388: ;   {other}
  0x00007240a0572388: ffd2 0f1f | 8400 0000 | 0000 e99c | c8ff ffbe | d6ff ffff | 488b 6c24 | 3044 8b4c | 2438 4489 
  0x00007240a05723a8: 4c24 188b | 4c24 4889 | 4c24 1c44 | 8b4c 2440 | 4489 4c24 | 288b 4c24 | 4489 4c24 | 2c8b 4c24 
  0x00007240a05723c8: 3c89 4c24 | 3444 895c | 2454 4489 | 4424 5844 | 8954 245c 

  0x00007240a05723dc: ;   {runtime_call UncommonTrapBlob}
  0x00007240a05723dc: c5f8 77e8 

  0x00007240a05723e0: ; ImmutableOopMap {rbp=Oop [24]=NarrowOop [52]=NarrowOop [84]=NarrowOop [92]=NarrowOop [104]=Oop [120]=NarrowOop [124]=NarrowOop [136]=NarrowOop [140]=NarrowOop [144]=NarrowOop [148]=NarrowOop [160]=Oop [176]=Oop }
                      ;*aastore {reexecute=1 rethrow=0 return_oop=0}
                      ; - (reexecute) org.apache.xml.utils.ObjectStack::setTop@11 (line 162)
                      ; - org.apache.xalan.transformer.TransformerImpl::setCurrentElement@5 (line 2644)
                      ; - org.apache.xalan.templates.ElemApplyTemplates::transformSelectedNodes@507 (line 316)
  0x00007240a05723e0: 1c7f 6fff 

  0x00007240a05723e4: ;   {other}
  0x00007240a05723e4: 0f1f 8400 | d44a 0037 | 498b f348 | 8d94 2400 | 0100 0090 

  0x00007240a05723f8: ;   {runtime_call _complete_monitor_locking_Java}
  0x00007240a05723f8: c5f8 77e8 

  0x00007240a05723fc: ; ImmutableOopMap {rbp=NarrowOop [16]=Oop [24]=Oop [32]=Oop [40]=Oop [48]=Oop [56]=NarrowOop [60]=NarrowOop [80]=Oop [88]=Oop [96]=Oop [104]=Oop [112]=Oop [120]=NarrowOop [124]=NarrowOop [132]=NarrowOop [136]=NarrowOop [140]=NarrowOop [144]=NarrowOop [148]=NarrowOop [152]=Oop [160]=Oop [168]=Oop [176]=Oop [184]=Oop }
                      ;*synchronization entry
                      ; - java.util.Stack::pop@-1 (line 83)
                      ; - org.apache.xalan.transformer.TransformerImpl::popCurrentMatched@4 (line 2738)
                      ; - org.apache.xalan.templates.ElemApplyTemplates::transformSelectedNodes@523 (line 319)
  0x00007240a05723fc: 80f4 7aff 

  0x00007240a0572400: ;   {other}
  0x00007240a0572400: 0f1f 8400 | f04a 0038 | e9a6 c9ff | ff49 8bfb | 488d b424 | 0001 0000 | 498b d7c5 | f877 49ba 
  0x00007240a0572420: a089 feb7 | 4072 0000 

  0x00007240a0572428: ;   {other}
  0x00007240a0572428: 41ff d20f | 1f84 0000 | 0000 00e9 | 73ca ffff | 4c8b 5424 | 584c 8954 | 2410 4c8b | 5424 604c 
  0x00007240a0572448: 8954 2418 | 4c8b 5424 | 704c 8954 | 2420 4c8b | 9424 9800 | 0000 4c89 | 5424 288b | 9424 c400 
  0x00007240a0572468: 0000 4c89 | 8c24 e000 | 0000 6690 

  0x00007240a0572474: ;   {runtime_call _new_array_Java}
  0x00007240a0572474: c5f8 77e8 

  0x00007240a0572478: ; ImmutableOopMap {rbp=Oop [16]=Oop [24]=Oop [32]=Oop [40]=Oop [48]=Oop [56]=NarrowOop [60]=NarrowOop [80]=Oop [104]=Oop [120]=NarrowOop [124]=NarrowOop [132]=NarrowOop [136]=NarrowOop [140]=NarrowOop [144]=NarrowOop [148]=NarrowOop [160]=Oop [168]=Oop [176]=NarrowOop [180]=NarrowOop [184]=NarrowOop [200]=Oop [224]=Oop }
                      ;*invokestatic copyOf {reexecute=1 rethrow=0 return_oop=1}
                      ; - (reexecute) java.util.Arrays::copyOf@6 (line 3482)
                      ; - java.util.ArrayList::grow@37 (line 237)
                      ; - java.util.ArrayList::grow@7 (line 244)
                      ; - java.util.ArrayList::add@7 (line 483)
                      ; - java.util.ArrayList::add@20 (line 496)
                      ; - org.apache.xpath.axes.IteratorPool::freeInstance@5 (line 117)
                      ; - org.apache.xpath.axes.LocPathIterator::detach@47 (line 691)
                      ; - org.apache.xpath.axes.NodeSequence::detach@12 (line 398)
                      ; - org.apache.xalan.templates.ElemApplyTemplates::transformSelectedNodes@971 (line 450)
  0x00007240a0572478: 048c 7aff 

  0x00007240a057247c: ;   {other}
  0x00007240a057247c: 0f1f 8400 | 6c4b 0039 | 4c8b d0e9 | 64e7 ffff | bee4 ffff | ff48 8b6c | 2430 4c8b | 5424 684c 
  0x00007240a057249c: 8954 2410 | 448b 4c24 | 3844 894c | 2418 448b | 5424 4844 | 8954 241c | 448b 4c24 | 4044 894c 
  0x00007240a05724bc: 2428 448b | 5424 4444 | 8954 242c | 448b 4c24 | 7844 894c | 2430 448b | 5424 3c44 | 8954 2434 
  0x00007240a05724dc: 4489 4424 | 5c44 895c | 2468 6690 

  0x00007240a05724e8: ;   {runtime_call UncommonTrapBlob}
  0x00007240a05724e8: c5f8 77e8 

  0x00007240a05724ec: ; ImmutableOopMap {rbp=Oop [16]=Oop [24]=NarrowOop [48]=NarrowOop [52]=NarrowOop [92]=NarrowOop [124]=NarrowOop [136]=NarrowOop [140]=NarrowOop [144]=NarrowOop [148]=NarrowOop [160]=Oop [176]=Oop [192]=Oop [200]=Oop }
                      ;*aastore {reexecute=1 rethrow=0 return_oop=0}
                      ; - (reexecute) org.apache.xml.utils.ObjectStack::setTop@11 (line 162)
                      ; - org.apache.xpath.XPathContext::setSAXLocator@5 (line 405)
                      ; - org.apache.xalan.templates.ElemApplyTemplates::transformSelectedNodes@763 (line 391)
  0x00007240a05724ec: 107e 6fff 

  0x00007240a05724f0: ;   {other}
  0x00007240a05724f0: 0f1f 8400 | e04b 003a | bee4 ffff | ff48 8b6c | 2430 4c8b | 4424 684c | 8944 2410 | 448b 4424 
  0x00007240a0572510: 3844 8944 | 2418 8b4c | 2448 894c | 241c 448b | 4424 4044 | 8944 2428 | 448b 4424 | 4444 8944 
  0x00007240a0572530: 242c 8b4c | 2478 894c | 2430 448b | 4424 3c44 | 8944 2434 | 8b4c 247c | 894c 2438 | 448b 8424 
  0x00007240a0572550: 8000 0000 | 4489 4424 | 3c44 8954 | 245c 4489 | 4c24 7044 | 895c 2474 

  0x00007240a0572568: ;   {runtime_call UncommonTrapBlob}
  0x00007240a0572568: c5f8 77e8 

  0x00007240a057256c: ; ImmutableOopMap {rbp=Oop [16]=Oop [24]=NarrowOop [48]=NarrowOop [52]=NarrowOop [56]=NarrowOop [92]=NarrowOop [112]=NarrowOop [136]=NarrowOop [140]=NarrowOop [144]=NarrowOop [148]=NarrowOop [160]=Oop [176]=Oop [192]=Oop [200]=Oop }
                      ;*aastore {reexecute=1 rethrow=0 return_oop=0}
                      ; - (reexecute) org.apache.xml.utils.ObjectStack::push@64 (line 86)
                      ; - org.apache.xalan.transformer.TransformerImpl::pushElemTemplateElement@5 (line 2624)
                      ; - org.apache.xalan.templates.ElemApplyTemplates::transformSelectedNodes@769 (line 394)
  0x00007240a057256c: 907d 6fff 

  0x00007240a0572570: ;   {other}
  0x00007240a0572570: 0f1f 8400 | 604c 003b | bee4 ffff | ff48 8b6c | 2430 4c8b | 5424 684c | 8954 2410 | 448b 4c24 
  0x00007240a0572590: 3844 894c | 2418 448b | 5424 4844 | 8954 241c | 448b 5424 | 4044 8954 | 2428 448b | 5424 4444 
  0x00007240a05725b0: 8954 242c | 448b 4c24 | 3c44 894c | 2434 4489 | 5c24 5c89 | 4c24 6844 | 8944 246c 

  0x00007240a05725cc: ;   {runtime_call UncommonTrapBlob}
  0x00007240a05725cc: c5f8 77e8 

  0x00007240a05725d0: ; ImmutableOopMap {rbp=Oop [16]=Oop [24]=NarrowOop [52]=NarrowOop [92]=NarrowOop [104]=NarrowOop [120]=NarrowOop [124]=NarrowOop [136]=NarrowOop [140]=NarrowOop [144]=NarrowOop [148]=NarrowOop [160]=Oop [176]=Oop [192]=Oop [200]=Oop }
                      ;*aaload {reexecute=0 rethrow=0 return_oop=0}
                      ; - org.apache.xml.utils.ObjectStack::pop@15 (line 101)
                      ; - org.apache.xalan.transformer.TransformerImpl::popElemTemplateElement@4 (line 2632)
                      ; - org.apache.xalan.templates.ElemApplyTemplates::transformSelectedNodes@795 (line 399)
  0x00007240a05725d0: 2c7d 6fff 

  0x00007240a05725d4: ;   {other}
  0x00007240a05725d4: 0f1f 8400 | c44c 003c | bed6 ffff | ff48 8b6c | 2430 4c8b | 5424 684c | 8954 2410 | 448b 4c24 
  0x00007240a05725f4: 3844 894c | 2418 448b | 5424 4844 | 8954 241c | 448b 4c24 | 4044 894c | 2428 448b | 5424 4444 
  0x00007240a0572614: 8954 242c | 448b 4c24 | 7844 894c | 2430 448b | 5424 3c44 | 8954 2434 | 4489 4424 | 5c44 895c 
  0x00007240a0572634: 2468 6690 

  0x00007240a0572638: ;   {runtime_call UncommonTrapBlob}
  0x00007240a0572638: c5f8 77e8 

  0x00007240a057263c: ; ImmutableOopMap {rbp=Oop [16]=Oop [24]=NarrowOop [48]=NarrowOop [52]=NarrowOop [92]=NarrowOop [124]=NarrowOop [136]=NarrowOop [140]=NarrowOop [144]=NarrowOop [148]=NarrowOop [160]=Oop [176]=Oop [192]=Oop [200]=Oop }
                      ;*aastore {reexecute=1 rethrow=0 return_oop=0}
                      ; - (reexecute) org.apache.xml.utils.ObjectStack::setTop@11 (line 162)
                      ; - org.apache.xpath.XPathContext::setSAXLocator@5 (line 405)
                      ; - org.apache.xalan.templates.ElemApplyTemplates::transformSelectedNodes@763 (line 391)
  0x00007240a057263c: c07c 6fff 

  0x00007240a0572640: ;   {other}
  0x00007240a0572640: 0f1f 8400 | 304d 003d | bed6 ffff | ff48 8b6c | 2430 4c8b | 4424 684c | 8944 2410 | 8b4c 2438 
  0x00007240a0572660: 894c 2418 | 448b 4424 | 4844 8944 | 241c 8b4c | 2440 894c | 2428 448b | 4424 4444 | 8944 242c 
  0x00007240a0572680: 8b4c 2478 | 894c 2430 | 448b 4424 | 3c44 8944 | 2434 8b4c | 247c 894c | 2438 448b | 8424 8000 
  0x00007240a05726a0: 0000 4489 | 4424 3c44 | 8954 245c | 4489 4c24 | 7044 895c | 2474 6690 

  0x00007240a05726b8: ;   {runtime_call UncommonTrapBlob}
  0x00007240a05726b8: c5f8 77e8 

  0x00007240a05726bc: ; ImmutableOopMap {rbp=Oop [16]=Oop [24]=NarrowOop [48]=NarrowOop [52]=NarrowOop [56]=NarrowOop [92]=NarrowOop [112]=NarrowOop [136]=NarrowOop [140]=NarrowOop [144]=NarrowOop [148]=NarrowOop [160]=Oop [176]=Oop [192]=Oop [200]=Oop }
                      ;*aastore {reexecute=1 rethrow=0 return_oop=0}
                      ; - (reexecute) org.apache.xml.utils.ObjectStack::push@64 (line 86)
                      ; - org.apache.xalan.transformer.TransformerImpl::pushElemTemplateElement@5 (line 2624)
                      ; - org.apache.xalan.templates.ElemApplyTemplates::transformSelectedNodes@769 (line 394)
  0x00007240a05726bc: 407c 6fff 

  0x00007240a05726c0: ;   {other}
  0x00007240a05726c0: 0f1f 8400 | b04d 003e | be45 ffff | ff48 8b6c | 2430 448b | 5c24 3844 | 895c 2418 | 448b 5424 
  0x00007240a05726e0: 4844 8954 | 241c 448b | 5c24 4044 | 895c 2428 | 448b 5424 | 4444 8954 | 242c 448b | 5c24 3c44 
  0x00007240a0572700: 895c 2434 | 448b 9424 | 8400 0000 | 4489 5424 | 4044 8974 | 2450 6690 

  0x00007240a0572718: ;   {runtime_call UncommonTrapBlob}
  0x00007240a0572718: c5f8 77e8 

  0x00007240a057271c: ; ImmutableOopMap {rbp=Oop [24]=NarrowOop [52]=NarrowOop [64]=NarrowOop [80]=NarrowOop [104]=Oop [120]=NarrowOop [124]=NarrowOop [136]=NarrowOop [140]=NarrowOop [144]=NarrowOop [148]=NarrowOop [160]=Oop }
                      ;*if_acmpeq {reexecute=1 rethrow=0 return_oop=0}
                      ; - (reexecute) org.apache.xalan.templates.ElemApplyTemplates::transformSelectedNodes@355 (line 285)
  0x00007240a057271c: e07b 6fff 

  0x00007240a0572720: ;   {other}
  0x00007240a0572720: 0f1f 8400 | 104e 003f | be45 ffff | ff48 8b6c | 2430 448b | 5c24 3844 | 895c 2418 | 448b 5424 
  0x00007240a0572740: 4844 8954 | 241c 448b | 5c24 4044 | 895c 2428 | 448b 5424 | 4444 8954 | 242c 448b | 5424 3c44 
  0x00007240a0572760: 8954 2434 | 4c8b 9424 | b000 0000 | 4c89 5424 | 4066 6690 

  0x00007240a0572774: ;   {runtime_call UncommonTrapBlob}
  0x00007240a0572774: c5f8 77e8 

  0x00007240a0572778: ; ImmutableOopMap {rbp=Oop [24]=NarrowOop [52]=NarrowOop [64]=Oop [104]=Oop [120]=NarrowOop [124]=NarrowOop [136]=NarrowOop [140]=NarrowOop [144]=NarrowOop [148]=NarrowOop [160]=Oop }
                      ;*if_icmpne {reexecute=1 rethrow=0 return_oop=0}
                      ; - (reexecute) org.apache.xml.dtm.ref.DTMDefaultBase::makeNodeIdentity@2 (line 931)
                      ; - org.apache.xml.dtm.ref.DTMDefaultBase::getExpandedTypeID@2 (line 1682)
                      ; - org.apache.xalan.templates.ElemApplyTemplates::transformSelectedNodes@370 (line 290)
  0x00007240a0572778: 847b 6fff 

  0x00007240a057277c: ;   {other}
  0x00007240a057277c: 0f1f 8400 | 6c4e 0040 | be45 ffff | ff48 8b6c | 2430 4c8b | 5424 684c | 8954 2410 | 448b 5424 
  0x00007240a057279c: 3844 8954 | 2418 448b | 4424 4844 | 8944 241c | 448b 5424 | 4044 8954 | 2428 448b | 4424 4444 
  0x00007240a05727bc: 8944 242c | 448b 5424 | 3c44 8954 | 2434 4d8b | d14c 8954 | 2458 4c89 | 5424 6044 | 895c 2454 
  0x00007240a05727dc: ;   {runtime_call UncommonTrapBlob}
  0x00007240a05727dc: c5f8 77e8 

  0x00007240a05727e0: ; ImmutableOopMap {rbp=Oop [16]=Oop [24]=NarrowOop [52]=NarrowOop [84]=NarrowOop [88]=Oop [96]=Oop [120]=NarrowOop [124]=NarrowOop [136]=NarrowOop [140]=NarrowOop [144]=NarrowOop [148]=NarrowOop [160]=Oop }
                      ;*if_acmpeq {reexecute=1 rethrow=0 return_oop=0}
                      ; - (reexecute) org.apache.xml.dtm.ref.DTMDefaultBase::makeNodeIdentity@29 (line 945)
                      ; - org.apache.xml.dtm.ref.DTMDefaultBase::getExpandedTypeID@2 (line 1682)
                      ; - org.apache.xalan.templates.ElemApplyTemplates::transformSelectedNodes@370 (line 290)
  0x00007240a05727e0: 1c7b 6fff 

  0x00007240a05727e4: ;   {other}
  0x00007240a05727e4: 0f1f 8400 | d44e 0041 | be45 ffff | ff48 8b6c | 2430 448b | 5424 3844 | 8954 2418 | 448b 5c24 
  0x00007240a0572804: 4844 895c | 241c 448b | 5424 4044 | 8954 2428 | 448b 5c24 | 4444 895c | 242c 448b | 5c24 3c44 
  0x00007240a0572824: 895c 2434 | 4489 4424 | 5466 6690 

  0x00007240a0572830: ;   {runtime_call UncommonTrapBlob}
  0x00007240a0572830: c5f8 77e8 

  0x00007240a0572834: ; ImmutableOopMap {rbp=Oop [24]=NarrowOop [52]=NarrowOop [104]=Oop [120]=NarrowOop [124]=NarrowOop [136]=NarrowOop [140]=NarrowOop [144]=NarrowOop [148]=NarrowOop [160]=Oop [176]=Oop }
                      ;*if_icmpne {reexecute=1 rethrow=0 return_oop=0}
                      ; - (reexecute) org.apache.xml.dtm.ref.DTMDefaultBase::getExpandedTypeID@8 (line 1683)
                      ; - org.apache.xalan.templates.ElemApplyTemplates::transformSelectedNodes@370 (line 290)
  0x00007240a0572834: c87a 6fff 

  0x00007240a0572838: ;   {other}
  0x00007240a0572838: 0f1f 8400 | 284f 0042 | be45 ffff | ff48 8b6c | 2430 4c8b | 5424 684c | 8954 2410 | 448b 5424 
  0x00007240a0572858: 3844 8954 | 2418 448b | 5c24 4844 | 895c 241c | 448b 5424 | 4044 8954 | 2428 448b | 5c24 4444 
  0x00007240a0572878: 895c 242c | 448b 5424 | 3c44 8954 | 2434 4c8b | 9424 b000 | 0000 4c89 | 5424 4044 | 8944 2460 
  0x00007240a0572898: 4489 4c24 | 6466 6690 

  0x00007240a05728a0: ;   {runtime_call UncommonTrapBlob}
  0x00007240a05728a0: c5f8 77e8 

  0x00007240a05728a4: ; ImmutableOopMap {rbp=Oop [16]=Oop [24]=NarrowOop [52]=NarrowOop [64]=Oop [120]=NarrowOop [124]=NarrowOop [136]=NarrowOop [140]=NarrowOop [144]=NarrowOop [148]=NarrowOop [160]=Oop }
                      ;*if_icmplt {reexecute=1 rethrow=0 return_oop=0}
                      ; - (reexecute) org.apache.xml.dtm.ref.DTMDefaultBase::_exptype@12 (line 484)
                      ; - org.apache.xml.dtm.ref.DTMDefaultBase::getExpandedTypeID@15 (line 1685)
                      ; - org.apache.xalan.templates.ElemApplyTemplates::transformSelectedNodes@370 (line 290)
  0x00007240a05728a4: 587a 6fff 

  0x00007240a05728a8: ;   {other}
  0x00007240a05728a8: 0f1f 8400 | 984f 0043 | be45 ffff | ff48 8b6c | 2430 448b | 5424 3844 | 8954 2418 | 448b 5c24 
  0x00007240a05728c8: 4844 895c | 241c 448b | 5424 4044 | 8954 2428 | 448b 5c24 | 4444 895c | 242c 448b | 5424 3c44 
  0x00007240a05728e8: 8954 2434 | 4489 4c24 | 5866 6690 

  0x00007240a05728f4: ;   {runtime_call UncommonTrapBlob}
  0x00007240a05728f4: c5f8 77e8 

  0x00007240a05728f8: ; ImmutableOopMap {rbp=Oop [24]=NarrowOop [52]=NarrowOop [88]=NarrowOop [104]=Oop [120]=NarrowOop [124]=NarrowOop [136]=NarrowOop [140]=NarrowOop [144]=NarrowOop [148]=NarrowOop [160]=Oop [176]=Oop [192]=Oop }
                      ;*if_acmpne {reexecute=1 rethrow=0 return_oop=0}
                      ; - (reexecute) org.apache.xpath.axes.NodeSequence::nextNode@82 (line 332)
                      ; - org.apache.xalan.templates.ElemApplyTemplates::transformSelectedNodes@322 (line 280)
  0x00007240a05728f8: 047a 6fff 

  0x00007240a05728fc: ;   {other}
  0x00007240a05728fc: 0f1f 8400 | ec4f 0044 | bee4 ffff | ff44 8974 | 2420 4489 | 4c24 2490 

  0x00007240a0572914: ;   {runtime_call UncommonTrapBlob}
  0x00007240a0572914: c5f8 77e8 

  0x00007240a0572918: ; ImmutableOopMap {[16]=Oop [32]=NarrowOop [36]=NarrowOop [64]=Oop }
                      ;*iaload {reexecute=0 rethrow=0 return_oop=0}
                      ; - org.apache.xml.utils.IntStack::peek@10 (line 123)
                      ; - org.apache.xpath.XPathContext::getCurrentNode@4 (line 736)
                      ; - org.apache.xalan.templates.ElemApplyTemplates::transformSelectedNodes@6 (line 206)
  0x00007240a0572918: e479 6fff 

  0x00007240a057291c: ;   {other}
  0x00007240a057291c: 0f1f 8400 | 0c50 0045 | bee4 ffff | ff48 8b6c | 2430 448b | 5424 3844 | 8954 2418 | 448b 5424 
  0x00007240a057293c: 4044 8954 | 2420 448b | 5c24 4444 | 895c 2424 | 4c89 6c24 | 4066 6690 

  0x00007240a0572954: ;   {runtime_call UncommonTrapBlob}
  0x00007240a0572954: c5f8 77e8 

  0x00007240a0572958: ; ImmutableOopMap {rbp=Oop [24]=NarrowOop [40]=NarrowOop [64]=Oop [80]=Oop [104]=Oop [136]=NarrowOop [140]=NarrowOop }
                      ;*iastore {reexecute=0 rethrow=0 return_oop=0}
                      ; - org.apache.xml.utils.IntStack::push@63 (line 86)
                      ; - org.apache.xpath.XPathContext::pushCurrentNode@5 (line 793)
                      ; - org.apache.xalan.templates.ElemApplyTemplates::transformSelectedNodes@67 (line 219)
  0x00007240a0572958: a479 6fff 

  0x00007240a057295c: ;   {other}
  0x00007240a057295c: 0f1f 8400 | 4c50 0046 | bee4 ffff | ff48 8b6c | 2430 448b | 5c24 3844 | 895c 2418 | 448b 5c24 
  0x00007240a057297c: 4044 895c | 2420 448b | 5424 4444 | 8954 2424 | 4889 5c24 | 4066 6690 

  0x00007240a0572994: ;   {runtime_call UncommonTrapBlob}
  0x00007240a0572994: c5f8 77e8 

  0x00007240a0572998: ; ImmutableOopMap {rbp=Oop [24]=NarrowOop [60]=NarrowOop [64]=Oop [80]=Oop [104]=Oop [136]=NarrowOop [140]=NarrowOop }
                      ;*iastore {reexecute=0 rethrow=0 return_oop=0}
                      ; - org.apache.xml.utils.IntStack::push@63 (line 86)
                      ; - org.apache.xpath.XPathContext::pushCurrentExpressionNode@5 (line 899)
                      ; - org.apache.xalan.templates.ElemApplyTemplates::transformSelectedNodes@72 (line 220)
  0x00007240a0572998: 6479 6fff 

  0x00007240a057299c: ;   {other}
  0x00007240a057299c: 0f1f 8400 | 8c50 0047 | bee4 ffff | ff4c 8b5c | 2430 4c89 | 5c24 1044 | 8b5c 2438 | 4489 5c24 
  0x00007240a05729bc: 2044 8b5c | 2440 4489 | 5c24 2844 | 8b44 2444 | 4489 4424 | 2c89 4c24 | 4044 8954 | 2444 6690 
  0x00007240a05729dc: ;   {runtime_call UncommonTrapBlob}
  0x00007240a05729dc: c5f8 77e8 

  0x00007240a05729e0: ; ImmutableOopMap {rbp=NarrowOop [16]=Oop [32]=NarrowOop [64]=NarrowOop [80]=Oop [104]=Oop [136]=NarrowOop [140]=NarrowOop }
                      ;*aastore {reexecute=1 rethrow=0 return_oop=0}
                      ; - (reexecute) org.apache.xml.utils.ObjectStack::push@64 (line 86)
                      ; - org.apache.xpath.XPathContext::pushSAXLocatorNull@5 (line 425)
                      ; - org.apache.xalan.templates.ElemApplyTemplates::transformSelectedNodes@76 (line 221)
  0x00007240a05729e0: 1c79 6fff 

  0x00007240a05729e4: ;   {other}
  0x00007240a05729e4: 0f1f 8400 | d450 0048 | bee4 ffff | ff4c 8b5c | 2430 4c89 | 5c24 1044 | 8b44 2438 | 4489 4424 
  0x00007240a0572a04: 2044 8b44 | 2440 4489 | 4424 2844 | 8b5c 2444 | 4489 5c24 | 2c44 894c | 2440 4489 | 5424 4490 
  0x00007240a0572a24: ;   {runtime_call UncommonTrapBlob}
  0x00007240a0572a24: c5f8 77e8 

  0x00007240a0572a28: ; ImmutableOopMap {rbp=NarrowOop [16]=Oop [32]=NarrowOop [64]=NarrowOop [80]=Oop [104]=Oop [136]=NarrowOop [140]=NarrowOop }
                      ;*aastore {reexecute=1 rethrow=0 return_oop=0}
                      ; - (reexecute) org.apache.xml.utils.ObjectStack::push@64 (line 86)
                      ; - org.apache.xalan.transformer.TransformerImpl::pushElemTemplateElement@5 (line 2624)
                      ; - org.apache.xalan.templates.ElemApplyTemplates::transformSelectedNodes@81 (line 222)
  0x00007240a0572a28: d478 6fff 

  0x00007240a0572a2c: ;   {other}
  0x00007240a0572a2c: 0f1f 8400 | 1c51 0049 | bee4 ffff | ff4c 8b54 | 2430 4c89 | 5424 1044 | 8b5c 2438 | 4489 5c24 
  0x00007240a0572a4c: 2044 8b5c | 2440 4489 | 5c24 2844 | 8b54 2444 | 4489 5424 | 2c44 8b54 | 243c 4489 | 5424 3444 
  0x00007240a0572a6c: 8b5c 2448 | 4489 5c24 | 404c 8b54 | 2450 4c89 | 5424 4844 | 8944 2454 

  0x00007240a0572a84: ;   {runtime_call UncommonTrapBlob}
  0x00007240a0572a84: c5f8 77e8 

  0x00007240a0572a88: ; ImmutableOopMap {[16]=Oop [32]=NarrowOop [52]=NarrowOop [72]=Oop [84]=NarrowOop [104]=Oop [120]=NarrowOop [124]=NarrowOop [136]=NarrowOop [140]=NarrowOop [144]=Oop }
                      ;*aaload {reexecute=0 rethrow=0 return_oop=0}
                      ; - org.apache.xml.dtm.ref.DTMManagerDefault::getDTM@8 (line 648)
                      ; - org.apache.xpath.XPathContext::getDTM@5 (line 171)
                      ; - org.apache.xalan.templates.ElemApplyTemplates::transformSelectedNodes@185 (line 245)
  0x00007240a0572a88: 7478 6fff 

  0x00007240a0572a8c: ;   {other}
  0x00007240a0572a8c: 0f1f 8400 | 7c51 004a | bef6 ffff | ff48 8b6c | 2430 4489 | 5c24 1844 | 8b54 2448 | 4489 5424 
  0x00007240a0572aac: 1c44 8b5c | 2440 4489 | 5c24 2044 | 8b54 2444 | 4489 5424 | 2444 8b54 | 243c 4489 | 5424 2c90 
  0x00007240a0572acc: ;   {runtime_call UncommonTrapBlob}
  0x00007240a0572acc: c5f8 77e8 

  0x00007240a0572ad0: ; ImmutableOopMap {rbp=Oop [24]=NarrowOop [44]=NarrowOop [80]=Oop [104]=Oop [120]=NarrowOop [124]=NarrowOop [132]=NarrowOop [136]=NarrowOop [140]=NarrowOop }
                      ;*invokevirtual push {reexecute=0 rethrow=0 return_oop=0}
                      ; - org.apache.xpath.XPathContext::pushContextNodeList@5 (line 697)
                      ; - org.apache.xalan.templates.ElemApplyTemplates::transformSelectedNodes@301 (line 270)
  0x00007240a0572ad0: 2c78 6fff 

  0x00007240a0572ad4: ;   {other}
  0x00007240a0572ad4: 0f1f 8400 | c451 004b | bee4 ffff | ff4c 8b54 | 2430 4c89 | 5424 104c | 8b54 2468 | 4c89 5424 
  0x00007240a0572af4: 1844 8b5c | 2438 4489 | 5c24 2044 | 8b54 2448 | 4489 5424 | 2444 8b5c | 2440 4489 | 5c24 2844 
  0x00007240a0572b14: 8b54 2444 | 4489 5424 | 2c44 8b54 | 243c 4489 | 5424 344c | 8944 2468 

  0x00007240a0572b2c: ;   {runtime_call UncommonTrapBlob}
  0x00007240a0572b2c: c5f8 77e8 

  0x00007240a0572b30: ; ImmutableOopMap {[16]=Oop [24]=Oop [32]=NarrowOop [52]=NarrowOop [76]=NarrowOop [80]=Oop [104]=Oop [120]=NarrowOop [124]=NarrowOop [132]=NarrowOop [136]=NarrowOop [140]=NarrowOop }
                      ;*aastore {reexecute=1 rethrow=0 return_oop=0}
                      ; - (reexecute) java.util.Vector::add@14 (line 783)
                      ; - java.util.Vector::addElement@20 (line 617)
                      ; - java.util.Stack::push@2 (line 68)
                      ; - org.apache.xpath.XPathContext::pushContextNodeList@5 (line 697)
                      ; - org.apache.xalan.templates.ElemApplyTemplates::transformSelectedNodes@301 (line 270)
  0x00007240a0572b30: cc77 6fff 

  0x00007240a0572b34: ;   {other}
  0x00007240a0572b34: 0f1f 8400 | 2452 004c | bef6 ffff | ff48 8b6c | 2430 448b | 5424 3844 | 8954 2418 

  0x00007240a0572b50: ;   {runtime_call UncommonTrapBlob}
  0x00007240a0572b50: c5f8 77e8 

  0x00007240a0572b54: ; ImmutableOopMap {rbp=Oop [24]=NarrowOop [80]=Oop [104]=Oop [136]=NarrowOop [140]=NarrowOop }
                      ;*iastore {reexecute=0 rethrow=0 return_oop=0}
                      ; - org.apache.xml.utils.IntStack::push@63 (line 86)
                      ; - org.apache.xpath.XPathContext::pushCurrentExpressionNode@5 (line 899)
                      ; - org.apache.xalan.templates.ElemApplyTemplates::transformSelectedNodes@72 (line 220)
  0x00007240a0572b54: a877 6fff 

  0x00007240a0572b58: ;   {other}
  0x00007240a0572b58: 0f1f 8400 | 4852 004d | bede ffff | ff4c 8b54 | 2430 4c89 | 5424 1044 | 8b54 2438 | 4489 5424 
  0x00007240a0572b78: 2044 8b54 | 2440 4489 | 5424 2844 | 8b5c 2444 | 4489 5c24 | 2c44 8b5c | 243c 4489 | 5c24 3444 
  0x00007240a0572b98: 8b54 2448 | 4489 5424 | 404c 8b54 | 2450 4c89 | 5424 4890 

  0x00007240a0572bac: ;   {runtime_call UncommonTrapBlob}
  0x00007240a0572bac: c5f8 77e8 

  0x00007240a0572bb0: ; ImmutableOopMap {rbp=NarrowOop [16]=Oop [32]=NarrowOop [52]=NarrowOop [72]=Oop [104]=Oop [120]=NarrowOop [124]=NarrowOop [136]=NarrowOop [140]=NarrowOop }
                      ;*invokevirtual getDTM {reexecute=0 rethrow=0 return_oop=0}
                      ; - org.apache.xpath.XPathContext::getDTM@5 (line 171)
                      ; - org.apache.xalan.templates.ElemApplyTemplates::transformSelectedNodes@185 (line 245)
  0x00007240a0572bb0: 4c77 6fff 

  0x00007240a0572bb4: ;   {other}
  0x00007240a0572bb4: 0f1f 8400 | a452 004e | 498b f348 | 8d94 2400 | 0100 0048 | 8b6c 2430 

  0x00007240a0572bcc: ;   {runtime_call _complete_monitor_locking_Java}
  0x00007240a0572bcc: c5f8 77e8 

  0x00007240a0572bd0: ; ImmutableOopMap {rbp=Oop [48]=Oop [56]=NarrowOop [60]=NarrowOop [80]=Oop [88]=Oop [96]=Oop [104]=Oop [112]=Oop [120]=NarrowOop [124]=NarrowOop [136]=NarrowOop [140]=NarrowOop [144]=Oop [152]=Oop }
                      ;*synchronization entry
                      ; - org.apache.xml.dtm.ref.DTMManagerDefault::getDTM@-1 (line 648)
                      ; - org.apache.xpath.XPathContext::getDTM@5 (line 171)
                      ; - org.apache.xalan.templates.ElemApplyTemplates::transformSelectedNodes@185 (line 245)
  0x00007240a0572bd0: acec 7aff 

  0x00007240a0572bd4: ;   {other}
  0x00007240a0572bd4: 0f1f 8400 | c452 004f | e9ac bbff | ff49 8bfb | 488d b424 | 0001 0000 | 498b d7c5 | f877 49ba 
  0x00007240a0572bf4: a089 feb7 | 4072 0000 

  0x00007240a0572bfc: ;   {other}
  0x00007240a0572bfc: 41ff d20f | 1f84 0000 | 0000 00e9 | 51bc ffff | 498b f348 | 8d94 2400 | 0100 0048 | 8b6c 2430 
  0x00007240a0572c1c: ;   {runtime_call _complete_monitor_locking_Java}
  0x00007240a0572c1c: c5f8 77e8 

  0x00007240a0572c20: ; ImmutableOopMap {rbp=Oop [16]=Oop [48]=Oop [56]=NarrowOop [60]=NarrowOop [76]=NarrowOop [80]=Oop [88]=Oop [96]=Oop [104]=Oop [112]=Oop [120]=NarrowOop [124]=NarrowOop [132]=NarrowOop [136]=NarrowOop [140]=NarrowOop [152]=Oop }
                      ;*synchronization entry
                      ; - java.util.Vector::addElement@-1 (line 616)
                      ; - java.util.Stack::push@2 (line 68)
                      ; - org.apache.xpath.XPathContext::pushContextNodeList@5 (line 697)
                      ; - org.apache.xalan.templates.ElemApplyTemplates::transformSelectedNodes@301 (line 270)
  0x00007240a0572c20: 5cec 7aff 

  0x00007240a0572c24: ;   {other}
  0x00007240a0572c24: 0f1f 8400 | 1453 0050 | e9c6 bcff | ffbe d6ff | ffff 4c8b | 5424 304c | 8954 2410 | 4c8b 5424 
  0x00007240a0572c44: 684c 8954 | 2418 448b | 5424 3844 | 8954 2420 | 448b 5c24 | 4844 895c | 2424 448b | 5424 4044 
  0x00007240a0572c64: 8954 2428 | 448b 5c24 | 4444 895c | 242c 448b | 5424 3c44 | 8954 2434 | 4c89 4424 | 6866 6690 
  0x00007240a0572c84: ;   {runtime_call UncommonTrapBlob}
  0x00007240a0572c84: c5f8 77e8 

  0x00007240a0572c88: ; ImmutableOopMap {[16]=Oop [24]=Oop [32]=NarrowOop [52]=NarrowOop [76]=NarrowOop [80]=Oop [104]=Oop [120]=NarrowOop [124]=NarrowOop [132]=NarrowOop [136]=NarrowOop [140]=NarrowOop }
                      ;*aastore {reexecute=1 rethrow=0 return_oop=0}
                      ; - (reexecute) java.util.Vector::add@14 (line 783)
                      ; - java.util.Vector::addElement@20 (line 617)
                      ; - java.util.Stack::push@2 (line 68)
                      ; - org.apache.xpath.XPathContext::pushContextNodeList@5 (line 697)
                      ; - org.apache.xalan.templates.ElemApplyTemplates::transformSelectedNodes@301 (line 270)
  0x00007240a0572c88: 7476 6fff 

  0x00007240a0572c8c: ;   {other}
  0x00007240a0572c8c: 0f1f 8400 | 7c53 0051 | 498b fb48 | 8db4 2400 | 0100 0049 | 8bd7 c5f8 | 7749 baa0 | 89fe b740 
  0x00007240a0572cac: 7200 0041 

  0x00007240a0572cb0: ;   {other}
  0x00007240a0572cb0: ffd2 0f1f | 8400 0000 | 0000 e933 | bdff ffbe | 76ff ffff | 488b 6c24 | 3044 8b54 | 2438 4489 
  0x00007240a0572cd0: 5424 1844 | 8b5c 2448 | 4489 5c24 | 1c44 8b54 | 2440 4489 | 5424 2044 | 8b5c 2444 | 4489 5c24 
  0x00007240a0572cf0: 2444 8b5c | 243c 4489 | 5c24 2c4c | 8b54 2450 | 4c89 5424 | 4866 6690 

  0x00007240a0572d08: ;   {runtime_call UncommonTrapBlob}
  0x00007240a0572d08: c5f8 77e8 

  0x00007240a0572d0c: ; ImmutableOopMap {rbp=Oop [24]=NarrowOop [44]=NarrowOop [72]=Oop [104]=Oop [120]=NarrowOop [124]=NarrowOop [132]=NarrowOop [136]=NarrowOop [140]=NarrowOop [144]=NarrowOop [148]=NarrowOop }
                      ;*iconst_m1 {reexecute=0 rethrow=0 return_oop=0}
                      ; - org.apache.xalan.templates.ElemApplyTemplates::transformSelectedNodes@319 (line 280)
  0x00007240a0572d0c: f075 6fff 

  0x00007240a0572d10: ;   {other}
  0x00007240a0572d10: 0f1f 8400 | 0054 0052 | bee4 ffff | ff4c 8b54 | 2430 4c89 | 5424 1044 | 8b54 2438 | 4489 5424 
  0x00007240a0572d30: 2044 8b5c | 2448 4489 | 5c24 2444 | 8b54 2440 | 4489 5424 | 3044 8b5c | 2444 4489 | 5c24 3444 
  0x00007240a0572d50: 8944 245c | 894c 2460 

  0x00007240a0572d58: ;   {runtime_call UncommonTrapBlob}
  0x00007240a0572d58: c5f8 77e8 

  0x00007240a0572d5c: ; ImmutableOopMap {[16]=Oop [32]=NarrowOop [60]=NarrowOop [92]=NarrowOop [96]=NarrowOop [104]=Oop [120]=NarrowOop [124]=NarrowOop [132]=NarrowOop [136]=NarrowOop [140]=NarrowOop [144]=NarrowOop [148]=NarrowOop [160]=Oop }
                      ;*aaload {reexecute=0 rethrow=0 return_oop=0}
                      ; - org.apache.xml.utils.ObjectStack::pop@15 (line 101)
                      ; - org.apache.xpath.XPathContext::popSAXLocator@4 (line 434)
                      ; - org.apache.xalan.templates.ElemApplyTemplates::transformSelectedNodes@945 (line 445)
  0x00007240a0572d5c: a075 6fff 

  0x00007240a0572d60: ;   {other}
  0x00007240a0572d60: 0f1f 8400 | 5054 0053 | bef6 ffff | ff48 8b6c | 2430 448b | 5424 3844 | 8954 2418 | 448b 5c24 
  0x00007240a0572d80: 4844 895c | 241c 448b | 5424 4044 | 8954 2428 | 448b 5c24 | 4444 895c | 242c 448b | 5c24 3c44 
  0x00007240a0572da0: 895c 2434 

  0x00007240a0572da4: ;   {runtime_call UncommonTrapBlob}
  0x00007240a0572da4: c5f8 77e8 

  0x00007240a0572da8: ; ImmutableOopMap {rbp=Oop [24]=NarrowOop [52]=NarrowOop [104]=Oop [120]=NarrowOop [124]=NarrowOop [132]=NarrowOop [136]=NarrowOop [140]=NarrowOop [144]=NarrowOop [148]=NarrowOop [160]=Oop }
                      ;*invokevirtual isEmpty {reexecute=0 rethrow=0 return_oop=0}
                      ; - org.apache.xpath.XPathContext::popContextNodeList@4 (line 706)
                      ; - org.apache.xalan.templates.ElemApplyTemplates::transformSelectedNodes@954 (line 446)
  0x00007240a0572da8: 5475 6fff 

  0x00007240a0572dac: ;   {other}
  0x00007240a0572dac: 0f1f 8400 | 9c54 0054 | bef6 ffff | ff48 8b6c | 2430 448b | 5c24 3844 | 895c 2418 | 448b 5424 
  0x00007240a0572dcc: 4844 8954 | 241c 448b | 5c24 4044 | 895c 2428 | 448b 5424 | 4444 8954 | 242c 448b | 5424 3c44 
  0x00007240a0572dec: 8954 2434 

  0x00007240a0572df0: ;   {runtime_call UncommonTrapBlob}
  0x00007240a0572df0: c5f8 77e8 

  0x00007240a0572df4: ; ImmutableOopMap {rbp=Oop [24]=NarrowOop [52]=NarrowOop [104]=Oop [120]=NarrowOop [124]=NarrowOop [132]=NarrowOop [136]=NarrowOop [140]=NarrowOop [144]=NarrowOop [148]=NarrowOop [160]=Oop }
                      ;*invokevirtual pop {reexecute=0 rethrow=0 return_oop=0}
                      ; - org.apache.xpath.XPathContext::popContextNodeList@25 (line 709)
                      ; - org.apache.xalan.templates.ElemApplyTemplates::transformSelectedNodes@954 (line 446)
  0x00007240a0572df4: 0875 6fff 

  0x00007240a0572df8: ;   {other}
  0x00007240a0572df8: 0f1f 8400 | e854 0055 | bee4 ffff | ff48 8b6c | 2430 4c8b | 5424 684c | 8954 2410 | 448b 5424 
  0x00007240a0572e18: 3844 8954 | 2418 448b | 5c24 4844 | 895c 241c | 448b 5424 | 4044 8954 | 2428 448b | 5c24 4444 
  0x00007240a0572e38: 895c 242c | 448b 5c24 | 3c44 895c | 2434 4489 | 4c24 5c89 | 5c24 6844 | 8944 246c 

  0x00007240a0572e54: ;   {runtime_call UncommonTrapBlob}
  0x00007240a0572e54: c5f8 77e8 

  0x00007240a0572e58: ; ImmutableOopMap {rbp=Oop [16]=Oop [24]=NarrowOop [52]=NarrowOop [84]=NarrowOop [104]=NarrowOop [120]=NarrowOop [124]=NarrowOop [132]=NarrowOop [136]=NarrowOop [140]=NarrowOop [144]=NarrowOop [148]=NarrowOop [160]=Oop }
                      ;*aaload {reexecute=0 rethrow=0 return_oop=0}
                      ; - java.util.Vector::elementData@5 (line 731)
                      ; - java.util.Vector::elementAt@44 (line 469)
                      ; - java.util.Stack::peek@21 (line 104)
                      ; - java.util.Stack::pop@6 (line 85)
                      ; - org.apache.xpath.XPathContext::popContextNodeList@25 (line 709)
                      ; - org.apache.xalan.templates.ElemApplyTemplates::transformSelectedNodes@954 (line 446)
  0x00007240a0572e58: a474 6fff 

  0x00007240a0572e5c: ;   {other}
  0x00007240a0572e5c: 0f1f 8400 | 4c55 0056 | bee4 ffff | ff4c 8b54 | 2430 4c89 | 5424 1044 | 8b5c 2438 | 4489 5c24 
  0x00007240a0572e7c: 2044 8b54 | 2448 4489 | 5424 2444 | 8b5c 2440 | 4489 5c24 | 3044 8b54 | 2444 4489 | 5424 3444 
  0x00007240a0572e9c: 894c 245c | 4489 4424 | 6066 6690 

  0x00007240a0572ea8: ;   {runtime_call UncommonTrapBlob}
  0x00007240a0572ea8: c5f8 77e8 

  0x00007240a0572eac: ; ImmutableOopMap {[16]=Oop [32]=NarrowOop [60]=NarrowOop [92]=NarrowOop [96]=NarrowOop [104]=Oop [120]=NarrowOop [124]=NarrowOop [132]=NarrowOop [136]=NarrowOop [140]=NarrowOop [144]=NarrowOop [148]=NarrowOop [160]=Oop }
                      ;*aaload {reexecute=0 rethrow=0 return_oop=0}
                      ; - org.apache.xml.utils.ObjectStack::pop@15 (line 101)
                      ; - org.apache.xalan.transformer.TransformerImpl::popElemTemplateElement@4 (line 2632)
                      ; - org.apache.xalan.templates.ElemApplyTemplates::transformSelectedNodes@958 (line 447)
  0x00007240a0572eac: 5074 6fff 

  0x00007240a0572eb0: ;   {other}
  0x00007240a0572eb0: 0f1f 8400 | a055 0057 | bef6 ffff | ff48 8b6c | 2430 448b | 5c24 3844 | 895c 2418 | 448b 5424 
  0x00007240a0572ed0: 4844 8954 | 241c 448b | 5c24 4044 | 895c 2428 | 448b 5424 | 4444 8954 | 242c 448b | 5424 3c44 
  0x00007240a0572ef0: 8954 2434 

  0x00007240a0572ef4: ;   {runtime_call UncommonTrapBlob}
  0x00007240a0572ef4: c5f8 77e8 

  0x00007240a0572ef8: ; ImmutableOopMap {rbp=Oop [24]=NarrowOop [52]=NarrowOop [104]=Oop [120]=NarrowOop [124]=NarrowOop [132]=NarrowOop [136]=NarrowOop [140]=NarrowOop [144]=NarrowOop [148]=NarrowOop [160]=Oop }
                      ;*invokevirtual quickPop {reexecute=0 rethrow=0 return_oop=0}
                      ; - org.apache.xpath.XPathContext::popCurrentExpressionNode@5 (line 908)
                      ; - org.apache.xalan.templates.ElemApplyTemplates::transformSelectedNodes@962 (line 448)
  0x00007240a0572ef8: 0474 6fff 

  0x00007240a0572efc: ;   {other}
  0x00007240a0572efc: 0f1f 8400 | ec55 0058 | 498b f348 | 8d94 2400 | 0100 0090 

  0x00007240a0572f10: ;   {runtime_call _complete_monitor_locking_Java}
  0x00007240a0572f10: c5f8 77e8 

  0x00007240a0572f14: ; ImmutableOopMap {rbp=NarrowOop [16]=Oop [48]=Oop [56]=NarrowOop [60]=NarrowOop [88]=Oop [96]=Oop [104]=Oop [112]=Oop [120]=NarrowOop [124]=NarrowOop [132]=NarrowOop [136]=NarrowOop [140]=NarrowOop [144]=NarrowOop [148]=NarrowOop [152]=Oop [160]=Oop }
                      ;*synchronization entry
                      ; - java.util.Vector::isEmpty@-1 (line 316)
                      ; - org.apache.xpath.XPathContext::popContextNodeList@4 (line 706)
                      ; - org.apache.xalan.templates.ElemApplyTemplates::transformSelectedNodes@954 (line 446)
  0x00007240a0572f14: 68e9 7aff 

  0x00007240a0572f18: ;   {other}
  0x00007240a0572f18: 0f1f 8400 | 0856 0059 | e9fa c3ff | ff49 8bfb | 488d b424 | 0001 0000 | 498b d7c5 | f877 49ba 
  0x00007240a0572f38: a089 feb7 | 4072 0000 

  0x00007240a0572f40: ;   {other}
  0x00007240a0572f40: 41ff d20f | 1f84 0000 | 0000 00e9 | 72c4 ffff | 498b f348 | 8d94 2400 | 0100 0048 | 8b6c 2430 
  0x00007240a0572f60: ;   {runtime_call _complete_monitor_locking_Java}
  0x00007240a0572f60: c5f8 77e8 

  0x00007240a0572f64: ; ImmutableOopMap {rbp=Oop [16]=Oop [48]=Oop [56]=NarrowOop [60]=NarrowOop [84]=NarrowOop [88]=Oop [96]=Oop [104]=Oop [112]=Oop [120]=NarrowOop [124]=NarrowOop [132]=NarrowOop [136]=NarrowOop [140]=NarrowOop [144]=NarrowOop [148]=NarrowOop [152]=Oop [160]=Oop }
                      ;*synchronization entry
                      ; - java.util.Stack::pop@-1 (line 83)
                      ; - org.apache.xpath.XPathContext::popContextNodeList@25 (line 709)
                      ; - org.apache.xalan.templates.ElemApplyTemplates::transformSelectedNodes@954 (line 446)
  0x00007240a0572f64: 18e9 7aff 

  0x00007240a0572f68: ;   {other}
  0x00007240a0572f68: 0f1f 8400 | 5856 005a | e9e1 c4ff | ff49 8bfb | 488d b424 | 0001 0000 | 498b d7c5 | f877 49ba 
  0x00007240a0572f88: a089 feb7 | 4072 0000 

  0x00007240a0572f90: ;   {other}
  0x00007240a0572f90: 41ff d20f | 1f84 0000 | 0000 00e9 | b4c5 ffff | bef6 ffff | ff48 8b6c | 2410 4489 | 7424 1844 
  0x00007240a0572fb0: 895c 241c 

  0x00007240a0572fb4: ;   {runtime_call UncommonTrapBlob}
  0x00007240a0572fb4: c5f8 77e8 

  0x00007240a0572fb8: ; ImmutableOopMap {rbp=Oop [24]=NarrowOop [64]=Oop }
                      ;*invokevirtual getInstance {reexecute=0 rethrow=0 return_oop=0}
                      ; - org.apache.xpath.axes.LocPathIterator::asIterator@8 (line 267)
                      ; - org.apache.xalan.templates.ElemApplyTemplates::transformSelectedNodes@16 (line 207)
  0x00007240a0572fb8: 4473 6fff 

  0x00007240a0572fbc: ;   {other}
  0x00007240a0572fbc: 0f1f 8400 | ac56 005b | 4c89 4c24 | 3844 8954 | 2430 4c89 | 4424 284c | 896c 2420 | 4489 5c24 
  0x00007240a0572fdc: 1c44 8974 | 2418 488b | 6c24 4049 | 8bf1 488d | 9424 0001 | 0000 6690 

  0x00007240a0572ff4: ;   {runtime_call _complete_monitor_locking_Java}
  0x00007240a0572ff4: c5f8 77e8 

  0x00007240a0572ff8: ; ImmutableOopMap {rbp=Oop [16]=Oop [24]=NarrowOop [32]=Oop [40]=Oop [48]=NarrowOop [56]=Oop }
                      ;*synchronization entry
                      ; - org.apache.xpath.axes.IteratorPool::getInstance@-1 (line 88)
                      ; - org.apache.xpath.axes.LocPathIterator::asIterator@8 (line 267)
                      ; - org.apache.xalan.templates.ElemApplyTemplates::transformSelectedNodes@16 (line 207)
  0x00007240a0572ff8: 84e8 7aff 

  0x00007240a0572ffc: ;   {other}
  0x00007240a0572ffc: 0f1f 8400 | ec56 005c | 4889 6c24 | 4044 8b74 | 2418 448b | 5c24 1c4c | 8b6c 2420 | 4c8b 4424 
  0x00007240a057301c: 2844 8b54 | 2430 4c8b | 4c24 38e9 | f0b2 ffff | bede ffff | ff44 8974 | 2420 6690 

  0x00007240a0573038: ;   {runtime_call UncommonTrapBlob}
  0x00007240a0573038: c5f8 77e8 

  0x00007240a057303c: ; ImmutableOopMap {rbp=Oop [16]=Oop [32]=NarrowOop [64]=Oop }
                      ;*checkcast {reexecute=0 rethrow=0 return_oop=0}
                      ; - org.apache.xpath.axes.LocPathIterator::asIterator@11 (line 267)
                      ; - org.apache.xalan.templates.ElemApplyTemplates::transformSelectedNodes@16 (line 207)
  0x00007240a057303c: c072 6fff 

  0x00007240a0573040: ;   {other}
  0x00007240a0573040: 0f1f 8400 | 3057 005d | bef6 ffff | ff48 8b6c | 2430 448b | 5424 3844 | 8954 2418 | 448b 5c24 
  0x00007240a0573060: 4844 895c | 241c 448b | 5424 4044 | 8954 2428 | 448b 5c24 | 4444 895c | 242c 448b | 5c24 3c44 
  0x00007240a0573080: 895c 2434 

  0x00007240a0573084: ;   {runtime_call UncommonTrapBlob}
  0x00007240a0573084: c5f8 77e8 

  0x00007240a0573088: ; ImmutableOopMap {rbp=Oop [24]=NarrowOop [52]=NarrowOop [104]=Oop [120]=NarrowOop [124]=NarrowOop [136]=NarrowOop [140]=NarrowOop [144]=NarrowOop [148]=NarrowOop [160]=Oop [176]=Oop [192]=Oop }
                      ;*invokevirtual push {reexecute=0 rethrow=0 return_oop=0}
                      ; - org.apache.xalan.transformer.TransformerImpl::pushPairCurrentMatched@5 (line 2729)
                      ; - org.apache.xalan.templates.ElemApplyTemplates::transformSelectedNodes@553 (line 335)
  0x00007240a0573088: 7472 6fff 

  0x00007240a057308c: ;   {other}
  0x00007240a057308c: 0f1f 8400 | 7c57 005e | bee4 ffff | ff4c 8b54 | 2430 4c89 | 5424 104c | 8b54 2468 | 4c89 5424 
  0x00007240a05730ac: 1844 8b54 | 2438 4489 | 5424 2044 | 8b5c 2448 | 4489 5c24 | 2444 8b54 | 2440 4489 | 5424 3044 
  0x00007240a05730cc: 8b5c 2444 | 4489 5c24 | 3444 8b54 | 2478 4489 | 5424 3844 | 8b54 247c | 4489 5424 | 4044 8b9c 
  0x00007240a05730ec: 2480 0000 | 0044 895c | 2444 448b | 9424 9400 | 0000 4489 | 5424 5044 | 8b9c 2490 | 0000 0044 
  0x00007240a057310c: 895c 2454 | 448b 9c24 | b800 0000 | 458b d344 | 8954 2478 | 448b 9c24 | 8800 0000 | 4489 5c24 
  0x00007240a057312c: 7c4c 8984 | 2490 0000 | 0066 6690 

  0x00007240a0573138: ;   {runtime_call UncommonTrapBlob}
  0x00007240a0573138: c5f8 77e8 

  0x00007240a057313c: ; ImmutableOopMap {[16]=Oop [24]=Oop [32]=NarrowOop [56]=NarrowOop [60]=NarrowOop [64]=NarrowOop [80]=NarrowOop [84]=NarrowOop [120]=NarrowOop [124]=NarrowOop [140]=NarrowOop [144]=Oop [160]=Oop [176]=Oop [184]=NarrowOop [192]=Oop }
                      ;*aastore {reexecute=1 rethrow=0 return_oop=0}
                      ; - (reexecute) java.util.Vector::add@14 (line 783)
                      ; - java.util.Vector::addElement@20 (line 617)
                      ; - java.util.Stack::push@2 (line 68)
                      ; - org.apache.xalan.transformer.TransformerImpl::pushPairCurrentMatched@5 (line 2729)
                      ; - org.apache.xalan.templates.ElemApplyTemplates::transformSelectedNodes@553 (line 335)
  0x00007240a057313c: c071 6fff 

  0x00007240a0573140: ;   {other}
  0x00007240a0573140: 0f1f 8400 | 3058 005f | bee4 ffff | ff48 8b6c | 2430 4c8b | 5424 684c | 8954 2410 | 448b 5c24 
  0x00007240a0573160: 3844 895c | 2418 448b | 5424 4844 | 8954 241c | 448b 5c24 | 4044 895c | 2428 448b | 5424 4444 
  0x00007240a0573180: 8954 242c | 448b 5424 | 3c44 8954 | 2434 448b | 9424 bc00 | 0000 4c89 | 6c24 7045 | 8bda 4489 
  0x00007240a05731a0: 5c24 6c90 

  0x00007240a05731a4: ;   {runtime_call UncommonTrapBlob}
  0x00007240a05731a4: c5f8 77e8 

  0x00007240a05731a8: ; ImmutableOopMap {rbp=Oop [16]=Oop [24]=NarrowOop [52]=NarrowOop [112]=Oop [120]=NarrowOop [124]=NarrowOop [136]=NarrowOop [140]=NarrowOop [144]=NarrowOop [148]=NarrowOop [160]=Oop [176]=Oop [184]=NarrowOop [192]=Oop }
                      ;*iastore {reexecute=0 rethrow=0 return_oop=0}
                      ; - org.apache.xml.utils.NodeVector::push@88 (line 172)
                      ; - org.apache.xalan.transformer.TransformerImpl::pushPairCurrentMatched@14 (line 2730)
                      ; - org.apache.xalan.templates.ElemApplyTemplates::transformSelectedNodes@553 (line 335)
  0x00007240a05731a8: 5471 6fff 

  0x00007240a05731ac: ;   {other}
  0x00007240a05731ac: 0f1f 8400 | 9c58 0060 | bee4 ffff | ff4c 8b54 | 2430 4c89 | 5424 104c | 8b54 2468 | 4c89 5424 
  0x00007240a05731cc: 1844 8b54 | 2438 4489 | 5424 2044 | 8b5c 2448 | 4489 5c24 | 2444 8b5c | 2440 4489 | 5c24 3044 
  0x00007240a05731ec: 8b54 2444 | 4489 5424 | 3448 8944 | 2468 4489 | 4424 7490 

  0x00007240a0573200: ;   {runtime_call UncommonTrapBlob}
  0x00007240a0573200: c5f8 77e8 

  0x00007240a0573204: ; ImmutableOopMap {[16]=Oop [24]=Oop [32]=NarrowOop [60]=NarrowOop [104]=Oop [116]=NarrowOop [120]=NarrowOop [124]=NarrowOop [136]=NarrowOop [140]=NarrowOop [144]=NarrowOop [148]=NarrowOop [160]=Oop [176]=Oop }
                      ;*aastore {reexecute=1 rethrow=0 return_oop=0}
                      ; - (reexecute) org.apache.xml.utils.ObjectStack::setTop@11 (line 162)
                      ; - org.apache.xalan.transformer.TransformerImpl::setCurrentElement@5 (line 2644)
                      ; - org.apache.xalan.templates.ElemApplyTemplates::transformSelectedNodes@545 (line 332)
  0x00007240a0573204: f870 6fff 

  0x00007240a0573208: ;   {other}
  0x00007240a0573208: 0f1f 8400 | f858 0061 | bef6 ffff | ff48 8b6c | 2430 448b | 5424 3844 | 8954 2418 | 448b 5c24 
  0x00007240a0573228: 4844 895c | 241c 448b | 5424 4044 | 8954 2428 | 448b 5c24 | 4444 895c | 242c 448b | 5c24 3c44 
  0x00007240a0573248: 895c 2434 

  0x00007240a057324c: ;   {runtime_call UncommonTrapBlob}
  0x00007240a057324c: c5f8 77e8 

  0x00007240a0573250: ; ImmutableOopMap {rbp=Oop [24]=NarrowOop [52]=NarrowOop [104]=Oop [120]=NarrowOop [124]=NarrowOop [136]=NarrowOop [140]=NarrowOop [144]=NarrowOop [148]=NarrowOop [160]=Oop [176]=Oop [192]=Oop }
                      ;*iastore {reexecute=0 rethrow=0 return_oop=0}
                      ; - org.apache.xml.utils.NodeVector::push@88 (line 172)
                      ; - org.apache.xalan.transformer.TransformerImpl::pushPairCurrentMatched@14 (line 2730)
                      ; - org.apache.xalan.templates.ElemApplyTemplates::transformSelectedNodes@553 (line 335)
  0x00007240a0573250: ac70 6fff 

  0x00007240a0573254: ;   {other}
  0x00007240a0573254: 0f1f 8400 | 4459 0062 | 498b f348 | 8d94 2400 | 0100 0048 | 8b6c 2430 

  0x00007240a057326c: ;   {runtime_call _complete_monitor_locking_Java}
  0x00007240a057326c: c5f8 77e8 

  0x00007240a0573270: ; ImmutableOopMap {rbp=Oop [16]=Oop [24]=Oop [32]=Oop [40]=Oop [48]=Oop [56]=NarrowOop [60]=NarrowOop [80]=Oop [88]=Oop [96]=Oop [104]=Oop [112]=Oop [120]=NarrowOop [124]=NarrowOop [132]=NarrowOop [136]=NarrowOop [140]=NarrowOop [144]=NarrowOop [148]=NarrowOop [152]=Oop [160]=Oop [168]=Oop [176]=Oop [184]=NarrowOop [192]=Oop [200]=Oop }
                      ;*synchronization entry
                      ; - java.util.Vector::addElement@-1 (line 616)
                      ; - java.util.Stack::push@2 (line 68)
                      ; - org.apache.xalan.transformer.TransformerImpl::pushPairCurrentMatched@5 (line 2729)
                      ; - org.apache.xalan.templates.ElemApplyTemplates::transformSelectedNodes@553 (line 335)
  0x00007240a0573270: 0ce6 7aff 

  0x00007240a0573274: ;   {other}
  0x00007240a0573274: 0f1f 8400 | 6459 0063 | e90c cbff | ffbe d6ff | ffff 4c8b | 5424 304c | 8954 2410 | 4c8b 5424 
  0x00007240a0573294: 684c 8954 | 2418 448b | 5c24 3844 | 895c 2420 | 448b 5424 | 4844 8954 | 2424 448b | 5c24 4044 
  0x00007240a05732b4: 895c 2430 | 448b 5c24 | 4444 895c | 2434 448b | 5424 7844 | 8954 2438 | 448b 5424 | 7c44 8954 
  0x00007240a05732d4: 2440 448b | 9424 8000 | 0000 4489 | 5424 4444 | 8b9c 2494 | 0000 0044 | 895c 2450 | 448b 9424 
  0x00007240a05732f4: 9000 0000 | 4489 5424 | 5444 8b94 | 24b8 0000 | 0044 8954 | 2478 448b | 9424 8800 | 0000 4489 
  0x00007240a0573314: 5424 7c4c | 8984 2490 | 0000 0090 

  0x00007240a0573320: ;   {runtime_call UncommonTrapBlob}
  0x00007240a0573320: c5f8 77e8 

  0x00007240a0573324: ; ImmutableOopMap {[16]=Oop [24]=Oop [32]=NarrowOop [56]=NarrowOop [60]=NarrowOop [64]=NarrowOop [80]=NarrowOop [84]=NarrowOop [120]=NarrowOop [124]=NarrowOop [140]=NarrowOop [144]=Oop [160]=Oop [176]=Oop [184]=NarrowOop [192]=Oop }
                      ;*aastore {reexecute=1 rethrow=0 return_oop=0}
                      ; - (reexecute) java.util.Vector::add@14 (line 783)
                      ; - java.util.Vector::addElement@20 (line 617)
                      ; - java.util.Stack::push@2 (line 68)
                      ; - org.apache.xalan.transformer.TransformerImpl::pushPairCurrentMatched@5 (line 2729)
                      ; - org.apache.xalan.templates.ElemApplyTemplates::transformSelectedNodes@553 (line 335)
  0x00007240a0573324: d86f 6fff 

  0x00007240a0573328: ;   {other}
  0x00007240a0573328: 0f1f 8400 | 185a 0064 | 498b fb48 | 8db4 2400 | 0100 0049 | 8bd7 c5f8 | 7749 baa0 | 89fe b740 
  0x00007240a0573348: 7200 0041 

  0x00007240a057334c: ;   {other}
  0x00007240a057334c: ffd2 0f1f | 8400 0000 | 0000 e937 | cbff ffbe | d6ff ffff | 4c8b 5424 | 304c 8954 | 2410 4c8b 
  0x00007240a057336c: 5424 684c | 8954 2418 | 448b 5424 | 3844 8954 | 2420 448b | 5c24 4844 | 895c 2424 | 448b 5424 
  0x00007240a057338c: 4044 8954 | 2430 448b | 5c24 4444 | 895c 2434 | 4889 4424 | 6844 8944 | 2474 6690 

  0x00007240a05733a8: ;   {runtime_call UncommonTrapBlob}
  0x00007240a05733a8: c5f8 77e8 

  0x00007240a05733ac: ; ImmutableOopMap {[16]=Oop [24]=Oop [32]=NarrowOop [60]=NarrowOop [104]=Oop [116]=NarrowOop [120]=NarrowOop [124]=NarrowOop [136]=NarrowOop [140]=NarrowOop [144]=NarrowOop [148]=NarrowOop [160]=Oop [176]=Oop }
                      ;*aastore {reexecute=1 rethrow=0 return_oop=0}
                      ; - (reexecute) org.apache.xml.utils.ObjectStack::setTop@11 (line 162)
                      ; - org.apache.xalan.transformer.TransformerImpl::setCurrentElement@5 (line 2644)
                      ; - org.apache.xalan.templates.ElemApplyTemplates::transformSelectedNodes@545 (line 332)
  0x00007240a05733ac: 506f 6fff 

  0x00007240a05733b0: ;   {other}
  0x00007240a05733b0: 0f1f 8400 | a05a 0065 | bef6 ffff | ff48 8b6c | 2430 448b | 5c24 3844 | 895c 2418 | 448b 5424 
  0x00007240a05733d0: 4844 8954 | 241c 448b | 5c24 4044 | 895c 2428 | 448b 5424 | 4444 8954 | 242c 448b | 5424 3c44 
  0x00007240a05733f0: 8954 2434 

  0x00007240a05733f4: ;   {runtime_call UncommonTrapBlob}
  0x00007240a05733f4: c5f8 77e8 

  0x00007240a05733f8: ; ImmutableOopMap {rbp=Oop [24]=NarrowOop [52]=NarrowOop [104]=Oop [120]=NarrowOop [124]=NarrowOop [136]=NarrowOop [140]=NarrowOop [144]=NarrowOop [148]=NarrowOop [160]=Oop [176]=Oop [192]=Oop }
                      ;*invokevirtual pop {reexecute=0 rethrow=0 return_oop=0}
                      ; - org.apache.xalan.transformer.TransformerImpl::popCurrentMatched@4 (line 2738)
                      ; - org.apache.xalan.templates.ElemApplyTemplates::transformSelectedNodes@846 (line 427)
  0x00007240a05733f8: 046f 6fff 

  0x00007240a05733fc: ;   {other}
  0x00007240a05733fc: 0f1f 8400 | ec5a 0066 | bee4 ffff | ff48 8b6c | 2430 4c8b | 5424 684c | 8954 2410 | 448b 5424 
  0x00007240a057341c: 3844 8954 | 2418 448b | 5c24 4844 | 895c 241c | 448b 5424 | 4044 8954 | 2428 448b | 5424 4444 
  0x00007240a057343c: 8954 242c | 448b 5c24 | 7844 895c | 2430 448b | 5424 3c44 | 8954 2434 | 448b 5c24 | 7c44 895c 
  0x00007240a057345c: 2438 448b | 9424 8000 | 0000 4489 | 5424 3c44 | 8b9c 24bc | 0000 0044 | 894c 2470 | 4489 5c24 
  0x00007240a057347c: 7445 8bd3 | 4489 5424 | 7889 8c24 | 8000 0000 | 4489 8424 | 8400 0000 

  0x00007240a0573494: ;   {runtime_call UncommonTrapBlob}
  0x00007240a0573494: c5f8 77e8 

  0x00007240a0573498: ; ImmutableOopMap {rbp=Oop [16]=Oop [24]=NarrowOop [48]=NarrowOop [52]=NarrowOop [56]=NarrowOop [116]=NarrowOop [120]=NarrowOop [128]=NarrowOop [136]=NarrowOop [140]=NarrowOop [144]=NarrowOop [148]=NarrowOop [160]=Oop [176]=Oop [192]=Oop }
                      ;*aaload {reexecute=0 rethrow=0 return_oop=0}
                      ; - java.util.Vector::elementData@5 (line 731)
                      ; - java.util.Vector::elementAt@44 (line 469)
                      ; - java.util.Stack::peek@21 (line 104)
                      ; - java.util.Stack::pop@6 (line 85)
                      ; - org.apache.xalan.transformer.TransformerImpl::popCurrentMatched@4 (line 2738)
                      ; - org.apache.xalan.templates.ElemApplyTemplates::transformSelectedNodes@846 (line 427)
  0x00007240a0573498: 646e 6fff 

  0x00007240a057349c: ;   {other}
  0x00007240a057349c: 0f1f 8400 | 8c5b 0067 | bee4 ffff | ff4c 8b54 | 2430 4c89 | 5424 104c | 8b54 2468 | 4c89 5424 
  0x00007240a05734bc: 1844 8b5c | 2438 4489 | 5c24 2044 | 8b54 2448 | 4489 5424 | 2444 8b5c | 2440 4489 | 5c24 3044 
  0x00007240a05734dc: 8b5c 2444 | 4489 5c24 | 3444 8944 | 246c 894c | 2470 6690 

  0x00007240a05734f0: ;   {runtime_call UncommonTrapBlob}
  0x00007240a05734f0: c5f8 77e8 

  0x00007240a05734f4: ; ImmutableOopMap {[16]=Oop [24]=Oop [32]=NarrowOop [60]=NarrowOop [108]=NarrowOop [112]=NarrowOop [120]=NarrowOop [124]=NarrowOop [136]=NarrowOop [140]=NarrowOop [144]=NarrowOop [148]=NarrowOop [160]=Oop [176]=Oop [192]=Oop }
                      ;*iaload {reexecute=0 rethrow=0 return_oop=0}
                      ; - org.apache.xml.utils.NodeVector::pop@18 (line 189)
                      ; - org.apache.xalan.transformer.TransformerImpl::popCurrentMatched@12 (line 2739)
                      ; - org.apache.xalan.templates.ElemApplyTemplates::transformSelectedNodes@846 (line 427)
  0x00007240a05734f4: 086e 6fff 

  0x00007240a05734f8: ;   {other}
  0x00007240a05734f8: 0f1f 8400 | e85b 0068 | bef6 ffff | ff48 8b6c | 2430 448b | 5424 3844 | 8954 2418 | 448b 5c24 
  0x00007240a0573518: 4844 895c | 241c 448b | 5424 4044 | 8954 2428 | 448b 5c24 | 4444 895c | 242c 448b | 5c24 3c44 
  0x00007240a0573538: 895c 2434 

  0x00007240a057353c: ;   {runtime_call UncommonTrapBlob}
  0x00007240a057353c: c5f8 77e8 

  0x00007240a0573540: ; ImmutableOopMap {rbp=Oop [24]=NarrowOop [52]=NarrowOop [104]=Oop [120]=NarrowOop [124]=NarrowOop [132]=NarrowOop [136]=NarrowOop [140]=NarrowOop [144]=NarrowOop [148]=NarrowOop [160]=Oop [168]=Oop }
                      ;*invokevirtual freeInstance {reexecute=0 rethrow=0 return_oop=0}
                      ; - org.apache.xpath.axes.LocPathIterator::detach@47 (line 691)
                      ; - org.apache.xpath.axes.NodeSequence::detach@12 (line 398)
                      ; - org.apache.xalan.templates.ElemApplyTemplates::transformSelectedNodes@971 (line 450)
  0x00007240a0573540: bc6d 6fff 

  0x00007240a0573544: ;   {other}
  0x00007240a0573544: 0f1f 8400 | 345c 0069 | bee4 ffff | ff48 8b6c | 2430 4c8b | 5424 684c | 8954 2410 | 448b 5c24 
  0x00007240a0573564: 3844 895c | 2418 448b | 5424 4844 | 8954 241c | 4c8b 9424 | a000 0000 | 4c89 5424 | 2044 8b5c 
  0x00007240a0573584: 2440 4489 | 5c24 2844 | 8b54 2444 | 4489 5424 | 2c44 8b5c | 2478 4489 | 5c24 3044 | 8b54 243c 
  0x00007240a05735a4: 4489 5424 | 3444 8b54 | 247c 4489 | 5424 3844 | 8b9c 24c0 | 0000 0044 | 895c 2470 

  0x00007240a05735c0: ;   {runtime_call UncommonTrapBlob}
  0x00007240a05735c0: c5f8 77e8 

  0x00007240a05735c4: ; ImmutableOopMap {rbp=Oop [16]=Oop [24]=NarrowOop [32]=Oop [48]=NarrowOop [52]=NarrowOop [56]=NarrowOop [132]=NarrowOop [136]=NarrowOop [140]=NarrowOop [144]=NarrowOop [148]=NarrowOop [168]=Oop [176]=NarrowOop [180]=NarrowOop [200]=Oop }
                      ;*aastore {reexecute=1 rethrow=0 return_oop=0}
                      ; - (reexecute) java.util.ArrayList::add@14 (line 484)
                      ; - java.util.ArrayList::add@20 (line 496)
                      ; - org.apache.xpath.axes.IteratorPool::freeInstance@5 (line 117)
                      ; - org.apache.xpath.axes.LocPathIterator::detach@47 (line 691)
                      ; - org.apache.xpath.axes.NodeSequence::detach@12 (line 398)
                      ; - org.apache.xalan.templates.ElemApplyTemplates::transformSelectedNodes@971 (line 450)
  0x00007240a05735c4: 386d 6fff 

  0x00007240a05735c8: ;   {other}
  0x00007240a05735c8: 0f1f 8400 | b85c 006a | 498b f348 | 8d94 2400 | 0100 0048 | 8b6c 2430 

  0x00007240a05735e0: ;   {runtime_call _complete_monitor_locking_Java}
  0x00007240a05735e0: c5f8 77e8 

  0x00007240a05735e4: ; ImmutableOopMap {rbp=Oop [16]=Oop [24]=Oop [32]=Oop [40]=Oop [48]=Oop [56]=NarrowOop [60]=NarrowOop [80]=Oop [88]=Oop [96]=Oop [104]=Oop [112]=Oop [120]=NarrowOop [124]=NarrowOop [132]=NarrowOop [136]=NarrowOop [140]=NarrowOop [144]=NarrowOop [148]=NarrowOop [152]=Oop [160]=Oop [168]=Oop [176]=Oop [188]=NarrowOop [192]=Oop [200]=Oop }
                      ;*synchronization entry
                      ; - java.util.Stack::pop@-1 (line 83)
                      ; - org.apache.xalan.transformer.TransformerImpl::popCurrentMatched@4 (line 2738)
                      ; - org.apache.xalan.templates.ElemApplyTemplates::transformSelectedNodes@846 (line 427)
  0x00007240a05735e4: 98e2 7aff 

  0x00007240a05735e8: ;   {other}
  0x00007240a05735e8: 0f1f 8400 | d85c 006b | e9bd baff | ff49 8bfb | 488d b424 | 0001 0000 | 498b d7c5 | f877 49ba 
  0x00007240a0573608: a089 feb7 | 4072 0000 

  0x00007240a0573610: ;   {other}
  0x00007240a0573610: 41ff d20f | 1f84 0000 | 0000 00e9 | 93bb ffff | 498b f348 | 8d94 2400 | 0100 0048 | 8b6c 2430 
  0x00007240a0573630: ;   {runtime_call _complete_monitor_locking_Java}
  0x00007240a0573630: c5f8 77e8 

  0x00007240a0573634: ; ImmutableOopMap {rbp=Oop [48]=Oop [56]=NarrowOop [60]=NarrowOop [80]=Oop [88]=Oop [96]=Oop [104]=Oop [112]=Oop [120]=NarrowOop [124]=NarrowOop [132]=NarrowOop [136]=NarrowOop [140]=NarrowOop [144]=NarrowOop [148]=NarrowOop [152]=Oop [160]=Oop [168]=Oop [176]=NarrowOop }
                      ;*synchronization entry
                      ; - org.apache.xpath.axes.IteratorPool::freeInstance@-1 (line 117)
                      ; - org.apache.xpath.axes.LocPathIterator::detach@47 (line 691)
                      ; - org.apache.xpath.axes.NodeSequence::detach@12 (line 398)
                      ; - org.apache.xalan.templates.ElemApplyTemplates::transformSelectedNodes@971 (line 450)
  0x00007240a0573634: 48e2 7aff 

  0x00007240a0573638: ;   {other}
  0x00007240a0573638: 0f1f 8400 | 285d 006c | e946 c0ff | ffbe d6ff | ffff 488b | 6c24 304c | 8b54 2468 | 4c89 5424 
  0x00007240a0573658: 1044 8b5c | 2438 4489 | 5c24 1844 | 8b54 2448 | 4489 5424 | 1c4c 8b94 | 24a0 0000 | 004c 8954 
  0x00007240a0573678: 2420 448b | 5c24 4044 | 895c 2428 | 448b 5424 | 4444 8954 | 242c 448b | 5c24 7844 | 895c 2430 
  0x00007240a0573698: 448b 5424 | 3c44 8954 | 2434 448b | 5c24 7c44 | 895c 2438 | 448b 9424 | c000 0000 | 4489 5424 
  0x00007240a05736b8: 6466 6690 

  0x00007240a05736bc: ;   {runtime_call UncommonTrapBlob}
  0x00007240a05736bc: c5f8 77e8 

  0x00007240a05736c0: ; ImmutableOopMap {rbp=Oop [16]=Oop [24]=NarrowOop [32]=Oop [48]=NarrowOop [52]=NarrowOop [56]=NarrowOop [132]=NarrowOop [136]=NarrowOop [140]=NarrowOop [144]=NarrowOop [148]=NarrowOop [168]=Oop [176]=NarrowOop [180]=NarrowOop [200]=Oop }
                      ;*aastore {reexecute=1 rethrow=0 return_oop=0}
                      ; - (reexecute) java.util.ArrayList::add@14 (line 484)
                      ; - java.util.ArrayList::add@20 (line 496)
                      ; - org.apache.xpath.axes.IteratorPool::freeInstance@5 (line 117)
                      ; - org.apache.xpath.axes.LocPathIterator::detach@47 (line 691)
                      ; - org.apache.xpath.axes.NodeSequence::detach@12 (line 398)
                      ; - org.apache.xalan.templates.ElemApplyTemplates::transformSelectedNodes@971 (line 450)
  0x00007240a05736c0: 3c6c 6fff 

  0x00007240a05736c4: ;   {other}
  0x00007240a05736c4: 0f1f 8400 | b45d 006d | 498b fb48 | 8db4 2400 | 0100 0049 | 8bd7 c5f8 | 7749 baa0 | 89fe b740 
  0x00007240a05736e4: 7200 0041 

  0x00007240a05736e8: ;   {other}
  0x00007240a05736e8: ffd2 0f1f | 8400 0000 | 0000 e911 | c1ff ffbe | e4ff ffff | 4c8b 4c24 | 404c 894c | 2418 4489 
  0x00007240a0573708: 7424 2844 | 895c 242c | 4c89 4424 | 3844 8954 | 2440 895c | 2444 8944 | 244c 6690 

  0x00007240a0573724: ;   {runtime_call UncommonTrapBlob}
  0x00007240a0573724: c5f8 77e8 

  0x00007240a0573728: ; ImmutableOopMap {[16]=Oop [24]=Oop [40]=NarrowOop [56]=Oop [64]=NarrowOop [68]=NarrowOop }
                      ;*invokestatic checkIndex {reexecute=0 rethrow=0 return_oop=0}
                      ; - java.util.Objects::checkIndex@3 (line 385)
                      ; - java.util.ArrayList::remove@5 (line 551)
                      ; - org.apache.xpath.axes.IteratorPool::getInstance@46 (line 104)
                      ; - org.apache.xpath.axes.LocPathIterator::asIterator@8 (line 267)
                      ; - org.apache.xalan.templates.ElemApplyTemplates::transformSelectedNodes@16 (line 207)
  0x00007240a0573728: d46b 6fff 

  0x00007240a057372c: ;   {other}
  0x00007240a057372c: 0f1f 8400 | 1c5e 006e | bee4 ffff | ff4c 8b4c | 2440 4c89 | 4c24 1844 | 8b4c 2448 | 4489 7424 
  0x00007240a057374c: 2844 894c | 242c 4c89 | 4424 3844 | 8954 2440 | 895c 2444 | 4489 5c24 | 4c66 6690 

  0x00007240a0573768: ;   {runtime_call UncommonTrapBlob}
  0x00007240a0573768: c5f8 77e8 

  0x00007240a057376c: ; ImmutableOopMap {[16]=Oop [24]=Oop [40]=NarrowOop [56]=Oop [64]=NarrowOop [68]=NarrowOop [76]=NarrowOop }
                      ;*aaload {reexecute=0 rethrow=0 return_oop=0}
                      ; - java.util.ArrayList::remove@16 (line 554)
                      ; - org.apache.xpath.axes.IteratorPool::getInstance@46 (line 104)
                      ; - org.apache.xpath.axes.LocPathIterator::asIterator@8 (line 267)
                      ; - org.apache.xalan.templates.ElemApplyTemplates::transformSelectedNodes@16 (line 207)
  0x00007240a057376c: 906b 6fff 

  0x00007240a0573770: ;   {other}
  0x00007240a0573770: 0f1f 8400 | 605e 006f | bee4 ffff | ff4c 8b4c | 2440 4c89 | 4c24 1844 | 8b4c 2448 | 4489 7424 
  0x00007240a0573790: 2844 894c | 242c 4c89 | 4424 3844 | 8954 2440 | 4489 5c24 | 4489 4424 | 4866 6690 

  0x00007240a05737ac: ;   {runtime_call UncommonTrapBlob}
  0x00007240a05737ac: c5f8 77e8 

  0x00007240a05737b0: ; ImmutableOopMap {rbp=NarrowOop [16]=Oop [24]=Oop [40]=NarrowOop [56]=Oop [64]=NarrowOop [68]=NarrowOop }
                      ;*aastore {reexecute=1 rethrow=0 return_oop=0}
                      ; - (reexecute) java.util.ArrayList::fastRemove@42 (line 724)
                      ; - java.util.ArrayList::remove@21 (line 555)
                      ; - org.apache.xpath.axes.IteratorPool::getInstance@46 (line 104)
                      ; - org.apache.xpath.axes.LocPathIterator::asIterator@8 (line 267)
                      ; - org.apache.xalan.templates.ElemApplyTemplates::transformSelectedNodes@16 (line 207)
  0x00007240a05737b0: 4c6b 6fff 

  0x00007240a05737b4: ;   {other}
  0x00007240a05737b4: 0f1f 8400 | a45e 0070 | becc ffff | ff48 8b6c | 2410 4c8b | 4c24 404c | 894c 2410 | 4489 7424 
  0x00007240a05737d4: 2044 895c | 2424 4c89 | 4424 3044 | 8954 2438 | 895c 243c | 8944 2444 | 894c 2448 

  0x00007240a05737f0: ;   {runtime_call UncommonTrapBlob}
  0x00007240a05737f0: c5f8 77e8 

  0x00007240a05737f4: ; ImmutableOopMap {rbp=Oop [16]=Oop [32]=NarrowOop [48]=Oop [56]=NarrowOop [60]=NarrowOop }
                      ;*invokestatic checkIndex {reexecute=0 rethrow=0 return_oop=0}
                      ; - java.util.Objects::checkIndex@3 (line 385)
                      ; - java.util.ArrayList::remove@5 (line 551)
                      ; - org.apache.xpath.axes.IteratorPool::getInstance@46 (line 104)
                      ; - org.apache.xpath.axes.LocPathIterator::asIterator@8 (line 267)
                      ; - org.apache.xalan.templates.ElemApplyTemplates::transformSelectedNodes@16 (line 207)
  0x00007240a05737f4: 086b 6fff 

  0x00007240a05737f8: ;   {other}
  0x00007240a05737f8: 0f1f 8400 | e85e 0071 | 4c89 4424 | 284c 896c | 2420 498b | f948 8db4 | 2400 0100 | 0049 8bd7 
  0x00007240a0573818: c5f8 7749 | baa0 89fe | b740 7200 | 0041 ffd2 

  0x00007240a0573828: ;   {other}
  0x00007240a0573828: 0f1f 8400 | 0000 0000 | 4c8b 6c24 | 204c 8b44 | 2428 e9f8 | abff ffbe | 76ff ffff | 488b 6c24 
  0x00007240a0573848: 3044 8b54 | 2438 4489 | 5424 1844 | 8b5c 2448 | 4489 5c24 | 1c44 8b54 | 2440 4489 | 5424 2844 
  0x00007240a0573868: 8b5c 2444 | 4489 5c24 | 2c44 8b5c | 243c 4489 | 5c24 3489 | 4424 5090 

  0x00007240a0573880: ;   {runtime_call UncommonTrapBlob}
  0x00007240a0573880: c5f8 77e8 

  0x00007240a0573884: ; ImmutableOopMap {rbp=Oop [24]=NarrowOop [52]=NarrowOop [104]=Oop [120]=NarrowOop [124]=NarrowOop [132]=NarrowOop [136]=NarrowOop [140]=NarrowOop [144]=NarrowOop [148]=NarrowOop [160]=Oop }
                      ;*if_icmpeq {reexecute=1 rethrow=0 return_oop=0}
                      ; - (reexecute) org.apache.xalan.templates.ElemApplyTemplates::transformSelectedNodes@330 (line 280)
  0x00007240a0573884: 786a 6fff 

  0x00007240a0573888: ;   {other}
  0x00007240a0573888: 0f1f 8400 | 785f 0072 | be45 ffff | ff4c 8b54 | 2430 4c89 | 5424 104c | 8b54 2468 | 4c89 5424 
  0x00007240a05738a8: 1844 8b54 | 2438 4489 | 5424 2044 | 8b5c 2448 | 4489 5c24 | 2444 8b54 | 2440 4489 | 5424 3044 
  0x00007240a05738c8: 8b5c 2444 | 4489 5c24 | 3444 894c | 2468 6690 

  0x00007240a05738d8: ;   {runtime_call UncommonTrapBlob}
  0x00007240a05738d8: c5f8 77e8 

  0x00007240a05738dc: ; ImmutableOopMap {rbp=NarrowOop [16]=Oop [24]=Oop [32]=NarrowOop [60]=NarrowOop [120]=NarrowOop [124]=NarrowOop [136]=NarrowOop [140]=NarrowOop [144]=NarrowOop [148]=NarrowOop [160]=Oop [176]=Oop }
                      ;*ifne {reexecute=1 rethrow=0 return_oop=0}
                      ; - (reexecute) java.util.Stack::peek@6 (line 102)
                      ; - java.util.Stack::pop@6 (line 85)
                      ; - org.apache.xalan.transformer.TransformerImpl::popCurrentMatched@4 (line 2738)
                      ; - org.apache.xalan.templates.ElemApplyTemplates::transformSelectedNodes@523 (line 319)
  0x00007240a05738dc: 206a 6fff 

  0x00007240a05738e0: ;   {other}
  0x00007240a05738e0: 0f1f 8400 | d05f 0073 | be45 ffff | ff4c 8b54 | 2430 4c89 | 5424 104c | 8b54 2468 | 4c89 5424 
  0x00007240a0573900: 1844 8b5c | 2438 4489 | 5c24 2044 | 8b54 2448 | 4489 5424 | 2444 8b5c | 2440 4489 | 5c24 3044 
  0x00007240a0573920: 8b54 2444 | 4489 5424 | 3444 8b5c | 2478 4489 | 5c24 3844 | 8b5c 247c | 4489 5c24 | 4044 8b94 
  0x00007240a0573940: 2480 0000 | 0044 8954 | 2444 4489 | 4424 7444 | 894c 2478 

  0x00007240a0573954: ;   {runtime_call UncommonTrapBlob}
  0x00007240a0573954: c5f8 77e8 

  0x00007240a0573958: ; ImmutableOopMap {rbp=NarrowOop [16]=Oop [24]=Oop [32]=NarrowOop [56]=NarrowOop [60]=NarrowOop [64]=NarrowOop [136]=NarrowOop [140]=NarrowOop [144]=NarrowOop [148]=NarrowOop [160]=Oop [176]=Oop }
                      ;*if_icmplt {reexecute=1 rethrow=0 return_oop=0}
                      ; - (reexecute) java.util.Vector::elementAt@5 (line 465)
                      ; - java.util.Stack::peek@21 (line 104)
                      ; - java.util.Stack::pop@6 (line 85)
                      ; - org.apache.xalan.transformer.TransformerImpl::popCurrentMatched@4 (line 2738)
                      ; - org.apache.xalan.templates.ElemApplyTemplates::transformSelectedNodes@523 (line 319)
  0x00007240a0573958: a469 6fff 

  0x00007240a057395c: ;   {other}
  0x00007240a057395c: 0f1f 8400 | 4c60 0074 | be45 ffff | ff4c 8b54 | 2430 4c89 | 5424 104c | 8b54 2468 | 4c89 5424 
  0x00007240a057397c: 1844 8b5c | 2438 4489 | 5c24 2044 | 8b54 2448 | 4489 5424 | 2444 8b54 | 2440 4489 | 5424 3044 
  0x00007240a057399c: 8b5c 2444 | 4489 5c24 | 3444 8b54 | 2478 4489 | 5424 3844 | 8b54 247c | 4489 5424 | 4089 4c24 
  0x00007240a05739bc: 6044 8944 | 246c 4489 | 4c24 7090 

  0x00007240a05739c8: ;   {runtime_call UncommonTrapBlob}
  0x00007240a05739c8: c5f8 77e8 

  0x00007240a05739cc: ; ImmutableOopMap {rbp=NarrowOop [16]=Oop [24]=Oop [32]=NarrowOop [56]=NarrowOop [60]=NarrowOop [64]=NarrowOop [96]=NarrowOop [136]=NarrowOop [140]=NarrowOop [144]=NarrowOop [148]=NarrowOop [160]=Oop [176]=Oop }
                      ;*if_icmplt {reexecute=1 rethrow=0 return_oop=0}
                      ; - (reexecute) java.util.Vector::removeElementAt@5 (line 548)
                      ; - java.util.Stack::pop@14 (line 86)
                      ; - org.apache.xalan.transformer.TransformerImpl::popCurrentMatched@4 (line 2738)
                      ; - org.apache.xalan.templates.ElemApplyTemplates::transformSelectedNodes@523 (line 319)
  0x00007240a05739cc: 3069 6fff 

  0x00007240a05739d0: ;   {other}
  0x00007240a05739d0: 0f1f 8400 | c060 0075 | be45 ffff | ff4c 8b54 | 2430 4c89 | 5424 104c | 8b54 2468 | 4c89 5424 
  0x00007240a05739f0: 1844 8b54 | 2438 4489 | 5424 2044 | 8b5c 2448 | 4489 5c24 | 2444 8b54 | 2440 4489 | 5424 3044 
  0x00007240a0573a10: 8b54 2444 | 4489 5424 | 3489 4c24 | 6044 8944 | 2468 6690 

  0x00007240a0573a24: ;   {runtime_call UncommonTrapBlob}
  0x00007240a0573a24: c5f8 77e8 

  0x00007240a0573a28: ; ImmutableOopMap {rbp=NarrowOop [16]=Oop [24]=Oop [32]=NarrowOop [60]=NarrowOop [96]=NarrowOop [120]=NarrowOop [124]=NarrowOop [136]=NarrowOop [140]=NarrowOop [144]=NarrowOop [148]=NarrowOop [160]=Oop [176]=Oop }
                      ;*ifge {reexecute=1 rethrow=0 return_oop=0}
                      ; - (reexecute) java.util.Vector::removeElementAt@43 (line 552)
                      ; - java.util.Stack::pop@14 (line 86)
                      ; - org.apache.xalan.transformer.TransformerImpl::popCurrentMatched@4 (line 2738)
                      ; - org.apache.xalan.templates.ElemApplyTemplates::transformSelectedNodes@523 (line 319)
  0x00007240a0573a28: d468 6fff 

  0x00007240a0573a2c: ;   {other}
  0x00007240a0573a2c: 0f1f 8400 | 1c61 0076 | be45 ffff | ff48 8b6c | 2430 4c8b | 5c24 684c | 895c 2410 | 448b 5c24 
  0x00007240a0573a4c: 3844 895c | 2418 448b | 4c24 4844 | 894c 241c | 448b 5c24 | 4044 895c | 2428 448b | 5c24 4444 
  0x00007240a0573a6c: 895c 242c | 448b 4c24 | 7844 894c | 2430 448b | 5c24 3c44 | 895c 2434 | 448b 4c24 | 7c44 894c 
  0x00007240a0573a8c: 2438 4489 | 5424 5c44 | 8944 2470 | 894c 2474 

  0x00007240a0573a9c: ;   {runtime_call UncommonTrapBlob}
  0x00007240a0573a9c: c5f8 77e8 

  0x00007240a0573aa0: ; ImmutableOopMap {rbp=Oop [16]=Oop [24]=NarrowOop [48]=NarrowOop [52]=NarrowOop [56]=NarrowOop [92]=NarrowOop [136]=NarrowOop [140]=NarrowOop [144]=NarrowOop [148]=NarrowOop [160]=Oop [176]=Oop [192]=Oop [200]=Oop }
                      ;*if_icmplt {reexecute=1 rethrow=0 return_oop=0}
                      ; - (reexecute) org.apache.xml.utils.ObjectStack::push@10 (line 75)
                      ; - org.apache.xalan.transformer.TransformerImpl::pushElemTemplateElement@5 (line 2624)
                      ; - org.apache.xalan.templates.ElemApplyTemplates::transformSelectedNodes@769 (line 394)
  0x00007240a0573aa0: 5c68 6fff 

  0x00007240a0573aa4: ;   {other}
  0x00007240a0573aa4: 0f1f 8400 | 9461 0077 | be45 ffff | ff4c 8954 | 2410 448b | 5424 3844 | 8954 2420 

  0x00007240a0573ac0: ;   {runtime_call UncommonTrapBlob}
  0x00007240a0573ac0: c5f8 77e8 

  0x00007240a0573ac4: ; ImmutableOopMap {rbp=NarrowOop [16]=Oop [32]=NarrowOop [80]=Oop [104]=Oop [136]=NarrowOop [140]=NarrowOop }
                      ;*ifnonnull {reexecute=1 rethrow=0 return_oop=0}
                      ; - (reexecute) org.apache.xalan.templates.ElemApplyTemplates::transformSelectedNodes@88 (line 223)
  0x00007240a0573ac4: 3868 6fff 

  0x00007240a0573ac8: ;   {other}
  0x00007240a0573ac8: 0f1f 8400 | b861 0078 | be45 ffff | ff48 8b6c | 2430 448b | 5c24 3844 | 895c 2418 | 448b 5424 
  0x00007240a0573ae8: 4844 8954 | 241c 448b | 5c24 4044 | 895c 2428 | 448b 5424 | 4444 8954 | 242c 448b | 5c24 3c44 
  0x00007240a0573b08: 895c 2434 | 4489 4424 | 4c66 6690 

  0x00007240a0573b14: ;   {runtime_call UncommonTrapBlob}
  0x00007240a0573b14: c5f8 77e8 

  0x00007240a0573b18: ; ImmutableOopMap {rbp=Oop [24]=NarrowOop [52]=NarrowOop [76]=NarrowOop [104]=Oop [120]=NarrowOop [124]=NarrowOop [132]=NarrowOop [136]=NarrowOop [140]=NarrowOop [144]=NarrowOop [148]=NarrowOop [160]=Oop }
                      ;*if_acmpne {reexecute=1 rethrow=0 return_oop=0}
                      ; - (reexecute) org.apache.xpath.axes.NodeSequence::nextNode@82 (line 332)
                      ; - org.apache.xalan.templates.ElemApplyTemplates::transformSelectedNodes@322 (line 280)
  0x00007240a0573b18: e467 6fff 

  0x00007240a0573b1c: ;   {other}
  0x00007240a0573b1c: 0f1f 8400 | 0c62 0079 | be45 ffff | ff89 5c24 | 2089 7c24 | 2889 4424 | 2c89 4c24 | 3844 8954 
  0x00007240a0573b3c: 243c 6690 

  0x00007240a0573b40: ;   {runtime_call UncommonTrapBlob}
  0x00007240a0573b40: c5f8 77e8 

  0x00007240a0573b44: ; ImmutableOopMap {[16]=Oop [32]=NarrowOop [56]=NarrowOop [60]=NarrowOop [64]=Oop [80]=Oop }
                      ;*if_icmple {reexecute=1 rethrow=0 return_oop=0}
                      ; - (reexecute) org.apache.xalan.templates.ElemApplyTemplates::transformSelectedNodes@52 (line 212)
  0x00007240a0573b44: b867 6fff 

  0x00007240a0573b48: ;   {other}
  0x00007240a0573b48: 0f1f 8400 | 3862 007a | be45 ffff | ff48 8b6c | 2430 448b | 4424 3844 | 8944 2418 | 448b 5424 
  0x00007240a0573b68: 4044 8954 | 2420 894c | 2438 895c | 243c 4489 | 5c24 4090 

  0x00007240a0573b7c: ;   {runtime_call UncommonTrapBlob}
  0x00007240a0573b7c: c5f8 77e8 

  0x00007240a0573b80: ; ImmutableOopMap {rbp=Oop [24]=NarrowOop [56]=NarrowOop [80]=Oop [104]=Oop [136]=NarrowOop [140]=NarrowOop }
                      ;*if_icmplt {reexecute=1 rethrow=0 return_oop=0}
                      ; - (reexecute) org.apache.xml.utils.ObjectStack::push@10 (line 75)
                      ; - org.apache.xpath.XPathContext::pushSAXLocatorNull@5 (line 425)
                      ; - org.apache.xalan.templates.ElemApplyTemplates::transformSelectedNodes@76 (line 221)
  0x00007240a0573b80: 7c67 6fff 

  0x00007240a0573b84: ;   {other}
  0x00007240a0573b84: 0f1f 8400 | 7462 007b | be45 ffff | ff48 8b6c | 2430 448b | 5424 3844 | 8954 2418 | 448b 4424 
  0x00007240a0573ba4: 4044 8944 | 2420 4489 | 4c24 3889 | 4c24 3c44 | 895c 2440 

  0x00007240a0573bb8: ;   {runtime_call UncommonTrapBlob}
  0x00007240a0573bb8: c5f8 77e8 

  0x00007240a0573bbc: ; ImmutableOopMap {rbp=Oop [24]=NarrowOop [56]=NarrowOop [80]=Oop [104]=Oop [136]=NarrowOop [140]=NarrowOop }
                      ;*if_icmplt {reexecute=1 rethrow=0 return_oop=0}
                      ; - (reexecute) org.apache.xml.utils.ObjectStack::push@10 (line 75)
                      ; - org.apache.xalan.transformer.TransformerImpl::pushElemTemplateElement@5 (line 2624)
                      ; - org.apache.xalan.templates.ElemApplyTemplates::transformSelectedNodes@81 (line 222)
  0x00007240a0573bbc: 4067 6fff 

  0x00007240a0573bc0: ;   {other}
  0x00007240a0573bc0: 0f1f 8400 | b062 007c | be45 ffff | ff4c 8b5c | 2430 4c89 | 5c24 1044 | 8b5c 2438 | 4489 5c24 
  0x00007240a0573be0: 2066 6690 

  0x00007240a0573be4: ;   {runtime_call UncommonTrapBlob}
  0x00007240a0573be4: c5f8 77e8 

  0x00007240a0573be8: ; ImmutableOopMap {[16]=Oop [32]=NarrowOop [80]=Oop [104]=Oop [136]=NarrowOop [140]=NarrowOop }
                      ;*ifeq {reexecute=1 rethrow=0 return_oop=0}
                      ; - (reexecute) org.apache.xalan.templates.ElemApplyTemplates::transformSelectedNodes@124 (line 231)
  0x00007240a0573be8: 1467 6fff 

  0x00007240a0573bec: ;   {other}
  0x00007240a0573bec: 0f1f 8400 | dc62 007d | be45 ffff | ff48 8b6c | 2430 448b | 5c24 3844 | 895c 2418 | 448b 5424 
  0x00007240a0573c0c: 4844 8954 | 241c 448b | 5c24 4044 | 895c 2420 | 448b 5424 | 4444 8954 | 2424 448b | 5424 3c44 
  0x00007240a0573c2c: 8954 242c 

  0x00007240a0573c30: ;   {runtime_call UncommonTrapBlob}
  0x00007240a0573c30: c5f8 77e8 

  0x00007240a0573c34: ; ImmutableOopMap {rbp=Oop [24]=NarrowOop [44]=NarrowOop [80]=Oop [104]=Oop [120]=NarrowOop [124]=NarrowOop [132]=NarrowOop [136]=NarrowOop [140]=NarrowOop }
                      ;*ifle {reexecute=1 rethrow=0 return_oop=0}
                      ; - (reexecute) org.apache.xalan.templates.ElemApplyTemplates::transformSelectedNodes@195 (line 248)
  0x00007240a0573c34: c866 6fff 

  0x00007240a0573c38: ;   {other}
  0x00007240a0573c38: 0f1f 8400 | 2863 007e | be45 ffff | ff4c 8b54 | 2430 4c89 | 5424 1044 | 8b54 2438 | 4489 5424 
  0x00007240a0573c58: 2044 8b5c | 2448 4489 | 5c24 2444 | 8b54 2440 | 4489 5424 | 3044 8b5c | 2444 4489 | 5c24 3490 
  0x00007240a0573c78: ;   {runtime_call UncommonTrapBlob}
  0x00007240a0573c78: c5f8 77e8 

  0x00007240a0573c7c: ; ImmutableOopMap {[16]=Oop [32]=NarrowOop [60]=NarrowOop [104]=Oop [120]=NarrowOop [124]=NarrowOop [132]=NarrowOop [136]=NarrowOop [140]=NarrowOop [144]=NarrowOop [148]=NarrowOop [160]=Oop }
                      ;*ifeq {reexecute=1 rethrow=0 return_oop=0}
                      ; - (reexecute) org.apache.xalan.templates.ElemApplyTemplates::transformSelectedNodes@898 (line 437)
  0x00007240a0573c7c: 8066 6fff 

  0x00007240a0573c80: ;   {other}
  0x00007240a0573c80: 0f1f 8400 | 7063 007f | 33ed 85db | 400f 94c5 | be45 ffff | ff4c 8b54 | 2430 4c89 | 5424 1044 
  0x00007240a0573ca0: 8b5c 2438 | 4489 5c24 | 2044 8b54 | 2448 4489 | 5424 2444 | 8b5c 2440 | 4489 5c24 | 3044 8b54 
  0x00007240a0573cc0: 2444 4489 | 5424 3490 

  0x00007240a0573cc8: ;   {runtime_call UncommonTrapBlob}
  0x00007240a0573cc8: c5f8 77e8 

  0x00007240a0573ccc: ; ImmutableOopMap {[16]=Oop [32]=NarrowOop [60]=NarrowOop [104]=Oop [120]=NarrowOop [124]=NarrowOop [132]=NarrowOop [136]=NarrowOop [140]=NarrowOop [144]=NarrowOop [148]=NarrowOop [160]=Oop }
                      ;*ifeq {reexecute=1 rethrow=0 return_oop=0}
                      ; - (reexecute) org.apache.xpath.XPathContext::popContextNodeList@7 (line 706)
                      ; - org.apache.xalan.templates.ElemApplyTemplates::transformSelectedNodes@954 (line 446)
  0x00007240a0573ccc: 3066 6fff 

  0x00007240a0573cd0: ;   {other}
  0x00007240a0573cd0: 0f1f 8400 | c063 0080 | be45 ffff | ff48 8b6c | 2430 448b | 5424 3844 | 8954 2418 | 448b 5c24 
  0x00007240a0573cf0: 4844 895c | 241c 448b | 5424 4044 | 8954 2428 | 448b 5c24 | 4444 895c | 242c 448b | 5424 3c44 
  0x00007240a0573d10: 8954 2434 | 4489 4c24 | 6466 6690 

  0x00007240a0573d1c: ;   {runtime_call UncommonTrapBlob}
  0x00007240a0573d1c: c5f8 77e8 

  0x00007240a0573d20: ; ImmutableOopMap {rbp=Oop [24]=NarrowOop [52]=NarrowOop [84]=NarrowOop [104]=Oop [120]=NarrowOop [124]=NarrowOop [132]=NarrowOop [136]=NarrowOop [140]=NarrowOop [144]=NarrowOop [148]=NarrowOop [160]=Oop }
                      ;*ifne {reexecute=1 rethrow=0 return_oop=0}
                      ; - (reexecute) java.util.Stack::peek@6 (line 102)
                      ; - java.util.Stack::pop@6 (line 85)
                      ; - org.apache.xpath.XPathContext::popContextNodeList@25 (line 709)
                      ; - org.apache.xalan.templates.ElemApplyTemplates::transformSelectedNodes@954 (line 446)
  0x00007240a0573d20: dc65 6fff 

  0x00007240a0573d24: ;   {other}
  0x00007240a0573d24: 0f1f 8400 | 1464 0081 | be45 ffff | ff48 8b6c | 2430 4c8b | 5424 684c | 8954 2410 | 448b 5424 
  0x00007240a0573d44: 3844 8954 | 2418 448b | 5c24 4844 | 895c 241c | 448b 5424 | 4044 8954 | 2428 448b | 5c24 4444 
  0x00007240a0573d64: 895c 242c | 448b 5c24 | 3c44 895c | 2434 4489 | 4424 7044 | 894c 2474 

  0x00007240a0573d7c: ;   {runtime_call UncommonTrapBlob}
  0x00007240a0573d7c: c5f8 77e8 

  0x00007240a0573d80: ; ImmutableOopMap {rbp=Oop [16]=Oop [24]=NarrowOop [52]=NarrowOop [84]=NarrowOop [120]=NarrowOop [124]=NarrowOop [132]=NarrowOop [136]=NarrowOop [140]=NarrowOop [144]=NarrowOop [148]=NarrowOop [160]=Oop }
                      ;*if_icmplt {reexecute=1 rethrow=0 return_oop=0}
                      ; - (reexecute) java.util.Vector::elementAt@5 (line 465)
                      ; - java.util.Stack::peek@21 (line 104)
                      ; - java.util.Stack::pop@6 (line 85)
                      ; - org.apache.xpath.XPathContext::popContextNodeList@25 (line 709)
                      ; - org.apache.xalan.templates.ElemApplyTemplates::transformSelectedNodes@954 (line 446)
  0x00007240a0573d80: 7c65 6fff 

  0x00007240a0573d84: ;   {other}
  0x00007240a0573d84: 0f1f 8400 | 7464 0082 | be45 ffff | ff4c 8b54 | 2430 4c89 | 5424 104c | 8b54 2468 | 4c89 5424 
  0x00007240a0573da4: 1844 8b5c | 2438 4489 | 5c24 2044 | 8b54 2448 | 4489 5424 | 2444 8b5c | 2440 4489 | 5c24 3044 
  0x00007240a0573dc4: 8b54 2444 | 4489 5424 | 3444 8944 | 246c 4489 | 4c24 7090 

  0x00007240a0573dd8: ;   {runtime_call UncommonTrapBlob}
  0x00007240a0573dd8: c5f8 77e8 

  0x00007240a0573ddc: ; ImmutableOopMap {rbp=NarrowOop [16]=Oop [24]=Oop [32]=NarrowOop [60]=NarrowOop [84]=NarrowOop [120]=NarrowOop [124]=NarrowOop [132]=NarrowOop [136]=NarrowOop [140]=NarrowOop [144]=NarrowOop [148]=NarrowOop [160]=Oop }
                      ;*if_icmplt {reexecute=1 rethrow=0 return_oop=0}
                      ; - (reexecute) java.util.Vector::removeElementAt@5 (line 548)
                      ; - java.util.Stack::pop@14 (line 86)
                      ; - org.apache.xpath.XPathContext::popContextNodeList@25 (line 709)
                      ; - org.apache.xalan.templates.ElemApplyTemplates::transformSelectedNodes@954 (line 446)
  0x00007240a0573ddc: 2065 6fff 

  0x00007240a0573de0: ;   {other}
  0x00007240a0573de0: 0f1f 8400 | d064 0083 | be45 ffff | ff4c 8b54 | 2430 4c89 | 5424 104c | 8b54 2468 | 4c89 5424 
  0x00007240a0573e00: 1844 8b5c | 2438 4489 | 5c24 2044 | 8b54 2448 | 4489 5424 | 2444 8b5c | 2440 4489 | 5c24 3044 
  0x00007240a0573e20: 8b54 2444 | 4489 5424 | 3444 8944 | 2468 6690 

  0x00007240a0573e30: ;   {runtime_call UncommonTrapBlob}
  0x00007240a0573e30: c5f8 77e8 

  0x00007240a0573e34: ; ImmutableOopMap {rbp=NarrowOop [16]=Oop [24]=Oop [32]=NarrowOop [60]=NarrowOop [84]=NarrowOop [120]=NarrowOop [124]=NarrowOop [132]=NarrowOop [136]=NarrowOop [140]=NarrowOop [144]=NarrowOop [148]=NarrowOop [160]=Oop }
                      ;*ifge {reexecute=1 rethrow=0 return_oop=0}
                      ; - (reexecute) java.util.Vector::removeElementAt@43 (line 552)
                      ; - java.util.Stack::pop@14 (line 86)
                      ; - org.apache.xpath.XPathContext::popContextNodeList@25 (line 709)
                      ; - org.apache.xalan.templates.ElemApplyTemplates::transformSelectedNodes@954 (line 446)
  0x00007240a0573e34: c864 6fff 

  0x00007240a0573e38: ;   {other}
  0x00007240a0573e38: 0f1f 8400 | 2865 0084 | be45 ffff | ff48 8b6c | 2410 4c8b | 5424 504c | 8954 2428 | 8944 2430 
  0x00007240a0573e58: ;   {runtime_call UncommonTrapBlob}
  0x00007240a0573e58: c5f8 77e8 

  0x00007240a0573e5c: ; ImmutableOopMap {rbp=Oop [24]=NarrowOop [40]=Oop [64]=Oop [80]=Oop }
                      ;*ifne {reexecute=1 rethrow=0 return_oop=0}
                      ; - (reexecute) org.apache.xpath.axes.NodeSequence::setRoot@41 (line 266)
                      ; - org.apache.xpath.axes.LocPathIterator::asIterator@21 (line 269)
                      ; - org.apache.xalan.templates.ElemApplyTemplates::transformSelectedNodes@16 (line 207)
  0x00007240a0573e5c: a064 6fff 

  0x00007240a0573e60: ;   {other}
  0x00007240a0573e60: 0f1f 8400 | 5065 0085 | be45 ffff | ff4c 8b54 | 2430 4c89 | 5424 104c | 8b54 2468 | 4c89 5424 
  0x00007240a0573e80: 1844 8b54 | 2438 4489 | 5424 2044 | 8b5c 2448 | 4489 5c24 | 2444 8b54 | 2440 4489 | 5424 3044 
  0x00007240a0573ea0: 8b5c 2444 | 4489 5c24 | 3466 6690 

  0x00007240a0573eac: ;   {runtime_call UncommonTrapBlob}
  0x00007240a0573eac: c5f8 77e8 

  0x00007240a0573eb0: ; ImmutableOopMap {[16]=Oop [24]=Oop [32]=NarrowOop [60]=NarrowOop [120]=NarrowOop [124]=NarrowOop [136]=NarrowOop [140]=NarrowOop [144]=NarrowOop [148]=NarrowOop [160]=Oop [176]=Oop [192]=Oop }
                      ;*ifeq {reexecute=1 rethrow=0 return_oop=0}
                      ; - (reexecute) org.apache.xalan.templates.ElemApplyTemplates::transformSelectedNodes@736 (line 382)
  0x00007240a0573eb0: 4c64 6fff 

  0x00007240a0573eb4: ;   {other}
  0x00007240a0573eb4: 0f1f 8400 | a465 0086 | be45 ffff | ff48 8b6c | 2430 4c8b | 5424 684c | 8954 2410 | 448b 5424 
  0x00007240a0573ed4: 3844 8954 | 2418 448b | 5c24 4844 | 895c 241c | 448b 5424 | 4044 8954 | 2428 448b | 5c24 4444 
  0x00007240a0573ef4: 895c 242c | 448b 5424 | 7844 8954 | 2430 448b | 5c24 3c44 | 895c 2434 | 448b 5424 | 7c44 8954 
  0x00007240a0573f14: 2438 448b | 9c24 bc00 | 0000 458b | d344 8954 | 2474 4489 | 4c24 7844 | 8954 247c 

  0x00007240a0573f30: ;   {runtime_call UncommonTrapBlob}
  0x00007240a0573f30: c5f8 77e8 

  0x00007240a0573f34: ; ImmutableOopMap {rbp=Oop [16]=Oop [24]=NarrowOop [48]=NarrowOop [52]=NarrowOop [56]=NarrowOop [116]=NarrowOop [124]=NarrowOop [136]=NarrowOop [140]=NarrowOop [144]=NarrowOop [148]=NarrowOop [160]=Oop [176]=Oop [192]=Oop }
                      ;*ifne {reexecute=1 rethrow=0 return_oop=0}
                      ; - (reexecute) java.util.Stack::peek@6 (line 102)
                      ; - java.util.Stack::pop@6 (line 85)
                      ; - org.apache.xalan.transformer.TransformerImpl::popCurrentMatched@4 (line 2738)
                      ; - org.apache.xalan.templates.ElemApplyTemplates::transformSelectedNodes@846 (line 427)
  0x00007240a0573f34: c863 6fff 

  0x00007240a0573f38: ;   {other}
  0x00007240a0573f38: 0f1f 8400 | 2866 0087 | be45 ffff | ff48 8b6c | 2430 4c8b | 5424 684c | 8954 2410 | 448b 5424 
  0x00007240a0573f58: 3844 8954 | 2418 448b | 5c24 4844 | 895c 241c | 448b 5424 | 4044 8954 | 2428 448b | 5c24 4444 
  0x00007240a0573f78: 895c 242c | 448b 5c24 | 7844 895c | 2430 448b | 5424 3c44 | 8954 2434 | 448b 5c24 | 7c44 895c 
  0x00007240a0573f98: 2438 448b | 9424 8000 | 0000 4489 | 5424 3c44 | 8b94 2488 | 0000 0044 | 8954 245c | 448b 9c24 
  0x00007240a0573fb8: 8c00 0000 | 4489 5c24 | 6844 8b94 | 24bc 0000 | 0044 8954 | 2474 4489 | 5424 7844 | 8984 2484 
  0x00007240a0573fd8: 0000 0044 | 898c 2488 | 0000 0090 

  0x00007240a0573fe4: ;   {runtime_call UncommonTrapBlob}
  0x00007240a0573fe4: c5f8 77e8 

  0x00007240a0573fe8: ; ImmutableOopMap {rbp=Oop [16]=Oop [24]=NarrowOop [48]=NarrowOop [52]=NarrowOop [56]=NarrowOop [92]=NarrowOop [104]=NarrowOop [116]=NarrowOop [120]=NarrowOop [144]=NarrowOop [148]=NarrowOop [160]=Oop [176]=Oop [192]=Oop }
                      ;*if_icmplt {reexecute=1 rethrow=0 return_oop=0}
                      ; - (reexecute) java.util.Vector::elementAt@5 (line 465)
                      ; - java.util.Stack::peek@21 (line 104)
                      ; - java.util.Stack::pop@6 (line 85)
                      ; - org.apache.xalan.transformer.TransformerImpl::popCurrentMatched@4 (line 2738)
                      ; - org.apache.xalan.templates.ElemApplyTemplates::transformSelectedNodes@846 (line 427)
  0x00007240a0573fe8: 1463 6fff 

  0x00007240a0573fec: ;   {other}
  0x00007240a0573fec: 0f1f 8400 | dc66 0088 | be45 ffff | ff4c 8b54 | 2430 4c89 | 5424 1044 | 8b5c 2438 | 4489 5c24 
  0x00007240a057400c: 2044 8b54 | 2448 4489 | 5424 2444 | 8b5c 2440 | 4489 5c24 | 3044 8b5c | 2444 4489 | 5c24 3444 
  0x00007240a057402c: 8b54 2478 | 4489 5424 | 3844 8b54 | 247c 4489 | 5424 4044 | 8b9c 2480 | 0000 0044 | 895c 2444 
  0x00007240a057404c: 448b 9424 | 8800 0000 | 4489 5424 | 6444 8b94 | 24bc 0000 | 0044 8954 | 2478 4489 | 8424 8000 
  0x00007240a057406c: 0000 4489 | 8c24 8400 | 0000 4489 | 9424 8800 | 0000 6690 

  0x00007240a0574080: ;   {runtime_call UncommonTrapBlob}
  0x00007240a0574080: c5f8 77e8 

  0x00007240a0574084: ; ImmutableOopMap {rbp=NarrowOop [16]=Oop [32]=NarrowOop [56]=NarrowOop [60]=NarrowOop [64]=NarrowOop [100]=NarrowOop [104]=Oop [120]=NarrowOop [136]=NarrowOop [140]=NarrowOop [144]=NarrowOop [148]=NarrowOop [160]=Oop [176]=Oop [192]=Oop }
                      ;*if_icmplt {reexecute=1 rethrow=0 return_oop=0}
                      ; - (reexecute) java.util.Vector::removeElementAt@5 (line 548)
                      ; - java.util.Stack::pop@14 (line 86)
                      ; - org.apache.xalan.transformer.TransformerImpl::popCurrentMatched@4 (line 2738)
                      ; - org.apache.xalan.templates.ElemApplyTemplates::transformSelectedNodes@846 (line 427)
  0x00007240a0574084: 7862 6fff 

  0x00007240a0574088: ;   {other}
  0x00007240a0574088: 0f1f 8400 | 7867 0089 | be45 ffff | ff4c 8b54 | 2430 4c89 | 5424 1044 | 8b5c 2438 | 4489 5c24 
  0x00007240a05740a8: 2044 8b54 | 2448 4489 | 5424 2444 | 8b5c 2440 | 4489 5c24 | 3044 8b54 | 2444 4489 | 5424 3444 
  0x00007240a05740c8: 8b54 2478 | 4489 5424 | 3844 8b54 | 247c 4489 | 5424 4044 | 8b9c 2480 | 0000 0044 | 895c 2444 
  0x00007240a05740e8: 448b 9c24 | bc00 0000 | 4489 4424 | 7c44 899c | 2480 0000 | 0066 6690 

  0x00007240a0574100: ;   {runtime_call UncommonTrapBlob}
  0x00007240a0574100: c5f8 77e8 

  0x00007240a0574104: ; ImmutableOopMap {rbp=NarrowOop [16]=Oop [32]=NarrowOop [56]=NarrowOop [60]=NarrowOop [64]=NarrowOop [104]=Oop [128]=NarrowOop [136]=NarrowOop [140]=NarrowOop [144]=NarrowOop [148]=NarrowOop [160]=Oop [176]=Oop [188]=NarrowOop [192]=Oop }
                      ;*ifge {reexecute=1 rethrow=0 return_oop=0}
                      ; - (reexecute) java.util.Vector::removeElementAt@43 (line 552)
                      ; - java.util.Stack::pop@14 (line 86)
                      ; - org.apache.xalan.transformer.TransformerImpl::popCurrentMatched@4 (line 2738)
                      ; - org.apache.xalan.templates.ElemApplyTemplates::transformSelectedNodes@846 (line 427)
  0x00007240a0574104: f861 6fff 

  0x00007240a0574108: ;   {other}
  0x00007240a0574108: 0f1f 8400 | f867 008a | be45 ffff | ff4c 8b54 | 2430 4c89 | 5424 1044 | 8b54 2438 | 4489 5424 
  0x00007240a0574128: 2044 8b5c | 2448 4489 | 5c24 244c | 8b94 24a0 | 0000 004c | 8954 2428 | 448b 5424 | 4044 8954 
  0x00007240a0574148: 2430 448b | 5c24 4444 | 895c 2434 

  0x00007240a0574154: ;   {runtime_call UncommonTrapBlob}
  0x00007240a0574154: c5f8 77e8 

  0x00007240a0574158: ; ImmutableOopMap {[16]=Oop [32]=NarrowOop [40]=Oop [60]=NarrowOop [104]=Oop [120]=NarrowOop [124]=NarrowOop [132]=NarrowOop [136]=NarrowOop [140]=NarrowOop [144]=NarrowOop [148]=NarrowOop }
                      ;*ifeq {reexecute=1 rethrow=0 return_oop=0}
                      ; - (reexecute) org.apache.xpath.axes.LocPathIterator::detach@4 (line 678)
                      ; - org.apache.xpath.axes.NodeSequence::detach@12 (line 398)
                      ; - org.apache.xalan.templates.ElemApplyTemplates::transformSelectedNodes@971 (line 450)
  0x00007240a0574158: a461 6fff 

  0x00007240a057415c: ;   {other}
  0x00007240a057415c: 0f1f 8400 | 4c68 008b 

  0x00007240a0574164: ;   {metadata({type array int})}
  0x00007240a0574164: 48be 7027 | 007b 9365 | 0000 8b94 | 24c0 0000 | 004c 898c | 24e8 0000 | 0066 6690 

  0x00007240a0574180: ;   {runtime_call _new_array_nozero_Java}
  0x00007240a0574180: c5f8 77e8 

  0x00007240a0574184: ; ImmutableOopMap {rbp=NarrowOop [16]=Oop [24]=Oop [32]=Oop [40]=Oop [48]=Oop [56]=NarrowOop [60]=NarrowOop [80]=Oop [88]=Oop [96]=Oop [104]=Oop [112]=Oop [120]=NarrowOop [124]=NarrowOop [132]=NarrowOop [136]=NarrowOop [140]=NarrowOop [144]=NarrowOop [148]=NarrowOop [152]=Oop [160]=Oop [168]=Oop [176]=Oop [184]=NarrowOop [232]=Oop }
                      ;*newarray {reexecute=0 rethrow=0 return_oop=1}
                      ; - org.apache.xml.utils.NodeVector::push@61 (line 164)
                      ; - org.apache.xalan.transformer.TransformerImpl::pushPairCurrentMatched@14 (line 2730)
                      ; - org.apache.xalan.templates.ElemApplyTemplates::transformSelectedNodes@498 (line 315)
  0x00007240a0574184: f86b 7aff 

  0x00007240a0574188: ;   {other}
  0x00007240a0574188: 0f1f 8400 | 7868 008c | 4c8b d8e9 | 1fcd ffff | be45 ffff | ff4c 8b54 | 2430 4c89 | 5424 104c 
  0x00007240a05741a8: 8b54 2468 | 4c89 5424 | 1844 8b54 | 2438 4489 | 5424 2044 | 8b5c 2448 | 4489 5c24 | 2444 8b54 
  0x00007240a05741c8: 2440 4489 | 5424 3044 | 8b5c 2444 | 4489 5c24 | 3466 6690 

  0x00007240a05741dc: ;   {runtime_call UncommonTrapBlob}
  0x00007240a05741dc: c5f8 77e8 

  0x00007240a05741e0: ; ImmutableOopMap {[16]=Oop [24]=Oop [32]=NarrowOop [60]=NarrowOop [120]=NarrowOop [124]=NarrowOop [136]=NarrowOop [140]=NarrowOop [144]=NarrowOop [148]=NarrowOop [160]=Oop [176]=Oop [192]=Oop }
                      ;*ifeq {reexecute=1 rethrow=0 return_oop=0}
                      ; - (reexecute) org.apache.xalan.templates.ElemApplyTemplates::transformSelectedNodes@814 (line 403)
  0x00007240a05741e0: 1c61 6fff 

  0x00007240a05741e4: ;   {other}
  0x00007240a05741e4: 0f1f 8400 | d468 008d 

  0x00007240a05741ec: ;   {metadata({type array int})}
  0x00007240a05741ec: 48be 7027 | 007b 9365 | 0000 8b94 | 24c8 0000 | 004c 899c | 24e8 0000 | 0066 6690 

  0x00007240a0574208: ;   {runtime_call _new_array_nozero_Java}
  0x00007240a0574208: c5f8 77e8 

  0x00007240a057420c: ; ImmutableOopMap {[16]=Oop [24]=Oop [32]=Oop [40]=Oop [48]=Oop [56]=NarrowOop [60]=NarrowOop [80]=Oop [88]=Oop [96]=Oop [104]=Oop [112]=Oop [120]=NarrowOop [124]=NarrowOop [132]=NarrowOop [136]=NarrowOop [140]=NarrowOop [144]=NarrowOop [148]=NarrowOop [152]=Oop [160]=Oop [168]=Oop [176]=Oop [184]=NarrowOop [192]=Oop [216]=NarrowOop [232]=Oop }
                      ;*newarray {reexecute=0 rethrow=0 return_oop=1}
                      ; - org.apache.xml.utils.NodeVector::push@61 (line 164)
                      ; - org.apache.xalan.transformer.TransformerImpl::pushPairCurrentMatched@14 (line 2730)
                      ; - org.apache.xalan.templates.ElemApplyTemplates::transformSelectedNodes@553 (line 335)
  0x00007240a057420c: 706b 7aff 

  0x00007240a0574210: ;   {other}
  0x00007240a0574210: 0f1f 8400 | 0069 008e | 4c8b d0e9 | 63ce ffff | 4963 d14c | 8d0c 9510 | 0000 0049 | 8bc9 48c1 
  0x00007240a0574230: e903 4c2b | d949 83e1 | fb49 8bfd | 4903 f949 | 8bcb 4833 | c048 83f9 | 087f 1048 | ffc9 784f 
  0x00007240a0574250: 4889 04cf | 48ff c97d | f7eb 44c5 | fdef c0e9 | 0d00 0000 | c5fe 7f07 | c5fe 7f47 | 2048 83c7 
  0x00007240a0574270: 4048 83e9 | 087d ed48 | 83c1 047c | 0cc5 fe7f | 0748 83c7 | 2048 83e9 | 0448 83c1 | 047e 1048 
  0x00007240a0574290: ffc9 c5f9 | d607 4883 | c708 48ff | c97d f349 | 8bf8 498b | f2c5 f877 | 49ba e0e1 | c49f 4072 
  0x00007240a05742b0: 0000 41ff 

  0x00007240a05742b4: ;   {other}
  0x00007240a05742b4: d20f 1f84 | 0000 0000 | 00e9 9bd4 | ffff 4963 | d04c 8d04 | 9510 0000 | 0049 8bc8 | 48c1 e903 
  0x00007240a05742d4: 4c2b d949 | 83e0 fb48 | 8bfb 4903 | f849 8bcb | 4833 c048 | 83f9 087f | 1048 ffc9 | 784f 4889 
  0x00007240a05742f4: 04cf 48ff | c97d f7eb | 44c5 fdef | c0e9 0d00 | 0000 c5fe | 7f07 c5fe | 7f47 2048 | 83c7 4048 
  0x00007240a0574314: 83e9 087d | ed48 83c1 | 047c 0cc5 | fe7f 0748 | 83c7 2048 | 83e9 0448 | 83c1 047e | 1048 ffc9 
  0x00007240a0574334: c5f9 d607 | 4883 c708 | 48ff c97d | f349 8bf9 | 498b f2c5 | f877 49ba | e0e1 c49f | 4072 0000 
  0x00007240a0574354: ;   {other}
  0x00007240a0574354: 41ff d20f | 1f84 0000 | 0000 00e9 | 76d5 ffff | bee4 ffff | ff4c 8b54 | 2430 4c89 | 5424 104c 
  0x00007240a0574374: 8b54 2468 | 4c89 5424 | 1844 8b54 | 2438 4489 | 5424 2044 | 8b5c 2448 | 4489 5c24 | 2444 8b5c 
  0x00007240a0574394: 2440 4489 | 5c24 3044 | 8b54 2444 | 4489 5424 | 3489 4c24 | 5c44 8944 | 2460 4489 | 4c24 6c90 
  0x00007240a05743b4: ;   {runtime_call UncommonTrapBlob}
  0x00007240a05743b4: c5f8 77e8 

  0x00007240a05743b8: ; ImmutableOopMap {[16]=Oop [24]=Oop [32]=NarrowOop [60]=NarrowOop [92]=NarrowOop [108]=NarrowOop [120]=NarrowOop [124]=NarrowOop [136]=NarrowOop [140]=NarrowOop [144]=NarrowOop [148]=NarrowOop [160]=Oop [176]=Oop }
                      ;*aaload {reexecute=0 rethrow=0 return_oop=0}
                      ; - org.apache.xml.utils.SuballocatedIntVector::elementAt@25 (line 442)
                      ; - org.apache.xml.dtm.ref.DTMDefaultBase::_exptype@37 (line 489)
                      ; - org.apache.xml.dtm.ref.DTMDefaultBase::getExpandedTypeID@15 (line 1685)
                      ; - org.apache.xalan.templates.ElemApplyTemplates::transformSelectedNodes@370 (line 290)
  0x00007240a05743b8: 445f 6fff 

  0x00007240a05743bc: ;   {other}
  0x00007240a05743bc: 0f1f 8400 | ac6a 008f | bee4 ffff | ff4c 8b54 | 2430 4c89 | 5424 1044 | 8b5c 2438 | 4489 5c24 
  0x00007240a05743dc: 2044 8b54 | 2448 4489 | 5424 2444 | 8b5c 2440 | 4489 5c24 | 3044 8b54 | 2444 4489 | 5424 3444 
  0x00007240a05743fc: 8944 245c 

  0x00007240a0574400: ;   {runtime_call UncommonTrapBlob}
  0x00007240a0574400: c5f8 77e8 

  0x00007240a0574404: ; ImmutableOopMap {rbp=NarrowOop [16]=Oop [32]=NarrowOop [60]=NarrowOop [104]=Oop [120]=NarrowOop [124]=NarrowOop [136]=NarrowOop [140]=NarrowOop [144]=NarrowOop [148]=NarrowOop [160]=Oop [176]=Oop }
                      ;*iaload {reexecute=0 rethrow=0 return_oop=0}
                      ; - org.apache.xml.utils.SuballocatedIntVector::elementAt@32 (line 442)
                      ; - org.apache.xml.dtm.ref.DTMDefaultBase::_exptype@37 (line 489)
                      ; - org.apache.xml.dtm.ref.DTMDefaultBase::getExpandedTypeID@15 (line 1685)
                      ; - org.apache.xalan.templates.ElemApplyTemplates::transformSelectedNodes@370 (line 290)
  0x00007240a0574404: f85e 6fff 

  0x00007240a0574408: ;   {other}
  0x00007240a0574408: 0f1f 8400 | f86a 0090 | 498b fb48 | 8db4 2400 | 0100 0049 | 8bd7 c5f8 | 7749 baa0 | 89fe b740 
  0x00007240a0574428: 7200 0041 

  0x00007240a057442c: ;   {other}
  0x00007240a057442c: ffd2 0f1f | 8400 0000 | 0000 e9e4 | bfff ff4d | 63c2 e947 

  0x00007240a0574440: ;   {metadata({type array int})}
  0x00007240a0574440: c1ff ff48 | be70 2700 | 7b93 6500 | 008b d54c | 898c 24d8 | 0000 0090 

  0x00007240a0574458: ;   {runtime_call _new_array_Java}
  0x00007240a0574458: c5f8 77e8 

  0x00007240a057445c: ; ImmutableOopMap {[16]=Oop [24]=Oop [32]=Oop [40]=Oop [48]=Oop [56]=NarrowOop [60]=NarrowOop [80]=Oop [88]=Oop [96]=Oop [104]=Oop [112]=Oop [120]=NarrowOop [124]=NarrowOop [132]=NarrowOop [136]=NarrowOop [140]=NarrowOop [144]=NarrowOop [148]=NarrowOop [152]=Oop [160]=Oop [168]=Oop [176]=Oop [184]=NarrowOop [216]=Oop }
                      ;*newarray {reexecute=0 rethrow=0 return_oop=1}
                      ; - org.apache.xml.utils.NodeVector::push@28 (line 157)
                      ; - org.apache.xalan.transformer.TransformerImpl::pushPairCurrentMatched@14 (line 2730)
                      ; - org.apache.xalan.templates.ElemApplyTemplates::transformSelectedNodes@498 (line 315)
  0x00007240a057445c: 206c 7aff 

  0x00007240a0574460: ;   {other}
  0x00007240a0574460: 0f1f 8400 | 506b 0091 | 4c8b d8e9 | eccf ffff | bef6 ffff | ff48 8b6c | 2430 448b | 5424 3844 
  0x00007240a0574480: 8954 2418 | 448b 5c24 | 4844 895c | 241c 448b | 5424 4044 | 8954 2428 | 448b 5c24 | 4444 895c 
  0x00007240a05744a0: 242c 448b | 5c24 3c44 | 895c 2434 

  0x00007240a05744ac: ;   {runtime_call UncommonTrapBlob}
  0x00007240a05744ac: c5f8 77e8 

  0x00007240a05744b0: ; ImmutableOopMap {rbp=Oop [24]=NarrowOop [52]=NarrowOop [104]=Oop [120]=NarrowOop [124]=NarrowOop [136]=NarrowOop [140]=NarrowOop [144]=NarrowOop [148]=NarrowOop [160]=Oop [176]=Oop }
                      ;*invokevirtual peek {reexecute=0 rethrow=0 return_oop=0}
                      ; - org.apache.xalan.transformer.TransformerImpl::getMode@18 (line 3195)
                      ; - org.apache.xalan.templates.ElemApplyTemplates::transformSelectedNodes@389 (line 294)
  0x00007240a05744b0: 4c5e 6fff 

  0x00007240a05744b4: ;   {other}
  0x00007240a05744b4: 0f1f 8400 | a46b 0092 | bee4 ffff | ff4c 8b54 | 2430 4c89 | 5424 104c | 8b54 2468 | 4c89 5424 
  0x00007240a05744d4: 1844 8b54 | 2438 4489 | 5424 2044 | 8b5c 2448 | 4489 5c24 | 2444 8b54 | 2440 4489 | 5424 3044 
  0x00007240a05744f4: 8b5c 2444 | 4489 5c24 | 3444 8b9c | 24c0 0000 | 0045 8bd3 | 4489 5424 | 7044 894c | 2474 6690 
  0x00007240a0574514: ;   {runtime_call UncommonTrapBlob}
  0x00007240a0574514: c5f8 77e8 

  0x00007240a0574518: ; ImmutableOopMap {rbp=NarrowOop [16]=Oop [24]=Oop [32]=NarrowOop [60]=NarrowOop [112]=NarrowOop [120]=NarrowOop [124]=NarrowOop [136]=NarrowOop [140]=NarrowOop [144]=NarrowOop [148]=NarrowOop [160]=Oop [176]=Oop [192]=NarrowOop }
                      ;*aaload {reexecute=0 rethrow=0 return_oop=0}
                      ; - java.util.Vector::elementData@5 (line 731)
                      ; - java.util.Vector::elementAt@44 (line 469)
                      ; - java.util.Stack::peek@21 (line 104)
                      ; - org.apache.xalan.transformer.TransformerImpl::getMode@18 (line 3195)
                      ; - org.apache.xalan.templates.ElemApplyTemplates::transformSelectedNodes@389 (line 294)
  0x00007240a0574518: e45d 6fff 

  0x00007240a057451c: ;   {other}
  0x00007240a057451c: 0f1f 8400 | 0c6c 0093 | 498b f348 | 8d94 2400 | 0100 0048 | 8b6c 2430 

  0x00007240a0574534: ;   {runtime_call _complete_monitor_locking_Java}
  0x00007240a0574534: c5f8 77e8 

  0x00007240a0574538: ; ImmutableOopMap {rbp=Oop [16]=Oop [24]=Oop [32]=Oop [40]=Oop [48]=Oop [56]=NarrowOop [60]=NarrowOop [80]=Oop [88]=Oop [96]=Oop [104]=Oop [112]=Oop [120]=NarrowOop [124]=NarrowOop [132]=NarrowOop [136]=NarrowOop [140]=NarrowOop [144]=NarrowOop [148]=NarrowOop [152]=Oop [160]=Oop [168]=Oop [176]=Oop [192]=NarrowOop [200]=Oop }
                      ;*synchronization entry
                      ; - java.util.Stack::peek@-1 (line 100)
                      ; - org.apache.xalan.transformer.TransformerImpl::getMode@18 (line 3195)
                      ; - org.apache.xalan.templates.ElemApplyTemplates::transformSelectedNodes@389 (line 294)
  0x00007240a0574538: 44d3 7aff 

  0x00007240a057453c: ;   {other}
  0x00007240a057453c: 0f1f 8400 | 2c6c 0094 | e971 c2ff | ff49 8bfb | 488d b424 | 0001 0000 | 498b d7c5 | f877 49ba 
  0x00007240a057455c: a089 feb7 | 4072 0000 

  0x00007240a0574564: ;   {other}
  0x00007240a0574564: 41ff d20f | 1f84 0000 | 0000 00e9 | 34c3 ffff 

  0x00007240a0574574: ;   {metadata({type array int})}
  0x00007240a0574574: 48be 7027 | 007b 9365 | 0000 8bd5 | 4c89 9c24 | d800 0000 

  0x00007240a0574588: ;   {runtime_call _new_array_Java}
  0x00007240a0574588: c5f8 77e8 

  0x00007240a057458c: ; ImmutableOopMap {[16]=Oop [24]=Oop [32]=Oop [40]=Oop [48]=Oop [56]=NarrowOop [60]=NarrowOop [80]=Oop [88]=Oop [96]=Oop [104]=Oop [112]=Oop [120]=NarrowOop [124]=NarrowOop [132]=NarrowOop [136]=NarrowOop [140]=NarrowOop [144]=NarrowOop [148]=NarrowOop [152]=Oop [160]=Oop [168]=Oop [176]=Oop [184]=NarrowOop [192]=Oop [216]=Oop }
                      ;*newarray {reexecute=0 rethrow=0 return_oop=1}
                      ; - org.apache.xml.utils.NodeVector::push@28 (line 157)
                      ; - org.apache.xalan.transformer.TransformerImpl::pushPairCurrentMatched@14 (line 2730)
                      ; - org.apache.xalan.templates.ElemApplyTemplates::transformSelectedNodes@553 (line 335)
  0x00007240a057458c: f06a 7aff 

  0x00007240a0574590: ;   {other}
  0x00007240a0574590: 0f1f 8400 | 806c 0095 | 4c8b c0e9 | 0ed0 ffff | be45 ffff | ff48 8b6c | 2430 4c8b | 5424 684c 
  0x00007240a05745b0: 8954 2410 | 448b 5c24 | 3844 895c | 2418 448b | 5424 4844 | 8954 241c | 4c8b 9424 | a000 0000 
  0x00007240a05745d0: 4c89 5424 | 2044 8b5c | 2440 4489 | 5c24 2844 | 8b54 2444 | 4489 5424 | 2c44 8b54 | 2478 4489 
  0x00007240a05745f0: 5424 3044 | 8b54 243c | 4489 5424 | 3444 8b54 | 247c 4489 | 5424 3844 | 8b94 24b4 | 0000 0044 
  0x00007240a0574610: 8954 2464 

  0x00007240a0574614: ;   {runtime_call UncommonTrapBlob}
  0x00007240a0574614: c5f8 77e8 

  0x00007240a0574618: ; ImmutableOopMap {rbp=Oop [16]=Oop [24]=NarrowOop [32]=Oop [48]=NarrowOop [52]=NarrowOop [56]=NarrowOop [100]=NarrowOop [132]=NarrowOop [136]=NarrowOop [140]=NarrowOop [144]=NarrowOop [148]=NarrowOop [168]=Oop [176]=NarrowOop [184]=NarrowOop }
                      ;*if_acmpeq {reexecute=1 rethrow=0 return_oop=0}
                      ; - (reexecute) java.util.ArrayList::grow@17 (line 233)
                      ; - java.util.ArrayList::grow@7 (line 244)
                      ; - java.util.ArrayList::add@7 (line 483)
                      ; - java.util.ArrayList::add@20 (line 496)
                      ; - org.apache.xpath.axes.IteratorPool::freeInstance@5 (line 117)
                      ; - org.apache.xpath.axes.LocPathIterator::detach@47 (line 691)
                      ; - org.apache.xpath.axes.NodeSequence::detach@12 (line 398)
                      ; - org.apache.xalan.templates.ElemApplyTemplates::transformSelectedNodes@971 (line 450)
  0x00007240a0574618: e45c 6fff 

  0x00007240a057461c: ;   {other}
  0x00007240a057461c: 0f1f 8400 | 0c6d 0096 | 4489 4c24 | 7889 7c24 | 4c44 8b5c | 2428 498b 

  0x00007240a0574634: ;   {metadata({type array int})}
  0x00007240a0574634: eb48 be70 | 2700 7b93 | 6500 008b | 5424 3c90 

  0x00007240a0574644: ;   {runtime_call _new_array_nozero_Java}
  0x00007240a0574644: c5f8 77e8 

  0x00007240a0574648: ; ImmutableOopMap {rbp=Oop [40]=NarrowOop [48]=Oop [56]=NarrowOop [76]=NarrowOop [80]=Oop [88]=Oop [96]=Oop [104]=Oop [112]=Oop [136]=NarrowOop [140]=NarrowOop }
                      ;*newarray {reexecute=0 rethrow=0 return_oop=1}
                      ; - org.apache.xml.utils.IntStack::push@30 (line 79)
                      ; - org.apache.xpath.XPathContext::pushCurrentNode@5 (line 793)
                      ; - org.apache.xalan.templates.ElemApplyTemplates::transformSelectedNodes@67 (line 219)
  0x00007240a0574648: 3467 7aff 

  0x00007240a057464c: ;   {other}
  0x00007240a057464c: 0f1f 8400 | 3c6d 0097 | 488b d88b | 7c24 4c44 | 8b4c 2478 | e993 d0ff | ff44 8944 | 2478 894c 
  0x00007240a057466c: 244c 448b | 5424 3c49 

  0x00007240a0574674: ;   {metadata({type array int})}
  0x00007240a0574674: 8bea 48be | 7027 007b | 9365 0000 | 8b54 242c 

  0x00007240a0574684: ;   {runtime_call _new_array_nozero_Java}
  0x00007240a0574684: c5f8 77e8 

  0x00007240a0574688: ; ImmutableOopMap {rbp=Oop [48]=Oop [56]=NarrowOop [60]=NarrowOop [76]=NarrowOop [80]=Oop [88]=Oop [96]=Oop [104]=Oop [112]=Oop [136]=NarrowOop [140]=NarrowOop }
                      ;*newarray {reexecute=0 rethrow=0 return_oop=1}
                      ; - org.apache.xml.utils.IntStack::push@30 (line 79)
                      ; - org.apache.xpath.XPathContext::pushCurrentExpressionNode@5 (line 899)
                      ; - org.apache.xalan.templates.ElemApplyTemplates::transformSelectedNodes@72 (line 220)
  0x00007240a0574688: f466 7aff 

  0x00007240a057468c: ;   {other}
  0x00007240a057468c: 0f1f 8400 | 7c6d 0098 | 488b d88b | 4c24 4c44 | 8b44 2478 | e9d2 d1ff | ffbe 45ff | ffff 488b 
  0x00007240a05746ac: 6c24 3044 | 8b54 2438 | 4489 5424 | 1844 8b5c | 2448 4489 | 5c24 1c44 | 8b54 2440 | 4489 5424 
  0x00007240a05746cc: 2844 8b5c | 2444 4489 | 5c24 2c44 | 8b5c 243c | 4489 5c24 | 3466 6690 

  0x00007240a05746e4: ;   {runtime_call UncommonTrapBlob}
  0x00007240a05746e4: c5f8 77e8 

  0x00007240a05746e8: ; ImmutableOopMap {rbp=Oop [24]=NarrowOop [52]=NarrowOop [104]=Oop [120]=NarrowOop [124]=NarrowOop [136]=NarrowOop [140]=NarrowOop [144]=NarrowOop [148]=NarrowOop [160]=Oop [176]=Oop }
                      ;*tableswitch {reexecute=1 rethrow=0 return_oop=0}
                      ; - (reexecute) org.apache.xalan.templates.ElemApplyTemplates::transformSelectedNodes@421 (line 303)
  0x00007240a05746e8: 145c 6fff 

  0x00007240a05746ec: ;   {other}
  0x00007240a05746ec: 0f1f 8400 | dc6d 0099 | be45 ffff | ff48 8b6c | 2430 4c8b | 5424 684c | 8954 2410 | 448b 5c24 
  0x00007240a057470c: 3844 895c | 2418 448b | 5424 4844 | 8954 241c | 448b 5c24 | 4044 895c | 2428 448b | 5424 4444 
  0x00007240a057472c: 8954 242c | 448b 5c24 | 3c44 895c | 2434 4489 | 4424 6490 

  0x00007240a0574740: ;   {runtime_call UncommonTrapBlob}
  0x00007240a0574740: c5f8 77e8 

  0x00007240a0574744: ; ImmutableOopMap {rbp=Oop [16]=Oop [24]=NarrowOop [52]=NarrowOop [120]=NarrowOop [124]=NarrowOop [136]=NarrowOop [140]=NarrowOop [144]=NarrowOop [148]=NarrowOop [160]=Oop [176]=Oop [192]=NarrowOop }
                      ;*ifne {reexecute=1 rethrow=0 return_oop=0}
                      ; - (reexecute) java.util.Stack::peek@6 (line 102)
                      ; - org.apache.xalan.transformer.TransformerImpl::getMode@18 (line 3195)
                      ; - org.apache.xalan.templates.ElemApplyTemplates::transformSelectedNodes@389 (line 294)
  0x00007240a0574744: b85b 6fff 

  0x00007240a0574748: ;   {other}
  0x00007240a0574748: 0f1f 8400 | 386e 009a | be45 ffff | ff48 8b6c | 2430 4c8b | 5424 684c | 8954 2410 | 448b 5c24 
  0x00007240a0574768: 3844 895c | 2418 448b | 5424 4844 | 8954 241c | 448b 5c24 | 4044 895c | 2428 448b | 5424 4444 
  0x00007240a0574788: 8954 242c | 448b 5c24 | 7844 895c | 2430 448b | 5424 3c44 | 8954 2434 | 448b 9424 | c000 0000 
  0x00007240a05747a8: 4489 5424 | 6844 894c | 2470 4489 | 4424 7444 | 8954 2478 

  0x00007240a05747bc: ;   {runtime_call UncommonTrapBlob}
  0x00007240a05747bc: c5f8 77e8 

  0x00007240a05747c0: ; ImmutableOopMap {rbp=Oop [16]=Oop [24]=NarrowOop [48]=NarrowOop [52]=NarrowOop [104]=NarrowOop [120]=NarrowOop [124]=NarrowOop [136]=NarrowOop [140]=NarrowOop [144]=NarrowOop [148]=NarrowOop [160]=Oop [176]=Oop }
                      ;*if_icmplt {reexecute=1 rethrow=0 return_oop=0}
                      ; - (reexecute) java.util.Vector::elementAt@5 (line 465)
                      ; - java.util.Stack::peek@21 (line 104)
                      ; - org.apache.xalan.transformer.TransformerImpl::getMode@18 (line 3195)
                      ; - org.apache.xalan.templates.ElemApplyTemplates::transformSelectedNodes@389 (line 294)
  0x00007240a05747c0: 3c5b 6fff 

  0x00007240a05747c4: ;   {other}
  0x00007240a05747c4: 0f1f 8400 | b46e 009b | bef6 ffff | ff48 8b6c | 2430 4489 | 5c24 1844 | 8b5c 2448 | 4489 5c24 
  0x00007240a05747e4: 1c44 8b54 | 2440 4489 | 5424 2844 | 8b5c 2444 | 4489 5c24 | 2c44 8b54 | 243c 4489 | 5424 3444 
  0x00007240a0574804: 8944 2460 

  0x00007240a0574808: ;   {runtime_call UncommonTrapBlob}
  0x00007240a0574808: c5f8 77e8 

  0x00007240a057480c: ; ImmutableOopMap {rbp=Oop [24]=NarrowOop [52]=NarrowOop [104]=Oop [120]=NarrowOop [124]=NarrowOop [136]=NarrowOop [140]=NarrowOop [144]=NarrowOop [148]=NarrowOop [160]=Oop [176]=Oop [192]=Oop }
                      ;*invokevirtual push {reexecute=0 rethrow=0 return_oop=0}
                      ; - org.apache.xpath.XPathContext::pushRTFContext@8 (line 1273)
                      ; - org.apache.xalan.templates.ElemApplyTemplates::transformSelectedNodes@575 (line 342)
  0x00007240a057480c: f05a 6fff 

  0x00007240a0574810: ;   {other}
  0x00007240a0574810: 0f1f 8400 | 006f 009c | bee4 ffff | ff4c 8b54 | 2430 4c89 | 5424 104c | 8b54 2468 | 4c89 5424 
  0x00007240a0574830: 1844 8b5c | 2438 4489 | 5c24 2044 | 8b54 2448 | 4489 5424 | 2444 8b5c | 2440 4489 | 5c24 3044 
  0x00007240a0574850: 8b54 2444 | 4489 5424 | 3444 8b5c | 2478 4489 | 5c24 3844 | 8b9c 2488 | 0000 0044 | 895c 2470 
  0x00007240a0574870: 4489 5c24 | 7444 894c | 2478 6690 

  0x00007240a057487c: ;   {runtime_call UncommonTrapBlob}
  0x00007240a057487c: c5f8 77e8 

  0x00007240a0574880: ; ImmutableOopMap {[16]=Oop [24]=Oop [32]=NarrowOop [56]=NarrowOop [60]=NarrowOop [112]=NarrowOop [116]=NarrowOop [120]=NarrowOop [124]=NarrowOop [140]=NarrowOop [144]=NarrowOop [148]=NarrowOop [160]=Oop [176]=Oop [192]=Oop }
                      ;*iaload {reexecute=0 rethrow=0 return_oop=0}
                      ; - org.apache.xpath.VariableStack::unlink@16 (line 257)
                      ; - org.apache.xalan.templates.ElemApplyTemplates::transformSelectedNodes@838 (line 423)
  0x00007240a0574880: 7c5a 6fff 

  0x00007240a0574884: ;   {other}
  0x00007240a0574884: 0f1f 8400 | 746f 009d | bede ffff | ff48 8b6c | 2430 448b | 5424 3844 | 8954 2418 | 448b 5c24 
  0x00007240a05748a4: 4844 895c | 241c 448b | 5424 4044 | 8954 2428 | 448b 5c24 | 4444 895c | 242c 448b | 5c24 3c44 
  0x00007240a05748c4: 895c 2434 | 4889 4424 | 6066 6690 

  0x00007240a05748d0: ;   {runtime_call UncommonTrapBlob}
  0x00007240a05748d0: c5f8 77e8 

  0x00007240a05748d4: ; ImmutableOopMap {rbp=Oop [24]=NarrowOop [52]=NarrowOop [96]=Oop [104]=Oop [120]=NarrowOop [124]=NarrowOop [136]=NarrowOop [140]=NarrowOop [144]=NarrowOop [148]=NarrowOop [160]=Oop [176]=Oop [192]=Oop }
                      ;*checkcast {reexecute=0 rethrow=0 return_oop=0}
                      ; - org.apache.xpath.XPathContext::pushRTFContext@24 (line 1275)
                      ; - org.apache.xalan.templates.ElemApplyTemplates::transformSelectedNodes@575 (line 342)
  0x00007240a05748d4: 285a 6fff 

  0x00007240a05748d8: ;   {other}
  0x00007240a05748d8: 0f1f 8400 | c86f 009e | 4d8d 58fe | 498b cb49 | 8bfa 4833 | c048 83f9 | 087f 1048 | ffc9 784f 
  0x00007240a05748f8: 4889 04cf | 48ff c97d | f7eb 44c5 | fdef c0e9 | 0d00 0000 | c5fe 7f07 | c5fe 7f47 | 2048 83c7 
  0x00007240a0574918: 4048 83e9 | 087d ed48 | 83c1 047c | 0cc5 fe7f | 0748 83c7 | 2048 83e9 | 0448 83c1 | 047e 1048 
  0x00007240a0574938: ffc9 c5f9 | d607 4883 | c708 48ff | c97d f3e9 | 22c3 ffff | bece ffff | ff4c 8b54 | 2430 4c89 
  0x00007240a0574958: 5424 104c | 8b54 2468 | 4c89 5424 | 1844 8b5c | 2438 4489 | 5c24 2044 | 8b54 2448 | 4489 5424 
  0x00007240a0574978: 244c 8b94 | 24a0 0000 | 004c 8954 | 2428 448b | 5c24 4044 | 895c 2430 | 448b 5424 | 4444 8954 
  0x00007240a0574998: 2434 448b | 5c24 7844 | 895c 2438 | 448b 5c24 | 7c44 895c | 2440 448b | 9424 8000 | 0000 4489 
  0x00007240a05749b8: 5424 4444 | 8b9c 24b4 | 0000 0044 | 895c 2478 

  0x00007240a05749c8: ;   {runtime_call UncommonTrapBlob}
  0x00007240a05749c8: c5f8 77e8 

  0x00007240a05749cc: ; ImmutableOopMap {rbp=Oop [16]=Oop [24]=Oop [32]=NarrowOop [40]=Oop [56]=NarrowOop [60]=NarrowOop [64]=NarrowOop [120]=NarrowOop [132]=NarrowOop [136]=NarrowOop [140]=NarrowOop [144]=NarrowOop [148]=NarrowOop [168]=Oop [176]=NarrowOop [180]=NarrowOop [184]=NarrowOop }
                      ;*invokestatic copyOf {reexecute=1 rethrow=0 return_oop=0}
                      ; - (reexecute) java.util.Arrays::copyOf@6 (line 3482)
                      ; - java.util.ArrayList::grow@37 (line 237)
                      ; - java.util.ArrayList::grow@7 (line 244)
                      ; - java.util.ArrayList::add@7 (line 483)
                      ; - java.util.ArrayList::add@20 (line 496)
                      ; - org.apache.xpath.axes.IteratorPool::freeInstance@5 (line 117)
                      ; - org.apache.xpath.axes.LocPathIterator::detach@47 (line 691)
                      ; - org.apache.xpath.axes.NodeSequence::detach@12 (line 398)
                      ; - org.apache.xalan.templates.ElemApplyTemplates::transformSelectedNodes@971 (line 450)
  0x00007240a05749cc: 3059 6fff 

  0x00007240a05749d0: ;   {other}
  0x00007240a05749d0: 0f1f 8400 | c070 009f | be45 ffff | ff4c 8b54 | 2430 4c89 | 5424 104c | 8b54 2468 | 4c89 5424 
  0x00007240a05749f0: 1844 8b54 | 2438 4489 | 5424 2044 | 8b5c 2448 | 4489 5c24 | 244c 8b94 | 24a0 0000 | 004c 8954 
  0x00007240a0574a10: 2428 448b | 5424 4044 | 8954 2430 | 448b 5c24 | 4444 895c | 2434 894c | 2470 4489 | 4424 7490 
  0x00007240a0574a30: ;   {runtime_call UncommonTrapBlob}
  0x00007240a0574a30: c5f8 77e8 

  0x00007240a0574a34: ; ImmutableOopMap {[16]=Oop [24]=Oop [32]=NarrowOop [40]=Oop [60]=NarrowOop [112]=NarrowOop [120]=NarrowOop [124]=NarrowOop [136]=NarrowOop [140]=NarrowOop [144]=NarrowOop [148]=NarrowOop [176]=Oop [192]=Oop }
                      ;*if_icmpge {reexecute=1 rethrow=0 return_oop=0}
                      ; - (reexecute) org.apache.xpath.axes.NodeSequence::nextNode@18 (line 318)
                      ; - org.apache.xalan.templates.ElemApplyTemplates::transformSelectedNodes@322 (line 280)
  0x00007240a0574a34: c858 6fff 

  0x00007240a0574a38: ;   {other}
  0x00007240a0574a38: 0f1f 8400 | 2871 00a0 | bec6 ffff | ff48 8b6c | 2430 4c8b | 5424 684c | 8954 2410 | 448b 5c24 
  0x00007240a0574a58: 3844 895c | 2418 448b | 5424 4844 | 8954 241c | 4c8b 9424 | a000 0000 | 4c89 5424 | 2044 8b5c 
  0x00007240a0574a78: 2440 4489 | 5c24 2844 | 8b54 2444 | 4489 5424 | 2c44 8b54 | 243c 4489 | 5424 3444 | 8944 246c 
  0x00007240a0574a98: 894c 2470 

  0x00007240a0574a9c: ;   {runtime_call UncommonTrapBlob}
  0x00007240a0574a9c: c5f8 77e8 

  0x00007240a0574aa0: ; ImmutableOopMap {rbp=Oop [16]=Oop [24]=NarrowOop [32]=Oop [52]=NarrowOop [112]=NarrowOop [120]=NarrowOop [124]=NarrowOop [136]=NarrowOop [140]=NarrowOop [144]=NarrowOop [148]=NarrowOop [176]=Oop [192]=Oop }
                      ;*invokevirtual size {reexecute=0 rethrow=0 return_oop=0}
                      ; - org.apache.xpath.axes.NodeSequence::nextNode@15 (line 318)
                      ; - org.apache.xalan.templates.ElemApplyTemplates::transformSelectedNodes@322 (line 280)
  0x00007240a0574aa0: 5c58 6fff 

  0x00007240a0574aa4: ;   {other}
  0x00007240a0574aa4: 0f1f 8400 | 9471 00a1 | be3d ffff | ff4c 8b54 | 2430 4c89 | 5424 104c | 8b54 2468 | 4c89 5424 
  0x00007240a0574ac4: 1844 8b5c | 2438 4489 | 5c24 2044 | 8b54 2448 | 4489 5424 | 244c 8b94 | 24a0 0000 | 004c 8954 
  0x00007240a0574ae4: 2428 448b | 5c24 4044 | 895c 2430 | 448b 5424 | 4444 8954 | 2434 448b | 5c24 7844 | 895c 2438 
  0x00007240a0574b04: 448b 5c24 | 7c44 895c | 2440 448b | 9424 8000 | 0000 4489 | 5424 4444 | 8b9c 2484 | 0000 0044 
  0x00007240a0574b24: 895c 2448 | 448b 9c24 | b400 0000 | 4489 5c24 | 7844 8984 | 2484 0000 | 0066 6690 

  0x00007240a0574b40: ;   {runtime_call UncommonTrapBlob}
  0x00007240a0574b40: c5f8 77e8 

  0x00007240a0574b44: ; ImmutableOopMap {[16]=Oop [24]=Oop [32]=NarrowOop [40]=Oop [56]=NarrowOop [60]=NarrowOop [64]=NarrowOop [72]=NarrowOop [120]=NarrowOop [136]=NarrowOop [140]=NarrowOop [144]=NarrowOop [148]=NarrowOop [168]=Oop [176]=NarrowOop [180]=NarrowOop }
                      ;*if_icmpge {reexecute=1 rethrow=0 return_oop=0}
                      ; - (reexecute) jdk.internal.util.ArraysSupport::newLength@10 (line 741)
                      ; - java.util.ArrayList::grow@27 (line 234)
                      ; - java.util.ArrayList::grow@7 (line 244)
                      ; - java.util.ArrayList::add@7 (line 483)
                      ; - java.util.ArrayList::add@20 (line 496)
                      ; - org.apache.xpath.axes.IteratorPool::freeInstance@5 (line 117)
                      ; - org.apache.xpath.axes.LocPathIterator::detach@47 (line 691)
                      ; - org.apache.xpath.axes.NodeSequence::detach@12 (line 398)
                      ; - org.apache.xalan.templates.ElemApplyTemplates::transformSelectedNodes@971 (line 450)
  0x00007240a0574b44: b857 6fff 

  0x00007240a0574b48: ;   {other}
  0x00007240a0574b48: 0f1f 8400 | 3872 00a2 | be45 ffff | ff4c 8b54 | 2430 4c89 | 5424 104c | 8b54 2468 | 4c89 5424 
  0x00007240a0574b68: 1844 8b5c | 2438 4489 | 5c24 2044 | 8b54 2448 | 4489 5424 | 244c 8b94 | 24a0 0000 | 004c 8954 
  0x00007240a0574b88: 2428 448b | 5c24 4044 | 895c 2430 | 448b 5c24 | 4444 895c | 2434 4489 | 4c24 6489 | 5c24 6890 
  0x00007240a0574ba8: ;   {runtime_call UncommonTrapBlob}
  0x00007240a0574ba8: c5f8 77e8 

  0x00007240a0574bac: ; ImmutableOopMap {[16]=Oop [24]=Oop [32]=NarrowOop [40]=Oop [60]=NarrowOop [100]=NarrowOop [120]=NarrowOop [124]=NarrowOop [132]=NarrowOop [136]=NarrowOop [140]=NarrowOop [144]=NarrowOop [148]=NarrowOop }
                      ;*if_icmpge {reexecute=1 rethrow=0 return_oop=0}
                      ; - (reexecute) org.apache.xpath.axes.NodeSequence::nextNode@18 (line 318)
                      ; - org.apache.xalan.templates.ElemApplyTemplates::transformSelectedNodes@322 (line 280)
  0x00007240a0574bac: 5057 6fff 

  0x00007240a0574bb0: ;   {other}
  0x00007240a0574bb0: 0f1f 8400 | a072 00a3 | 4963 cae9 | f3c1 ffff | 4d8d 51fe | 498b ca49 | 8bf8 4833 | c048 83f9 
  0x00007240a0574bd0: 087f 1048 | ffc9 784f | 4889 04cf | 48ff c97d | f7eb 44c5 | fdef c0e9 | 0d00 0000 | c5fe 7f07 
  0x00007240a0574bf0: c5fe 7f47 | 2048 83c7 | 4048 83e9 | 087d ed48 | 83c1 047c | 0cc5 fe7f | 0748 83c7 | 2048 83e9 
  0x00007240a0574c10: 0448 83c1 | 047e 1048 | ffc9 c5f9 | d607 4883 | c708 48ff | c97d f3e9 | 0ac3 ffff | becc ffff 
  0x00007240a0574c30: ff48 8b6c | 2430 4c8b | 5424 684c | 8954 2410 | 448b 5c24 | 3844 895c | 2418 448b | 5424 4844 
  0x00007240a0574c50: 8954 241c | 448b 5c24 | 4044 895c | 2428 448b | 5424 4444 | 8954 242c | 448b 5c24 | 3c44 895c 
  0x00007240a0574c70: 2434 6690 

  0x00007240a0574c74: ;   {runtime_call UncommonTrapBlob}
  0x00007240a0574c74: c5f8 77e8 

  0x00007240a0574c78: ; ImmutableOopMap {rbp=Oop [16]=Oop [24]=NarrowOop [52]=NarrowOop [120]=NarrowOop [124]=NarrowOop [136]=NarrowOop [140]=NarrowOop [144]=NarrowOop [148]=NarrowOop [160]=Oop [176]=Oop [184]=NarrowOop }
                      ;*newarray {reexecute=1 rethrow=0 return_oop=0}
                      ; - (reexecute) org.apache.xml.utils.NodeVector::push@61 (line 164)
                      ; - org.apache.xalan.transformer.TransformerImpl::pushPairCurrentMatched@14 (line 2730)
                      ; - org.apache.xalan.templates.ElemApplyTemplates::transformSelectedNodes@498 (line 315)
  0x00007240a0574c78: 8456 6fff 

  0x00007240a0574c7c: ;   {other}
  0x00007240a0574c7c: 0f1f 8400 | 6c73 00a4 | bec6 ffff | ff48 8b6c | 2430 448b | 5424 3844 | 8954 2418 | 448b 5c24 
  0x00007240a0574c9c: 4844 895c | 241c 4c8b | 9424 a000 | 0000 4c89 | 5424 2044 | 8b54 2440 | 4489 5424 | 2844 8b5c 
  0x00007240a0574cbc: 2444 4489 | 5c24 2c44 | 8b54 243c | 4489 5424 | 3489 5c24 | 6044 894c | 2464 6690 

  0x00007240a0574cd8: ;   {runtime_call UncommonTrapBlob}
  0x00007240a0574cd8: c5f8 77e8 

  0x00007240a0574cdc: ; ImmutableOopMap {rbp=Oop [24]=NarrowOop [32]=Oop [52]=NarrowOop [100]=NarrowOop [104]=Oop [120]=NarrowOop [124]=NarrowOop [132]=NarrowOop [136]=NarrowOop [140]=NarrowOop [144]=NarrowOop [148]=NarrowOop }
                      ;*invokevirtual size {reexecute=0 rethrow=0 return_oop=0}
                      ; - org.apache.xpath.axes.NodeSequence::nextNode@15 (line 318)
                      ; - org.apache.xalan.templates.ElemApplyTemplates::transformSelectedNodes@322 (line 280)
  0x00007240a0574cdc: 2056 6fff 

  0x00007240a0574ce0: ;   {other}
  0x00007240a0574ce0: 0f1f 8400 | d073 00a5 | 4963 c9e9 | 99c2 ffff | 4d8d 51fe | 498b ca49 | 8bf8 4833 | c048 83f9 
  0x00007240a0574d00: 087f 1048 | ffc9 784f | 4889 04cf | 48ff c97d | f7eb 44c5 | fdef c0e9 | 0d00 0000 | c5fe 7f07 
  0x00007240a0574d20: c5fe 7f47 | 2048 83c7 | 4048 83e9 | 087d ed48 | 83c1 047c | 0cc5 fe7f | 0748 83c7 | 2048 83e9 
  0x00007240a0574d40: 0448 83c1 | 047e 1048 | ffc9 c5f9 | d607 4883 | c708 48ff | c97d f3e9 | aec3 ffff | becc ffff 
  0x00007240a0574d60: ff48 8b6c | 2430 4c8b | 5424 684c | 8954 2410 | 448b 5c24 | 3844 895c | 2418 448b | 5424 4844 
  0x00007240a0574d80: 8954 241c | 448b 5c24 | 4044 895c | 2428 448b | 5424 4444 | 8954 242c | 448b 5c24 | 3c44 895c 
  0x00007240a0574da0: 2434 6690 

  0x00007240a0574da4: ;   {runtime_call UncommonTrapBlob}
  0x00007240a0574da4: c5f8 77e8 

  0x00007240a0574da8: ; ImmutableOopMap {rbp=Oop [16]=Oop [24]=NarrowOop [52]=NarrowOop [120]=NarrowOop [124]=NarrowOop [136]=NarrowOop [140]=NarrowOop [144]=NarrowOop [148]=NarrowOop [160]=Oop [176]=Oop [184]=NarrowOop [192]=Oop }
                      ;*newarray {reexecute=1 rethrow=0 return_oop=0}
                      ; - (reexecute) org.apache.xml.utils.NodeVector::push@61 (line 164)
                      ; - org.apache.xalan.transformer.TransformerImpl::pushPairCurrentMatched@14 (line 2730)
                      ; - org.apache.xalan.templates.ElemApplyTemplates::transformSelectedNodes@553 (line 335)
  0x00007240a0574da8: 5455 6fff 

  0x00007240a0574dac: ;   {other}
  0x00007240a0574dac: 0f1f 8400 | 9c74 00a6 | 4d63 dbe9 | 87c5 ffff | 4d63 c8e9 | d1c6 ffff | 4963 cae9 | 3dc8 ffff 
  0x00007240a0574dcc: 4963 d9e9 | bcc9 ffff | 4983 c3fe | 498b cb49 | 8bfa 4833 | c048 83f9 | 087f 1048 | ffc9 784f 
  0x00007240a0574dec: 4889 04cf | 48ff c97d | f7eb 44c5 | fdef c0e9 | 0d00 0000 | c5fe 7f07 | c5fe 7f47 | 2048 83c7 
  0x00007240a0574e0c: 4048 83e9 | 087d ed48 | 83c1 047c | 0cc5 fe7f | 0748 83c7 | 2048 83e9 | 0448 83c1 | 047e 1048 
  0x00007240a0574e2c: ffc9 c5f9 | d607 4883 | c708 48ff | c97d f3e9 | 1dc9 ffff | 4983 c3fe | 498b cb49 | 8bfa 4833 
  0x00007240a0574e4c: c048 83f9 | 087f 1048 | ffc9 784f | 4889 04cf | 48ff c97d | f7eb 44c5 | fdef c0e9 | 0d00 0000 
  0x00007240a0574e6c: c5fe 7f07 | c5fe 7f47 | 2048 83c7 | 4048 83e9 | 087d ed48 | 83c1 047c | 0cc5 fe7f | 0748 83c7 
  0x00007240a0574e8c: 2048 83e9 | 0448 83c1 | 047e 1048 | ffc9 c5f9 | d607 4883 | c708 48ff | c97d f3e9 

  0x00007240a0574ea8: ;   {no_reloc}
  0x00007240a0574ea8: 2eca ffff | becc ffff | ff48 8b6c | 2410 6690 

  0x00007240a0574eb8: ;   {runtime_call UncommonTrapBlob}
  0x00007240a0574eb8: c5f8 77e8 

  0x00007240a0574ebc: ; ImmutableOopMap {rbp=Oop [24]=NarrowOop [40]=NarrowOop [80]=Oop [104]=Oop [136]=NarrowOop [140]=NarrowOop }
                      ;*newarray {reexecute=1 rethrow=0 return_oop=0}
                      ; - (reexecute) org.apache.xml.utils.IntStack::push@30 (line 79)
                      ; - org.apache.xpath.XPathContext::pushCurrentNode@5 (line 793)
                      ; - org.apache.xalan.templates.ElemApplyTemplates::transformSelectedNodes@67 (line 219)
  0x00007240a0574ebc: 4054 6fff 

  0x00007240a0574ec0: ;   {other}
  0x00007240a0574ec0: 0f1f 8400 | b075 00a7 | becc ffff | ff48 8b6c | 2430 448b | 5c24 3844 | 895c 2418 

  0x00007240a0574edc: ;   {runtime_call UncommonTrapBlob}
  0x00007240a0574edc: c5f8 77e8 

  0x00007240a0574ee0: ; ImmutableOopMap {rbp=Oop [24]=NarrowOop [60]=NarrowOop [80]=Oop [104]=Oop [136]=NarrowOop [140]=NarrowOop }
                      ;*newarray {reexecute=1 rethrow=0 return_oop=0}
                      ; - (reexecute) org.apache.xml.utils.IntStack::push@30 (line 79)
                      ; - org.apache.xpath.XPathContext::pushCurrentExpressionNode@5 (line 899)
                      ; - org.apache.xalan.templates.ElemApplyTemplates::transformSelectedNodes@72 (line 220)
  0x00007240a0574ee0: 1c54 6fff 

  0x00007240a0574ee4: ;   {other}
  0x00007240a0574ee4: 0f1f 8400 | d475 00a8 | bede ffff | ff4c 8b54 | 2430 4c89 | 5424 104c | 8b54 2468 | 4c89 5424 
  0x00007240a0574f04: 1844 8b5c | 2438 4489 | 5c24 2044 | 8b54 2448 | 4489 5424 | 2444 8b5c | 2440 4489 | 5c24 3044 
  0x00007240a0574f24: 8b54 2444 | 4489 5424 | 3466 6690 

  0x00007240a0574f30: ;   {runtime_call UncommonTrapBlob}
  0x00007240a0574f30: c5f8 77e8 

  0x00007240a0574f34: ; ImmutableOopMap {rbp=NarrowOop [16]=Oop [24]=Oop [32]=NarrowOop [60]=NarrowOop [120]=NarrowOop [124]=NarrowOop [136]=NarrowOop [140]=NarrowOop [144]=NarrowOop [148]=NarrowOop [160]=Oop [176]=Oop }
                      ;*checkcast {reexecute=0 rethrow=0 return_oop=0}
                      ; - org.apache.xalan.transformer.TransformerImpl::getMode@21 (line 3195)
                      ; - org.apache.xalan.templates.ElemApplyTemplates::transformSelectedNodes@389 (line 294)
  0x00007240a0574f34: c853 6fff 

  0x00007240a0574f38: ;   {other}
  0x00007240a0574f38: 0f1f 8400 | 2876 00a9 | bef6 ffff | ff48 8b6c | 2430 448b | 5c24 3844 | 895c 2418 | 448b 5424 
  0x00007240a0574f58: 4844 8954 | 241c 448b | 5c24 4044 | 895c 2428 | 448b 5424 | 4444 8954 | 242c 448b | 5c24 3c44 
  0x00007240a0574f78: 895c 2434 | 4489 4c24 | 5066 6690 

  0x00007240a0574f84: ;   {runtime_call UncommonTrapBlob}
  0x00007240a0574f84: c5f8 77e8 

  0x00007240a0574f88: ; ImmutableOopMap {rbp=Oop [24]=NarrowOop [52]=NarrowOop [104]=Oop [120]=NarrowOop [124]=NarrowOop [132]=NarrowOop [136]=NarrowOop [140]=NarrowOop [144]=NarrowOop [148]=NarrowOop [160]=Oop }
                      ;*iastore {reexecute=0 rethrow=0 return_oop=0}
                      ; - org.apache.xml.utils.IntStack::setTop@11 (line 159)
                      ; - org.apache.xalan.templates.ElemApplyTemplates::transformSelectedNodes@337 (line 282)
  0x00007240a0574f88: 7453 6fff 

  0x00007240a0574f8c: ;   {other}
  0x00007240a0574f8c: 0f1f 8400 | 7c76 00aa | bef6 ffff | ff48 8b6c | 2430 448b | 5424 3844 | 8954 2418 | 448b 5c24 
  0x00007240a0574fac: 4844 895c | 241c 448b | 5424 4044 | 8954 2428 | 448b 5c24 | 4444 895c | 242c 448b | 5c24 3c44 
  0x00007240a0574fcc: 895c 2434 | 4489 4c24 | 5066 6690 

  0x00007240a0574fd8: ;   {runtime_call UncommonTrapBlob}
  0x00007240a0574fd8: c5f8 77e8 

  0x00007240a0574fdc: ; ImmutableOopMap {rbp=Oop [24]=NarrowOop [52]=NarrowOop [104]=Oop [120]=NarrowOop [124]=NarrowOop [132]=NarrowOop [136]=NarrowOop [140]=NarrowOop [144]=NarrowOop [148]=NarrowOop [160]=Oop }
                      ;*iastore {reexecute=0 rethrow=0 return_oop=0}
                      ; - org.apache.xml.utils.IntStack::setTop@11 (line 159)
                      ; - org.apache.xalan.templates.ElemApplyTemplates::transformSelectedNodes@344 (line 283)
  0x00007240a0574fdc: 2053 6fff 

  0x00007240a0574fe0: ;   {other}
  0x00007240a0574fe0: 0f1f 8400 | d076 00ab | bef6 ffff | ff48 8b6c | 2430 448b | 5424 3844 | 8954 2418 | 448b 5c24 
  0x00007240a0575000: 4844 895c | 241c 448b | 5424 4044 | 8954 2428 | 448b 5c24 | 4444 895c | 242c 448b | 5c24 3c44 
  0x00007240a0575020: 895c 2434 

  0x00007240a0575024: ;   {runtime_call UncommonTrapBlob}
  0x00007240a0575024: c5f8 77e8 

  0x00007240a0575028: ; ImmutableOopMap {rbp=Oop [24]=NarrowOop [52]=NarrowOop [104]=Oop [120]=NarrowOop [124]=NarrowOop [132]=NarrowOop [136]=NarrowOop [140]=NarrowOop [144]=NarrowOop [148]=NarrowOop [160]=Oop }
                      ;*invokevirtual getDTM {reexecute=0 rethrow=0 return_oop=0}
                      ; - org.apache.xpath.XPathContext::getDTM@5 (line 171)
                      ; - org.apache.xalan.templates.ElemApplyTemplates::transformSelectedNodes@350 (line 285)
  0x00007240a0575028: d452 6fff 

  0x00007240a057502c: ;   {other}
  0x00007240a057502c: 0f1f 8400 | 1c77 00ac | bef6 ffff | ff48 8b6c | 2430 448b | 5424 3844 | 8954 2418 | 448b 5c24 
  0x00007240a057504c: 4844 895c | 241c 448b | 5424 4044 | 8954 2428 | 448b 5c24 | 4444 895c | 242c 448b | 5424 3c44 
  0x00007240a057506c: 8954 2434 | 895c 2454 

  0x00007240a0575074: ;   {runtime_call UncommonTrapBlob}
  0x00007240a0575074: c5f8 77e8 

  0x00007240a0575078: ; ImmutableOopMap {rbp=Oop [24]=NarrowOop [52]=NarrowOop [104]=Oop [120]=NarrowOop [124]=NarrowOop [132]=NarrowOop [136]=NarrowOop [140]=NarrowOop [144]=NarrowOop [148]=NarrowOop [160]=Oop [176]=Oop }
                      ;*aaload {reexecute=0 rethrow=0 return_oop=0}
                      ; - org.apache.xml.dtm.ref.DTMManagerDefault::getDTM@8 (line 648)
                      ; - org.apache.xpath.XPathContext::getDTM@5 (line 171)
                      ; - org.apache.xalan.templates.ElemApplyTemplates::transformSelectedNodes@350 (line 285)
  0x00007240a0575078: 8452 6fff 

  0x00007240a057507c: ;   {other}
  0x00007240a057507c: 0f1f 8400 | 6c77 00ad | bef6 ffff | ff48 8b6c | 2430 448b | 5c24 3844 | 895c 2418 | 448b 5424 
  0x00007240a057509c: 4844 8954 | 241c 448b | 5c24 4044 | 895c 2428 | 448b 5424 | 4444 8954 | 242c 448b | 5424 3c44 
  0x00007240a05750bc: 8954 2434 

  0x00007240a05750c0: ;   {runtime_call UncommonTrapBlob}
  0x00007240a05750c0: c5f8 77e8 

  0x00007240a05750c4: ; ImmutableOopMap {rbp=Oop [24]=NarrowOop [52]=NarrowOop [104]=Oop [120]=NarrowOop [124]=NarrowOop [136]=NarrowOop [140]=NarrowOop [144]=NarrowOop [148]=NarrowOop [160]=Oop }
                      ;*invokeinterface getExpandedTypeID {reexecute=0 rethrow=0 return_oop=0}
                      ; - org.apache.xalan.templates.ElemApplyTemplates::transformSelectedNodes@370 (line 290)
  0x00007240a05750c4: 3852 6fff 

  0x00007240a05750c8: ;   {other}
  0x00007240a05750c8: 0f1f 8400 | b877 00ae | bef6 ffff | ff48 8b6c | 2430 448b | 5c24 3844 | 895c 2418 | 448b 5424 
  0x00007240a05750e8: 4844 8954 | 241c 448b | 5c24 4044 | 895c 2428 | 448b 5424 | 4444 8954 | 242c 448b | 5424 3c44 
  0x00007240a0575108: 8954 2434 | 895c 2454 

  0x00007240a0575110: ;   {runtime_call UncommonTrapBlob}
  0x00007240a0575110: c5f8 77e8 

  0x00007240a0575114: ; ImmutableOopMap {rbp=Oop [24]=NarrowOop [52]=NarrowOop [104]=Oop [120]=NarrowOop [124]=NarrowOop [136]=NarrowOop [140]=NarrowOop [144]=NarrowOop [148]=NarrowOop [160]=Oop [176]=Oop }
                      ;*aaload {reexecute=0 rethrow=0 return_oop=0}
                      ; - org.apache.xml.dtm.ref.DTMDefaultBase::makeNodeIdentity@27 (line 945)
                      ; - org.apache.xml.dtm.ref.DTMDefaultBase::getExpandedTypeID@2 (line 1682)
                      ; - org.apache.xalan.templates.ElemApplyTemplates::transformSelectedNodes@370 (line 290)
  0x00007240a0575114: e851 6fff 

  0x00007240a0575118: ;   {other}
  0x00007240a0575118: 0f1f 8400 | 0878 00af | bef6 ffff | ff48 8b6c | 2430 448b | 5c24 3844 | 895c 2418 | 448b 5424 
  0x00007240a0575138: 4844 8954 | 241c 448b | 5c24 4044 | 895c 2428 | 448b 5424 | 4444 8954 | 242c 448b | 5424 3c44 
  0x00007240a0575158: 8954 2434 | 895c 2454 

  0x00007240a0575160: ;   {runtime_call UncommonTrapBlob}
  0x00007240a0575160: c5f8 77e8 

  0x00007240a0575164: ; ImmutableOopMap {rbp=Oop [24]=NarrowOop [52]=NarrowOop [104]=Oop [120]=NarrowOop [124]=NarrowOop [136]=NarrowOop [140]=NarrowOop [144]=NarrowOop [148]=NarrowOop [160]=Oop [176]=Oop }
                      ;*iaload {reexecute=0 rethrow=0 return_oop=0}
                      ; - org.apache.xml.dtm.ref.DTMDefaultBase::makeNodeIdentity@42 (line 948)
                      ; - org.apache.xml.dtm.ref.DTMDefaultBase::getExpandedTypeID@2 (line 1682)
                      ; - org.apache.xalan.templates.ElemApplyTemplates::transformSelectedNodes@370 (line 290)
  0x00007240a0575164: 9851 6fff 

  0x00007240a0575168: ;   {other}
  0x00007240a0575168: 0f1f 8400 | 5878 00b0 | bef6 ffff | ff48 8b6c | 2430 448b | 5c24 3844 | 895c 2418 | 448b 5424 
  0x00007240a0575188: 4844 8954 | 241c 448b | 5c24 4044 | 895c 2428 | 448b 5424 | 4444 8954 | 242c 448b | 5c24 3c44 
  0x00007240a05751a8: 895c 2434 | 4489 4424 | 5466 6690 

  0x00007240a05751b4: ;   {runtime_call UncommonTrapBlob}
  0x00007240a05751b4: c5f8 77e8 

  0x00007240a05751b8: ; ImmutableOopMap {rbp=Oop [24]=NarrowOop [52]=NarrowOop [104]=Oop [120]=NarrowOop [124]=NarrowOop [136]=NarrowOop [140]=NarrowOop [144]=NarrowOop [148]=NarrowOop [160]=Oop [176]=Oop }
                      ;*invokevirtual elementAt {reexecute=0 rethrow=0 return_oop=0}
                      ; - org.apache.xml.dtm.ref.DTMDefaultBase::_exptype@37 (line 489)
                      ; - org.apache.xml.dtm.ref.DTMDefaultBase::getExpandedTypeID@15 (line 1685)
                      ; - org.apache.xalan.templates.ElemApplyTemplates::transformSelectedNodes@370 (line 290)
  0x00007240a05751b8: 4451 6fff 

  0x00007240a05751bc: ;   {other}
  0x00007240a05751bc: 0f1f 8400 | ac78 00b1 | bef6 ffff | ff48 8b6c | 2430 448b | 5c24 3844 | 895c 2418 | 448b 5424 
  0x00007240a05751dc: 4844 8954 | 241c 448b | 5c24 4044 | 895c 2428 | 448b 5424 | 4444 8954 | 242c 448b | 5424 3c44 
  0x00007240a05751fc: 8954 2434 

  0x00007240a0575200: ;   {runtime_call UncommonTrapBlob}
  0x00007240a0575200: c5f8 77e8 

  0x00007240a0575204: ; ImmutableOopMap {rbp=Oop [24]=NarrowOop [52]=NarrowOop [104]=Oop [120]=NarrowOop [124]=NarrowOop [136]=NarrowOop [140]=NarrowOop [144]=NarrowOop [148]=NarrowOop [160]=Oop [176]=Oop }
                      ;*invokevirtual getType {reexecute=0 rethrow=0 return_oop=0}
                      ; - org.apache.xml.dtm.ref.DTMDefaultBase::getNodeType@20 (line 1838)
                      ; - org.apache.xalan.templates.ElemApplyTemplates::transformSelectedNodes@381 (line 292)
  0x00007240a0575204: f850 6fff 

  0x00007240a0575208: ;   {other}
  0x00007240a0575208: 0f1f 8400 | f878 00b2 | bef6 ffff | ff48 8b6c | 2430 448b | 5c24 3844 | 895c 2418 | 448b 5424 
  0x00007240a0575228: 4844 8954 | 241c 448b | 5c24 4044 | 895c 2428 | 448b 5424 | 4444 8954 | 242c 448b | 5424 3c44 
  0x00007240a0575248: 8954 2434 

  0x00007240a057524c: ;   {runtime_call UncommonTrapBlob}
  0x00007240a057524c: c5f8 77e8 

  0x00007240a0575250: ; ImmutableOopMap {rbp=Oop [24]=NarrowOop [52]=NarrowOop [104]=Oop [120]=NarrowOop [124]=NarrowOop [136]=NarrowOop [140]=NarrowOop [144]=NarrowOop [148]=NarrowOop [160]=Oop [176]=Oop }
                      ;*aaload {reexecute=0 rethrow=0 return_oop=0}
                      ; - org.apache.xml.dtm.ref.ExpandedNameTable::getType@5 (line 347)
                      ; - org.apache.xml.dtm.ref.DTMDefaultBase::getNodeType@20 (line 1838)
                      ; - org.apache.xalan.templates.ElemApplyTemplates::transformSelectedNodes@381 (line 292)
  0x00007240a0575250: ac50 6fff 

  0x00007240a0575254: ;   {other}
  0x00007240a0575254: 0f1f 8400 | 4479 00b3 | bef6 ffff | ff48 8b6c | 2430 448b | 5424 3844 | 8954 2418 | 448b 5c24 
  0x00007240a0575274: 4844 895c | 241c 448b | 5424 4044 | 8954 2428 | 448b 5c24 | 4444 895c | 242c 448b | 5c24 3c44 
  0x00007240a0575294: 895c 2434 

  0x00007240a0575298: ;   {runtime_call UncommonTrapBlob}
  0x00007240a0575298: c5f8 77e8 

  0x00007240a057529c: ; ImmutableOopMap {rbp=Oop [24]=NarrowOop [52]=NarrowOop [104]=Oop [120]=NarrowOop [124]=NarrowOop [136]=NarrowOop [140]=NarrowOop [144]=NarrowOop [148]=NarrowOop [160]=Oop [176]=Oop }
                      ;*invokevirtual getNodeType {reexecute=0 rethrow=0 return_oop=0}
                      ; - org.apache.xml.dtm.ref.ExpandedNameTable::getType@6 (line 347)
                      ; - org.apache.xml.dtm.ref.DTMDefaultBase::getNodeType@20 (line 1838)
                      ; - org.apache.xalan.templates.ElemApplyTemplates::transformSelectedNodes@381 (line 292)
  0x00007240a057529c: 6050 6fff 

  0x00007240a05752a0: ;   {other}
  0x00007240a05752a0: 0f1f 8400 | 9079 00b4 | bef6 ffff | ff48 8b6c | 2430 448b | 5424 3844 | 8954 2418 | 448b 5c24 
  0x00007240a05752c0: 4844 895c | 241c 448b | 5424 4044 | 8954 2428 | 448b 5424 | 4444 8954 | 242c 448b | 5424 3c44 
  0x00007240a05752e0: 8954 2434 | 4489 4424 | 5466 6690 

  0x00007240a05752ec: ;   {runtime_call UncommonTrapBlob}
  0x00007240a05752ec: c5f8 77e8 

  0x00007240a05752f0: ; ImmutableOopMap {rbp=Oop [24]=NarrowOop [52]=NarrowOop [104]=Oop [120]=NarrowOop [124]=NarrowOop [136]=NarrowOop [140]=NarrowOop [144]=NarrowOop [148]=NarrowOop [160]=Oop [176]=Oop }
                      ;*iaload {reexecute=0 rethrow=0 return_oop=0}
                      ; - org.apache.xml.utils.SuballocatedIntVector::elementAt@13 (line 440)
                      ; - org.apache.xml.dtm.ref.DTMDefaultBase::_exptype@37 (line 489)
                      ; - org.apache.xml.dtm.ref.DTMDefaultBase::getExpandedTypeID@15 (line 1685)
                      ; - org.apache.xalan.templates.ElemApplyTemplates::transformSelectedNodes@370 (line 290)
  0x00007240a05752f0: 0c50 6fff 

  0x00007240a05752f4: ;   {other}
  0x00007240a05752f4: 0f1f 8400 | e479 00b5 | bef6 ffff | ff48 8b6c | 2430 448b | 5424 3844 | 8954 2418 | 448b 5c24 
  0x00007240a0575314: 4844 895c | 241c 448b | 5424 4044 | 8954 2428 | 448b 5c24 | 4444 895c | 242c 448b | 5c24 3c44 
  0x00007240a0575334: 895c 2434 

  0x00007240a0575338: ;   {runtime_call UncommonTrapBlob}
  0x00007240a0575338: c5f8 77e8 

  0x00007240a057533c: ; ImmutableOopMap {rbp=Oop [24]=NarrowOop [52]=NarrowOop [104]=Oop [120]=NarrowOop [124]=NarrowOop [136]=NarrowOop [140]=NarrowOop [144]=NarrowOop [148]=NarrowOop [160]=Oop [176]=Oop [184]=NarrowOop }
                      ;*arraylength {reexecute=0 rethrow=0 return_oop=0}
                      ; - java.util.Vector::add@2 (line 781)
                      ; - java.util.Vector::addElement@20 (line 617)
                      ; - java.util.Stack::push@2 (line 68)
                      ; - org.apache.xalan.transformer.TransformerImpl::pushPairCurrentMatched@5 (line 2729)
                      ; - org.apache.xalan.templates.ElemApplyTemplates::transformSelectedNodes@498 (line 315)
  0x00007240a057533c: c04f 6fff 

  0x00007240a0575340: ;   {other}
  0x00007240a0575340: 0f1f 8400 | 307a 00b6 | bef6 ffff | ff48 8b6c | 2430 448b | 5c24 3844 | 895c 2418 | 448b 5424 
  0x00007240a0575360: 4844 8954 | 241c 448b | 5c24 4044 | 895c 2428 | 448b 5424 | 4444 8954 | 242c 448b | 5424 3c44 
  0x00007240a0575380: 8954 2434 

  0x00007240a0575384: ;   {runtime_call UncommonTrapBlob}
  0x00007240a0575384: c5f8 77e8 

  0x00007240a0575388: ; ImmutableOopMap {rbp=Oop [24]=NarrowOop [52]=NarrowOop [104]=Oop [120]=NarrowOop [124]=NarrowOop [136]=NarrowOop [140]=NarrowOop [144]=NarrowOop [148]=NarrowOop [160]=Oop [176]=Oop }
                      ;*invokevirtual push {reexecute=0 rethrow=0 return_oop=0}
                      ; - org.apache.xalan.transformer.TransformerImpl::pushPairCurrentMatched@14 (line 2730)
                      ; - org.apache.xalan.templates.ElemApplyTemplates::transformSelectedNodes@498 (line 315)
  0x00007240a0575388: 744f 6fff 

  0x00007240a057538c: ;   {other}
  0x00007240a057538c: 0f1f 8400 | 7c7a 00b7 | bef6 ffff | ff48 8b6c | 2430 448b | 5c24 3844 | 895c 2418 | 448b 4424 
  0x00007240a05753ac: 4844 8944 | 241c 448b | 5c24 4044 | 895c 2428 | 448b 4424 | 4444 8944 | 242c 448b | 4424 3c44 
  0x00007240a05753cc: 8944 2434 | 4489 5424 | 5466 6690 

  0x00007240a05753d8: ;   {runtime_call UncommonTrapBlob}
  0x00007240a05753d8: c5f8 77e8 

  0x00007240a05753dc: ; ImmutableOopMap {rbp=Oop [24]=NarrowOop [52]=NarrowOop [84]=NarrowOop [104]=Oop [120]=NarrowOop [124]=NarrowOop [136]=NarrowOop [140]=NarrowOop [144]=NarrowOop [148]=NarrowOop [160]=Oop [176]=Oop }
                      ;*invokevirtual setTop {reexecute=0 rethrow=0 return_oop=0}
                      ; - org.apache.xalan.transformer.TransformerImpl::setCurrentElement@5 (line 2644)
                      ; - org.apache.xalan.templates.ElemApplyTemplates::transformSelectedNodes@507 (line 316)
  0x00007240a05753dc: 204f 6fff 

  0x00007240a05753e0: ;   {other}
  0x00007240a05753e0: 0f1f 8400 | d07a 00b8 | bef6 ffff | ff48 8b6c | 2430 448b | 5c24 3844 | 895c 2418 | 448b 4c24 
  0x00007240a0575400: 4844 894c | 241c 448b | 5c24 4044 | 895c 2428 | 448b 4c24 | 4444 894c | 242c 448b | 4c24 3c44 
  0x00007240a0575420: 894c 2434 | 4489 4424 | 5444 8954 | 2458 6690 

  0x00007240a0575430: ;   {runtime_call UncommonTrapBlob}
  0x00007240a0575430: c5f8 77e8 

  0x00007240a0575434: ; ImmutableOopMap {rbp=Oop [24]=NarrowOop [52]=NarrowOop [88]=NarrowOop [104]=Oop [120]=NarrowOop [124]=NarrowOop [136]=NarrowOop [140]=NarrowOop [144]=NarrowOop [148]=NarrowOop [160]=Oop [176]=Oop }
                      ;*aastore {reexecute=1 rethrow=0 return_oop=0}
                      ; - (reexecute) org.apache.xml.utils.ObjectStack::setTop@11 (line 162)
                      ; - org.apache.xalan.transformer.TransformerImpl::setCurrentElement@5 (line 2644)
                      ; - org.apache.xalan.templates.ElemApplyTemplates::transformSelectedNodes@507 (line 316)
  0x00007240a0575434: c84e 6fff 

  0x00007240a0575438: ;   {other}
  0x00007240a0575438: 0f1f 8400 | 287b 00b9 | bef6 ffff | ff4c 8b54 | 2430 4c89 | 5424 104c | 8b54 2468 | 4c89 5424 
  0x00007240a0575458: 1844 8b5c | 2438 4489 | 5c24 2044 | 8b54 2448 | 4489 5424 | 2444 8b5c | 2440 4489 | 5c24 3044 
  0x00007240a0575478: 8b54 2444 | 4489 5424 | 3444 8944 | 2460 6690 

  0x00007240a0575488: ;   {runtime_call UncommonTrapBlob}
  0x00007240a0575488: c5f8 77e8 

  0x00007240a057548c: ; ImmutableOopMap {rbp=NarrowOop [16]=Oop [24]=Oop [32]=NarrowOop [60]=NarrowOop [120]=NarrowOop [124]=NarrowOop [136]=NarrowOop [140]=NarrowOop [144]=NarrowOop [148]=NarrowOop [160]=Oop [176]=Oop }
                      ;*aaload {reexecute=0 rethrow=0 return_oop=0}
                      ; - java.util.Vector::elementData@5 (line 731)
                      ; - java.util.Vector::elementAt@44 (line 469)
                      ; - java.util.Stack::peek@21 (line 104)
                      ; - java.util.Stack::pop@6 (line 85)
                      ; - org.apache.xalan.transformer.TransformerImpl::popCurrentMatched@4 (line 2738)
                      ; - org.apache.xalan.templates.ElemApplyTemplates::transformSelectedNodes@523 (line 319)
  0x00007240a057548c: 704e 6fff 

  0x00007240a0575490: ;   {other}
  0x00007240a0575490: 0f1f 8400 | 807b 00ba | bef6 ffff | ff48 8b6c | 2430 448b | 5424 3844 | 8954 2418 | 448b 5c24 
  0x00007240a05754b0: 4844 895c | 241c 448b | 5424 4044 | 8954 2428 | 448b 5c24 | 4444 895c | 242c 448b | 5c24 3c44 
  0x00007240a05754d0: 895c 2434 

  0x00007240a05754d4: ;   {runtime_call UncommonTrapBlob}
  0x00007240a05754d4: c5f8 77e8 

  0x00007240a05754d8: ; ImmutableOopMap {rbp=Oop [24]=NarrowOop [52]=NarrowOop [104]=Oop [120]=NarrowOop [124]=NarrowOop [136]=NarrowOop [140]=NarrowOop [144]=NarrowOop [148]=NarrowOop [160]=Oop [176]=Oop }
                      ;*invokevirtual pop {reexecute=0 rethrow=0 return_oop=0}
                      ; - org.apache.xalan.transformer.TransformerImpl::popCurrentMatched@12 (line 2739)
                      ; - org.apache.xalan.templates.ElemApplyTemplates::transformSelectedNodes@523 (line 319)
  0x00007240a05754d8: 244e 6fff 

  0x00007240a05754dc: ;   {other}
  0x00007240a05754dc: 0f1f 8400 | cc7b 00bb | bef6 ffff | ff48 8b6c | 2430 448b | 5c24 3844 | 895c 2418 | 448b 5424 
  0x00007240a05754fc: 4844 8954 | 241c 448b | 5c24 4044 | 895c 2428 | 448b 5424 | 4444 8954 | 242c 448b | 5c24 3c44 
  0x00007240a057551c: 895c 2434 | 4489 4424 | 5066 6690 

  0x00007240a0575528: ;   {runtime_call UncommonTrapBlob}
  0x00007240a0575528: c5f8 77e8 

  0x00007240a057552c: ; ImmutableOopMap {rbp=Oop [24]=NarrowOop [52]=NarrowOop [104]=Oop [120]=NarrowOop [124]=NarrowOop [136]=NarrowOop [140]=NarrowOop [144]=NarrowOop [148]=NarrowOop [160]=Oop [176]=Oop }
                      ;*iaload {reexecute=0 rethrow=0 return_oop=0}
                      ; - org.apache.xml.utils.NodeVector::pop@18 (line 189)
                      ; - org.apache.xalan.transformer.TransformerImpl::popCurrentMatched@12 (line 2739)
                      ; - org.apache.xalan.templates.ElemApplyTemplates::transformSelectedNodes@523 (line 319)
  0x00007240a057552c: d04d 6fff 

  0x00007240a0575530: ;   {other}
  0x00007240a0575530: 0f1f 8400 | 207c 00bc | bef6 ffff | ff48 8b6c | 2430 4c8b | 5424 684c | 8954 2410 | 448b 5424 
  0x00007240a0575550: 3844 8954 | 2418 448b | 5c24 4844 | 895c 241c | 448b 5424 | 4044 8954 | 2428 448b | 5c24 4444 
  0x00007240a0575570: 895c 242c | 448b 5c24 | 3c44 895c | 2434 6690 

  0x00007240a0575580: ;   {runtime_call UncommonTrapBlob}
  0x00007240a0575580: c5f8 77e8 

  0x00007240a0575584: ; ImmutableOopMap {rbp=Oop [16]=Oop [24]=NarrowOop [52]=NarrowOop [120]=NarrowOop [124]=NarrowOop [136]=NarrowOop [140]=NarrowOop [144]=NarrowOop [148]=NarrowOop [160]=Oop [176]=Oop [192]=Oop [200]=Oop }
                      ;*invokevirtual setTop {reexecute=0 rethrow=0 return_oop=0}
                      ; - org.apache.xpath.XPathContext::setSAXLocator@5 (line 405)
                      ; - org.apache.xalan.templates.ElemApplyTemplates::transformSelectedNodes@763 (line 391)
  0x00007240a0575584: 784d 6fff 

  0x00007240a0575588: ;   {other}
  0x00007240a0575588: 0f1f 8400 | 787c 00bd | bef6 ffff | ff48 8b6c | 2430 4c8b | 5424 684c | 8954 2410 | 448b 4424 
  0x00007240a05755a8: 3844 8944 | 2418 448b | 5424 4844 | 8954 241c | 448b 4424 | 4044 8944 | 2428 448b | 5424 4444 
  0x00007240a05755c8: 8954 242c | 448b 5424 | 3c44 8954 | 2434 4489 | 5c24 5c90 

  0x00007240a05755dc: ;   {runtime_call UncommonTrapBlob}
  0x00007240a05755dc: c5f8 77e8 

  0x00007240a05755e0: ; ImmutableOopMap {rbp=Oop [16]=Oop [24]=NarrowOop [52]=NarrowOop [120]=NarrowOop [124]=NarrowOop [136]=NarrowOop [140]=NarrowOop [144]=NarrowOop [148]=NarrowOop [160]=Oop [176]=Oop [192]=Oop [200]=Oop }
                      ;*aastore {reexecute=1 rethrow=0 return_oop=0}
                      ; - (reexecute) org.apache.xml.utils.ObjectStack::setTop@11 (line 162)
                      ; - org.apache.xpath.XPathContext::setSAXLocator@5 (line 405)
                      ; - org.apache.xalan.templates.ElemApplyTemplates::transformSelectedNodes@763 (line 391)
  0x00007240a05755e0: 1c4d 6fff 

  0x00007240a05755e4: ;   {other}
  0x00007240a05755e4: 0f1f 8400 | d47c 00be | bef6 ffff | ff48 8b6c | 2430 4c8b | 5424 684c | 8954 2410 | 448b 5c24 
  0x00007240a0575604: 3844 895c | 2418 448b | 5424 4844 | 8954 241c | 448b 5c24 | 4044 895c | 2428 448b | 5424 4444 
  0x00007240a0575624: 8954 242c | 448b 5424 | 3c44 8954 | 2434 6690 

  0x00007240a0575634: ;   {runtime_call UncommonTrapBlob}
  0x00007240a0575634: c5f8 77e8 

  0x00007240a0575638: ; ImmutableOopMap {rbp=Oop [16]=Oop [24]=NarrowOop [52]=NarrowOop [120]=NarrowOop [124]=NarrowOop [136]=NarrowOop [140]=NarrowOop [144]=NarrowOop [148]=NarrowOop [160]=Oop [176]=Oop [192]=Oop [200]=Oop }
                      ;*invokevirtual push {reexecute=0 rethrow=0 return_oop=0}
                      ; - org.apache.xalan.transformer.TransformerImpl::pushElemTemplateElement@5 (line 2624)
                      ; - org.apache.xalan.templates.ElemApplyTemplates::transformSelectedNodes@769 (line 394)
  0x00007240a0575638: c44c 6fff 

  0x00007240a057563c: ;   {other}
  0x00007240a057563c: 0f1f 8400 | 2c7d 00bf | bef6 ffff | ff48 8b6c | 2430 4c8b | 5424 684c | 8954 2410 | 448b 4424 
  0x00007240a057565c: 3844 8944 | 2418 448b | 5424 4844 | 8954 241c | 448b 4424 | 4044 8944 | 2428 448b | 5424 4444 
  0x00007240a057567c: 8954 242c | 448b 5424 | 3c44 8954 | 2434 4489 | 5c24 5c90 

  0x00007240a0575690: ;   {runtime_call UncommonTrapBlob}
  0x00007240a0575690: c5f8 77e8 

  0x00007240a0575694: ; ImmutableOopMap {rbp=Oop [16]=Oop [24]=NarrowOop [52]=NarrowOop [120]=NarrowOop [124]=NarrowOop [136]=NarrowOop [140]=NarrowOop [144]=NarrowOop [148]=NarrowOop [160]=Oop [176]=Oop [192]=Oop [200]=Oop }
                      ;*aastore {reexecute=1 rethrow=0 return_oop=0}
                      ; - (reexecute) org.apache.xml.utils.ObjectStack::push@64 (line 86)
                      ; - org.apache.xalan.transformer.TransformerImpl::pushElemTemplateElement@5 (line 2624)
                      ; - org.apache.xalan.templates.ElemApplyTemplates::transformSelectedNodes@769 (line 394)
  0x00007240a0575694: 684c 6fff 

  0x00007240a0575698: ;   {other}
  0x00007240a0575698: 0f1f 8400 | 887d 00c0 | bef6 ffff | ff48 8b6c | 2430 4c89 | 5424 1044 | 8b54 2438 | 4489 5424 
  0x00007240a05756b8: 1844 8b5c | 2448 4489 | 5c24 1c44 | 8b54 2440 | 4489 5424 | 2844 8b5c | 2444 4489 | 5c24 2c44 
  0x00007240a05756d8: 8b54 243c | 4489 5424 | 3466 6690 

  0x00007240a05756e4: ;   {runtime_call UncommonTrapBlob}
  0x00007240a05756e4: c5f8 77e8 

  0x00007240a05756e8: ; ImmutableOopMap {rbp=Oop [16]=Oop [24]=NarrowOop [52]=NarrowOop [120]=NarrowOop [124]=NarrowOop [136]=NarrowOop [140]=NarrowOop [144]=NarrowOop [148]=NarrowOop [160]=Oop [176]=Oop [192]=Oop [200]=Oop }
                      ;*invokevirtual pop {reexecute=0 rethrow=0 return_oop=0}
                      ; - org.apache.xalan.transformer.TransformerImpl::popElemTemplateElement@4 (line 2632)
                      ; - org.apache.xalan.templates.ElemApplyTemplates::transformSelectedNodes@795 (line 399)
  0x00007240a05756e8: 144c 6fff 

  0x00007240a05756ec: ;   {other}
  0x00007240a05756ec: 0f1f 8400 | dc7d 00c1 | bef6 ffff | ff48 8b6c | 2430 4c8b | 5424 684c | 8954 2410 | 448b 5c24 
  0x00007240a057570c: 3844 895c | 2418 448b | 5424 4844 | 8954 241c | 448b 5c24 | 4044 895c | 2428 448b | 5424 4444 
  0x00007240a057572c: 8954 242c | 448b 5c24 | 3c44 895c | 2434 4489 | 4424 5c90 

  0x00007240a0575740: ;   {runtime_call UncommonTrapBlob}
  0x00007240a0575740: c5f8 77e8 

  0x00007240a0575744: ; ImmutableOopMap {rbp=Oop [16]=Oop [24]=NarrowOop [52]=NarrowOop [120]=NarrowOop [124]=NarrowOop [136]=NarrowOop [140]=NarrowOop [144]=NarrowOop [148]=NarrowOop [160]=Oop [176]=Oop [192]=Oop [200]=Oop }
                      ;*aaload {reexecute=0 rethrow=0 return_oop=0}
                      ; - org.apache.xml.utils.ObjectStack::pop@15 (line 101)
                      ; - org.apache.xalan.transformer.TransformerImpl::popElemTemplateElement@4 (line 2632)
                      ; - org.apache.xalan.templates.ElemApplyTemplates::transformSelectedNodes@795 (line 399)
  0x00007240a0575744: b84b 6fff 

  0x00007240a0575748: ;   {other}
  0x00007240a0575748: 0f1f 8400 | 387e 00c2 | be45 ffff | ff48 8b6c | 2430 4c8b | 5c24 684c | 895c 2410 | 448b 5c24 
  0x00007240a0575768: 3844 895c | 2418 448b | 4424 4844 | 8944 241c | 448b 5c24 | 4044 895c | 2428 448b | 4424 4444 
  0x00007240a0575788: 8944 242c | 448b 5c24 | 3c44 895c | 2434 4c8b | 9c24 b000 | 0000 4c89 | 5c24 4044 | 8954 2468 
  0x00007240a05757a8: ;   {runtime_call UncommonTrapBlob}
  0x00007240a05757a8: c5f8 77e8 

  0x00007240a05757ac: ; ImmutableOopMap {rbp=Oop [16]=Oop [24]=NarrowOop [52]=NarrowOop [64]=Oop [104]=NarrowOop [120]=NarrowOop [124]=NarrowOop [136]=NarrowOop [140]=NarrowOop [144]=NarrowOop [148]=NarrowOop [160]=Oop }
                      ;*ifnull {reexecute=1 rethrow=0 return_oop=0}
                      ; - (reexecute) org.apache.xml.dtm.ref.DTMDefaultBase::makeNodeIdentity@11 (line 933)
                      ; - org.apache.xml.dtm.ref.DTMDefaultBase::getExpandedTypeID@2 (line 1682)
                      ; - org.apache.xalan.templates.ElemApplyTemplates::transformSelectedNodes@370 (line 290)
  0x00007240a05757ac: 504b 6fff 

  0x00007240a05757b0: ;   {other}
  0x00007240a05757b0: 0f1f 8400 | a07e 00c3 | bef6 ffff | ff48 8b6c | 2410 6690 

  0x00007240a05757c4: ;   {runtime_call UncommonTrapBlob}
  0x00007240a05757c4: c5f8 77e8 

  0x00007240a05757c8: ; ImmutableOopMap {rbp=Oop }
                      ;*invokevirtual getXPathContext {reexecute=0 rethrow=0 return_oop=0}
                      ; - org.apache.xalan.templates.ElemApplyTemplates::transformSelectedNodes@1 (line 205)
  0x00007240a05757c8: 344b 6fff 

  0x00007240a05757cc: ;   {other}
  0x00007240a05757cc: 0f1f 8400 | bc7e 00c4 | bef6 ffff | ff48 8b6c | 2410 6690 

  0x00007240a05757e0: ;   {runtime_call UncommonTrapBlob}
  0x00007240a05757e0: c5f8 77e8 

  0x00007240a05757e4: ; ImmutableOopMap {rbp=Oop [64]=Oop }
                      ;*invokevirtual getCurrentNode {reexecute=0 rethrow=0 return_oop=0}
                      ; - org.apache.xalan.templates.ElemApplyTemplates::transformSelectedNodes@6 (line 206)
  0x00007240a05757e4: 184b 6fff 

  0x00007240a05757e8: ;   {other}
  0x00007240a05757e8: 0f1f 8400 | d87e 00c5 | bef6 ffff | ff48 8b6c | 2410 4489 | 7424 1890 

  0x00007240a0575800: ;   {runtime_call UncommonTrapBlob}
  0x00007240a0575800: c5f8 77e8 

  0x00007240a0575804: ; ImmutableOopMap {rbp=Oop [24]=NarrowOop [64]=Oop }
                      ;*invokevirtual peek {reexecute=0 rethrow=0 return_oop=0}
                      ; - org.apache.xpath.XPathContext::getCurrentNode@4 (line 736)
                      ; - org.apache.xalan.templates.ElemApplyTemplates::transformSelectedNodes@6 (line 206)
  0x00007240a0575804: f84a 6fff 

  0x00007240a0575808: ;   {other}
  0x00007240a0575808: 0f1f 8400 | f87e 00c6 | bef6 ffff | ff44 8974 | 2420 6690 

  0x00007240a057581c: ;   {runtime_call UncommonTrapBlob}
  0x00007240a057581c: c5f8 77e8 

  0x00007240a0575820: ; ImmutableOopMap {[16]=Oop [32]=NarrowOop [64]=Oop }
                      ;*iaload {reexecute=0 rethrow=0 return_oop=0}
                      ; - org.apache.xml.utils.IntStack::peek@10 (line 123)
                      ; - org.apache.xpath.XPathContext::getCurrentNode@4 (line 736)
                      ; - org.apache.xalan.templates.ElemApplyTemplates::transformSelectedNodes@6 (line 206)
  0x00007240a0575820: dc4a 6fff 

  0x00007240a0575824: ;   {other}
  0x00007240a0575824: 0f1f 8400 | 147f 00c7 | bef6 ffff | ff48 8b6c | 2410 4489 | 7424 2044 | 895c 2424 

  0x00007240a0575840: ;   {runtime_call UncommonTrapBlob}
  0x00007240a0575840: c5f8 77e8 

  0x00007240a0575844: ; ImmutableOopMap {rbp=Oop [32]=NarrowOop [64]=Oop }
                      ;*invokevirtual asIterator {reexecute=0 rethrow=0 return_oop=0}
                      ; - org.apache.xalan.templates.ElemApplyTemplates::transformSelectedNodes@16 (line 207)
  0x00007240a0575844: b84a 6fff 

  0x00007240a0575848: ;   {other}
  0x00007240a0575848: 0f1f 8400 | 387f 00c8 | bef6 ffff | ff49 8be9 | 897c 2420 

  0x00007240a057585c: ;   {runtime_call UncommonTrapBlob}
  0x00007240a057585c: c5f8 77e8 

  0x00007240a0575860: ; ImmutableOopMap {rbp=Oop [24]=NarrowOop [64]=Oop [80]=Oop }
                      ;*invokevirtual getStackFrame {reexecute=0 rethrow=0 return_oop=0}
                      ; - org.apache.xalan.templates.ElemApplyTemplates::transformSelectedNodes@35 (line 210)
  0x00007240a0575860: 9c4a 6fff 

  0x00007240a0575864: ;   {other}
  0x00007240a0575864: 0f1f 8400 | 547f 00c9 | bef6 ffff | ff49 8be9 | 897c 2420 | 8944 2424 | 894c 2430 

  0x00007240a0575880: ;   {runtime_call UncommonTrapBlob}
  0x00007240a0575880: c5f8 77e8 

  0x00007240a0575884: ; ImmutableOopMap {rbp=Oop [24]=NarrowOop [48]=NarrowOop [64]=Oop [80]=Oop }
                      ;*invokevirtual getRecursionLimit {reexecute=0 rethrow=0 return_oop=0}
                      ; - org.apache.xalan.templates.ElemApplyTemplates::transformSelectedNodes@48 (line 212)
  0x00007240a0575884: 784a 6fff 

  0x00007240a0575888: ;   {other}
  0x00007240a0575888: 0f1f 8400 | 787f 00ca | bef6 ffff | ff49 8be9 | 897c 2420 | 8944 2424 | 894c 2430 | 4489 5424 
  0x00007240a05758a8: 3466 6690 

  0x00007240a05758ac: ;   {runtime_call UncommonTrapBlob}
  0x00007240a05758ac: c5f8 77e8 

  0x00007240a05758b0: ; ImmutableOopMap {rbp=Oop [24]=NarrowOop [48]=NarrowOop [52]=NarrowOop [64]=Oop [80]=Oop }
                      ;*invokevirtual push {reexecute=0 rethrow=0 return_oop=0}
                      ; - org.apache.xpath.XPathContext::pushCurrentNode@5 (line 793)
                      ; - org.apache.xalan.templates.ElemApplyTemplates::transformSelectedNodes@67 (line 219)
  0x00007240a05758b0: 4c4a 6fff 

  0x00007240a05758b4: ;   {other}
  0x00007240a05758b4: 0f1f 8400 | a47f 00cb | bef6 ffff | ff48 8b6c | 2430 448b | 5c24 3844 | 895c 2418 

  0x00007240a05758d0: ;   {runtime_call UncommonTrapBlob}
  0x00007240a05758d0: c5f8 77e8 

  0x00007240a05758d4: ; ImmutableOopMap {rbp=Oop [24]=NarrowOop [80]=Oop [104]=Oop [136]=NarrowOop [140]=NarrowOop }
                      ;*iastore {reexecute=0 rethrow=0 return_oop=0}
                      ; - org.apache.xml.utils.IntStack::push@63 (line 86)
                      ; - org.apache.xpath.XPathContext::pushCurrentNode@5 (line 793)
                      ; - org.apache.xalan.templates.ElemApplyTemplates::transformSelectedNodes@67 (line 219)
  0x00007240a05758d4: 284a 6fff 

  0x00007240a05758d8: ;   {other}
  0x00007240a05758d8: 0f1f 8400 | c87f 00cc | bef6 ffff | ff48 8b6c | 2430 448b | 5424 3844 | 8954 2418 

  0x00007240a05758f4: ;   {runtime_call UncommonTrapBlob}
  0x00007240a05758f4: c5f8 77e8 

  0x00007240a05758f8: ; ImmutableOopMap {rbp=Oop [24]=NarrowOop [80]=Oop [104]=Oop [136]=NarrowOop [140]=NarrowOop }
                      ;*invokevirtual push {reexecute=0 rethrow=0 return_oop=0}
                      ; - org.apache.xpath.XPathContext::pushCurrentExpressionNode@5 (line 899)
                      ; - org.apache.xalan.templates.ElemApplyTemplates::transformSelectedNodes@72 (line 220)
  0x00007240a05758f8: 044a 6fff 

  0x00007240a05758fc: ;   {other}
  0x00007240a05758fc: 0f1f 8400 | ec7f 00cd | bef6 ffff | ff48 8b6c | 2430 448b | 5c24 3844 | 895c 2418 

  0x00007240a0575918: ;   {runtime_call UncommonTrapBlob}
  0x00007240a0575918: c5f8 77e8 

  0x00007240a057591c: ; ImmutableOopMap {rbp=Oop [24]=NarrowOop [80]=Oop [104]=Oop [136]=NarrowOop [140]=NarrowOop }
                      ;*invokevirtual push {reexecute=0 rethrow=0 return_oop=0}
                      ; - org.apache.xpath.XPathContext::pushSAXLocatorNull@5 (line 425)
                      ; - org.apache.xalan.templates.ElemApplyTemplates::transformSelectedNodes@76 (line 221)
  0x00007240a057591c: e049 6fff 

  0x00007240a0575920: ;   {other}
  0x00007240a0575920: 0f1f 8400 | 1080 00ce | bef6 ffff | ff48 8b6c | 2430 448b | 5c24 3844 | 895c 2418 | 4489 5424 
  0x00007240a0575940: 3866 6690 

  0x00007240a0575944: ;   {runtime_call UncommonTrapBlob}
  0x00007240a0575944: c5f8 77e8 

  0x00007240a0575948: ; ImmutableOopMap {rbp=Oop [24]=NarrowOop [80]=Oop [104]=Oop [136]=NarrowOop [140]=NarrowOop }
                      ;*aastore {reexecute=1 rethrow=0 return_oop=0}
                      ; - (reexecute) org.apache.xml.utils.ObjectStack::push@64 (line 86)
                      ; - org.apache.xpath.XPathContext::pushSAXLocatorNull@5 (line 425)
                      ; - org.apache.xalan.templates.ElemApplyTemplates::transformSelectedNodes@76 (line 221)
  0x00007240a0575948: b449 6fff 

  0x00007240a057594c: ;   {other}
  0x00007240a057594c: 0f1f 8400 | 3c80 00cf | bef6 ffff | ff48 8b6c | 2430 448b | 5424 3844 | 8954 2418 

  0x00007240a0575968: ;   {runtime_call UncommonTrapBlob}
  0x00007240a0575968: c5f8 77e8 

  0x00007240a057596c: ; ImmutableOopMap {rbp=Oop [24]=NarrowOop [80]=Oop [104]=Oop [136]=NarrowOop [140]=NarrowOop }
                      ;*invokevirtual push {reexecute=0 rethrow=0 return_oop=0}
                      ; - org.apache.xalan.transformer.TransformerImpl::pushElemTemplateElement@5 (line 2624)
                      ; - org.apache.xalan.templates.ElemApplyTemplates::transformSelectedNodes@81 (line 222)
  0x00007240a057596c: 9049 6fff 

  0x00007240a0575970: ;   {other}
  0x00007240a0575970: 0f1f 8400 | 6080 00d0 | bef6 ffff | ff48 8b6c | 2430 448b | 4424 3844 | 8944 2418 | 4489 5424 
  0x00007240a0575990: 3866 6690 

  0x00007240a0575994: ;   {runtime_call UncommonTrapBlob}
  0x00007240a0575994: c5f8 77e8 

  0x00007240a0575998: ; ImmutableOopMap {rbp=Oop [24]=NarrowOop [80]=Oop [104]=Oop [136]=NarrowOop [140]=NarrowOop }
                      ;*aastore {reexecute=1 rethrow=0 return_oop=0}
                      ; - (reexecute) org.apache.xml.utils.ObjectStack::push@64 (line 86)
                      ; - org.apache.xalan.transformer.TransformerImpl::pushElemTemplateElement@5 (line 2624)
                      ; - org.apache.xalan.templates.ElemApplyTemplates::transformSelectedNodes@81 (line 222)
  0x00007240a0575998: 6449 6fff 

  0x00007240a057599c: ;   {other}
  0x00007240a057599c: 0f1f 8400 | 8c80 00d1 | bef6 ffff | ff48 8b6c | 2430 448b | 5c24 3844 | 895c 2418 

  0x00007240a05759b8: ;   {runtime_call UncommonTrapBlob}
  0x00007240a05759b8: c5f8 77e8 

  0x00007240a05759bc: ; ImmutableOopMap {rbp=Oop [24]=NarrowOop [80]=Oop [104]=Oop [120]=NarrowOop [136]=NarrowOop [140]=NarrowOop }
                      ;*invokevirtual getTemplateListComposed {reexecute=0 rethrow=0 return_oop=0}
                      ; - org.apache.xalan.templates.ElemApplyTemplates::transformSelectedNodes@172 (line 241)
  0x00007240a05759bc: 4049 6fff 

  0x00007240a05759c0: ;   {other}
  0x00007240a05759c0: 0f1f 8400 | b080 00d2 | bef6 ffff | ff48 8b6c | 2430 448b | 5c24 3844 | 895c 2418 | 448b 5c24 
  0x00007240a05759e0: 4044 895c | 2420 448b | 5424 4444 | 8954 2424 | 448b 5424 | 3c44 8954 | 242c 448b | 5424 4844 
  0x00007240a0575a00: 8954 2438 

  0x00007240a0575a04: ;   {runtime_call UncommonTrapBlob}
  0x00007240a0575a04: c5f8 77e8 

  0x00007240a0575a08: ; ImmutableOopMap {rbp=Oop [24]=NarrowOop [44]=NarrowOop [80]=Oop [104]=Oop [120]=NarrowOop [124]=NarrowOop [136]=NarrowOop [140]=NarrowOop }
                      ;*invokevirtual getDTM {reexecute=0 rethrow=0 return_oop=0}
                      ; - org.apache.xpath.XPathContext::getDTM@5 (line 171)
                      ; - org.apache.xalan.templates.ElemApplyTemplates::transformSelectedNodes@185 (line 245)
  0x00007240a0575a08: f448 6fff 

  0x00007240a0575a0c: ;   {other}
  0x00007240a0575a0c: 0f1f 8400 | fc80 00d3 | bef6 ffff | ff4c 8b54 | 2430 4c89 | 5424 1044 | 8b5c 2438 | 4489 5c24 
  0x00007240a0575a2c: 2044 8b5c | 2440 4489 | 5c24 2844 | 8b54 2444 | 4489 5424 | 2c44 8b54 | 243c 4489 | 5424 3444 
  0x00007240a0575a4c: 8b5c 2448 | 4489 5c24 | 404c 8b54 | 2450 4c89 | 5424 4890 

  0x00007240a0575a60: ;   {runtime_call UncommonTrapBlob}
  0x00007240a0575a60: c5f8 77e8 

  0x00007240a0575a64: ; ImmutableOopMap {[16]=Oop [32]=NarrowOop [52]=NarrowOop [72]=Oop [104]=Oop [120]=NarrowOop [124]=NarrowOop [136]=NarrowOop [140]=NarrowOop [144]=Oop }
                      ;*aaload {reexecute=0 rethrow=0 return_oop=0}
                      ; - org.apache.xml.dtm.ref.DTMManagerDefault::getDTM@8 (line 648)
                      ; - org.apache.xpath.XPathContext::getDTM@5 (line 171)
                      ; - org.apache.xalan.templates.ElemApplyTemplates::transformSelectedNodes@185 (line 245)
  0x00007240a0575a64: 9848 6fff 

  0x00007240a0575a68: ;   {other}
  0x00007240a0575a68: 0f1f 8400 | 5881 00d4 | bef6 ffff | ff48 8b6c | 2430 448b | 5c24 3844 | 895c 2418 | 448b 5424 
  0x00007240a0575a88: 4844 8954 | 241c 448b | 5c24 4044 | 895c 2420 | 448b 5424 | 4444 8954 | 2424 448b | 5424 3c44 
  0x00007240a0575aa8: 8954 242c 

  0x00007240a0575aac: ;   {runtime_call UncommonTrapBlob}
  0x00007240a0575aac: c5f8 77e8 

  0x00007240a0575ab0: ; ImmutableOopMap {rbp=Oop [24]=NarrowOop [44]=NarrowOop [76]=NarrowOop [80]=Oop [104]=Oop [120]=NarrowOop [124]=NarrowOop [132]=NarrowOop [136]=NarrowOop [140]=NarrowOop }
                      ;*arraylength {reexecute=0 rethrow=0 return_oop=0}
                      ; - java.util.Vector::add@2 (line 781)
                      ; - java.util.Vector::addElement@20 (line 617)
                      ; - java.util.Stack::push@2 (line 68)
                      ; - org.apache.xpath.XPathContext::pushContextNodeList@5 (line 697)
                      ; - org.apache.xalan.templates.ElemApplyTemplates::transformSelectedNodes@301 (line 270)
  0x00007240a0575ab0: 4c48 6fff 

  0x00007240a0575ab4: ;   {other}
  0x00007240a0575ab4: 0f1f 8400 | a481 00d5 | bef6 ffff | ff48 8b6c | 2430 448b | 5424 3844 | 8954 2418 | 448b 5c24 
  0x00007240a0575ad4: 4844 895c | 241c 448b | 5424 4044 | 8954 2428 | 448b 5c24 | 4444 895c | 242c 448b | 5c24 3c44 
  0x00007240a0575af4: 895c 2434 

  0x00007240a0575af8: ;   {runtime_call UncommonTrapBlob}
  0x00007240a0575af8: c5f8 77e8 

  0x00007240a0575afc: ; ImmutableOopMap {rbp=Oop [24]=NarrowOop [52]=NarrowOop [104]=Oop [120]=NarrowOop [124]=NarrowOop [132]=NarrowOop [136]=NarrowOop [140]=NarrowOop [144]=NarrowOop [148]=NarrowOop [160]=Oop }
                      ;*invokevirtual pop {reexecute=0 rethrow=0 return_oop=0}
                      ; - org.apache.xpath.XPathContext::popSAXLocator@4 (line 434)
                      ; - org.apache.xalan.templates.ElemApplyTemplates::transformSelectedNodes@945 (line 445)
  0x00007240a0575afc: 0048 6fff 

  0x00007240a0575b00: ;   {other}
  0x00007240a0575b00: 0f1f 8400 | f081 00d6 | bef6 ffff | ff4c 8b54 | 2430 4c89 | 5424 1044 | 8b5c 2438 | 4489 5c24 
  0x00007240a0575b20: 2044 8b54 | 2448 4489 | 5424 2444 | 8b5c 2440 | 4489 5c24 | 3044 8b54 | 2444 4489 | 5424 3490 
  0x00007240a0575b40: ;   {runtime_call UncommonTrapBlob}
  0x00007240a0575b40: c5f8 77e8 

  0x00007240a0575b44: ; ImmutableOopMap {[16]=Oop [32]=NarrowOop [60]=NarrowOop [104]=Oop [120]=NarrowOop [124]=NarrowOop [132]=NarrowOop [136]=NarrowOop [140]=NarrowOop [144]=NarrowOop [148]=NarrowOop [160]=Oop }
                      ;*aaload {reexecute=0 rethrow=0 return_oop=0}
                      ; - org.apache.xml.utils.ObjectStack::pop@15 (line 101)
                      ; - org.apache.xpath.XPathContext::popSAXLocator@4 (line 434)
                      ; - org.apache.xalan.templates.ElemApplyTemplates::transformSelectedNodes@945 (line 445)
  0x00007240a0575b44: b847 6fff 

  0x00007240a0575b48: ;   {other}
  0x00007240a0575b48: 0f1f 8400 | 3882 00d7 | bef6 ffff | ff48 8b6c | 2430 448b | 5c24 3844 | 895c 2418 | 448b 5424 
  0x00007240a0575b68: 4844 8954 | 241c 448b | 5c24 4044 | 895c 2428 | 448b 5424 | 4444 8954 | 242c 448b | 5c24 3c44 
  0x00007240a0575b88: 895c 2434 | 4489 4424 | 6066 6690 

  0x00007240a0575b94: ;   {runtime_call UncommonTrapBlob}
  0x00007240a0575b94: c5f8 77e8 

  0x00007240a0575b98: ; ImmutableOopMap {rbp=Oop [24]=NarrowOop [52]=NarrowOop [84]=NarrowOop [104]=Oop [120]=NarrowOop [124]=NarrowOop [132]=NarrowOop [136]=NarrowOop [140]=NarrowOop [144]=NarrowOop [148]=NarrowOop [160]=Oop }
                      ;*aaload {reexecute=0 rethrow=0 return_oop=0}
                      ; - java.util.Vector::elementData@5 (line 731)
                      ; - java.util.Vector::elementAt@44 (line 469)
                      ; - java.util.Stack::peek@21 (line 104)
                      ; - java.util.Stack::pop@6 (line 85)
                      ; - org.apache.xpath.XPathContext::popContextNodeList@25 (line 709)
                      ; - org.apache.xalan.templates.ElemApplyTemplates::transformSelectedNodes@954 (line 446)
  0x00007240a0575b98: 6447 6fff 

  0x00007240a0575b9c: ;   {other}
  0x00007240a0575b9c: 0f1f 8400 | 8c82 00d8 | bef6 ffff | ff48 8b6c | 2430 448b | 5c24 3844 | 895c 2418 | 448b 5424 
  0x00007240a0575bbc: 4844 8954 | 241c 448b | 5c24 4044 | 895c 2428 | 448b 5424 | 4444 8954 | 242c 448b | 5424 3c44 
  0x00007240a0575bdc: 8954 2434 

  0x00007240a0575be0: ;   {runtime_call UncommonTrapBlob}
  0x00007240a0575be0: c5f8 77e8 

  0x00007240a0575be4: ; ImmutableOopMap {rbp=Oop [24]=NarrowOop [52]=NarrowOop [104]=Oop [120]=NarrowOop [124]=NarrowOop [132]=NarrowOop [136]=NarrowOop [140]=NarrowOop [144]=NarrowOop [148]=NarrowOop [160]=Oop }
                      ;*invokevirtual pop {reexecute=0 rethrow=0 return_oop=0}
                      ; - org.apache.xalan.transformer.TransformerImpl::popElemTemplateElement@4 (line 2632)
                      ; - org.apache.xalan.templates.ElemApplyTemplates::transformSelectedNodes@958 (line 447)
  0x00007240a0575be4: 1847 6fff 

  0x00007240a0575be8: ;   {other}
  0x00007240a0575be8: 0f1f 8400 | d882 00d9 | bef6 ffff | ff4c 8b54 | 2430 4c89 | 5424 1044 | 8b54 2438 | 4489 5424 
  0x00007240a0575c08: 2044 8b5c | 2448 4489 | 5c24 2444 | 8b54 2440 | 4489 5424 | 3044 8b5c | 2444 4489 | 5c24 3490 
  0x00007240a0575c28: ;   {runtime_call UncommonTrapBlob}
  0x00007240a0575c28: c5f8 77e8 

  0x00007240a0575c2c: ; ImmutableOopMap {[16]=Oop [32]=NarrowOop [60]=NarrowOop [104]=Oop [120]=NarrowOop [124]=NarrowOop [132]=NarrowOop [136]=NarrowOop [140]=NarrowOop [144]=NarrowOop [148]=NarrowOop [160]=Oop }
                      ;*aaload {reexecute=0 rethrow=0 return_oop=0}
                      ; - org.apache.xml.utils.ObjectStack::pop@15 (line 101)
                      ; - org.apache.xalan.transformer.TransformerImpl::popElemTemplateElement@4 (line 2632)
                      ; - org.apache.xalan.templates.ElemApplyTemplates::transformSelectedNodes@958 (line 447)
  0x00007240a0575c2c: d046 6fff 

  0x00007240a0575c30: ;   {other}
  0x00007240a0575c30: 0f1f 8400 | 2083 00da | bef6 ffff | ff48 8b6c | 2430 448b | 5c24 3844 | 895c 2418 | 448b 5424 
  0x00007240a0575c50: 4844 8954 | 241c 448b | 5c24 4044 | 895c 2428 | 448b 5424 | 4444 8954 | 242c 448b | 5424 3c44 
  0x00007240a0575c70: 8954 2434 

  0x00007240a0575c74: ;   {runtime_call UncommonTrapBlob}
  0x00007240a0575c74: c5f8 77e8 

  0x00007240a0575c78: ; ImmutableOopMap {rbp=Oop [24]=NarrowOop [52]=NarrowOop [104]=Oop [120]=NarrowOop [124]=NarrowOop [132]=NarrowOop [136]=NarrowOop [140]=NarrowOop [144]=NarrowOop [148]=NarrowOop [160]=Oop }
                      ;*invokevirtual quickPop {reexecute=0 rethrow=0 return_oop=0}
                      ; - org.apache.xpath.XPathContext::popCurrentNode@5 (line 801)
                      ; - org.apache.xalan.templates.ElemApplyTemplates::transformSelectedNodes@966 (line 449)
  0x00007240a0575c78: 8446 6fff 

  0x00007240a0575c7c: ;   {other}
  0x00007240a0575c7c: 0f1f 8400 | 6c83 00db | bef6 ffff | ff48 8b6c | 2410 4489 | 7424 2044 | 895c 2424 | 4c89 4424 
  0x00007240a0575c9c: 3044 8954 | 243c 6690 

  0x00007240a0575ca4: ;   {runtime_call UncommonTrapBlob}
  0x00007240a0575ca4: c5f8 77e8 

  0x00007240a0575ca8: ; ImmutableOopMap {rbp=Oop [32]=NarrowOop [48]=Oop [60]=NarrowOop [64]=Oop }
                      ;*invokevirtual isEmpty {reexecute=0 rethrow=0 return_oop=0}
                      ; - org.apache.xpath.axes.IteratorPool::getInstance@4 (line 88)
                      ; - org.apache.xpath.axes.LocPathIterator::asIterator@8 (line 267)
                      ; - org.apache.xalan.templates.ElemApplyTemplates::transformSelectedNodes@16 (line 207)
  0x00007240a0575ca8: 5446 6fff 

  0x00007240a0575cac: ;   {other}
  0x00007240a0575cac: 0f1f 8400 | 9c83 00dc | bef6 ffff | ff48 8b6c | 2430 448b | 5424 3844 | 8954 2418 | 448b 5c24 
  0x00007240a0575ccc: 4844 895c | 241c 448b | 5424 4044 | 8954 2428 | 448b 5c24 | 4444 895c | 242c 448b | 5c24 3c44 
  0x00007240a0575cec: 895c 2434 

  0x00007240a0575cf0: ;   {runtime_call UncommonTrapBlob}
  0x00007240a0575cf0: c5f8 77e8 

  0x00007240a0575cf4: ; ImmutableOopMap {rbp=Oop [24]=NarrowOop [52]=NarrowOop [104]=Oop [120]=NarrowOop [124]=NarrowOop [136]=NarrowOop [140]=NarrowOop [144]=NarrowOop [148]=NarrowOop [160]=Oop [176]=Oop [184]=NarrowOop [192]=Oop }
                      ;*arraylength {reexecute=0 rethrow=0 return_oop=0}
                      ; - java.util.Vector::add@2 (line 781)
                      ; - java.util.Vector::addElement@20 (line 617)
                      ; - java.util.Stack::push@2 (line 68)
                      ; - org.apache.xalan.transformer.TransformerImpl::pushPairCurrentMatched@5 (line 2729)
                      ; - org.apache.xalan.templates.ElemApplyTemplates::transformSelectedNodes@553 (line 335)
  0x00007240a0575cf4: 0846 6fff 

  0x00007240a0575cf8: ;   {other}
  0x00007240a0575cf8: 0f1f 8400 | e883 00dd | bef6 ffff | ff48 8b6c | 2430 448b | 5c24 3844 | 895c 2418 | 448b 5424 
  0x00007240a0575d18: 4844 8954 | 241c 448b | 5c24 4044 | 895c 2428 | 448b 5424 | 4444 8954 | 242c 448b | 5424 3c44 
  0x00007240a0575d38: 8954 2434 

  0x00007240a0575d3c: ;   {runtime_call UncommonTrapBlob}
  0x00007240a0575d3c: c5f8 77e8 

  0x00007240a0575d40: ; ImmutableOopMap {rbp=Oop [24]=NarrowOop [52]=NarrowOop [104]=Oop [120]=NarrowOop [124]=NarrowOop [136]=NarrowOop [140]=NarrowOop [144]=NarrowOop [148]=NarrowOop [160]=Oop [176]=Oop [192]=Oop }
                      ;*invokevirtual push {reexecute=0 rethrow=0 return_oop=0}
                      ; - org.apache.xalan.transformer.TransformerImpl::pushPairCurrentMatched@14 (line 2730)
                      ; - org.apache.xalan.templates.ElemApplyTemplates::transformSelectedNodes@553 (line 335)
  0x00007240a0575d40: bc45 6fff 

  0x00007240a0575d44: ;   {other}
  0x00007240a0575d44: 0f1f 8400 | 3484 00de | be5e ffff | ff48 8b6c | 2430 448b | 5c24 3844 | 895c 2418 | 448b 5424 
  0x00007240a0575d64: 4844 8954 | 241c 448b | 5c24 4044 | 895c 2428 | 448b 5424 | 4444 8954 | 242c 448b | 5424 3c44 
  0x00007240a0575d84: 8954 2434 

  0x00007240a0575d88: ;   {runtime_call UncommonTrapBlob}
  0x00007240a0575d88: c5f8 77e8 

  0x00007240a0575d8c: ; ImmutableOopMap {rbp=Oop [24]=NarrowOop [52]=NarrowOop [104]=Oop [120]=NarrowOop [124]=NarrowOop [136]=NarrowOop [140]=NarrowOop [144]=NarrowOop [148]=NarrowOop [160]=Oop [176]=Oop }
                      ;*getfield m_frameSize {reexecute=1 rethrow=0 return_oop=0}
                      ; - (reexecute) org.apache.xalan.templates.ElemApplyTemplates::transformSelectedNodes@568 (line 340)
  0x00007240a0575d8c: 7045 6fff 

  0x00007240a0575d90: ;   {other}
  0x00007240a0575d90: 0f1f 8400 | 8084 00df | bef6 ffff | ff48 8b6c | 2430 4c89 | 5424 1044 | 8b5c 2438 | 4489 5c24 
  0x00007240a0575db0: 1844 8b54 | 2448 4489 | 5424 1c44 | 8b5c 2440 | 4489 5c24 | 2844 8b54 | 2444 4489 | 5424 2c44 
  0x00007240a0575dd0: 8b5c 243c | 4489 5c24 | 3448 8944 | 2460 6690 

  0x00007240a0575de0: ;   {runtime_call UncommonTrapBlob}
  0x00007240a0575de0: c5f8 77e8 

  0x00007240a0575de4: ; ImmutableOopMap {rbp=Oop [16]=Oop [24]=NarrowOop [52]=NarrowOop [96]=Oop [120]=NarrowOop [124]=NarrowOop [136]=NarrowOop [140]=NarrowOop [144]=NarrowOop [148]=NarrowOop [160]=Oop [176]=Oop }
                      ;*invokevirtual setTop {reexecute=0 rethrow=0 return_oop=0}
                      ; - org.apache.xalan.transformer.TransformerImpl::setCurrentElement@5 (line 2644)
                      ; - org.apache.xalan.templates.ElemApplyTemplates::transformSelectedNodes@545 (line 332)
  0x00007240a0575de4: 1845 6fff 

  0x00007240a0575de8: ;   {other}
  0x00007240a0575de8: 0f1f 8400 | d884 00e0 | bef6 ffff | ff4c 8b54 | 2430 4c89 | 5424 104c | 8b54 2468 | 4c89 5424 
  0x00007240a0575e08: 1844 8b54 | 2438 4489 | 5424 2044 | 8b5c 2448 | 4489 5c24 | 2444 8b54 | 2440 4489 | 5424 3044 
  0x00007240a0575e28: 8b5c 2444 | 4489 5c24 | 3448 8944 | 2468 6690 

  0x00007240a0575e38: ;   {runtime_call UncommonTrapBlob}
  0x00007240a0575e38: c5f8 77e8 

  0x00007240a0575e3c: ; ImmutableOopMap {[16]=Oop [24]=Oop [32]=NarrowOop [60]=NarrowOop [104]=Oop [120]=NarrowOop [124]=NarrowOop [136]=NarrowOop [140]=NarrowOop [144]=NarrowOop [148]=NarrowOop [160]=Oop [176]=Oop }
                      ;*aastore {reexecute=1 rethrow=0 return_oop=0}
                      ; - (reexecute) org.apache.xml.utils.ObjectStack::setTop@11 (line 162)
                      ; - org.apache.xalan.transformer.TransformerImpl::setCurrentElement@5 (line 2644)
                      ; - org.apache.xalan.templates.ElemApplyTemplates::transformSelectedNodes@545 (line 332)
  0x00007240a0575e3c: c044 6fff 

  0x00007240a0575e40: ;   {other}
  0x00007240a0575e40: 0f1f 8400 | 3085 00e1 | bef6 ffff | ff48 8b6c | 2430 4c8b | 5424 684c | 8954 2410 | 448b 5c24 
  0x00007240a0575e60: 3844 895c | 2418 448b | 5424 4844 | 8954 241c | 448b 5c24 | 4044 895c | 2428 448b | 5424 4444 
  0x00007240a0575e80: 8954 242c | 448b 5424 | 3c44 8954 | 2434 448b | 9424 bc00 | 0000 4489 | 5424 6844 | 8954 246c 
  0x00007240a0575ea0: 4489 4424 | 7066 6690 

  0x00007240a0575ea8: ;   {runtime_call UncommonTrapBlob}
  0x00007240a0575ea8: c5f8 77e8 

  0x00007240a0575eac: ; ImmutableOopMap {rbp=Oop [16]=Oop [24]=NarrowOop [52]=NarrowOop [104]=NarrowOop [108]=NarrowOop [120]=NarrowOop [124]=NarrowOop [136]=NarrowOop [140]=NarrowOop [144]=NarrowOop [148]=NarrowOop [160]=Oop [176]=Oop [192]=Oop }
                      ;*aaload {reexecute=0 rethrow=0 return_oop=0}
                      ; - java.util.Vector::elementData@5 (line 731)
                      ; - java.util.Vector::elementAt@44 (line 469)
                      ; - java.util.Stack::peek@21 (line 104)
                      ; - java.util.Stack::pop@6 (line 85)
                      ; - org.apache.xalan.transformer.TransformerImpl::popCurrentMatched@4 (line 2738)
                      ; - org.apache.xalan.templates.ElemApplyTemplates::transformSelectedNodes@846 (line 427)
  0x00007240a0575eac: 5044 6fff 

  0x00007240a0575eb0: ;   {other}
  0x00007240a0575eb0: 0f1f 8400 | a085 00e2 | bef6 ffff | ff48 8b6c | 2430 448b | 5c24 3844 | 895c 2418 | 448b 5424 
  0x00007240a0575ed0: 4844 8954 | 241c 448b | 5c24 4044 | 895c 2428 | 448b 5424 | 4444 8954 | 242c 448b | 5424 3c44 
  0x00007240a0575ef0: 8954 2434 

  0x00007240a0575ef4: ;   {runtime_call UncommonTrapBlob}
  0x00007240a0575ef4: c5f8 77e8 

  0x00007240a0575ef8: ; ImmutableOopMap {rbp=Oop [24]=NarrowOop [52]=NarrowOop [104]=Oop [120]=NarrowOop [124]=NarrowOop [136]=NarrowOop [140]=NarrowOop [144]=NarrowOop [148]=NarrowOop [160]=Oop [176]=Oop [192]=Oop }
                      ;*invokevirtual pop {reexecute=0 rethrow=0 return_oop=0}
                      ; - org.apache.xalan.transformer.TransformerImpl::popCurrentMatched@12 (line 2739)
                      ; - org.apache.xalan.templates.ElemApplyTemplates::transformSelectedNodes@846 (line 427)
  0x00007240a0575ef8: 0444 6fff 

  0x00007240a0575efc: ;   {other}
  0x00007240a0575efc: 0f1f 8400 | ec85 00e3 | bef6 ffff | ff4c 8b54 | 2430 4c89 | 5424 104c | 8b54 2468 | 4c89 5424 
  0x00007240a0575f1c: 1844 8b54 | 2438 4489 | 5424 2044 | 8b5c 2448 | 4489 5c24 | 2444 8b54 | 2440 4489 | 5424 3044 
  0x00007240a0575f3c: 8b5c 2444 | 4489 5c24 | 3466 6690 

  0x00007240a0575f48: ;   {runtime_call UncommonTrapBlob}
  0x00007240a0575f48: c5f8 77e8 

  0x00007240a0575f4c: ; ImmutableOopMap {[16]=Oop [24]=Oop [32]=NarrowOop [60]=NarrowOop [120]=NarrowOop [124]=NarrowOop [136]=NarrowOop [140]=NarrowOop [144]=NarrowOop [148]=NarrowOop [160]=Oop [176]=Oop [192]=Oop }
                      ;*iaload {reexecute=0 rethrow=0 return_oop=0}
                      ; - org.apache.xml.utils.NodeVector::pop@18 (line 189)
                      ; - org.apache.xalan.transformer.TransformerImpl::popCurrentMatched@12 (line 2739)
                      ; - org.apache.xalan.templates.ElemApplyTemplates::transformSelectedNodes@846 (line 427)
  0x00007240a0575f4c: b043 6fff 

  0x00007240a0575f50: ;   {other}
  0x00007240a0575f50: 0f1f 8400 | 4086 00e4 | bef6 ffff | ff48 8b6c | 2430 448b | 5424 3844 | 8954 2418 | 448b 5c24 
  0x00007240a0575f70: 4844 895c | 241c 448b | 5424 4044 | 8954 2428 | 448b 5c24 | 4444 895c | 242c 448b | 5c24 3c44 
  0x00007240a0575f90: 895c 2434 

  0x00007240a0575f94: ;   {runtime_call UncommonTrapBlob}
  0x00007240a0575f94: c5f8 77e8 

  0x00007240a0575f98: ; ImmutableOopMap {rbp=Oop [24]=NarrowOop [52]=NarrowOop [104]=Oop [120]=NarrowOop [124]=NarrowOop [132]=NarrowOop [136]=NarrowOop [140]=NarrowOop [144]=NarrowOop [148]=NarrowOop [160]=Oop [168]=Oop [176]=NarrowOop }
                      ;*invokevirtual add {reexecute=0 rethrow=0 return_oop=0}
                      ; - org.apache.xpath.axes.IteratorPool::freeInstance@5 (line 117)
                      ; - org.apache.xpath.axes.LocPathIterator::detach@47 (line 691)
                      ; - org.apache.xpath.axes.NodeSequence::detach@12 (line 398)
                      ; - org.apache.xalan.templates.ElemApplyTemplates::transformSelectedNodes@971 (line 450)
  0x00007240a0575f98: 6443 6fff 

  0x00007240a0575f9c: ;   {other}
  0x00007240a0575f9c: 0f1f 8400 | 8c86 00e5 | bef6 ffff | ff48 8b6c | 2430 448b | 5424 3844 | 8954 2418 | 448b 5c24 
  0x00007240a0575fbc: 4844 895c | 241c 448b | 5424 4044 | 8954 2428 | 448b 5c24 | 4444 895c | 242c 448b | 5c24 3c44 
  0x00007240a0575fdc: 895c 2434 

  0x00007240a0575fe0: ;   {runtime_call UncommonTrapBlob}
  0x00007240a0575fe0: c5f8 77e8 

  0x00007240a0575fe4: ; ImmutableOopMap {rbp=Oop [24]=NarrowOop [52]=NarrowOop [104]=Oop [120]=NarrowOop [124]=NarrowOop [132]=NarrowOop [136]=NarrowOop [140]=NarrowOop [144]=NarrowOop [148]=NarrowOop [160]=Oop [176]=NarrowOop }
                      ;*arraylength {reexecute=0 rethrow=0 return_oop=0}
                      ; - java.util.ArrayList::add@2 (line 482)
                      ; - java.util.ArrayList::add@20 (line 496)
                      ; - org.apache.xpath.axes.IteratorPool::freeInstance@5 (line 117)
                      ; - org.apache.xpath.axes.LocPathIterator::detach@47 (line 691)
                      ; - org.apache.xpath.axes.NodeSequence::detach@12 (line 398)
                      ; - org.apache.xalan.templates.ElemApplyTemplates::transformSelectedNodes@971 (line 450)
  0x00007240a0575fe4: 1843 6fff 

  0x00007240a0575fe8: ;   {other}
  0x00007240a0575fe8: 0f1f 8400 | d886 00e6 | bef6 ffff | ff4c 8b5c | 2440 4c89 | 5c24 1844 | 8b4c 2448 | 4489 7424 
  0x00007240a0576008: 2845 8bd9 | 4489 5c24 | 2c4c 8944 | 2438 4489 | 5424 4090 

  0x00007240a057601c: ;   {runtime_call UncommonTrapBlob}
  0x00007240a057601c: c5f8 77e8 

  0x00007240a0576020: ; ImmutableOopMap {[16]=Oop [24]=Oop [40]=NarrowOop [56]=Oop [64]=NarrowOop }
                      ;*aaload {reexecute=0 rethrow=0 return_oop=0}
                      ; - java.util.ArrayList::remove@16 (line 554)
                      ; - org.apache.xpath.axes.IteratorPool::getInstance@46 (line 104)
                      ; - org.apache.xpath.axes.LocPathIterator::asIterator@8 (line 267)
                      ; - org.apache.xalan.templates.ElemApplyTemplates::transformSelectedNodes@16 (line 207)
  0x00007240a0576020: dc42 6fff 

  0x00007240a0576024: ;   {other}
  0x00007240a0576024: 0f1f 8400 | 1487 00e7 | bef4 ffff | ff48 8b6c | 2410 448b | 5c24 4844 | 8974 2420 | 4489 5c24 
  0x00007240a0576044: 244c 8944 | 2430 4489 | 5424 3890 

  0x00007240a0576050: ;   {runtime_call UncommonTrapBlob}
  0x00007240a0576050: c5f8 77e8 

  0x00007240a0576054: ; ImmutableOopMap {rbp=Oop [32]=NarrowOop [48]=Oop [56]=NarrowOop [64]=Oop }
                      ;*checkcast {reexecute=0 rethrow=0 return_oop=0}
                      ; - org.apache.xpath.axes.IteratorPool::getInstance@49 (line 104)
                      ; - org.apache.xpath.axes.LocPathIterator::asIterator@8 (line 267)
                      ; - org.apache.xalan.templates.ElemApplyTemplates::transformSelectedNodes@16 (line 207)
  0x00007240a0576054: a842 6fff 

  0x00007240a0576058: ;   {other}
  0x00007240a0576058: 0f1f 8400 | 4887 00e8 | be45 ffff | ff4c 8b54 | 2430 4c89 | 5424 1044 | 8b54 2438 | 4489 5424 
  0x00007240a0576078: 2044 8b5c | 2448 4489 | 5c24 244c | 8b94 24a0 | 0000 004c | 8954 2428 | 448b 5424 | 4044 8954 
  0x00007240a0576098: 2430 448b | 5c24 4444 | 895c 2434 

  0x00007240a05760a4: ;   {runtime_call UncommonTrapBlob}
  0x00007240a05760a4: c5f8 77e8 

  0x00007240a05760a8: ; ImmutableOopMap {rbp=NarrowOop [16]=Oop [32]=NarrowOop [40]=Oop [60]=NarrowOop [104]=Oop [120]=NarrowOop [124]=NarrowOop [132]=NarrowOop [136]=NarrowOop [140]=NarrowOop [144]=NarrowOop [148]=NarrowOop }
                      ;*if_acmpeq {reexecute=1 rethrow=0 return_oop=0}
                      ; - (reexecute) org.apache.xpath.axes.NodeSequence::detach@5 (line 397)
                      ; - org.apache.xalan.templates.ElemApplyTemplates::transformSelectedNodes@971 (line 450)
  0x00007240a05760a8: 5442 6fff 

  0x00007240a05760ac: ;   {other}
  0x00007240a05760ac: 0f1f 8400 | 9c87 00e9 | bef6 ffff | ff4c 8b54 | 2430 4c89 | 5424 1044 | 8b54 2438 | 4489 5424 
  0x00007240a05760cc: 2044 8b5c | 2448 4489 | 5c24 2444 | 8b54 2440 | 4489 5424 | 3044 8b5c | 2444 4489 | 5c24 3490 
  0x00007240a05760ec: ;   {runtime_call UncommonTrapBlob}
  0x00007240a05760ec: c5f8 77e8 

  0x00007240a05760f0: ; ImmutableOopMap {[16]=Oop [32]=NarrowOop [60]=NarrowOop [104]=Oop [120]=NarrowOop [124]=NarrowOop [136]=NarrowOop [140]=NarrowOop [144]=NarrowOop [148]=NarrowOop [160]=Oop [176]=Oop }
                      ;*aaload {reexecute=0 rethrow=0 return_oop=0}
                      ; - org.apache.xml.utils.SuballocatedIntVector::elementAt@25 (line 442)
                      ; - org.apache.xml.dtm.ref.DTMDefaultBase::_exptype@37 (line 489)
                      ; - org.apache.xml.dtm.ref.DTMDefaultBase::getExpandedTypeID@15 (line 1685)
                      ; - org.apache.xalan.templates.ElemApplyTemplates::transformSelectedNodes@370 (line 290)
  0x00007240a05760f0: 0c42 6fff 

  0x00007240a05760f4: ;   {other}
  0x00007240a05760f4: 0f1f 8400 | e487 00ea | bef6 ffff | ff48 8b6c | 2430 448b | 5c24 3844 | 895c 2418 | 448b 5424 
  0x00007240a0576114: 4844 8954 | 241c 448b | 5c24 4044 | 895c 2428 | 448b 5424 | 4444 8954 | 242c 448b | 5424 3c44 
  0x00007240a0576134: 8954 2434 | 4489 4424 | 5466 6690 

  0x00007240a0576140: ;   {runtime_call UncommonTrapBlob}
  0x00007240a0576140: c5f8 77e8 

  0x00007240a0576144: ; ImmutableOopMap {rbp=Oop [24]=NarrowOop [52]=NarrowOop [104]=Oop [120]=NarrowOop [124]=NarrowOop [136]=NarrowOop [140]=NarrowOop [144]=NarrowOop [148]=NarrowOop [160]=Oop [176]=Oop }
                      ;*iaload {reexecute=0 rethrow=0 return_oop=0}
                      ; - org.apache.xml.utils.SuballocatedIntVector::elementAt@32 (line 442)
                      ; - org.apache.xml.dtm.ref.DTMDefaultBase::_exptype@37 (line 489)
                      ; - org.apache.xml.dtm.ref.DTMDefaultBase::getExpandedTypeID@15 (line 1685)
                      ; - org.apache.xalan.templates.ElemApplyTemplates::transformSelectedNodes@370 (line 290)
  0x00007240a0576144: b841 6fff 

  0x00007240a0576148: ;   {other}
  0x00007240a0576148: 0f1f 8400 | 3888 00eb | bef4 ffff | ff48 8b6c | 2410 448b | 5c24 2844 | 8b54 242c | 4489 5c24 
  0x00007240a0576168: 2045 8bda | 4489 5c24 | 2466 6690 

  0x00007240a0576174: ;   {runtime_call UncommonTrapBlob}
  0x00007240a0576174: c5f8 77e8 

  0x00007240a0576178: ; ImmutableOopMap {rbp=Oop [32]=NarrowOop [48]=Oop [56]=NarrowOop [64]=Oop }
                      ;*checkcast {reexecute=0 rethrow=0 return_oop=0}
                      ; - org.apache.xpath.axes.IteratorPool::getInstance@19 (line 94)
                      ; - org.apache.xpath.axes.LocPathIterator::asIterator@8 (line 267)
                      ; - org.apache.xalan.templates.ElemApplyTemplates::transformSelectedNodes@16 (line 207)
  0x00007240a0576178: 8441 6fff 

  0x00007240a057617c: ;   {other}
  0x00007240a057617c: 0f1f 8400 | 6c88 00ec | bef6 ffff | ff48 8b6c | 2430 4c8b | 5424 684c | 8954 2410 | 448b 5424 
  0x00007240a057619c: 3844 8954 | 2418 448b | 5c24 4844 | 895c 241c | 448b 5424 | 4044 8954 | 2428 448b | 5c24 4444 
  0x00007240a05761bc: 895c 242c | 448b 5424 | 3c44 8954 | 2434 448b | 9c24 c000 | 0000 458b | d344 8954 | 2468 4489 
  0x00007240a05761dc: 4c24 6c90 

  0x00007240a05761e0: ;   {runtime_call UncommonTrapBlob}
  0x00007240a05761e0: c5f8 77e8 

  0x00007240a05761e4: ; ImmutableOopMap {rbp=Oop [16]=Oop [24]=NarrowOop [52]=NarrowOop [104]=NarrowOop [120]=NarrowOop [124]=NarrowOop [136]=NarrowOop [140]=NarrowOop [144]=NarrowOop [148]=NarrowOop [160]=Oop [176]=Oop [192]=NarrowOop }
                      ;*aaload {reexecute=0 rethrow=0 return_oop=0}
                      ; - java.util.Vector::elementData@5 (line 731)
                      ; - java.util.Vector::elementAt@44 (line 469)
                      ; - java.util.Stack::peek@21 (line 104)
                      ; - org.apache.xalan.transformer.TransformerImpl::getMode@18 (line 3195)
                      ; - org.apache.xalan.templates.ElemApplyTemplates::transformSelectedNodes@389 (line 294)
  0x00007240a05761e4: 1841 6fff 

  0x00007240a05761e8: ;   {other}
  0x00007240a05761e8: 0f1f 8400 | d888 00ed | bef4 ffff | ff48 8b6c | 2430 448b | 5424 3844 | 8954 2418 | 448b 5c24 
  0x00007240a0576208: 4844 895c | 241c 448b | 5424 4044 | 8954 2428 | 448b 5c24 | 4444 895c | 242c 448b | 5c24 3c44 
  0x00007240a0576228: 895c 2434 

  0x00007240a057622c: ;   {runtime_call UncommonTrapBlob}
  0x00007240a057622c: c5f8 77e8 

  0x00007240a0576230: ; ImmutableOopMap {rbp=Oop [24]=NarrowOop [52]=NarrowOop [104]=Oop [120]=NarrowOop [124]=NarrowOop [136]=NarrowOop [140]=NarrowOop [144]=NarrowOop [148]=NarrowOop [160]=Oop [176]=Oop }
                      ;*checkcast {reexecute=0 rethrow=0 return_oop=0}
                      ; - org.apache.xalan.transformer.TransformerImpl::getMode@21 (line 3195)
                      ; - org.apache.xalan.templates.ElemApplyTemplates::transformSelectedNodes@389 (line 294)
  0x00007240a0576230: cc40 6fff 

  0x00007240a0576234: ;   {other}
  0x00007240a0576234: 0f1f 8400 | 2489 00ee | bef6 ffff | ff4c 8b54 | 2430 4c89 | 5424 104c | 8b54 2468 | 4c89 5424 
  0x00007240a0576254: 1844 8b5c | 2438 4489 | 5c24 2044 | 8b54 2448 | 4489 5424 | 2444 8b5c | 2440 4489 | 5c24 3044 
  0x00007240a0576274: 8b54 2444 | 4489 5424 | 3466 6690 

  0x00007240a0576280: ;   {runtime_call UncommonTrapBlob}
  0x00007240a0576280: c5f8 77e8 

  0x00007240a0576284: ; ImmutableOopMap {[16]=Oop [24]=Oop [32]=NarrowOop [60]=NarrowOop [120]=NarrowOop [124]=NarrowOop [136]=NarrowOop [140]=NarrowOop [144]=NarrowOop [148]=NarrowOop [160]=Oop [176]=Oop [192]=Oop }
                      ;*iaload {reexecute=0 rethrow=0 return_oop=0}
                      ; - org.apache.xpath.VariableStack::unlink@16 (line 257)
                      ; - org.apache.xalan.templates.ElemApplyTemplates::transformSelectedNodes@838 (line 423)
  0x00007240a0576284: 7840 6fff 

  0x00007240a0576288: ;   {other}
  0x00007240a0576288: 0f1f 8400 | 7889 00ef | bef4 ffff | ff48 8b6c | 2430 448b | 5424 3844 | 8954 2418 | 448b 5c24 
  0x00007240a05762a8: 4844 895c | 241c 448b | 5424 4044 | 8954 2428 | 448b 5c24 | 4444 895c | 242c 448b | 5c24 3c44 
  0x00007240a05762c8: 895c 2434 

  0x00007240a05762cc: ;   {runtime_call UncommonTrapBlob}
  0x00007240a05762cc: c5f8 77e8 

  0x00007240a05762d0: ; ImmutableOopMap {rbp=Oop [24]=NarrowOop [52]=NarrowOop [104]=Oop [120]=NarrowOop [124]=NarrowOop [136]=NarrowOop [140]=NarrowOop [144]=NarrowOop [148]=NarrowOop [160]=Oop [176]=Oop [192]=Oop }
                      ;*checkcast {reexecute=0 rethrow=0 return_oop=0}
                      ; - org.apache.xpath.XPathContext::pushRTFContext@24 (line 1275)
                      ; - org.apache.xalan.templates.ElemApplyTemplates::transformSelectedNodes@575 (line 342)
  0x00007240a05762d0: 2c40 6fff 

  0x00007240a05762d4: ;   {other}
  0x00007240a05762d4: 0f1f 8400 | c489 00f0 | bef4 ffff | ff48 8b6c | 2410 6690 

  0x00007240a05762e8: ;   {runtime_call UncommonTrapBlob}
  0x00007240a05762e8: c5f8 77e8 

  0x00007240a05762ec: ; ImmutableOopMap {rbp=Oop [24]=NarrowOop [40]=NarrowOop [80]=Oop [104]=Oop [136]=NarrowOop [140]=NarrowOop }
                      ;*newarray {reexecute=1 rethrow=0 return_oop=0}
                      ; - (reexecute) org.apache.xml.utils.IntStack::push@30 (line 79)
                      ; - org.apache.xpath.XPathContext::pushCurrentNode@5 (line 793)
                      ; - org.apache.xalan.templates.ElemApplyTemplates::transformSelectedNodes@67 (line 219)
  0x00007240a05762ec: 1040 6fff 

  0x00007240a05762f0: ;   {other}
  0x00007240a05762f0: 0f1f 8400 | e089 00f1 | bef4 ffff | ff48 8b6c | 2430 448b | 5c24 3844 | 895c 2418 

  0x00007240a057630c: ;   {runtime_call UncommonTrapBlob}
  0x00007240a057630c: c5f8 77e8 

  0x00007240a0576310: ; ImmutableOopMap {rbp=Oop [24]=NarrowOop [60]=NarrowOop [80]=Oop [104]=Oop [136]=NarrowOop [140]=NarrowOop }
                      ;*newarray {reexecute=1 rethrow=0 return_oop=0}
                      ; - (reexecute) org.apache.xml.utils.IntStack::push@30 (line 79)
                      ; - org.apache.xpath.XPathContext::pushCurrentExpressionNode@5 (line 899)
                      ; - org.apache.xalan.templates.ElemApplyTemplates::transformSelectedNodes@72 (line 220)
  0x00007240a0576310: ec3f 6fff 

  0x00007240a0576314: ;   {other}
  0x00007240a0576314: 0f1f 8400 | 048a 00f2 | bef6 ffff | ff48 8b6c | 2430 4489 | 5c24 1890 

  0x00007240a057632c: ;   {runtime_call UncommonTrapBlob}
  0x00007240a057632c: c5f8 77e8 

  0x00007240a0576330: ; ImmutableOopMap {rbp=Oop [24]=NarrowOop [80]=Oop [104]=Oop [136]=NarrowOop [140]=NarrowOop }
                      ;*invokevirtual pop {reexecute=0 rethrow=0 return_oop=0}
                      ; - org.apache.xpath.XPathContext::popSAXLocator@4 (line 434)
                      ; - org.apache.xalan.templates.ElemApplyTemplates::transformSelectedNodes@945 (line 445)
  0x00007240a0576330: cc3f 6fff 

  0x00007240a0576334: ;   {other}
  0x00007240a0576334: 0f1f 8400 | 248a 00f3 | bef6 ffff | ff4c 8b54 | 2430 4c89 | 5424 1044 | 8b54 2438 | 4489 5424 
  0x00007240a0576354: 2066 6690 

  0x00007240a0576358: ;   {runtime_call UncommonTrapBlob}
  0x00007240a0576358: c5f8 77e8 

  0x00007240a057635c: ; ImmutableOopMap {[16]=Oop [32]=NarrowOop [80]=Oop [104]=Oop [136]=NarrowOop [140]=NarrowOop }
                      ;*aaload {reexecute=0 rethrow=0 return_oop=0}
                      ; - org.apache.xml.utils.ObjectStack::pop@15 (line 101)
                      ; - org.apache.xpath.XPathContext::popSAXLocator@4 (line 434)
                      ; - org.apache.xalan.templates.ElemApplyTemplates::transformSelectedNodes@945 (line 445)
  0x00007240a057635c: a03f 6fff 

  0x00007240a0576360: ;   {other}
  0x00007240a0576360: 0f1f 8400 | 508a 00f4 | bef6 ffff | ff48 8b6c | 2430 448b | 5c24 3844 | 895c 2418 | 448b 5424 
  0x00007240a0576380: 4844 8954 | 241c 448b | 5c24 2844 | 895c 2420 | 448b 5424 | 4444 8954 | 2424 4489 | 4c24 4890 
  0x00007240a05763a0: ;   {runtime_call UncommonTrapBlob}
  0x00007240a05763a0: c5f8 77e8 

  0x00007240a05763a4: ; ImmutableOopMap {rbp=Oop [24]=NarrowOop [60]=NarrowOop [80]=Oop [104]=Oop [136]=NarrowOop [140]=NarrowOop }
                      ;*aaload {reexecute=0 rethrow=0 return_oop=0}
                      ; - java.util.Vector::elementData@5 (line 731)
                      ; - java.util.Vector::elementAt@44 (line 469)
                      ; - java.util.Stack::peek@21 (line 104)
                      ; - java.util.Stack::pop@6 (line 85)
                      ; - org.apache.xpath.XPathContext::popContextNodeList@25 (line 709)
                      ; - org.apache.xalan.templates.ElemApplyTemplates::transformSelectedNodes@954 (line 446)
  0x00007240a05763a4: 583f 6fff 

  0x00007240a05763a8: ;   {other}
  0x00007240a05763a8: 0f1f 8400 | 988a 00f5 | bef6 ffff | ff48 8b6c | 2430 448b | 5c24 3844 | 895c 2418 | 448b 5c24 
  0x00007240a05763c8: 2844 895c | 2420 6690 

  0x00007240a05763d0: ;   {runtime_call UncommonTrapBlob}
  0x00007240a05763d0: c5f8 77e8 

  0x00007240a05763d4: ; ImmutableOopMap {rbp=Oop [24]=NarrowOop [80]=Oop [104]=Oop [136]=NarrowOop [140]=NarrowOop }
                      ;*invokevirtual pop {reexecute=0 rethrow=0 return_oop=0}
                      ; - org.apache.xalan.transformer.TransformerImpl::popElemTemplateElement@4 (line 2632)
                      ; - org.apache.xalan.templates.ElemApplyTemplates::transformSelectedNodes@958 (line 447)
  0x00007240a05763d4: 283f 6fff 

  0x00007240a05763d8: ;   {other}
  0x00007240a05763d8: 0f1f 8400 | c88a 00f6 | bef6 ffff | ff4c 8b54 | 2430 4c89 | 5424 1044 | 8b5c 2438 | 4489 5c24 
  0x00007240a05763f8: 2066 6690 

  0x00007240a05763fc: ;   {runtime_call UncommonTrapBlob}
  0x00007240a05763fc: c5f8 77e8 

  0x00007240a0576400: ; ImmutableOopMap {[16]=Oop [32]=NarrowOop [80]=Oop [104]=Oop [136]=NarrowOop [140]=NarrowOop }
                      ;*aaload {reexecute=0 rethrow=0 return_oop=0}
                      ; - org.apache.xml.utils.ObjectStack::pop@15 (line 101)
                      ; - org.apache.xalan.transformer.TransformerImpl::popElemTemplateElement@4 (line 2632)
                      ; - org.apache.xalan.templates.ElemApplyTemplates::transformSelectedNodes@958 (line 447)
  0x00007240a0576400: fc3e 6fff 

  0x00007240a0576404: ;   {other}
  0x00007240a0576404: 0f1f 8400 | f48a 00f7 | bef6 ffff | ff48 8b6c | 2430 448b | 5424 3844 | 8954 2418 | 448b 5424 
  0x00007240a0576424: 2844 8954 | 2420 6690 

  0x00007240a057642c: ;   {runtime_call UncommonTrapBlob}
  0x00007240a057642c: c5f8 77e8 

  0x00007240a0576430: ; ImmutableOopMap {rbp=Oop [24]=NarrowOop [80]=Oop [104]=Oop [136]=NarrowOop [140]=NarrowOop }
                      ;*invokevirtual quickPop {reexecute=0 rethrow=0 return_oop=0}
                      ; - org.apache.xpath.XPathContext::popCurrentNode@5 (line 801)
                      ; - org.apache.xalan.templates.ElemApplyTemplates::transformSelectedNodes@966 (line 449)
  0x00007240a0576430: cc3e 6fff 

  0x00007240a0576434: ;   {other}
  0x00007240a0576434: 0f1f 8400 | 248b 00f8 | bef6 ffff | ff48 8b6c | 2430 448b | 5c24 3844 | 895c 2418 | 448b 5c24 
  0x00007240a0576454: 2844 895c | 2420 6690 

  0x00007240a057645c: ;   {runtime_call UncommonTrapBlob}
  0x00007240a057645c: c5f8 77e8 

  0x00007240a0576460: ; ImmutableOopMap {rbp=Oop [24]=NarrowOop [104]=Oop [136]=NarrowOop [140]=NarrowOop }
                      ;*invokeinterface detach {reexecute=0 rethrow=0 return_oop=0}
                      ; - org.apache.xalan.templates.ElemApplyTemplates::transformSelectedNodes@971 (line 450)
  0x00007240a0576460: 9c3e 6fff 

  0x00007240a0576464: ;   {other}
  0x00007240a0576464: 0f1f 8400 | 548b 00f9 | bef6 ffff | ff48 8b6c | 2430 448b | 5c24 3844 | 895c 2418 | 448b 5c24 
  0x00007240a0576484: 2844 895c | 2420 448b | 5424 4444 | 8954 2424 

  0x00007240a0576494: ;   {runtime_call UncommonTrapBlob}
  0x00007240a0576494: c5f8 77e8 

  0x00007240a0576498: ; ImmutableOopMap {rbp=Oop [24]=NarrowOop [60]=NarrowOop [80]=Oop [104]=Oop [120]=Oop [136]=NarrowOop [140]=NarrowOop }
                      ;*invokevirtual add {reexecute=0 rethrow=0 return_oop=0}
                      ; - org.apache.xpath.axes.IteratorPool::freeInstance@5 (line 117)
                      ; - org.apache.xpath.axes.LocPathIterator::detach@47 (line 691)
                      ; - org.apache.xpath.axes.NodeSequence::detach@12 (line 398)
                      ; - org.apache.xalan.templates.ElemApplyTemplates::transformSelectedNodes@971 (line 450)
  0x00007240a0576498: 643e 6fff 

  0x00007240a057649c: ;   {other}
  0x00007240a057649c: 0f1f 8400 | 8c8b 00fa | bef6 ffff | ff48 8b6c | 2430 448b | 5c24 3844 | 895c 2418 | 448b 5c24 
  0x00007240a05764bc: 2844 895c | 2420 6690 

  0x00007240a05764c4: ;   {runtime_call UncommonTrapBlob}
  0x00007240a05764c4: c5f8 77e8 

  0x00007240a05764c8: ; ImmutableOopMap {rbp=Oop [24]=NarrowOop [60]=NarrowOop [80]=Oop [104]=Oop [136]=NarrowOop [140]=NarrowOop }
                      ;*arraylength {reexecute=0 rethrow=0 return_oop=0}
                      ; - java.util.ArrayList::add@2 (line 482)
                      ; - java.util.ArrayList::add@20 (line 496)
                      ; - org.apache.xpath.axes.IteratorPool::freeInstance@5 (line 117)
                      ; - org.apache.xpath.axes.LocPathIterator::detach@47 (line 691)
                      ; - org.apache.xpath.axes.NodeSequence::detach@12 (line 398)
                      ; - org.apache.xalan.templates.ElemApplyTemplates::transformSelectedNodes@971 (line 450)
  0x00007240a05764c8: 343e 6fff 

  0x00007240a05764cc: ;   {other}
  0x00007240a05764cc: 0f1f 8400 | bc8b 00fb | be45 ffff | ff4c 8b54 | 2430 4c89 | 5424 1044 | 8b54 2438 | 4489 5424 
  0x00007240a05764ec: 2044 8b5c | 2448 4489 | 5c24 244c | 8b54 2450 | 4c89 5424 | 3066 6690 

  0x00007240a0576504: ;   {runtime_call UncommonTrapBlob}
  0x00007240a0576504: c5f8 77e8 

  0x00007240a0576508: ; ImmutableOopMap {rbp=NarrowOop [16]=Oop [32]=NarrowOop [48]=Oop [104]=Oop [136]=NarrowOop [140]=NarrowOop }
                      ;*if_acmpeq {reexecute=1 rethrow=0 return_oop=0}
                      ; - (reexecute) org.apache.xpath.axes.NodeSequence::detach@5 (line 397)
                      ; - org.apache.xalan.templates.ElemApplyTemplates::transformSelectedNodes@971 (line 450)
  0x00007240a0576508: f43d 6fff 

  0x00007240a057650c: ;   {other}
  0x00007240a057650c: 0f1f 8400 | fc8b 00fc | bef6 ffff | ff48 8b6c | 2430 448b | 5c24 3844 | 895c 2420 | 448b 5c24 
  0x00007240a057652c: 3c44 895c | 2428 6690 

  0x00007240a0576534: ;   {runtime_call UncommonTrapBlob}
  0x00007240a0576534: c5f8 77e8 

  0x00007240a0576538: ; ImmutableOopMap {rbp=Oop [16]=Oop [32]=NarrowOop [80]=Oop [104]=Oop [136]=NarrowOop [140]=NarrowOop }
                      ;*invokevirtual pop {reexecute=0 rethrow=0 return_oop=0}
                      ; - org.apache.xpath.XPathContext::popSAXLocator@4 (line 434)
                      ; - org.apache.xalan.templates.ElemApplyTemplates::transformSelectedNodes@945 (line 445)
  0x00007240a0576538: c43d 6fff 

  0x00007240a057653c: ;   {other}
  0x00007240a057653c: 0f1f 8400 | 2c8c 00fd | bef6 ffff | ff4c 8b54 | 2430 4c89 | 5424 1844 | 8b54 2438 | 4489 5424 
  0x00007240a057655c: 2844 8b5c | 2448 4489 | 5c24 2c44 | 8b54 243c | 4489 5424 | 3044 8b5c | 2444 4489 | 5c24 3490 
  0x00007240a057657c: ;   {runtime_call UncommonTrapBlob}
  0x00007240a057657c: c5f8 77e8 

  0x00007240a0576580: ; ImmutableOopMap {[16]=Oop [24]=Oop [40]=NarrowOop [80]=Oop [104]=Oop [136]=NarrowOop [140]=NarrowOop }
                      ;*aaload {reexecute=0 rethrow=0 return_oop=0}
                      ; - org.apache.xml.utils.ObjectStack::pop@15 (line 101)
                      ; - org.apache.xpath.XPathContext::popSAXLocator@4 (line 434)
                      ; - org.apache.xalan.templates.ElemApplyTemplates::transformSelectedNodes@945 (line 445)
  0x00007240a0576580: 7c3d 6fff 

  0x00007240a0576584: ;   {other}
  0x00007240a0576584: 0f1f 8400 | 748c 00fe | bef6 ffff | ff48 8b6c | 2430 4c8b | 5424 284c | 8954 2418 | 448b 5c24 
  0x00007240a05765a4: 3844 895c | 2420 448b | 5424 4844 | 8954 2424 | 448b 5c24 | 3c44 895c | 2428 448b | 5424 4444 
  0x00007240a05765c4: 8954 242c | 4c8b 5424 | 504c 8954 | 2430 448b | 5c24 4c45 | 8bd3 4489 | 5424 4889 | 4c24 5090 
  0x00007240a05765e4: ;   {runtime_call UncommonTrapBlob}
  0x00007240a05765e4: c5f8 77e8 

  0x00007240a05765e8: ; ImmutableOopMap {rbp=Oop [16]=Oop [24]=Oop [32]=NarrowOop [48]=Oop [72]=NarrowOop [76]=NarrowOop [136]=NarrowOop [140]=NarrowOop }
                      ;*aaload {reexecute=0 rethrow=0 return_oop=0}
                      ; - java.util.Vector::elementData@5 (line 731)
                      ; - java.util.Vector::elementAt@44 (line 469)
                      ; - java.util.Stack::peek@21 (line 104)
                      ; - java.util.Stack::pop@6 (line 85)
                      ; - org.apache.xpath.XPathContext::popContextNodeList@25 (line 709)
                      ; - org.apache.xalan.templates.ElemApplyTemplates::transformSelectedNodes@954 (line 446)
  0x00007240a05765e8: 143d 6fff 

  0x00007240a05765ec: ;   {other}
  0x00007240a05765ec: 0f1f 8400 | dc8c 00ff | bef6 ffff | ff48 8b6c | 2430 4c8b | 5424 284c | 8954 2418 | 448b 5c24 
  0x00007240a057660c: 3844 895c | 2420 448b | 5c24 3c44 | 895c 2428 

  0x00007240a057661c: ;   {runtime_call UncommonTrapBlob}
  0x00007240a057661c: c5f8 77e8 

  0x00007240a0576620: ; ImmutableOopMap {rbp=Oop [16]=Oop [24]=Oop [32]=NarrowOop [80]=Oop [136]=NarrowOop [140]=NarrowOop }
                      ;*invokevirtual pop {reexecute=0 rethrow=0 return_oop=0}
                      ; - org.apache.xalan.transformer.TransformerImpl::popElemTemplateElement@4 (line 2632)
                      ; - org.apache.xalan.templates.ElemApplyTemplates::transformSelectedNodes@958 (line 447)
  0x00007240a0576620: dc3c 6fff 

  0x00007240a0576624: ;   {other}
  0x00007240a0576624: 0f1f 8400 | 0000 0000 | bef6 ffff | ff4c 8b54 | 2430 4c89 | 5424 184c | 8b54 2428 | 4c89 5424 
  0x00007240a0576644: 2044 8b54 | 2438 4489 | 5424 2844 | 8b5c 2448 | 4489 5c24 | 2c44 8b54 | 243c 4489 | 5424 3044 
  0x00007240a0576664: 8b5c 2444 | 4489 5c24 | 3466 6690 

  0x00007240a0576670: ;   {runtime_call UncommonTrapBlob}
  0x00007240a0576670: c5f8 77e8 

  0x00007240a0576674: ; ImmutableOopMap {[16]=Oop [24]=Oop [32]=Oop [40]=NarrowOop [80]=Oop [136]=NarrowOop [140]=NarrowOop }
                      ;*aaload {reexecute=0 rethrow=0 return_oop=0}
                      ; - org.apache.xml.utils.ObjectStack::pop@15 (line 101)
                      ; - org.apache.xalan.transformer.TransformerImpl::popElemTemplateElement@4 (line 2632)
                      ; - org.apache.xalan.templates.ElemApplyTemplates::transformSelectedNodes@958 (line 447)
  0x00007240a0576674: 883c 6fff 

  0x00007240a0576678: ;   {other}
  0x00007240a0576678: 0f1f 8400 | 0000 0000 | bef6 ffff | ff48 8b6c | 2430 4c8b | 5424 284c | 8954 2418 | 448b 5424 
  0x00007240a0576698: 3844 8954 | 2420 448b | 5424 3c44 | 8954 2428 

  0x00007240a05766a8: ;   {runtime_call UncommonTrapBlob}
  0x00007240a05766a8: c5f8 77e8 

  0x00007240a05766ac: ; ImmutableOopMap {rbp=Oop [16]=Oop [24]=Oop [32]=NarrowOop [80]=Oop [136]=NarrowOop [140]=NarrowOop }
                      ;*invokevirtual quickPop {reexecute=0 rethrow=0 return_oop=0}
                      ; - org.apache.xpath.XPathContext::popCurrentNode@5 (line 801)
                      ; - org.apache.xalan.templates.ElemApplyTemplates::transformSelectedNodes@966 (line 449)
  0x00007240a05766ac: 503c 6fff 

  0x00007240a05766b0: ;   {other}
  0x00007240a05766b0: 0f1f 8400 | 0000 0000 | bef6 ffff | ff48 8b6c | 2430 4c8b | 5424 284c | 8954 2418 | 448b 5c24 
  0x00007240a05766d0: 3844 895c | 2420 6690 

  0x00007240a05766d8: ;   {runtime_call UncommonTrapBlob}
  0x00007240a05766d8: c5f8 77e8 

  0x00007240a05766dc: ; ImmutableOopMap {rbp=Oop [16]=Oop [24]=Oop [32]=NarrowOop [136]=NarrowOop [140]=NarrowOop }
                      ;*invokeinterface detach {reexecute=0 rethrow=0 return_oop=0}
                      ; - org.apache.xalan.templates.ElemApplyTemplates::transformSelectedNodes@971 (line 450)
  0x00007240a05766dc: 203c 6fff 

  0x00007240a05766e0: ;   {other}
  0x00007240a05766e0: 0f1f 8400 | 0000 0000 | bef6 ffff | ff48 8b6c | 2430 4c8b | 5424 284c | 8954 2418 | 448b 5c24 
  0x00007240a0576700: 3844 895c | 2420 448b | 5c24 3c44 | 895c 2428 | 448b 5424 | 4444 8954 | 242c 4c8b | 5424 504c 
  0x00007240a0576720: 8954 2430 

  0x00007240a0576724: ;   {runtime_call UncommonTrapBlob}
  0x00007240a0576724: c5f8 77e8 

  0x00007240a0576728: ; ImmutableOopMap {rbp=Oop [16]=Oop [24]=Oop [32]=NarrowOop [48]=Oop [76]=NarrowOop [104]=Oop [136]=NarrowOop [140]=NarrowOop }
                      ;*invokevirtual add {reexecute=0 rethrow=0 return_oop=0}
                      ; - org.apache.xpath.axes.IteratorPool::freeInstance@5 (line 117)
                      ; - org.apache.xpath.axes.LocPathIterator::detach@47 (line 691)
                      ; - org.apache.xpath.axes.NodeSequence::detach@12 (line 398)
                      ; - org.apache.xalan.templates.ElemApplyTemplates::transformSelectedNodes@971 (line 450)
  0x00007240a0576728: d43b 6fff 

  0x00007240a057672c: ;   {other}
  0x00007240a057672c: 0f1f 8400 | 0000 0000 | bef6 ffff | ff48 8b6c | 2430 4c8b | 5424 284c | 8954 2418 | 448b 5c24 
  0x00007240a057674c: 3844 895c | 2420 448b | 5c24 3c44 | 895c 2428 | 448b 5424 | 4444 8954 | 242c 6690 

  0x00007240a0576768: ;   {runtime_call UncommonTrapBlob}
  0x00007240a0576768: c5f8 77e8 

  0x00007240a057676c: ; ImmutableOopMap {rbp=Oop [16]=Oop [24]=Oop [32]=NarrowOop [76]=NarrowOop [80]=Oop [136]=NarrowOop [140]=NarrowOop }
                      ;*arraylength {reexecute=0 rethrow=0 return_oop=0}
                      ; - java.util.ArrayList::add@2 (line 482)
                      ; - java.util.ArrayList::add@20 (line 496)
                      ; - org.apache.xpath.axes.IteratorPool::freeInstance@5 (line 117)
                      ; - org.apache.xpath.axes.LocPathIterator::detach@47 (line 691)
                      ; - org.apache.xpath.axes.NodeSequence::detach@12 (line 398)
                      ; - org.apache.xalan.templates.ElemApplyTemplates::transformSelectedNodes@971 (line 450)
  0x00007240a057676c: 903b 6fff 

  0x00007240a0576770: ;   {other}
  0x00007240a0576770: 0f1f 8400 | 0000 0000 | bef6 ffff | ff48 8b6c | 2430 4c8b | 5424 684c | 8954 2410 | 448b 5c24 
  0x00007240a0576790: 3844 895c | 2418 448b | 5424 4844 | 8954 241c | 448b 5c24 | 4044 895c | 2428 448b | 5424 4444 
  0x00007240a05767b0: 8954 242c | 448b 5c24 | 3c44 895c | 2434 4889 | 4424 7090 

  0x00007240a05767c4: ;   {runtime_call UncommonTrapBlob}
  0x00007240a05767c4: c5f8 77e8 

  0x00007240a05767c8: ; ImmutableOopMap {rbp=Oop [16]=Oop [24]=NarrowOop [52]=NarrowOop [112]=Oop [120]=NarrowOop [124]=NarrowOop [136]=NarrowOop [140]=NarrowOop [144]=NarrowOop [148]=NarrowOop [160]=Oop [176]=Oop [192]=Oop [200]=Oop }
                      ;*invokevirtual pop {reexecute=0 rethrow=0 return_oop=0}
                      ; - org.apache.xalan.transformer.TransformerImpl::popElemTemplateElement@4 (line 2632)
                      ; - org.apache.xalan.templates.ElemApplyTemplates::transformSelectedNodes@795 (line 399)
  0x00007240a05767c8: 343b 6fff 

  0x00007240a05767cc: ;   {other}
  0x00007240a05767cc: 0f1f 8400 | 0000 0000 | bef6 ffff | ff4c 8b54 | 2430 4c89 | 5424 104c | 8b54 2468 | 4c89 5424 
  0x00007240a05767ec: 1844 8b54 | 2438 4489 | 5424 2044 | 8b5c 2448 | 4489 5c24 | 2444 8b54 | 2440 4489 | 5424 3044 
  0x00007240a057680c: 8b5c 2444 | 4489 5c24 | 3444 8b54 | 2478 4489 | 5424 3844 | 8b5c 247c | 4489 5c24 | 4048 8944 
  0x00007240a057682c: 2478 6690 

  0x00007240a0576830: ;   {runtime_call UncommonTrapBlob}
  0x00007240a0576830: c5f8 77e8 

  0x00007240a0576834: ; ImmutableOopMap {[16]=Oop [24]=Oop [32]=NarrowOop [56]=NarrowOop [60]=NarrowOop [64]=NarrowOop [120]=Oop [136]=NarrowOop [140]=NarrowOop [144]=NarrowOop [148]=NarrowOop [160]=Oop [176]=Oop [192]=Oop [200]=Oop }
                      ;*aaload {reexecute=0 rethrow=0 return_oop=0}
                      ; - org.apache.xml.utils.ObjectStack::pop@15 (line 101)
                      ; - org.apache.xalan.transformer.TransformerImpl::popElemTemplateElement@4 (line 2632)
                      ; - org.apache.xalan.templates.ElemApplyTemplates::transformSelectedNodes@795 (line 399)
  0x00007240a0576834: c83a 6fff 

  0x00007240a0576838: ;   {other}
  0x00007240a0576838: 0f1f 8400 | 0000 0000 | be45 ffff | ff4c 8b54 | 2430 4c89 | 5424 184c | 8b54 2428 | 4c89 5424 
  0x00007240a0576858: 2044 8b5c | 2438 4489 | 5c24 2844 | 8b54 2448 | 4489 5424 | 2c44 8b5c | 243c 4489 | 5c24 3044 
  0x00007240a0576878: 8b54 2444 | 4489 5424 | 3466 6690 

  0x00007240a0576884: ;   {runtime_call UncommonTrapBlob}
  0x00007240a0576884: c5f8 77e8 

  0x00007240a0576888: ; ImmutableOopMap {rbp=NarrowOop [16]=Oop [24]=Oop [32]=Oop [40]=NarrowOop [80]=Oop [136]=NarrowOop [140]=NarrowOop }
                      ;*if_acmpeq {reexecute=1 rethrow=0 return_oop=0}
                      ; - (reexecute) org.apache.xpath.axes.NodeSequence::detach@5 (line 397)
                      ; - org.apache.xalan.templates.ElemApplyTemplates::transformSelectedNodes@971 (line 450)
  0x00007240a0576888: 743a 6fff 

  0x00007240a057688c: ;   {other}
  0x00007240a057688c: 0f1f 8400 | 0000 0000 | 488b d8eb | 0b48 8bd8 | e9d1 0000 | 0048 8bd8 | 4c8b 5c24 | 7848 8d84 
  0x00007240a05768ac: 2400 0100 | 0048 8338 | 000f 8479 | 0000 004d | 8b13 41f6 | c202 0f84 | 6200 0000 | 4983 ba86 
  0x00007240a05768cc: 0000 0000 | 7409 49ff | 8a86 0000 | 00eb 4b49 | 8b82 9600 | 0000 490b | 828e 0000 | 0075 0a49 
  0x00007240a05768ec: c742 3e00 | 0000 00eb | 3d49 83ba | 9e00 0000 | 0074 2248 | 33c0 49c7 | 423e 0000 | 0000 f083 
  0x00007240a057690c: 0424 0049 | 83ba 9e00 | 0000 0075 | 0df0 4d0f | b17a 3e75 | 0583 c801 | eb0c a800 | eb08 4c8b 
  0x00007240a057692c: 10f0 4d0f | b113 750a | 49ff 8f68 | 0800 0045 | 33d2 0f84 | 4c02 0000 | 498b fb48 | 8db4 2400 
  0x00007240a057694c: 0100 0049 | 8bd7 c5f8 | 7749 baa0 | 89fe b740 | 7200 0041 

  0x00007240a0576960: ;   {other}
  0x00007240a0576960: ffd2 0f1f | 8400 0000 | 0000 e921 | 0200 0048 | 8bd8 4c8b | 5c24 2048 | 8d84 2400 | 0100 0048 
  0x00007240a0576980: 8338 000f | 8479 0000 | 004d 8b13 | 41f6 c202 | 0f84 6200 | 0000 4983 | ba86 0000 | 0000 7409 
  0x00007240a05769a0: 49ff 8a86 | 0000 00eb | 4b49 8b82 | 9600 0000 | 490b 828e | 0000 0075 | 0a49 c742 | 3e00 0000 
  0x00007240a05769c0: 00eb 3d49 | 83ba 9e00 | 0000 0074 | 2248 33c0 | 49c7 423e | 0000 0000 | f083 0424 | 0049 83ba 
  0x00007240a05769e0: 9e00 0000 | 0075 0df0 | 4d0f b17a | 3e75 0583 | c801 eb0c | a800 eb08 | 4c8b 10f0 | 4d0f b113 
  0x00007240a0576a00: 750a 49ff | 8f68 0800 | 0045 33d2 | 0f84 c501 | 0000 498b | fb48 8db4 | 2400 0100 | 0049 8bd7 
  0x00007240a0576a20: c5f8 7749 | baa0 89fe | b740 7200 | 0041 ffd2 

  0x00007240a0576a30: ;   {other}
  0x00007240a0576a30: 0f1f 8400 | 0000 0000 | e99a 0100 | 0048 8944 | 2410 4533 | c0b9 0a00 | 0000 4533 | c9e9 a913 
  0x00007240a0576a50: 0000 4889 | 4424 1044 | 8b84 24f8 | 0000 008b | 8c24 fc00 | 0000 448b | 8c24 c000 | 0000 e988 
  0x00007240a0576a70: 1300 0044 | 8b58 0849 | ba00 0000 | 7b93 6500 | 004d 03d3 | 4d8b 5248 

  0x00007240a0576a88: ;   {metadata('org/xml/sax/SAXException')}
  0x00007240a0576a88: 49bb 1084 | 017c 9365 | 0000 4d3b | d375 a64c | 8bd0 4533 | c041 bb0a | 0000 0045 | 33c9 4489 
  0x00007240a0576aa8: 8424 f800 | 0000 4489 | 9c24 fc00 | 0000 4c89 | 5424 7844 | 898c 24c0 | 0000 00e9 | 1a0a 0000 
  0x00007240a0576ac8: 448b 5008 | 49bb 0000 | 007b 9365 | 0000 4d03 | da4d 8b53 

  0x00007240a0576adc: ;   {metadata('org/xml/sax/SAXException')}
  0x00007240a0576adc: 4849 bb10 | 8401 7c93 | 6500 004d | 3bd3 0f85 | 1131 0000 | 4c8b d045 | 33c0 41b9 | 0a00 0000 
  0x00007240a0576afc: 4533 db44 | 8984 24f8 | 0000 0044 | 898c 24fc | 0000 004c | 8954 2478 | 4489 9c24 | c000 0000 
  0x00007240a0576b1c: e9c1 0900 | 0048 8bd8 | eb08 488b | d8eb 1c48 | 8bd8 448b | 5b08 49ba | 0000 007b | 9365 0000 
  0x00007240a0576b3c: 4d03 d3e9 | f503 0000 | 488b d844 | 8b53 0849 | bb00 0000 | 7b93 6500 | 004d 03da | e9c1 0500 
  0x00007240a0576b5c: 0049 8bfb | 488d b424 | 0001 0000 | 498b d7c5 | f877 49ba | a089 feb7 | 4072 0000 

  0x00007240a0576b78: ;   {other}
  0x00007240a0576b78: 41ff d20f | 1f84 0000 | 0000 00e9 | 8f18 0000 | 488b d8eb | 5548 8bd8 | 488b f3e9 | 8418 0000 
  0x00007240a0576b98: 4c8b 5424 | 604c 8954 | 2418 4c8b | 5424 704c | 8954 2420 | 8b94 24a4 | 0000 004c | 898c 24b8 
  0x00007240a0576bb8: 0000 0090 

  0x00007240a0576bbc: ;   {runtime_call _new_array_Java}
  0x00007240a0576bbc: c5f8 77e8 

  0x00007240a0576bc0: ; ImmutableOopMap {rbp=Oop [16]=Oop [24]=Oop [32]=Oop [40]=Oop [48]=Oop [56]=NarrowOop [76]=NarrowOop [80]=Oop [88]=Oop [104]=Oop [120]=Oop [128]=NarrowOop [132]=NarrowOop [136]=NarrowOop [140]=NarrowOop [152]=Oop [184]=Oop }
                      ;*invokestatic copyOf {reexecute=1 rethrow=0 return_oop=1}
                      ; - (reexecute) java.util.Arrays::copyOf@6 (line 3482)
                      ; - java.util.ArrayList::grow@37 (line 237)
                      ; - java.util.ArrayList::grow@7 (line 244)
                      ; - java.util.ArrayList::add@7 (line 483)
                      ; - java.util.ArrayList::add@20 (line 496)
                      ; - org.apache.xpath.axes.IteratorPool::freeInstance@5 (line 117)
                      ; - org.apache.xpath.axes.LocPathIterator::detach@47 (line 691)
                      ; - org.apache.xpath.axes.NodeSequence::detach@12 (line 398)
                      ; - org.apache.xalan.templates.ElemApplyTemplates::transformSelectedNodes@971 (line 450)
  0x00007240a0576bc0: bc44 7aff 

  0x00007240a0576bc4: ;   {other}
  0x00007240a0576bc4: 0f1f 8400 | 0000 0000 | 4c8b d8e9 | 8b1d 0000 | 488b d848 | 8bf3 e93d | 1800 0048 | 8bd8 4c8b 
  0x00007240a0576be4: 5c24 5048 | 8d84 2400 | 0100 0048 | 8338 000f | 8479 0000 | 004d 8b13 | 41f6 c202 | 0f84 6200 
  0x00007240a0576c04: 0000 4983 | ba86 0000 | 0000 7409 | 49ff 8a86 | 0000 00eb | 4b49 8b82 | 9600 0000 | 490b 828e 
  0x00007240a0576c24: 0000 0075 | 0a49 c742 | 3e00 0000 | 00eb 3d49 | 83ba 9e00 | 0000 0074 | 2248 33c0 | 49c7 423e 
  0x00007240a0576c44: 0000 0000 | f083 0424 | 0049 83ba | 9e00 0000 | 0075 0df0 | 4d0f b17a | 3e75 0583 | c801 eb0c 
  0x00007240a0576c64: a800 eb08 | 4c8b 10f0 | 4d0f b113 | 750a 49ff | 8f68 0800 | 0045 33d2 | 0f84 9105 | 0000 498b 
  0x00007240a0576c84: fb48 8db4 | 2400 0100 | 0049 8bd7 | c5f8 7749 | baa0 89fe | b740 7200 | 0041 ffd2 

  0x00007240a0576ca0: ;   {other}
  0x00007240a0576ca0: 0f1f 8400 | 0000 0000 | e966 0500 

  0x00007240a0576cac: ;   {metadata('java/lang/Object'[])}
  0x00007240a0576cac: 0048 be88 | 1200 7b93 | 6500 0048 | 8b6c 2460 | 4c8b 5424 | 704c 8954 | 2418 418b | d04c 898c 
  0x00007240a0576ccc: 24a8 0000 | 0066 6690 

  0x00007240a0576cd4: ;   {runtime_call _new_array_Java}
  0x00007240a0576cd4: c5f8 77e8 

  0x00007240a0576cd8: ; ImmutableOopMap {rbp=Oop [16]=Oop [24]=Oop [40]=Oop [48]=Oop [56]=NarrowOop [76]=NarrowOop [80]=Oop [88]=Oop [104]=Oop [120]=Oop [128]=NarrowOop [136]=NarrowOop [140]=NarrowOop [168]=Oop }
                      ;*anewarray {reexecute=0 rethrow=0 return_oop=1}
                      ; - java.util.ArrayList::grow@52 (line 239)
                      ; - java.util.ArrayList::grow@7 (line 244)
                      ; - java.util.ArrayList::add@7 (line 483)
                      ; - java.util.ArrayList::add@20 (line 496)
                      ; - org.apache.xpath.axes.IteratorPool::freeInstance@5 (line 117)
                      ; - org.apache.xpath.axes.LocPathIterator::detach@47 (line 691)
                      ; - org.apache.xpath.axes.NodeSequence::detach@12 (line 398)
                      ; - org.apache.xalan.templates.ElemApplyTemplates::transformSelectedNodes@971 (line 450)
  0x00007240a0576cd8: a443 7aff 

  0x00007240a0576cdc: ;   {other}
  0x00007240a0576cdc: 0f1f 8400 | 0000 0000 | 488b d0e9 | 1d19 0000 | 4c8b 5424 | 604c 8954 | 2410 4c8b | 5424 704c 
  0x00007240a0576cfc: 8954 2418 | 8b94 2498 | 0000 004c | 898c 24b8 | 0000 0090 

  0x00007240a0576d10: ;   {runtime_call _new_array_Java}
  0x00007240a0576d10: c5f8 77e8 

  0x00007240a0576d14: ; ImmutableOopMap {rbp=Oop [16]=Oop [24]=Oop [32]=Oop [48]=Oop [56]=NarrowOop [60]=NarrowOop [64]=NarrowOop [76]=NarrowOop [80]=Oop [88]=Oop [104]=Oop [120]=Oop [136]=NarrowOop [140]=NarrowOop [144]=Oop [184]=Oop }
                      ;*invokestatic copyOf {reexecute=1 rethrow=0 return_oop=1}
                      ; - (reexecute) java.util.Arrays::copyOf@6 (line 3482)
                      ; - java.util.ArrayList::grow@37 (line 237)
                      ; - java.util.ArrayList::grow@7 (line 244)
                      ; - java.util.ArrayList::add@7 (line 483)
                      ; - java.util.ArrayList::add@20 (line 496)
                      ; - org.apache.xpath.axes.IteratorPool::freeInstance@5 (line 117)
                      ; - org.apache.xpath.axes.LocPathIterator::detach@47 (line 691)
                      ; - org.apache.xpath.axes.NodeSequence::detach@12 (line 398)
                      ; - org.apache.xalan.templates.ElemApplyTemplates::transformSelectedNodes@971 (line 450)
  0x00007240a0576d14: 6843 7aff 

  0x00007240a0576d18: ;   {other}
  0x00007240a0576d18: 0f1f 8400 | 0000 0000 | 4c8b d8e9 | 571a 0000 

  0x00007240a0576d28: ;   {metadata('java/lang/Object'[])}
  0x00007240a0576d28: 48be 8812 | 007b 9365 | 0000 488b | 6c24 604c | 8b54 2470 | 4c89 5424 | 1041 8bd0 | 4c89 8c24 
  0x00007240a0576d48: 9800 0000 

  0x00007240a0576d4c: ;   {runtime_call _new_array_Java}
  0x00007240a0576d4c: c5f8 77e8 

  0x00007240a0576d50: ; ImmutableOopMap {rbp=Oop [16]=Oop [32]=Oop [48]=Oop [56]=NarrowOop [60]=NarrowOop [64]=NarrowOop [80]=Oop [88]=Oop [104]=Oop [120]=Oop [136]=NarrowOop [140]=NarrowOop [152]=Oop }
                      ;*anewarray {reexecute=0 rethrow=0 return_oop=1}
                      ; - java.util.ArrayList::grow@52 (line 239)
                      ; - java.util.ArrayList::grow@7 (line 244)
                      ; - java.util.ArrayList::add@7 (line 483)
                      ; - java.util.ArrayList::add@20 (line 496)
                      ; - org.apache.xpath.axes.IteratorPool::freeInstance@5 (line 117)
                      ; - org.apache.xpath.axes.LocPathIterator::detach@47 (line 691)
                      ; - org.apache.xpath.axes.NodeSequence::detach@12 (line 398)
                      ; - org.apache.xalan.templates.ElemApplyTemplates::transformSelectedNodes@971 (line 450)
  0x00007240a0576d50: 2c43 7aff 

  0x00007240a0576d54: ;   {other}
  0x00007240a0576d54: 0f1f 8400 | 0000 0000 | 488b d8e9 | 2e10 0000 | 4889 4424 | 1044 8b84 | 24f8 0000 | 008b 8c24 
  0x00007240a0576d74: fc00 0000 | 448b 8c24 | c000 0000 | e976 1000 | 0048 8944 | 2410 448b | 8424 f800 | 0000 8b8c 
  0x00007240a0576d94: 24fc 0000 | 0044 8b8c | 24c0 0000 | 00e9 5510 | 0000 488b | d8e9 0f10 | 0000 4889 | 4424 1041 
  0x00007240a0576db4: b901 0000 | 0044 8b84 | 24f8 0000 | 008b 8c24 | fc00 0000 | e92e 1000 | 0048 895c | 2410 41b9 
  0x00007240a0576dd4: 0100 0000 | 448b 8424 | f800 0000 | 8b8c 24fc | 0000 00e9 | 0f10 0000 | 4889 5c24 | 1045 33c0 
  0x00007240a0576df4: b90a 0000 | 0045 33c9 | e9fa 0f00 | 0048 895c | 2410 41b9 | 0100 0000 | 448b 8424 | f800 0000 
  0x00007240a0576e14: 8b8c 24fc | 0000 00e9 | db0f 0000 | 448b 5808 | 49ba 0000 | 007b 9365 | 0000 4d03 | d34d 8b52 
  0x00007240a0576e34: ;   {metadata('org/xml/sax/SAXException')}
  0x00007240a0576e34: 4849 bb10 | 8401 7c93 | 6500 004d | 3bd3 0f85 | 66ff ffff | 4c8b d041 | b801 0000 | 004c 8954 
  0x00007240a0576e54: 2478 4489 | 8424 c000 | 0000 e97f | 0600 0048 | 8944 2410 | 41b9 0100 | 0000 448b | 8424 f800 
  0x00007240a0576e74: 0000 8b8c | 24fc 0000 | 00e9 790f | 0000 488b | d84c 8b9c | 24c8 0000 | 0048 8d84 | 2400 0100 
  0x00007240a0576e94: 0048 8338 | 000f 8479 | 0000 004d | 8b13 41f6 | c202 0f84 | 6200 0000 | 4983 ba86 | 0000 0000 
  0x00007240a0576eb4: 7409 49ff | 8a86 0000 | 00eb 4b49 | 8b82 9600 | 0000 490b | 828e 0000 | 0075 0a49 | c742 3e00 
  0x00007240a0576ed4: 0000 00eb | 3d49 83ba | 9e00 0000 | 0074 2248 | 33c0 49c7 | 423e 0000 | 0000 f083 | 0424 0049 
  0x00007240a0576ef4: 83ba 9e00 | 0000 0075 | 0df0 4d0f | b17a 3e75 | 0583 c801 | eb0c a800 | eb08 4c8b | 10f0 4d0f 
  0x00007240a0576f14: b113 750a | 49ff 8f68 | 0800 0045 | 33d2 0f85 | ae2c 0000 | 448b 5b08 | 49ba 0000 | 007b 9365 
  0x00007240a0576f34: ;   {no_reloc}
  0x00007240a0576f34: 0000 4d03 | d34d 8b52 

  0x00007240a0576f3c: ;   {metadata('org/xml/sax/SAXException')}
  0x00007240a0576f3c: 4849 bb10 | 8401 7c93 | 6500 004d | 3bd3 0f85 | 7dfe ffff | 4c8b d341 | b801 0000 | 004c 8954 
  0x00007240a0576f5c: 2478 4489 | 8424 c000 | 0000 e977 | 0500 0048 | 8bd8 4c8b | 5c24 1048 | 8d84 2400 | 0100 0048 
  0x00007240a0576f7c: 8338 000f | 8479 0000 | 004d 8b13 | 41f6 c202 | 0f84 6200 | 0000 4983 | ba86 0000 | 0000 7409 
  0x00007240a0576f9c: 49ff 8a86 | 0000 00eb | 4b49 8b82 | 9600 0000 | 490b 828e | 0000 0075 | 0a49 c742 | 3e00 0000 
  0x00007240a0576fbc: 00eb 3d49 | 83ba 9e00 | 0000 0074 | 2248 33c0 | 49c7 423e | 0000 0000 | f083 0424 | 0049 83ba 
  0x00007240a0576fdc: 9e00 0000 | 0075 0df0 | 4d0f b17a | 3e75 0583 | c801 eb0c | a800 eb08 | 4c8b 10f0 | 4d0f b113 
  0x00007240a0576ffc: 750a 49ff | 8f68 0800 | 0045 33d2 | 0f85 9d2b | 0000 448b | 5308 49bb | 0000 007b | 9365 0000 
  0x00007240a057701c: 4d03 da4d 

  0x00007240a0577020: ;   {metadata('org/xml/sax/SAXException')}
  0x00007240a0577020: 8b53 4849 | bb10 8401 | 7c93 6500 | 004d 3bd3 | 0f85 b6fd | ffff 4c8b | d345 33c0 | 41b9 0a00 
  0x00007240a0577040: 0000 4533 | db44 8984 | 24f8 0000 | 0044 898c | 24fc 0000 | 004c 8954 | 2478 4489 | 9c24 c000 
  0x00007240a0577060: 0000 e97b | 0400 0048 | 8bd8 4c8b | 9c24 c000 | 0000 488d | 8424 0001 | 0000 4883 | 3800 0f84 
  0x00007240a0577080: 7900 0000 | 4d8b 1341 | f6c2 020f | 8462 0000 | 0049 83ba | 8600 0000 | 0074 0949 | ff8a 8600 
  0x00007240a05770a0: 0000 eb4b | 498b 8296 | 0000 0049 | 0b82 8e00 | 0000 750a | 49c7 423e | 0000 0000 | eb3d 4983 
  0x00007240a05770c0: ba9e 0000 | 0000 7422 | 4833 c049 | c742 3e00 | 0000 00f0 | 8304 2400 | 4983 ba9e | 0000 0000 
  0x00007240a05770e0: 750d f04d | 0fb1 7a3e | 7505 83c8 | 01eb 0ca8 | 00eb 084c | 8b10 f04d | 0fb1 1375 | 0a49 ff8f 
  0x00007240a0577100: 6808 0000 | 4533 d20f | 8573 2a00 | 0044 8b43 | 0849 bb00 | 0000 7b93 | 6500 004d | 03d8 4d8b 
  0x00007240a0577120: ;   {metadata('org/xml/sax/SAXException')}
  0x00007240a0577120: 5348 49bb | 1084 017c | 9365 0000 | 4d3b d30f | 85cc fcff | ff4c 8bd3 | 41b8 0100 | 0000 4c89 
  0x00007240a0577140: 5424 7844 | 8984 24c0 | 0000 00e9 | 9203 0000 | 4889 4424 | 1041 b901 | 0000 0044 | 8b84 24f8 
  0x00007240a0577160: 0000 008b | 8c24 fc00 | 0000 e98c | 0c00 0044 | 8b50 0849 | bb00 0000 | 7b93 6500 | 004d 03da 
  0x00007240a0577180: 4d8b 5348 

  0x00007240a0577184: ;   {metadata('org/xml/sax/SAXException')}
  0x00007240a0577184: 49bb 1084 | 017c 9365 | 0000 4d3b | d30f 85cc | fcff ff4c | 8bd0 41b8 | 0100 0000 | 4c89 5424 
  0x00007240a05771a4: 7844 8984 | 24c0 0000 | 00e9 3003 | 0000 448b | 5008 49bb | 0000 007b | 9365 0000 | 4d03 daeb 
  0x00007240a05771c4: 1144 8b50 | 0849 bb00 | 0000 7b93 | 6500 004d | 03da 4d8b 

  0x00007240a05771d8: ;   {metadata('org/xml/sax/SAXException')}
  0x00007240a05771d8: 5348 49bb | 1084 017c | 9365 0000 | 4d3b d30f | 8563 ffff | ff4c 8bd0 | 41bb 0100 | 0000 4c89 
  0x00007240a05771f8: 5424 7844 | 899c 24c0 | 0000 00e9 | da02 0000 | 488b d8e9 | ad0b 0000 | 488b d848 | 8bf3 e901 
  0x00007240a0577218: 1200 0048 | 8bd8 448b 

  0x00007240a0577220: ;   {metadata('java/lang/Exception')}
  0x00007240a0577220: 5008 49bb | 78c1 007b | 9365 0000 | 49b8 0000 | 007b 9365 | 0000 4d03 | c24d 8b50 | 404d 3bd3 
  0x00007240a0577240: 0f84 4626 | 0000 4c8b | 5c24 2048 | 8d84 2400 | 0100 0048 | 8338 000f | 8479 0000 | 004d 8b13 
  0x00007240a0577260: 41f6 c202 | 0f84 6200 | 0000 4983 | ba86 0000 | 0000 7409 | 49ff 8a86 | 0000 00eb | 4b49 8b82 
  0x00007240a0577280: 9600 0000 | 490b 828e | 0000 0075 | 0a49 c742 | 3e00 0000 | 00eb 3d49 | 83ba 9e00 | 0000 0074 
  0x00007240a05772a0: 2248 33c0 | 49c7 423e | 0000 0000 | f083 0424 | 0049 83ba | 9e00 0000 | 0075 0df0 | 4d0f b17a 
  0x00007240a05772c0: 3e75 0583 | c801 eb0c | a800 eb08 | 4c8b 10f0 | 4d0f b113 | 750a 49ff | 8f68 0800 | 0045 33d2 
  0x00007240a05772e0: 0f84 d70a | 0000 498b | fb48 8db4 | 2400 0100 | 0049 8bd7 | c5f8 7749 | baa0 89fe | b740 7200 
  0x00007240a0577300: 0041 ffd2 

  0x00007240a0577304: ;   {other}
  0x00007240a0577304: 0f1f 8400 | 0000 0000 | e9ac 0a00 | 0048 8944 | 2410 41b9 | 0100 0000 | 448b 8424 | f800 0000 
  0x00007240a0577324: 8b8c 24fc | 0000 00e9 | cb0a 0000 | 4889 4424 | 1041 b901 | 0000 0044 | 8b84 24f8 | 0000 008b 
  0x00007240a0577344: 8c24 fc00 | 0000 e9ac | 0a00 0048 | 8944 2410 | 41b9 0100 | 0000 448b | 8424 f800 | 0000 8b8c 
  0x00007240a0577364: 24fc 0000 | 00e9 8d0a | 0000 448b | 5008 49bb | 0000 007b | 9365 0000 | 4d03 da4d 

  0x00007240a0577380: ;   {metadata('org/xml/sax/SAXException')}
  0x00007240a0577380: 8b53 4849 | bb10 8401 | 7c93 6500 | 004d 3bd3 | 0f85 7bff | ffff 4c8b | d041 b801 | 0000 004c 
  0x00007240a05773a0: 8954 2478 | 4489 8424 | c000 0000 | e931 0100 | 004c 8b54 | 2468 458b | 524c 418b | ca45 8b5a 
  0x00007240a05773c0: 1845 8bcb | 458b 5a10 | 418d 6bff | 4189 6a10 

  0x00007240a05773d0: ; implicit exception: dispatches to 0x00007240a05767d4
  0x00007240a05773d0: 418b 590c | 3beb 0f83 | 5021 0000 | 4789 6499 | 0c44 8b58 | 0849 ba00 | 0000 7b93 | 6500 004d 
  0x00007240a05773f0: 03d3 4d8b 

  0x00007240a05773f4: ;   {metadata('org/xml/sax/SAXException')}
  0x00007240a05773f4: 5248 49bb | 1084 017c | 9365 0000 | 4d3b d30f | 8527 ffff | ff4c 8bd0 | 41bb 0100 | 0000 4c89 
  0x00007240a0577414: 5424 7844 | 899c 24c0 | 0000 00e9 | be00 0000 | 448b 5808 | 49ba 0000 | 007b 9365 | 0000 4d03 
  0x00007240a0577434: d34d 8b52 

  0x00007240a0577438: ;   {metadata('org/xml/sax/SAXException')}
  0x00007240a0577438: 4849 bb10 | 8401 7c93 | 6500 004d | 3bd3 0f85 | 03ff ffff | 4c8b d041 | bb01 0000 | 004c 8954 
  0x00007240a0577458: 2478 4489 | 9c24 c000 | 0000 eb7e | 448b 5808 | 49ba 0000 | 007b 9365 | 0000 4d03 | d34d 8b52 
  0x00007240a0577478: ;   {metadata('org/xml/sax/SAXException')}
  0x00007240a0577478: 4849 bb10 | 8401 7c93 | 6500 004d | 3bd3 0f85 | 3909 0000 | 4c8b d041 | bb01 0000 | 004c 8954 
  0x00007240a0577498: 2478 4489 | 9c24 c000 | 0000 eb3e | 448b 5008 | 49bb 0000 | 007b 9365 | 0000 4d03 | da4d 8b53 
  0x00007240a05774b8: ;   {metadata('org/xml/sax/SAXException')}
  0x00007240a05774b8: 4849 bb10 | 8401 7c93 | 6500 004d | 3bd3 0f85 | 1509 0000 | 4c8b d041 | bb01 0000 | 004c 8954 
  0x00007240a05774d8: 2478 4489 | 9c24 c000 | 0000 4c8b | 5424 6845 | 8b9a 8000 | 0000 418b | eb49 8b87 | b804 0000 
  0x00007240a05774f8: 4c8b d049 | 83c2 3044 | 8b44 2438 | 4d8b d84c | 895c 2458 | 4d3b 97c0 | 0400 000f | 839f 1500 
  0x00007240a0577518: 004d 8997 | b804 0000 | 4c8b d84d | 8bc3 49c1 | e806 49ba | 0000 40f4 | 9365 0000 | 4d03 c249 
  0x00007240a0577538: c1eb 034d | 8bc8 450f | b611 4983 | e307 458b | dbb9 0100 | 0000 c462 | 21f7 d945 | 0bd3 4588 
  0x00007240a0577558: 1148 c700 | 0100 0000 

  0x00007240a0577560: ;   {metadata('javax/xml/transform/TransformerException')}
  0x00007240a0577560: c740 0890 | 3001 0144 | 8960 0c4c | 8960 104c | 8960 184c | 8960 204c | 8960 284c | 8bd0 4c89 
  0x00007240a0577580: 5424 1049 | 8bf2 488b | 5424 7890 

  0x00007240a057758c: ;   {optimized virtual_call}
  0x00007240a057758c: c5f8 77e8 

  0x00007240a0577590: ; ImmutableOopMap {rbp=NarrowOop [16]=Oop [48]=Oop [56]=NarrowOop [80]=Oop [88]=Oop [96]=Oop [104]=Oop [112]=Oop [136]=NarrowOop [140]=NarrowOop }
                      ;*invokespecial <init> {reexecute=0 rethrow=0 return_oop=0}
                      ; - org.apache.xalan.templates.ElemApplyTemplates::transformSelectedNodes@870 (line 433)
  0x00007240a0577590: ecda 6eff 

  0x00007240a0577594: ;   {other}
  0x00007240a0577594: 0f1f 8400 | 0000 0000 | 488b f548 | 8b54 2410 | 488b 6c24 | 3090 c5f8 | 7748 b8ff | ffff ffff 
  0x00007240a05775b4: ;   {virtual_call}
  0x00007240a05775b4: ffff ffe8 

  0x00007240a05775b8: ; ImmutableOopMap {rbp=Oop [48]=Oop [56]=NarrowOop [80]=Oop [88]=Oop [96]=Oop [104]=Oop [112]=Oop [136]=NarrowOop [140]=NarrowOop }
                      ;*invokeinterface fatalError {reexecute=0 rethrow=0 return_oop=0}
                      ; - org.apache.xalan.templates.ElemApplyTemplates::transformSelectedNodes@873 (line 433)
  0x00007240a05775b8: c4dd 6eff 

  0x00007240a05775bc: ;   {other}
  0x00007240a05775bc: 0f1f 8400 | 0000 0000 | 4c8b 5424 | 6841 0fb6 | 6a15 85ed | 0f85 5219 | 0000 448b | 4424 4045 
  0x00007240a05775dc: 85c0 0f8f | 7819 0000 | 4489 4424 | 2844 8b5c | 2438 458b | 532c 458b | 4218 458b | 4a10 418d 
  0x00007240a05775fc: 69ff 4189 | 6a10 418b | 480c 3be9 | 0f83 cd15 | 0000 4789 | 6488 0c44 | 8b9c 24c0 | 0000 0045 
  0x00007240a057761c: 85db 0f84 | 6419 0000 | 448b 5424 | 3841 8b6a | 5085 ed0f | 84ef 1500 | 004c 8bd5 | 4c89 5424 
  0x00007240a057763c: 104c 8b5c | 2410 488d | 9c24 0001 | 0000 498b | 03a8 020f | 8523 0000 | 0048 83c8 | 0148 8903 
  0x00007240a057765c: f049 0fb1 | 1b0f 8437 | 0000 0048 | 2bc4 4825 | 07f0 ffff | 4889 03e9 | 2400 0000 | 4c8b d048 
  0x00007240a057767c: 33c0 f04d | 0fb1 7a3e | 48c7 0303 | 0000 0074 | 114c 3bf8 | 7515 49ff | 8286 0000 | 0048 33c0 
  0x00007240a057769c: 7509 49ff | 8768 0800 | 0033 c00f | 859b 1600 | 0044 8b6d | 104c 8b5c | 2410 488d 

  0x00007240a05776b8: ;   {no_reloc}
  0x00007240a05776b8: 8424 0001 | 0000 4883 | 3800 0f84 | 7900 0000 | 4d8b 1341 | f6c2 020f | 8462 0000 | 0049 83ba 
  0x00007240a05776d8: 8600 0000 | 0074 0949 | ff8a 8600 | 0000 eb4b | 498b 8296 | 0000 0049 | 0b82 8e00 | 0000 750a 
  0x00007240a05776f8: 49c7 423e | 0000 0000 | eb3d 4983 | ba9e 0000 | 0000 7422 | 4833 c049 | c742 3e00 | 0000 00f0 
  0x00007240a0577718: 8304 2400 | 4983 ba9e | 0000 0000 | 750d f04d | 0fb1 7a3e | 7505 83c8 | 01eb 0ca8 | 00eb 084c 
  0x00007240a0577738: 8b10 f04d | 0fb1 1375 | 0a49 ff8f | 6808 0000 | 4533 d20f | 8518 1600 | 0045 85ed | 0f84 5218 
  0x00007240a0577758: 0000 448b | 5c24 3845 | 8b53 5044 | 8954 243c | 4585 d20f | 84d7 1400 | 004c 8954 | 2410 4c8b 
  0x00007240a0577778: 5c24 1048 | 8d9c 2400 | 0100 0049 | 8b03 a802 | 0f85 2300 | 0000 4883 | c801 4889 | 03f0 490f 
  0x00007240a0577798: b11b 0f84 | 3700 0000 | 482b c448 | 2507 f0ff | ff48 8903 | e924 0000 | 004c 8bd0 | 4833 c0f0 
  0x00007240a05777b8: ;   {no_reloc}
  0x00007240a05777b8: 4d0f b17a | 3e48 c703 | 0300 0000 | 7411 4c3b | f875 1549 | ff82 8600 | 0000 4833 | c075 0949 
  0x00007240a05777d8: ff87 6808 | 0000 33c0 | 0f85 ae15 | 0000 448b | 5424 3c45 | 8b5a 1045 | 8bc3 4585 | db0f 84e5 
  0x00007240a05777f8: 1700 0045 | 8d53 ff45 | 8bca 453b | d00f 8d1d | 1800 0044 | 8b54 243c | 458b 5218 | 418b da45 
  0x00007240a0577818: 8b52 0c45 | 3bca 0f83 | 5014 0000 | 428b 6c83 | 0c45 3bc8 | 0f8d 4e18 | 0000 458b | d145 85d2 
  0x00007240a0577838: 0f8c 9618 | 0000 448b | 5c24 3c45 | 8953 1046 | 8964 830c | 448b 5c24 | 3c45 8b53 | 0c41 ffc2 
  0x00007240a0577858: 4589 530c | 4c8b 5c24 | 1048 8d84 | 2400 0100 | 0048 8338 | 000f 8479 | 0000 004d | 8b13 41f6 
  0x00007240a0577878: c202 0f84 | 6200 0000 | 4983 ba86 | 0000 0000 | 7409 49ff | 8a86 0000 | 00eb 4b49 | 8b82 9600 
  0x00007240a0577898: 0000 490b | 828e 0000 | 0075 0a49 | c742 3e00 | 0000 00eb | 3d49 83ba | 9e00 0000 | 0074 2248 
  0x00007240a05778b8: ;   {no_reloc}
  0x00007240a05778b8: 33c0 49c7 | 423e 0000 | 0000 f083 | 0424 0049 | 83ba 9e00 | 0000 0075 | 0df0 4d0f | b17a 3e75 
  0x00007240a05778d8: 0583 c801 | eb0c a800 | eb08 4c8b | 10f0 4d0f | b113 750a | 49ff 8f68 | 0800 0045 | 33d2 0f85 
  0x00007240a05778f8: bd14 0000 | 4c8b 5424 | 6845 8b5a | 4c45 8b53 | 1845 8b4b | 1041 8d69 | ff41 896b | 1041 8b4a 
  0x00007240a0577918: 0c3b e90f | 83af 1300 | 0047 8964 | 8a0c 448b | 5424 3845 | 8b5a 6045 | 85db 0f84 | e013 0000 
  0x00007240a0577938: 41ff 4b10 | 458b 5254 

  0x00007240a0577940: ; implicit exception: dispatches to 0x00007240a057640c
  0x00007240a0577940: 41ff 4a10 | 4c8b 5424 | 5045 8b52 

  0x00007240a057794c: ;   {metadata('org/apache/xpath/objects/XNodeSet')}
  0x00007240a057794c: 0841 81fa | 08f5 0101 | 0f85 8a14 | 0000 4c8b | 5424 504c | 8954 2450 | 418b 6a20 

  0x00007240a0577968: ; implicit exception: dispatches to 0x00007240a05764d4
  0x00007240a0577968: 448b 5d08 

  0x00007240a057796c: ;   {metadata('org/apache/xpath/axes/ChildIterator')}
  0x00007240a057796c: 4c8b d541 | 81fb 18a8 | 0c01 0f85 | 4b02 0000 | 4c89 5424 | 7841 0fb6 | 6a16 85ed | 0f84 9217 
  0x00007240a057798c: 0000 41c7 | 4244 ffff | ffff 458b | 5a50 4489 | 5c24 3c45 | 8962 5c41 | c742 40ff | ffff ff45 
  0x00007240a05779ac: 8962 5441 | c742 4cff | ffff ff45 | 8962 4841 | c742 3cff | ffff ff45 | 85db 0f84 | 5014 0000 
  0x00007240a05779cc: 4d8b d34c | 8954 2420 | 4c8b 5c24 | 2048 8d9c | 2400 0100 | 0049 8b03 | a802 0f85 | 2300 0000 
  0x00007240a05779ec: 4883 c801 | 4889 03f0 | 490f b11b | 0f84 3700 | 0000 482b | c448 2507 | f0ff ff48 | 8903 e924 
  0x00007240a0577a0c: 0000 004c | 8bd0 4833 | c0f0 4d0f | b17a 3e48 | c703 0300 | 0000 7411 | 4c3b f875 | 1549 ff82 
  0x00007240a0577a2c: 8600 0000 | 4833 c075 | 0949 ff87 | 6808 0000 | 33c0 0f85 | 6814 0000 | 448b 5424 | 3c45 8b52 
  0x00007240a0577a4c: 1044 8954 | 2440 458b | 5a14 4489 | 5c24 4c41 | ff42 0c45 | 8b53 0c44 | 8994 2480 | 0000 0044 
  0x00007240a0577a6c: ;   {no_reloc}
  0x00007240a0577a6c: 8b54 2440 | 458b 5a10 | 4489 9c24 | 8400 0000 | 448b 5c24 | 4c4d 8bd3 | 4c89 9424 | 9000 0000 
  0x00007240a0577a8c: 448b 9424 | 8400 0000 | 41ff c244 | 8954 242c | 448b 9c24 | 8400 0000 | 443b 9c24 | 8000 0000 
  0x00007240a0577aac: 0f84 6701 | 0000 448b | 5424 4044 | 8b8c 2480 | 0000 0044 | 8b9c 2484 | 0000 0045 | 3bd9 0f83 
  0x00007240a0577acc: 8413 0000 | 488b 8c24 | 9000 0000 | 448b 4108 

  0x00007240a0577adc: ;   {metadata('java/lang/Object'[])}
  0x00007240a0577adc: 4181 f888 | 1200 000f | 85e8 1300 | 0044 8b44 | 242c 4589 | 4210 4c8b | 5424 7846 | 8954 9910 
  0x00007240a0577afc: 4c8b 5c24 | 2048 8d84 | 2400 0100 | 0048 8338 | 000f 8479 | 0000 004d | 8b13 41f6 | c202 0f84 
  0x00007240a0577b1c: 6200 0000 | 4983 ba86 | 0000 0000 | 7409 49ff | 8a86 0000 | 00eb 4b49 | 8b82 9600 | 0000 490b 
  0x00007240a0577b3c: 828e 0000 | 0075 0a49 | c742 3e00 | 0000 00eb | 3d49 83ba | 9e00 0000 | 0074 2248 | 33c0 49c7 
  0x00007240a0577b5c: 423e 0000 | 0000 f083 | 0424 0049 | 83ba 9e00 | 0000 0075 | 0df0 4d0f | b17a 3e75 | 0583 c801 
  0x00007240a0577b7c: eb0c a800 | eb08 4c8b | 10f0 4d0f | b113 750a | 49ff 8f68 | 0800 0045 | 33d2 0f84 | 6c7c ffff 
  0x00007240a0577b9c: 498b fb48 | 8db4 2400 | 0100 0049 | 8bd7 c5f8 | 7749 baa0 | 89fe b740 | 7200 0041 

  0x00007240a0577bb8: ;   {other}
  0x00007240a0577bb8: ffd2 0f1f | 8400 0000 | 0000 e941 | 7cff ff48 | 8b6c 2430 | 448b 4424 | 4844 8944 | 2418 448b 
  0x00007240a0577bd8: 5c24 2844 | 895c 241c | 448b 4424 | 4444 8944 | 2428 498b | f24c 8b54 | 2450 4c89 | 5424 4866 
  0x00007240a0577bf8: 6690 c5f8 | 7748 b8ff | ffff ffff 

  0x00007240a0577c04: ;   {virtual_call}
  0x00007240a0577c04: ffff ffe8 

  0x00007240a0577c08: ; ImmutableOopMap {rbp=Oop [72]=Oop [80]=Oop [88]=Oop [96]=Oop [104]=Oop [112]=Oop }
                      ;*invokeinterface detach {reexecute=0 rethrow=0 return_oop=0}
                      ; - org.apache.xpath.axes.NodeSequence::detach@12 (line 398)
                      ; - org.apache.xalan.templates.ElemApplyTemplates::transformSelectedNodes@971 (line 450)
  0x00007240a0577c08: 74d7 6eff 

  0x00007240a0577c0c: ;   {other}
  0x00007240a0577c0c: 0f1f 8400 | 0000 0000 | e9ef 7bff | ff44 8b54 | 2440 4d8b | ca44 8b9c | 2480 0000 | 0045 85db 
  0x00007240a0577c2c: 0f87 fa09 | 0000 448b 

  0x00007240a0577c34: ;   {oop(a 'java/lang/Object'[0] {0x00000000403d71a8})}
  0x00007240a0577c34: 5424 4c41 | 81fa a871 | 3d40 0f85 | 041c 0000 | 448b 9c24 | fc00 0000 | 443b 5c24 | 2c44 8b94 
  0x00007240a0577c54: 24fc 0000 | 0044 8b44 | 242c 450f | 4cd0 458b | c241 81fa | 0000 0400 | 0f87 ce1b | 0000 4963 
  0x00007240a0577c74: ca45 33d2 | 4181 f800 | 0004 0041 | 0f97 c248 | 8d0c 8d17 | 0000 0048 | 8bf9 4883 | e7f8 4881 
  0x00007240a0577c94: ff00 4000 | 008b 9c24 | f800 0000 | 0f93 c344 | 8bdb 450b | da45 85db | 0f85 76f0 | ffff 4d8b 
  0x00007240a0577cb4: 97b8 0400 | 0049 8bda | 4c03 d74d | 3b97 c004 | 0000 0f83 | 5cf0 ffff | 4d89 97b8 | 0400 0048 
  0x00007240a0577cd4: 8bfb 4883 | c710 4c8b | d34d 8bca | 48c1 e903 | 4d8b d949 | c1eb 0348 | 83c1 fe49 | 83e3 0749 
  0x00007240a0577cf4: c1e9 0649 | ba00 0040 | f493 6500 | 004d 03ca | 458b db41 | ba01 0000 | 00c4 4221 | f7da 4d8b 
  0x00007240a0577d14: d145 0fb6 | 0a45 0bcb | 4588 0a4c | 8bd3 49c7 | 0201 0000 

  0x00007240a0577d28: ;   {metadata('java/lang/Object'[])}
  0x00007240a0577d28: 0041 c742 | 0888 1200 | 0045 8942 | 0c48 33c0 | 4883 f908 | 7f10 48ff | c978 4f48 | 8904 cf48 
  0x00007240a0577d48: ffc9 7df7 | eb44 c5fd | efc0 e90d | 0000 00c5 | fe7f 07c5 | fe7f 4720 | 4883 c740 | 4883 e908 
  0x00007240a0577d68: 7ded 4883 | c104 7c0c | c5fe 7f07 | 4883 c720 | 4883 e904 | 4883 c104 | 7e10 48ff | c9c5 f9d6 
  0x00007240a0577d88: 0748 83c7 | 0848 ffc9 | 7df3 4c8b | c34d 8bd8 | 448b 5424 | 4045 895a | 1445 8b48 | 0c4c 8984 
  0x00007240a0577da8: 2490 0000 | 00e9 0dfd | ffff 4c8b | d0eb 034c | 8bd0 498b | da48 8bf3 | e957 0600 | 0048 8944 
  0x00007240a0577dc8: 2410 41b9 | 0100 0000 | 448b 8424 | f800 0000 | 8b8c 24fc | 0000 00eb | 1a48 8944 | 2410 41b9 
  0x00007240a0577de8: 0100 0000 | 448b 8424 | f800 0000 | 8b8c 24fc | 0000 004c | 8b54 2468 | 410f b66a | 1585 ed0f 
  0x00007240a0577e08: 85a3 1700 | 0044 8b5c | 2440 4585 | db0f 8fe1 | 1700 0044 | 894c 2440 | 894c 241c | 4489 5c24 
  0x00007240a0577e28: ;   {no_reloc}
  0x00007240a0577e28: 3c44 8944 | 2418 4c89 | 5424 2844 | 8b54 2438 | 458b 5a2c | 458b d345 | 8b5b 1845 | 8bc3 418b 
  0x00007240a0577e48: 5a10 8d6b | ff45 8bda | 4189 6b10 | 458b d845 | 8b4b 0c41 | 3be9 0f83 | fc12 0000 | 4589 649b 
  0x00007240a0577e68: 0c44 8b5c | 2440 4585 | db0f 84bd | 1700 0044 | 8b54 2438 | 458b 5a50 | 4585 db0f | 8433 1300 
  0x00007240a0577e88: 004d 8bd3 | 4c89 5424 | 2041 8beb | 448b 5424 | 384c 8954 | 2458 4c8b | 5c24 2048 | 8d9c 2400 
  0x00007240a0577ea8: 0100 0049 | 8b03 a802 | 0f85 2300 | 0000 4883 | c801 4889 | 03f0 490f | b11b 0f84 | 3700 0000 
  0x00007240a0577ec8: 482b c448 | 2507 f0ff | ff48 8903 | e924 0000 | 004c 8bd0 | 4833 c0f0 | 4d0f b17a | 3e48 c703 
  0x00007240a0577ee8: 0300 0000 | 7411 4c3b | f875 1549 | ff82 8600 | 0000 4833 | c075 0949 | ff87 6808 | 0000 33c0 
  0x00007240a0577f08: 0f85 1614 | 0000 448b | dd41 8b5b | 104c 8b5c | 2420 488d | 8424 0001 | 0000 4883 

  0x00007240a0577f24: ;   {no_reloc}
  0x00007240a0577f24: 3800 0f84 | 7900 0000 | 4d8b 1341 | f6c2 020f | 8462 0000 | 0049 83ba | 8600 0000 | 0074 0949 
  0x00007240a0577f44: ff8a 8600 | 0000 eb4b | 498b 8296 | 0000 0049 | 0b82 8e00 | 0000 750a | 49c7 423e | 0000 0000 
  0x00007240a0577f64: eb3d 4983 | ba9e 0000 | 0000 7422 | 4833 c049 | c742 3e00 | 0000 00f0 | 8304 2400 | 4983 ba9e 
  0x00007240a0577f84: 0000 0000 | 750d f04d | 0fb1 7a3e | 7505 83c8 | 01eb 0ca8 | 00eb 084c | 8b10 f04d | 0fb1 1375 
  0x00007240a0577fa4: 0a49 ff8f | 6808 0000 | 4533 d20f | 8590 1300 | 0085 db0f | 84af 1600 | 0044 8b54 | 2438 458b 
  0x00007240a0577fc4: 5250 4489 | 5424 4c45 | 85d2 0f84 | 1412 0000 | 4c89 5424 | 204c 8b5c | 2420 488d | 9c24 0001 
  0x00007240a0577fe4: 0000 498b | 03a8 020f | 8523 0000 | 0048 83c8 | 0148 8903 | f049 0fb1 | 1b0f 8437 | 0000 0048 
  0x00007240a0578004: 2bc4 4825 | 07f0 ffff | 4889 03e9 | 2400 0000 | 4c8b d048 | 33c0 f04d | 0fb1 7a3e | 48c7 0303 
  0x00007240a0578024: ;   {no_reloc}
  0x00007240a0578024: 0000 0074 | 114c 3bf8 | 7515 49ff | 8286 0000 | 0048 33c0 | 7509 49ff | 8768 0800 | 0033 c00f 
  0x00007240a0578044: 8527 1300 | 0044 8b5c | 244c 458b | 5b10 458b | cb45 85db | 0f84 6a16 | 0000 41ff | cb41 8bcb 
  0x00007240a0578064: 453b d90f | 8db7 1600 | 0044 8b5c | 244c 418b | 6b18 448b | 550c 448b | d945 3bda | 0f83 9a11 
  0x00007240a0578084: 0000 4585 | db0f 8cf5 | 1600 0044 | 8b54 244c | 4589 5a10 | 4689 648d | 0c44 8b5c | 244c 458b 
  0x00007240a05780a4: 5b0c 41ff | c344 8b54 | 244c 4589 | 5a0c 4c8b | 5c24 2048 | 8d84 2400 | 0100 0048 | 8338 000f 
  0x00007240a05780c4: 8479 0000 | 004d 8b13 | 41f6 c202 | 0f84 6200 | 0000 4983 | ba86 0000 | 0000 7409 | 49ff 8a86 
  0x00007240a05780e4: 0000 00eb | 4b49 8b82 | 9600 0000 | 490b 828e | 0000 0075 | 0a49 c742 | 3e00 0000 | 00eb 3d49 
  0x00007240a0578104: 83ba 9e00 | 0000 0074 | 2248 33c0 | 49c7 423e | 0000 0000 | f083 0424 | 0049 83ba | 9e00 0000 
  0x00007240a0578124: ;   {no_reloc}
  0x00007240a0578124: 0075 0df0 | 4d0f b17a | 3e75 0583 | c801 eb0c | a800 eb08 | 4c8b 10f0 | 4d0f b113 | 750a 49ff 
  0x00007240a0578144: 8f68 0800 | 0045 33d2 | 0f85 4312 | 0000 4c8b | 5424 2845 | 8b52 4c45 | 8bda 458b | 4218 458b 
  0x00007240a0578164: d045 8b43 | 1041 8d68 | ff41 896b | 1045 8b4a | 0c41 3be9 | 0f83 0611 | 0000 4789 | 6482 0c44 
  0x00007240a0578184: 8b54 2438 | 458b 5260 | 4585 d20f | 8457 1100 | 0041 ff4a | 1044 8b5c | 2438 458b | 5b54 41ff 
  0x00007240a05781a4: 4b10 4c8b | 5424 5045 

  0x00007240a05781ac: ;   {metadata('org/apache/xpath/objects/XNodeSet')}
  0x00007240a05781ac: 8b5a 0841 | 81fb 08f5 | 0101 0f85 | 0412 0000 | 4c89 5424 | 5041 8b6a | 2044 8b45 | 084c 8bd5 
  0x00007240a05781cc: ;   {metadata('org/apache/xpath/axes/ChildIterator')}
  0x00007240a05781cc: 4181 f818 | a80c 010f | 8553 0200 | 004c 8954 | 2468 410f | b66a 1685 | ed0f 8401 | 1600 0041 
  0x00007240a05781ec: c742 44ff | ffff ff45 | 8b52 5044 | 8954 244c | 4c8b 5424 | 6845 8962 | 5c41 c742 | 40ff ffff 
  0x00007240a057820c: ff45 8962 | 5441 c742 | 4cff ffff | ff45 8962 | 4841 c742 | 3cff ffff | ff44 8b54 | 244c 4585 
  0x00007240a057822c: d20f 84d1 | 1100 004c | 8954 2478 | 4c8b 5c24 | 7848 8d9c | 2400 0100 | 0049 8b03 | a802 0f85 
  0x00007240a057824c: 2300 0000 | 4883 c801 | 4889 03f0 | 490f b11b | 0f84 3700 | 0000 482b | c448 2507 | f0ff ff48 
  0x00007240a057826c: 8903 e924 | 0000 004c | 8bd0 4833 | c0f0 4d0f | b17a 3e48 | c703 0300 | 0000 7411 | 4c3b f875 
  0x00007240a057828c: 1549 ff82 | 8600 0000 | 4833 c075 | 0949 ff87 | 6808 0000 | 33c0 0f85 | 0012 0000 | 448b 5424 
  0x00007240a05782ac: 4c45 8b5a | 1044 899c | 2480 0000 | 0045 8b53 | 1444 8994 | 2484 0000 | 0041 ff43 

  0x00007240a05782c8: ;   {no_reloc}
  0x00007240a05782c8: 0c44 8b9c | 2484 0000 | 0045 8b5b | 0c44 899c | 2490 0000 | 0044 8b94 | 2480 0000 | 0045 8b52 
  0x00007240a05782e8: 1044 8994 | 2494 0000 | 0044 8b9c | 2484 0000 | 004d 8bd3 | 4c89 9424 | 9800 0000 | 448b 9c24 
  0x00007240a0578308: 9400 0000 | 458d 5301 | 4489 9424 | a000 0000 | 443b 9c24 | 9000 0000 | 0f84 6801 | 0000 448b 
  0x00007240a0578328: 8c24 8000 | 0000 8b8c | 2490 0000 | 0044 8b84 | 2494 0000 | 0044 3bc1 | 0f83 0211 | 0000 4c8b 
  0x00007240a0578348: 9424 9800 | 0000 418b 

  0x00007240a0578350: ;   {metadata('java/lang/Object'[])}
  0x00007240a0578350: 4a08 81f9 | 8812 0000 | 0f85 6f11 | 0000 448b | 9c24 a000 | 0000 4589 | 5910 4c8b | 5c24 684d 
  0x00007240a0578370: 8bcb 4789 | 4c82 104c | 8b5c 2478 | 488d 8424 | 0001 0000 | 4883 3800 | 0f84 7900 | 0000 4d8b 
  0x00007240a0578390: 1341 f6c2 | 020f 8462 | 0000 0049 | 83ba 8600 | 0000 0074 | 0949 ff8a | 8600 0000 | eb4b 498b 
  0x00007240a05783b0: 8296 0000 | 0049 0b82 | 8e00 0000 | 750a 49c7 | 423e 0000 | 0000 eb3d | 4983 ba9e | 0000 0000 
  0x00007240a05783d0: 7422 4833 | c049 c742 | 3e00 0000 | 00f0 8304 | 2400 4983 | ba9e 0000 | 0000 750d | f04d 0fb1 
  0x00007240a05783f0: 7a3e 7505 | 83c8 01eb | 0ca8 00eb | 084c 8b10 | f04d 0fb1 | 1375 0a49 | ff8f 6808 | 0000 4533 
  0x00007240a0578410: d20f 8546 | e7ff ff48 | 8b74 2410 | c5f8 7748 | 81c4 2001 

  0x00007240a0578424: ;   {runtime_call _rethrow_Java}
  0x00007240a0578424: 0000 5de9 | 549d 7aff | 488b 6c24 | 304c 8b5c | 2428 4c89 | 5c24 1844 | 8b5c 2448 | 4489 5c24 
  0x00007240a0578444: 2044 8b44 | 243c 4489 | 4424 2444 | 8b5c 2444 | 4489 5c24 | 3049 8bf2 | 448b 5c24 | 4044 895c 
  0x00007240a0578464: 2434 4c8b | 5424 504c | 8954 2440 | 6690 c5f8 | 7748 b8ff | ffff ffff 

  0x00007240a057847c: ;   {virtual_call}
  0x00007240a057847c: ffff ffe8 

  0x00007240a0578480: ; ImmutableOopMap {rbp=Oop [16]=Oop [24]=Oop [64]=Oop [80]=Oop [88]=Oop [96]=Oop [112]=Oop }
                      ;*invokeinterface detach {reexecute=0 rethrow=0 return_oop=0}
                      ; - org.apache.xpath.axes.NodeSequence::detach@12 (line 398)
                      ; - org.apache.xalan.templates.ElemApplyTemplates::transformSelectedNodes@971 (line 450)
  0x00007240a0578480: fcce 6eff 

  0x00007240a0578484: ;   {other}
  0x00007240a0578484: 0f1f 8400 | 0000 0000 | eb89 448b | 9424 8000 | 0000 4d8b | ca44 8b9c | 2490 0000 | 0045 85db 
  0x00007240a05784a4: 0f87 6503 | 0000 448b | 9424 8400 

  0x00007240a05784b0: ;   {oop(a 'java/lang/Object'[0] {0x00000000403d71a8})}
  0x00007240a05784b0: 0000 4181 | faa8 713d | 400f 8505 | 1500 0044 | 8b5c 241c | 443b 9c24 | a000 0000 | 458b d344 
  0x00007240a05784d0: 8b84 24a0 | 0000 0045 | 0f4c d045 | 8bc2 4181 | fa00 0004 | 000f 8779 | 1400 0049 | 63ca 4533 
  0x00007240a05784f0: db41 81fa | 0000 0400 | 410f 97c3 | 488d 0c8d | 1700 0000 | 488b f948 | 83e7 f848 | 81ff 0040 
  0x00007240a0578510: 0000 448b | 5424 1841 | 0f93 c241 | 8bda 410b | db85 db0f | 8584 e7ff | ff4d 8b97 | b804 0000 
  0x00007240a0578530: 498b d24c | 03d7 4d3b | 97c0 0400 | 000f 836a | e7ff ff4d | 8997 b804 | 0000 488b | fa48 83c7 
  0x00007240a0578550: 104c 8bd2 | 498b da48 | c1e9 034c | 8bdb 49c1 | eb03 4883 | c1fe 4983 | e307 48c1 | eb06 49ba 
  0x00007240a0578570: 0000 40f4 | 9365 0000 | 4903 da45 | 8bd3 41b9 | 0100 0000 | c442 29f7 | d94c 8bcb | 450f b611 
  0x00007240a0578590: 450b d345 | 8811 4c8b | d249 c702 | 0100 0000 

  0x00007240a05785a0: ;   {metadata('java/lang/Object'[])}
  0x00007240a05785a0: 41c7 4208 | 8812 0000 | 4589 420c | 4833 c048 | 83f9 087f | 1048 ffc9 | 784f 4889 | 04cf 48ff 
  0x00007240a05785c0: c97d f7eb | 44c5 fdef | c0e9 0d00 | 0000 c5fe | 7f07 c5fe | 7f47 2048 | 83c7 4048 | 83e9 087d 
  0x00007240a05785e0: ed48 83c1 | 047c 0cc5 | fe7f 0748 | 83c7 2048 | 83e9 0448 | 83c1 047e | 1048 ffc9 | c5f9 d607 
  0x00007240a0578600: 4883 c708 | 48ff c97d | f34c 8bd2 | 4d8b da44 | 8b8c 2480 | 0000 0045 | 8959 1441 | 8b4a 0c4c 
  0x00007240a0578620: 8994 2498 | 0000 00e9 | 09fd ffff | 8bac 2484 | 0000 0041 | 2beb 458b | d341 d1fa | ffc5 443b 
  0x00007240a0578640: d544 0f4c | d545 8bda | 4403 9c24 | 8000 0000 | 4489 9c24 | 9800 0000 | 458d 43ff | 4181 f8f7 
  0x00007240a0578660: ffff 7f0f | 8303 1300 | 0044 8b5c | 244c 418b | 4b08 48be | 0000 007b | 9365 0000 | 4803 f14c 
  0x00007240a0578680: 8b5e 7049 | 8b2b 448b | 8424 9800 | 0000 4585 | c00f 8c85 | 1200 0044 | 8b46 144d 

  0x00007240a057869c: ;   {no_reloc}
  0x00007240a057869c: 63d8 4e8b | 1c1e 493b | f30f 8547 | 0300 004c | 639c 2480 | 0000 004d | 63c2 4d03 | c344 8b94 
  0x00007240a05786bc: 2498 0000 | 0045 33db | 4181 fa00 | 0004 0041 | 0f97 c34e | 8d14 8517 | 0000 004c | 8994 24a0 
  0x00007240a05786dc: 0000 0049 | 8bda 4883 | e3f8 4881 | fb00 4000 | 0044 8b84 | 24f8 0000 | 0041 0f93 | c045 8bd0 
  0x00007240a05786fc: 450b d345 | 85d2 0f85 | e4e5 ffff | 4d8b 97b8 | 0400 004d | 8bda 4c03 | d34d 3b97 | c004 0000 
  0x00007240a057871c: 0f83 cae5 | ffff 4d89 | 97b8 0400 | 004d 8bd3 | 498b da4c | 8bc3 49c1 | e806 49ba | 0000 40f4 
  0x00007240a057873c: 9365 0000 | 4d03 c248 | c1eb 034d | 8bc8 450f | b601 4883 | e307 8bdb | 41ba 0100 | 0000 c442 
  0x00007240a057875c: 61f7 d245 | 0bc2 4588 | 014d 8bd3 | 49c7 0201 | 0000 0041 | 894a 0844 | 8b8c 2498 | 0000 0045 
  0x00007240a057877c: 894a 0c4d | 8bd3 498b | da44 8b94 | 2480 0000 | 0044 3b94 | 2498 0000 | 0045 8bda | 448b 9424 
  0x00007240a057879c: ;   {no_reloc}
  0x00007240a057879c: 9800 0000 | 450f 4fda | 458b d34c | 8bdb 4983 | c310 4c8b | 8424 a000 | 0000 49c1 | e803 4c8b 
  0x00007240a05787bc: eb45 85d2 | 0f84 ea10 | 0000 448b | 4c24 4c4d | 8d49 1049 | 63d2 443b | 9424 9800 | 0000 0f8c 
  0x00007240a05787dc: f902 0000 | 498b f949 | 8bf3 c5f8 | 7749 ba60 | e5c4 9f40 | 7200 0041 

  0x00007240a05787f4: ;   {other}
  0x00007240a05787f4: ffd2 0f1f | 8400 0000 | 0000 448b | 5424 4045 | 896a 144c | 8bc3 e992 | f5ff ff8b | ac24 9400 
  0x00007240a0578814: 0000 412b | eb45 8bd3 | 41d1 faff | c544 3bd5 | 440f 4cd5 | 458b da44 | 039c 2490 | 0000 0044 
  0x00007240a0578834: 899c 24a4 | 0000 0045 | 8d43 ff41 | 81f8 f7ff | ff7f 0f83 | bc12 0000 | 448b 9c24 | 8400 0000 
  0x00007240a0578854: 458b 4308 | 48be 0000 | 007b 9365 | 0000 4903 | f04c 8b5e | 7049 8b2b | 8b8c 24a4 | 0000 0085 
  0x00007240a0578874: c90f 8c25 | 1200 0044 | 8b5e 1449 | 63cb 488b | 0c0e 483b | f10f 85b5 | 0100 004c | 639c 2490 
  0x00007240a0578894: 0000 0049 | 63da 4903 | db44 8b94 | 24a4 0000 | 0045 8bda | 33c9 4181 | fb00 0004 | 000f 97c1 
  0x00007240a05788b4: 4c8d 149d | 1700 0000 | 4c89 9424 | a800 0000 | 498b da48 | 83e3 f848 | 81fb 0040 | 0000 448b 
  0x00007240a05788d4: 5424 1841 | 0f93 c245 | 8bda 440b | d945 85db | 0f85 aee2 | ffff 4d8b | 97b8 0400 | 004d 8bda 
  0x00007240a05788f4: ;   {no_reloc}
  0x00007240a05788f4: 4c03 d34d | 3b97 c004 | 0000 0f83 | 94e2 ffff | 4d89 97b8 | 0400 004d | 8bd3 4d8b | ca49 8bc9 
  0x00007240a0578914: 48c1 e906 | 49ba 0000 | 40f4 9365 | 0000 4903 | ca49 c1e9 | 0348 8bf9 | 0fb6 0f49 | 83e1 0745 
  0x00007240a0578934: 8bc9 bb01 | 0000 00c4 | 6231 f7d3 | 410b ca88 | 0f4d 8bd3 | 49c7 0201 | 0000 0045 | 8942 0844 
  0x00007240a0578954: 8b8c 24a4 | 0000 0045 | 894a 0c4d | 8bd3 498b | da44 8b94 | 2490 0000 | 0044 3b94 | 24a4 0000 
  0x00007240a0578974: 0045 8bda | 448b 9424 | a400 0000 | 450f 4fda | 4c8b d349 | 83c2 104c | 8b84 24a8 | 0000 0049 
  0x00007240a0578994: c1e8 0348 | 8beb 4585 | db0f 8491 | 1000 0044 | 8b8c 2484 | 0000 004d | 8d49 1049 | 63d3 443b 
  0x00007240a05789b4: 9c24 a400 | 0000 0f8c | 9a01 0000 | 498b f949 | 8bf2 c5f8 | 7749 ba60 | e5c4 9f40 | 7200 0041 
  0x00007240a05789d4: ;   {other}
  0x00007240a05789d4: ffd2 0f1f | 8400 0000 | 0000 448b | 8c24 8000 | 0000 4189 | 6914 4c8b | d3e9 29fc | ffff 4183 
  0x00007240a05789f4: f820 0f84 | affc ffff | bedc ffff | ff4c 8b54 | 2430 4c89 | 5424 104c | 8b54 2468 | 4c89 5424 
  0x00007240a0578a14: 1844 8b5c | 2438 4489 | 5c24 2044 | 8b54 2448 | 4489 5424 | 2444 8b5c | 2444 4489 | 5c24 2c90 
  0x00007240a0578a34: ;   {runtime_call UncommonTrapBlob}
  0x00007240a0578a34: c5f8 77e8 

  0x00007240a0578a38: ; ImmutableOopMap {rbp=Oop [16]=Oop [24]=Oop [32]=NarrowOop [60]=NarrowOop [64]=NarrowOop [76]=NarrowOop [80]=Oop [120]=Oop [136]=NarrowOop [140]=NarrowOop }
                      ;*invokestatic copyOf {reexecute=1 rethrow=0 return_oop=0}
                      ; - (reexecute) java.util.Arrays::copyOf@6 (line 3482)
                      ; - java.util.ArrayList::grow@37 (line 237)
                      ; - java.util.ArrayList::grow@7 (line 244)
                      ; - java.util.ArrayList::add@7 (line 483)
                      ; - java.util.ArrayList::add@20 (line 496)
                      ; - org.apache.xpath.axes.IteratorPool::freeInstance@5 (line 117)
                      ; - org.apache.xpath.axes.LocPathIterator::detach@47 (line 691)
                      ; - org.apache.xpath.axes.NodeSequence::detach@12 (line 398)
                      ; - org.apache.xalan.templates.ElemApplyTemplates::transformSelectedNodes@971 (line 450)
  0x00007240a0578a38: c418 6fff 

  0x00007240a0578a3c: ;   {other}
  0x00007240a0578a3c: 0f1f 8400 | 0000 0000 | 4183 fb20 | 0f84 41fe | ffff bedc | ffff ff4c | 8b54 2430 | 4c89 5424 
  0x00007240a0578a5c: 184c 8b54 | 2428 4c89 | 5424 2044 | 8b54 2438 | 4489 5424 | 2844 8b5c | 2448 4489 | 5c24 2c44 
  0x00007240a0578a7c: 8b54 243c | 4489 5424 | 3044 8b5c | 2444 4489 | 5c24 3444 | 8b94 2480 | 0000 0044 | 8954 2458 
  0x00007240a0578a9c: 4c8b 5424 | 684c 8954 | 2460 6690 

  0x00007240a0578aa8: ;   {runtime_call UncommonTrapBlob}
  0x00007240a0578aa8: c5f8 77e8 

  0x00007240a0578aac: ; ImmutableOopMap {rbp=Oop [16]=Oop [24]=Oop [32]=Oop [40]=NarrowOop [76]=NarrowOop [80]=Oop [88]=NarrowOop [96]=Oop [132]=NarrowOop [136]=NarrowOop [140]=NarrowOop }
                      ;*invokestatic copyOf {reexecute=1 rethrow=0 return_oop=0}
                      ; - (reexecute) java.util.Arrays::copyOf@6 (line 3482)
                      ; - java.util.ArrayList::grow@37 (line 237)
                      ; - java.util.ArrayList::grow@7 (line 244)
                      ; - java.util.ArrayList::add@7 (line 483)
                      ; - java.util.ArrayList::add@20 (line 496)
                      ; - org.apache.xpath.axes.IteratorPool::freeInstance@5 (line 117)
                      ; - org.apache.xpath.axes.LocPathIterator::detach@47 (line 691)
                      ; - org.apache.xpath.axes.NodeSequence::detach@12 (line 398)
                      ; - org.apache.xalan.templates.ElemApplyTemplates::transformSelectedNodes@971 (line 450)
  0x00007240a0578aac: 5018 6fff 

  0x00007240a0578ab0: ;   {other}
  0x00007240a0578ab0: 0f1f 8400 | 0000 0000 

  0x00007240a0578ab8: ;   {metadata('javax/xml/transform/TransformerException')}
  0x00007240a0578ab8: 48be 9030 | 017c 9365 | 0000 6690 

  0x00007240a0578ac4: ;   {runtime_call _new_instance_Java}
  0x00007240a0578ac4: c5f8 77e8 

  0x00007240a0578ac8: ; ImmutableOopMap {rbp=NarrowOop [48]=Oop [56]=NarrowOop [80]=Oop [88]=Oop [96]=Oop [104]=Oop [112]=Oop [120]=Oop [136]=NarrowOop [140]=NarrowOop }
                      ;*new {reexecute=0 rethrow=0 return_oop=1}
                      ; - org.apache.xalan.templates.ElemApplyTemplates::transformSelectedNodes@864 (line 433)
  0x00007240a0578ac8: 344f 7aff 

  0x00007240a0578acc: ;   {other}
  0x00007240a0578acc: 0f1f 8400 | 0000 0000 | e9a2 eaff | ff48 8d0c | 9510 0000 | 004c 8bd1 | 49c1 ea03 | 4d2b c248 
  0x00007240a0578aec: 83e1 fb48 | 8bfb 4803 | f949 8bc8 | 4833 c048 | 83f9 087f | 1048 ffc9 | 784f 4889 | 04cf 48ff 
  0x00007240a0578b0c: c97d f7eb | 44c5 fdef | c0e9 0d00 | 0000 c5fe | 7f07 c5fe | 7f47 2048 | 83c7 4048 | 83e9 087d 
  0x00007240a0578b2c: ed48 83c1 | 047c 0cc5 | fe7f 0748 | 83c7 2048 | 83e9 0448 | 83c1 047e | 1048 ffc9 | c5f9 d607 
  0x00007240a0578b4c: 4883 c708 | 48ff c97d | f3e9 86fc | ffff 488d | 0c95 1000 | 0000 4c8b | d949 c1eb | 034d 2bc3 
  0x00007240a0578b6c: 4883 e1fb | 488b fb48 | 03f9 498b | c848 33c0 | 4883 f908 | 7f10 48ff | c978 4f48 | 8904 cf48 
  0x00007240a0578b8c: ffc9 7df7 | eb44 c5fd | efc0 e90d | 0000 00c5 | fe7f 07c5 | fe7f 4720 | 4883 c740 | 4883 e908 
  0x00007240a0578bac: 7ded 4883 | c104 7c0c | c5fe 7f07 | 4883 c720 | 4883 e904 | 4883 c104 | 7e10 48ff 

  0x00007240a0578bc8: ;   {no_reloc}
  0x00007240a0578bc8: c9c5 f9d6 | 0748 83c7 | 0848 ffc9 | 7df3 e9e5 | fdff ffbe | e4ff ffff | 4c8b 5c24 | 304c 895c 
  0x00007240a0578be8: 2410 448b | 4c24 3844 | 894c 2420 | 448b 5c24 | 4844 895c | 2424 448b | 4c24 4444 | 894c 242c 
  0x00007240a0578c08: 4489 5424 | 4444 8944 | 2448 6690 

  0x00007240a0578c14: ;   {runtime_call UncommonTrapBlob}
  0x00007240a0578c14: c5f8 77e8 

  0x00007240a0578c18: ; ImmutableOopMap {[16]=Oop [32]=NarrowOop [68]=NarrowOop [72]=NarrowOop [80]=Oop [104]=Oop [136]=NarrowOop [140]=NarrowOop }
                      ;*aaload {reexecute=0 rethrow=0 return_oop=0}
                      ; - org.apache.xml.utils.ObjectStack::pop@15 (line 101)
                      ; - org.apache.xpath.XPathContext::popSAXLocator@4 (line 434)
                      ; - org.apache.xalan.templates.ElemApplyTemplates::transformSelectedNodes@945 (line 445)
  0x00007240a0578c18: e416 6fff 

  0x00007240a0578c1c: ;   {other}
  0x00007240a0578c1c: 0f1f 8400 | 0000 0000 | bef6 ffff | ff48 8b6c | 2430 448b | 5c24 3844 | 895c 2418 

  0x00007240a0578c38: ;   {runtime_call UncommonTrapBlob}
  0x00007240a0578c38: c5f8 77e8 

  0x00007240a0578c3c: ; ImmutableOopMap {rbp=Oop [24]=NarrowOop [80]=Oop [104]=Oop [136]=NarrowOop [140]=NarrowOop }
                      ;*invokevirtual isEmpty {reexecute=0 rethrow=0 return_oop=0}
                      ; - org.apache.xpath.XPathContext::popContextNodeList@4 (line 706)
                      ; - org.apache.xalan.templates.ElemApplyTemplates::transformSelectedNodes@954 (line 446)
  0x00007240a0578c3c: c016 6fff 

  0x00007240a0578c40: ;   {other}
  0x00007240a0578c40: 0f1f 8400 | 0000 0000 | bef6 ffff | ff48 8b6c | 2430 4489 | 5c24 1844 | 8b5c 2428 | 4489 5c24 
  0x00007240a0578c60: 2066 6690 

  0x00007240a0578c64: ;   {runtime_call UncommonTrapBlob}
  0x00007240a0578c64: c5f8 77e8 

  0x00007240a0578c68: ; ImmutableOopMap {rbp=Oop [24]=NarrowOop [80]=Oop [104]=Oop [136]=NarrowOop [140]=NarrowOop }
                      ;*invokevirtual pop {reexecute=0 rethrow=0 return_oop=0}
                      ; - org.apache.xpath.XPathContext::popContextNodeList@25 (line 709)
                      ; - org.apache.xalan.templates.ElemApplyTemplates::transformSelectedNodes@954 (line 446)
  0x00007240a0578c68: 9416 6fff 

  0x00007240a0578c6c: ;   {other}
  0x00007240a0578c6c: 0f1f 8400 | 0000 0000 | bee4 ffff | ff48 8b6c | 2430 448b | 5c24 3844 | 895c 2418 | 448b 5424 
  0x00007240a0578c8c: 4844 8954 | 241c 448b | 5c24 2844 | 895c 2420 | 448b 5424 | 4444 8954 | 2424 4c8b | 5424 504c 
  0x00007240a0578cac: 8954 2428 | 4489 4424 | 4089 5c24 | 5044 894c | 2454 6690 

  0x00007240a0578cc0: ;   {runtime_call UncommonTrapBlob}
  0x00007240a0578cc0: c5f8 77e8 

  0x00007240a0578cc4: ; ImmutableOopMap {rbp=Oop [24]=NarrowOop [40]=Oop [60]=NarrowOop [80]=NarrowOop [104]=Oop [136]=NarrowOop [140]=NarrowOop }
                      ;*aaload {reexecute=0 rethrow=0 return_oop=0}
                      ; - java.util.Vector::elementData@5 (line 731)
                      ; - java.util.Vector::elementAt@44 (line 469)
                      ; - java.util.Stack::peek@21 (line 104)
                      ; - java.util.Stack::pop@6 (line 85)
                      ; - org.apache.xpath.XPathContext::popContextNodeList@25 (line 709)
                      ; - org.apache.xalan.templates.ElemApplyTemplates::transformSelectedNodes@954 (line 446)
  0x00007240a0578cc4: 3816 6fff 

  0x00007240a0578cc8: ;   {other}
  0x00007240a0578cc8: 0f1f 8400 | 0000 0000 | bee4 ffff | ff4c 8b44 | 2430 4c89 | 4424 1044 | 8b44 2438 | 4489 4424 
  0x00007240a0578ce8: 2044 8b4c | 2448 4489 | 4c24 2444 | 8b44 2444 | 4489 4424 | 2c44 895c | 2444 4489 | 5424 4890 
  0x00007240a0578d08: ;   {runtime_call UncommonTrapBlob}
  0x00007240a0578d08: c5f8 77e8 

  0x00007240a0578d0c: ; ImmutableOopMap {[16]=Oop [32]=NarrowOop [68]=NarrowOop [72]=NarrowOop [80]=Oop [104]=Oop [136]=NarrowOop [140]=NarrowOop }
                      ;*aaload {reexecute=0 rethrow=0 return_oop=0}
                      ; - org.apache.xml.utils.ObjectStack::pop@15 (line 101)
                      ; - org.apache.xalan.transformer.TransformerImpl::popElemTemplateElement@4 (line 2632)
                      ; - org.apache.xalan.templates.ElemApplyTemplates::transformSelectedNodes@958 (line 447)
  0x00007240a0578d0c: f015 6fff 

  0x00007240a0578d10: ;   {other}
  0x00007240a0578d10: 0f1f 8400 | 0000 0000 | bef6 ffff | ff48 8b6c | 2430 448b | 5424 3844 | 8954 2418 | 448b 5424 
  0x00007240a0578d30: 2844 8954 | 2420 6690 

  0x00007240a0578d38: ;   {runtime_call UncommonTrapBlob}
  0x00007240a0578d38: c5f8 77e8 

  0x00007240a0578d3c: ; ImmutableOopMap {rbp=Oop [24]=NarrowOop [80]=Oop [104]=Oop [136]=NarrowOop [140]=NarrowOop }
                      ;*invokevirtual quickPop {reexecute=0 rethrow=0 return_oop=0}
                      ; - org.apache.xpath.XPathContext::popCurrentExpressionNode@5 (line 908)
                      ; - org.apache.xalan.templates.ElemApplyTemplates::transformSelectedNodes@962 (line 448)
  0x00007240a0578d3c: c015 6fff 

  0x00007240a0578d40: ;   {other}
  0x00007240a0578d40: 0f1f 8400 | 0000 0000 | 498b f348 | 8d94 2400 | 0100 0090 

  0x00007240a0578d54: ;   {runtime_call _complete_monitor_locking_Java}
  0x00007240a0578d54: c5f8 77e8 

  0x00007240a0578d58: ; ImmutableOopMap {rbp=NarrowOop [16]=Oop [48]=Oop [56]=NarrowOop [80]=Oop [88]=Oop [96]=Oop [104]=Oop [112]=Oop [136]=NarrowOop [140]=NarrowOop }
                      ;*synchronization entry
                      ; - java.util.Vector::isEmpty@-1 (line 316)
                      ; - org.apache.xpath.XPathContext::popContextNodeList@4 (line 706)
                      ; - org.apache.xalan.templates.ElemApplyTemplates::transformSelectedNodes@954 (line 446)
  0x00007240a0578d58: 248b 7aff 

  0x00007240a0578d5c: ;   {other}
  0x00007240a0578d5c: 0f1f 8400 | 0000 0000 | e944 e9ff | ff49 8bfb | 488d b424 | 0001 0000 | 498b d7c5 | f877 49ba 
  0x00007240a0578d7c: a089 feb7 | 4072 0000 

  0x00007240a0578d84: ;   {other}
  0x00007240a0578d84: 41ff d20f | 1f84 0000 | 0000 00e9 | bde9 ffff | 498b f348 | 8d94 2400 | 0100 0048 | 8b6c 2430 
  0x00007240a0578da4: ;   {runtime_call _complete_monitor_locking_Java}
  0x00007240a0578da4: c5f8 77e8 

  0x00007240a0578da8: ; ImmutableOopMap {rbp=Oop [16]=Oop [48]=Oop [56]=NarrowOop [60]=NarrowOop [80]=Oop [88]=Oop [96]=Oop [104]=Oop [112]=Oop [136]=NarrowOop [140]=NarrowOop }
                      ;*synchronization entry
                      ; - java.util.Stack::pop@-1 (line 83)
                      ; - org.apache.xpath.XPathContext::popContextNodeList@25 (line 709)
                      ; - org.apache.xalan.templates.ElemApplyTemplates::transformSelectedNodes@954 (line 446)
  0x00007240a0578da8: d48a 7aff 

  0x00007240a0578dac: ;   {other}
  0x00007240a0578dac: 0f1f 8400 | 0000 0000 | e92d eaff | ff49 8bfb | 488d b424 | 0001 0000 | 498b d7c5 | f877 49ba 
  0x00007240a0578dcc: a089 feb7 | 4072 0000 

  0x00007240a0578dd4: ;   {other}
  0x00007240a0578dd4: 41ff d20f | 1f84 0000 | 0000 00e9 | 18eb ffff | bede ffff | ff48 8b6c | 2430 448b | 5424 3844 
  0x00007240a0578df4: 8954 2418 | 448b 5424 | 2844 8954 | 2420 448b | 5c24 4444 | 895c 2424 

  0x00007240a0578e0c: ;   {runtime_call UncommonTrapBlob}
  0x00007240a0578e0c: c5f8 77e8 

  0x00007240a0578e10: ; ImmutableOopMap {rbp=Oop [24]=NarrowOop [80]=Oop [104]=Oop [136]=NarrowOop [140]=NarrowOop }
                      ;*invokeinterface detach {reexecute=0 rethrow=0 return_oop=0}
                      ; - org.apache.xalan.templates.ElemApplyTemplates::transformSelectedNodes@971 (line 450)
  0x00007240a0578e10: ec14 6fff 

  0x00007240a0578e14: ;   {other}
  0x00007240a0578e14: 0f1f 8400 | 0000 0000 | bef6 ffff | ff48 8b6c | 2430 448b | 5c24 3844 | 895c 2418 | 448b 5c24 
  0x00007240a0578e34: 2844 895c | 2420 448b | 5424 4444 | 8954 2424 

  0x00007240a0578e44: ;   {runtime_call UncommonTrapBlob}
  0x00007240a0578e44: c5f8 77e8 

  0x00007240a0578e48: ; ImmutableOopMap {rbp=Oop [24]=NarrowOop [80]=Oop [104]=Oop [120]=Oop [136]=NarrowOop [140]=NarrowOop }
                      ;*invokevirtual freeInstance {reexecute=0 rethrow=0 return_oop=0}
                      ; - org.apache.xpath.axes.LocPathIterator::detach@47 (line 691)
                      ; - org.apache.xpath.axes.NodeSequence::detach@12 (line 398)
                      ; - org.apache.xalan.templates.ElemApplyTemplates::transformSelectedNodes@971 (line 450)
  0x00007240a0578e48: b414 6fff 

  0x00007240a0578e4c: ;   {other}
  0x00007240a0578e4c: 0f1f 8400 | 0000 0000 | bee4 ffff | ff48 8b6c | 2430 448b | 4424 3844 | 8944 2418 | 448b 4c24 
  0x00007240a0578e6c: 4844 894c | 241c 448b | 4424 2844 | 8944 2420 | 448b 4c24 | 4444 894c | 2424 4c8b | 4424 504c 
  0x00007240a0578e8c: 8944 2428 | 4489 5424 | 4844 895c | 2458 6690 

  0x00007240a0578e9c: ;   {runtime_call UncommonTrapBlob}
  0x00007240a0578e9c: c5f8 77e8 

  0x00007240a0578ea0: ; ImmutableOopMap {rbp=Oop [24]=NarrowOop [40]=Oop [60]=NarrowOop [72]=NarrowOop [104]=Oop [120]=Oop [136]=NarrowOop [140]=NarrowOop [144]=Oop }
                      ;*aastore {reexecute=1 rethrow=0 return_oop=0}
                      ; - (reexecute) java.util.ArrayList::add@14 (line 484)
                      ; - java.util.ArrayList::add@20 (line 496)
                      ; - org.apache.xpath.axes.IteratorPool::freeInstance@5 (line 117)
                      ; - org.apache.xpath.axes.LocPathIterator::detach@47 (line 691)
                      ; - org.apache.xpath.axes.NodeSequence::detach@12 (line 398)
                      ; - org.apache.xalan.templates.ElemApplyTemplates::transformSelectedNodes@971 (line 450)
  0x00007240a0578ea0: 5c14 6fff 

  0x00007240a0578ea4: ;   {other}
  0x00007240a0578ea4: 0f1f 8400 | 0000 0000 | 498b f348 | 8d94 2400 | 0100 0048 | 8b6c 2430 

  0x00007240a0578ebc: ;   {runtime_call _complete_monitor_locking_Java}
  0x00007240a0578ebc: c5f8 77e8 

  0x00007240a0578ec0: ; ImmutableOopMap {rbp=Oop [32]=Oop [48]=Oop [56]=NarrowOop [60]=NarrowOop [80]=Oop [88]=Oop [96]=Oop [104]=Oop [112]=Oop [120]=Oop [136]=NarrowOop [140]=NarrowOop }
                      ;*synchronization entry
                      ; - org.apache.xpath.axes.IteratorPool::freeInstance@-1 (line 117)
                      ; - org.apache.xpath.axes.LocPathIterator::detach@47 (line 691)
                      ; - org.apache.xpath.axes.NodeSequence::detach@12 (line 398)
                      ; - org.apache.xalan.templates.ElemApplyTemplates::transformSelectedNodes@971 (line 450)
  0x00007240a0578ec0: bc89 7aff 

  0x00007240a0578ec4: ;   {other}
  0x00007240a0578ec4: 0f1f 8400 | 0000 0000 | e973 ebff | ffbe d6ff | ffff 488b | 6c24 3044 | 8b44 2438 | 4489 4424 
  0x00007240a0578ee4: 1844 8b4c | 2448 4489 | 4c24 1c44 | 8b44 2428 | 4489 4424 | 2044 8b4c | 2444 4489 | 4c24 244c 
  0x00007240a0578f04: 8b44 2450 | 4c89 4424 | 2844 8954 | 2448 4489 | 5c24 5890 

  0x00007240a0578f18: ;   {runtime_call UncommonTrapBlob}
  0x00007240a0578f18: c5f8 77e8 

  0x00007240a0578f1c: ; ImmutableOopMap {rbp=Oop [24]=NarrowOop [40]=Oop [60]=NarrowOop [72]=NarrowOop [104]=Oop [120]=Oop [136]=NarrowOop [140]=NarrowOop [144]=Oop }
                      ;*aastore {reexecute=1 rethrow=0 return_oop=0}
                      ; - (reexecute) java.util.ArrayList::add@14 (line 484)
                      ; - java.util.ArrayList::add@20 (line 496)
                      ; - org.apache.xpath.axes.IteratorPool::freeInstance@5 (line 117)
                      ; - org.apache.xpath.axes.LocPathIterator::detach@47 (line 691)
                      ; - org.apache.xpath.axes.NodeSequence::detach@12 (line 398)
                      ; - org.apache.xalan.templates.ElemApplyTemplates::transformSelectedNodes@971 (line 450)
  0x00007240a0578f1c: e013 6fff 

  0x00007240a0578f20: ;   {other}
  0x00007240a0578f20: 0f1f 8400 | 0000 0000 | be45 ffff | ff4c 8b54 | 2430 4c89 | 5424 1044 | 8b5c 2438 | 4489 5c24 
  0x00007240a0578f40: 2044 8b5c | 2440 4489 | 5c24 2890 

  0x00007240a0578f4c: ;   {runtime_call UncommonTrapBlob}
  0x00007240a0578f4c: c5f8 77e8 

  0x00007240a0578f50: ; ImmutableOopMap {[16]=Oop [32]=NarrowOop [80]=Oop [104]=Oop [136]=NarrowOop [140]=NarrowOop }
                      ;*ifeq {reexecute=1 rethrow=0 return_oop=0}
                      ; - (reexecute) org.apache.xalan.templates.ElemApplyTemplates::transformSelectedNodes@898 (line 437)
  0x00007240a0578f50: ac13 6fff 

  0x00007240a0578f54: ;   {other}
  0x00007240a0578f54: 0f1f 8400 | 0000 0000 | be45 ffff | ff48 8b6c | 2430 448b | 5424 3844 | 8954 2418 | 4489 4424 
  0x00007240a0578f74: 2866 6690 

  0x00007240a0578f78: ;   {runtime_call UncommonTrapBlob}
  0x00007240a0578f78: c5f8 77e8 

  0x00007240a0578f7c: ; ImmutableOopMap {rbp=Oop [24]=NarrowOop [80]=Oop [104]=Oop [136]=NarrowOop [140]=NarrowOop }
                      ;*ifle {reexecute=1 rethrow=0 return_oop=0}
                      ; - (reexecute) org.apache.xalan.templates.ElemApplyTemplates::transformSelectedNodes@934 (line 443)
  0x00007240a0578f7c: 8013 6fff 

  0x00007240a0578f80: ;   {other}
  0x00007240a0578f80: 0f1f 8400 | 0000 0000 | be45 ffff | ff48 8b6c | 2430 448b | 5c24 3844 | 895c 2418 

  0x00007240a0578f9c: ;   {runtime_call UncommonTrapBlob}
  0x00007240a0578f9c: c5f8 77e8 

  0x00007240a0578fa0: ; ImmutableOopMap {rbp=Oop [24]=NarrowOop [80]=Oop [104]=Oop [136]=NarrowOop [140]=NarrowOop }
                      ;*ifeq {reexecute=1 rethrow=0 return_oop=0}
                      ; - (reexecute) org.apache.xalan.templates.ElemApplyTemplates::transformSelectedNodes@950 (line 446)
  0x00007240a0578fa0: 5c13 6fff 

  0x00007240a0578fa4: ;   {other}
  0x00007240a0578fa4: 0f1f 8400 | 0000 0000 | 33ed 4585 | ed40 0f94 | c5be 45ff | ffff 4c8b | 5424 304c | 8954 2410 
  0x00007240a0578fc4: 448b 5c24 | 3844 895c | 2420 6690 

  0x00007240a0578fd0: ;   {runtime_call UncommonTrapBlob}
  0x00007240a0578fd0: c5f8 77e8 

  0x00007240a0578fd4: ; ImmutableOopMap {[16]=Oop [32]=NarrowOop [80]=Oop [104]=Oop [136]=NarrowOop [140]=NarrowOop }
                      ;*ifeq {reexecute=1 rethrow=0 return_oop=0}
                      ; - (reexecute) org.apache.xpath.XPathContext::popContextNodeList@7 (line 706)
                      ; - org.apache.xalan.templates.ElemApplyTemplates::transformSelectedNodes@954 (line 446)
  0x00007240a0578fd4: 2813 6fff 

  0x00007240a0578fd8: ;   {other}
  0x00007240a0578fd8: 0f1f 8400 | 0000 0000 | be45 ffff | ff48 8b6c | 2430 448b | 5424 3844 | 8954 2418 | 448b 5c24 
  0x00007240a0578ff8: 4844 895c | 241c 448b | 5424 2844 | 8954 2420 | 448b 5c24 | 4444 895c | 2424 4489 | 4424 4890 
  0x00007240a0579018: ;   {runtime_call UncommonTrapBlob}
  0x00007240a0579018: c5f8 77e8 

  0x00007240a057901c: ; ImmutableOopMap {rbp=Oop [24]=NarrowOop [60]=NarrowOop [80]=Oop [104]=Oop [136]=NarrowOop [140]=NarrowOop }
                      ;*ifne {reexecute=1 rethrow=0 return_oop=0}
                      ; - (reexecute) java.util.Stack::peek@6 (line 102)
                      ; - java.util.Stack::pop@6 (line 85)
                      ; - org.apache.xpath.XPathContext::popContextNodeList@25 (line 709)
                      ; - org.apache.xalan.templates.ElemApplyTemplates::transformSelectedNodes@954 (line 446)
  0x00007240a057901c: e012 6fff 

  0x00007240a0579020: ;   {other}
  0x00007240a0579020: 0f1f 8400 | 0000 0000 | be45 ffff | ff48 8b6c | 2430 448b | 5424 3844 | 8954 2418 | 448b 5c24 
  0x00007240a0579040: 4844 895c | 241c 448b | 5424 2844 | 8954 2420 | 448b 5c24 | 4444 895c | 2424 4c8b | 5424 504c 
  0x00007240a0579060: 8954 2428 | 4489 4c24 | 5444 8944 | 2458 6690 

  0x00007240a0579070: ;   {runtime_call UncommonTrapBlob}
  0x00007240a0579070: c5f8 77e8 

  0x00007240a0579074: ; ImmutableOopMap {rbp=Oop [24]=NarrowOop [40]=Oop [60]=NarrowOop [104]=Oop [136]=NarrowOop [140]=NarrowOop }
                      ;*if_icmplt {reexecute=1 rethrow=0 return_oop=0}
                      ; - (reexecute) java.util.Vector::elementAt@5 (line 465)
                      ; - java.util.Stack::peek@21 (line 104)
                      ; - java.util.Stack::pop@6 (line 85)
                      ; - org.apache.xpath.XPathContext::popContextNodeList@25 (line 709)
                      ; - org.apache.xalan.templates.ElemApplyTemplates::transformSelectedNodes@954 (line 446)
  0x00007240a0579074: 8812 6fff 

  0x00007240a0579078: ;   {other}
  0x00007240a0579078: 0f1f 8400 | 0000 0000 | be45 ffff | ff4c 8b54 | 2430 4c89 | 5424 1044 | 8b54 2438 | 4489 5424 
  0x00007240a0579098: 2044 8b5c | 2448 4489 | 5c24 2444 | 8b54 2444 | 4489 5424 | 2c4c 8b54 | 2450 4c89 | 5424 3044 
  0x00007240a05790b8: 894c 2450 | 4489 4424 | 5466 6690 

  0x00007240a05790c4: ;   {runtime_call UncommonTrapBlob}
  0x00007240a05790c4: c5f8 77e8 

  0x00007240a05790c8: ; ImmutableOopMap {rbp=NarrowOop [16]=Oop [32]=NarrowOop [48]=Oop [60]=NarrowOop [104]=Oop [136]=NarrowOop [140]=NarrowOop }
                      ;*if_icmplt {reexecute=1 rethrow=0 return_oop=0}
                      ; - (reexecute) java.util.Vector::removeElementAt@5 (line 548)
                      ; - java.util.Stack::pop@14 (line 86)
                      ; - org.apache.xpath.XPathContext::popContextNodeList@25 (line 709)
                      ; - org.apache.xalan.templates.ElemApplyTemplates::transformSelectedNodes@954 (line 446)
  0x00007240a05790c8: 3412 6fff 

  0x00007240a05790cc: ;   {other}
  0x00007240a05790cc: 0f1f 8400 | 0000 0000 | be45 ffff | ff4c 8b54 | 2430 4c89 | 5424 1044 | 8b5c 2438 | 4489 5c24 
  0x00007240a05790ec: 2044 8b54 | 2448 4489 | 5424 2444 | 8b5c 2444 | 4489 5c24 | 2c4c 8b54 | 2450 4c89 | 5424 3044 
  0x00007240a057910c: 894c 244c 

  0x00007240a0579110: ;   {runtime_call UncommonTrapBlob}
  0x00007240a0579110: c5f8 77e8 

  0x00007240a0579114: ; ImmutableOopMap {rbp=NarrowOop [16]=Oop [32]=NarrowOop [48]=Oop [60]=NarrowOop [104]=Oop [136]=NarrowOop [140]=NarrowOop }
                      ;*ifge {reexecute=1 rethrow=0 return_oop=0}
                      ; - (reexecute) java.util.Vector::removeElementAt@43 (line 552)
                      ; - java.util.Stack::pop@14 (line 86)
                      ; - org.apache.xpath.XPathContext::popContextNodeList@25 (line 709)
                      ; - org.apache.xalan.templates.ElemApplyTemplates::transformSelectedNodes@954 (line 446)
  0x00007240a0579114: e811 6fff 

  0x00007240a0579118: ;   {other}
  0x00007240a0579118: 0f1f 8400 | 0000 0000 | be45 ffff | ff4c 8b54 | 2430 4c89 | 5424 1044 | 8b5c 2438 | 4489 5c24 
  0x00007240a0579138: 2044 8b54 | 2448 4489 | 5424 244c | 8b54 2450 | 4c89 5424 | 3066 6690 

  0x00007240a0579150: ;   {runtime_call UncommonTrapBlob}
  0x00007240a0579150: c5f8 77e8 

  0x00007240a0579154: ; ImmutableOopMap {[16]=Oop [32]=NarrowOop [48]=Oop [104]=Oop [136]=NarrowOop [140]=NarrowOop }
                      ;*ifeq {reexecute=1 rethrow=0 return_oop=0}
                      ; - (reexecute) org.apache.xpath.axes.LocPathIterator::detach@4 (line 678)
                      ; - org.apache.xpath.axes.NodeSequence::detach@12 (line 398)
                      ; - org.apache.xalan.templates.ElemApplyTemplates::transformSelectedNodes@971 (line 450)
  0x00007240a0579154: a811 6fff 

  0x00007240a0579158: ;   {other}
  0x00007240a0579158: 0f1f 8400 | 0000 0000 | bee4 ffff | ff4c 8b5c | 2430 4c89 | 5c24 1844 | 8b5c 2438 | 4489 5c24 
  0x00007240a0579178: 2844 8b4c | 2448 4489 | 4c24 2c44 | 8b5c 243c | 4489 5c24 | 3044 8b4c | 2444 4489 | 4c24 344c 
  0x00007240a0579198: 8b5c 2450 | 4c89 5c24 | 3844 8954 | 244c 4489 | 4424 5090 

  0x00007240a05791ac: ;   {runtime_call UncommonTrapBlob}
  0x00007240a05791ac: c5f8 77e8 

  0x00007240a05791b0: ; ImmutableOopMap {[16]=Oop [24]=Oop [40]=NarrowOop [56]=Oop [76]=NarrowOop [80]=NarrowOop [104]=Oop [136]=NarrowOop [140]=NarrowOop }
                      ;*aaload {reexecute=0 rethrow=0 return_oop=0}
                      ; - org.apache.xml.utils.ObjectStack::pop@15 (line 101)
                      ; - org.apache.xpath.XPathContext::popSAXLocator@4 (line 434)
                      ; - org.apache.xalan.templates.ElemApplyTemplates::transformSelectedNodes@945 (line 445)
  0x00007240a05791b0: 4c11 6fff 

  0x00007240a05791b4: ;   {other}
  0x00007240a05791b4: 0f1f 8400 | 0000 0000 | bef6 ffff | ff48 8b6c | 2430 4489 | 5424 2044 | 8b54 243c | 4489 5424 
  0x00007240a05791d4: 2866 6690 

  0x00007240a05791d8: ;   {runtime_call UncommonTrapBlob}
  0x00007240a05791d8: c5f8 77e8 

  0x00007240a05791dc: ; ImmutableOopMap {rbp=Oop [16]=Oop [32]=NarrowOop [80]=Oop [104]=Oop [136]=NarrowOop [140]=NarrowOop }
                      ;*invokevirtual isEmpty {reexecute=0 rethrow=0 return_oop=0}
                      ; - org.apache.xpath.XPathContext::popContextNodeList@4 (line 706)
                      ; - org.apache.xalan.templates.ElemApplyTemplates::transformSelectedNodes@954 (line 446)
  0x00007240a05791dc: 2011 6fff 

  0x00007240a05791e0: ;   {other}
  0x00007240a05791e0: 0f1f 8400 | 0000 0000 | bef6 ffff | ff48 8b6c | 2430 4c8b | 5424 284c | 8954 2418 | 448b 5c24 
  0x00007240a0579200: 3844 895c | 2420 448b | 5c24 3c44 | 895c 2428 

  0x00007240a0579210: ;   {runtime_call UncommonTrapBlob}
  0x00007240a0579210: c5f8 77e8 

  0x00007240a0579214: ; ImmutableOopMap {rbp=Oop [16]=Oop [24]=Oop [32]=NarrowOop [80]=Oop [136]=NarrowOop [140]=NarrowOop }
                      ;*invokevirtual pop {reexecute=0 rethrow=0 return_oop=0}
                      ; - org.apache.xpath.XPathContext::popContextNodeList@25 (line 709)
                      ; - org.apache.xalan.templates.ElemApplyTemplates::transformSelectedNodes@954 (line 446)
  0x00007240a0579214: e810 6fff 

  0x00007240a0579218: ;   {other}
  0x00007240a0579218: 0f1f 8400 | 0000 0000 | bee4 ffff | ff4c 8b54 | 2430 4c89 | 5424 184c | 8b54 2428 | 4c89 5424 
  0x00007240a0579238: 2044 8b5c | 2438 4489 | 5c24 2844 | 8b54 2448 | 4489 5424 | 2c44 8b5c | 243c 4489 | 5c24 3044 
  0x00007240a0579258: 8b54 2444 | 4489 5424 | 344c 8b54 | 2450 4c89 | 5424 3844 | 894c 2454 | 894c 2460 

  0x00007240a0579274: ;   {runtime_call UncommonTrapBlob}
  0x00007240a0579274: c5f8 77e8 

  0x00007240a0579278: ; ImmutableOopMap {rbp=NarrowOop [16]=Oop [24]=Oop [32]=Oop [40]=NarrowOop [56]=Oop [76]=NarrowOop [136]=NarrowOop [140]=NarrowOop }
                      ;*aaload {reexecute=0 rethrow=0 return_oop=0}
                      ; - java.util.Vector::elementData@5 (line 731)
                      ; - java.util.Vector::elementAt@44 (line 469)
                      ; - java.util.Stack::peek@21 (line 104)
                      ; - java.util.Stack::pop@6 (line 85)
                      ; - org.apache.xpath.XPathContext::popContextNodeList@25 (line 709)
                      ; - org.apache.xalan.templates.ElemApplyTemplates::transformSelectedNodes@954 (line 446)
  0x00007240a0579278: 8410 6fff 

  0x00007240a057927c: ;   {other}
  0x00007240a057927c: 0f1f 8400 | 0000 0000 | bee4 ffff | ff4c 8b44 | 2430 4c89 | 4424 184c | 8b44 2428 | 4c89 4424 
  0x00007240a057929c: 2044 8b44 | 2438 4489 | 4424 2844 | 8b4c 2448 | 4489 4c24 | 2c44 8b44 | 243c 4489 | 4424 3044 
  0x00007240a05792bc: 8b4c 2444 | 4489 4c24 | 344c 8b44 | 2450 4c89 | 4424 3844 | 895c 244c | 4489 5424 | 5066 6690 
  0x00007240a05792dc: ;   {runtime_call UncommonTrapBlob}
  0x00007240a05792dc: c5f8 77e8 

  0x00007240a05792e0: ; ImmutableOopMap {[16]=Oop [24]=Oop [32]=Oop [40]=NarrowOop [56]=Oop [76]=NarrowOop [80]=NarrowOop [136]=NarrowOop [140]=NarrowOop }
                      ;*aaload {reexecute=0 rethrow=0 return_oop=0}
                      ; - org.apache.xml.utils.ObjectStack::pop@15 (line 101)
                      ; - org.apache.xalan.transformer.TransformerImpl::popElemTemplateElement@4 (line 2632)
                      ; - org.apache.xalan.templates.ElemApplyTemplates::transformSelectedNodes@958 (line 447)
  0x00007240a05792e0: 1c10 6fff 

  0x00007240a05792e4: ;   {other}
  0x00007240a05792e4: 0f1f 8400 | 0000 0000 | bef6 ffff | ff48 8b6c | 2430 4c8b | 5424 284c | 8954 2418 | 448b 5424 
  0x00007240a0579304: 3844 8954 | 2420 448b | 5424 3c44 | 8954 2428 

  0x00007240a0579314: ;   {runtime_call UncommonTrapBlob}
  0x00007240a0579314: c5f8 77e8 

  0x00007240a0579318: ; ImmutableOopMap {rbp=Oop [16]=Oop [24]=Oop [32]=NarrowOop [80]=Oop [136]=NarrowOop [140]=NarrowOop }
                      ;*invokevirtual quickPop {reexecute=0 rethrow=0 return_oop=0}
                      ; - org.apache.xpath.XPathContext::popCurrentExpressionNode@5 (line 908)
                      ; - org.apache.xalan.templates.ElemApplyTemplates::transformSelectedNodes@962 (line 448)
  0x00007240a0579318: e40f 6fff 

  0x00007240a057931c: ;   {other}
  0x00007240a057931c: 0f1f 8400 | 0000 0000 | 498b f348 | 8d94 2400 | 0100 0090 

  0x00007240a0579330: ;   {runtime_call _complete_monitor_locking_Java}
  0x00007240a0579330: c5f8 77e8 

  0x00007240a0579334: ; ImmutableOopMap {rbp=NarrowOop [16]=Oop [32]=Oop [40]=Oop [48]=Oop [56]=NarrowOop [80]=Oop [88]=Oop [96]=Oop [112]=Oop [136]=NarrowOop [140]=NarrowOop }
                      ;*synchronization entry
                      ; - java.util.Vector::isEmpty@-1 (line 316)
                      ; - org.apache.xpath.XPathContext::popContextNodeList@4 (line 706)
                      ; - org.apache.xalan.templates.ElemApplyTemplates::transformSelectedNodes@954 (line 446)
  0x00007240a0579334: 4885 7aff 

  0x00007240a0579338: ;   {other}
  0x00007240a0579338: 0f1f 8400 | 0000 0000 | e9c9 ebff | ff49 8bfb | 488d b424 | 0001 0000 | 498b d7c5 | f877 49ba 
  0x00007240a0579358: a089 feb7 | 4072 0000 

  0x00007240a0579360: ;   {other}
  0x00007240a0579360: 41ff d20f | 1f84 0000 | 0000 00e9 | 45ec ffff | 498b f348 | 8d94 2400 | 0100 0048 | 8b6c 2430 
  0x00007240a0579380: ;   {runtime_call _complete_monitor_locking_Java}
  0x00007240a0579380: c5f8 77e8 

  0x00007240a0579384: ; ImmutableOopMap {rbp=Oop [16]=Oop [32]=Oop [40]=Oop [48]=Oop [56]=NarrowOop [76]=NarrowOop [80]=Oop [88]=Oop [96]=Oop [112]=Oop [136]=NarrowOop [140]=NarrowOop }
                      ;*synchronization entry
                      ; - java.util.Stack::pop@-1 (line 83)
                      ; - org.apache.xpath.XPathContext::popContextNodeList@25 (line 709)
                      ; - org.apache.xalan.templates.ElemApplyTemplates::transformSelectedNodes@954 (line 446)
  0x00007240a0579384: f884 7aff 

  0x00007240a0579388: ;   {other}
  0x00007240a0579388: 0f1f 8400 | 0000 0000 | e9b4 ecff | ff49 8bfb | 488d b424 | 0001 0000 | 498b d7c5 | f877 49ba 
  0x00007240a05793a8: a089 feb7 | 4072 0000 

  0x00007240a05793b0: ;   {other}
  0x00007240a05793b0: 41ff d20f | 1f84 0000 | 0000 00e9 | 92ed ffff | bede ffff | ff48 8b6c | 2430 4c8b | 5424 284c 
  0x00007240a05793d0: 8954 2418 | 448b 5424 | 3844 8954 | 2420 448b | 5c24 4844 | 895c 2424 | 448b 5424 | 3c44 8954 
  0x00007240a05793f0: 2428 6690 

  0x00007240a05793f4: ;   {runtime_call UncommonTrapBlob}
  0x00007240a05793f4: c5f8 77e8 

  0x00007240a05793f8: ; ImmutableOopMap {rbp=Oop [16]=Oop [24]=Oop [32]=NarrowOop [80]=Oop [136]=NarrowOop [140]=NarrowOop }
                      ;*invokeinterface detach {reexecute=0 rethrow=0 return_oop=0}
                      ; - org.apache.xalan.templates.ElemApplyTemplates::transformSelectedNodes@971 (line 450)
  0x00007240a05793f8: 040f 6fff 

  0x00007240a05793fc: ;   {other}
  0x00007240a05793fc: 0f1f 8400 | 0000 0000 | bef6 ffff | ff48 8b6c | 2430 4c8b | 5424 284c | 8954 2418 | 448b 5c24 
  0x00007240a057941c: 3844 895c | 2420 448b | 5424 4844 | 8954 2424 | 448b 5c24 | 3c44 895c | 2428 6690 

  0x00007240a0579438: ;   {runtime_call UncommonTrapBlob}
  0x00007240a0579438: c5f8 77e8 

  0x00007240a057943c: ; ImmutableOopMap {rbp=Oop [16]=Oop [24]=Oop [32]=NarrowOop [80]=Oop [104]=Oop [136]=NarrowOop [140]=NarrowOop }
                      ;*invokevirtual freeInstance {reexecute=0 rethrow=0 return_oop=0}
                      ; - org.apache.xpath.axes.LocPathIterator::detach@47 (line 691)
                      ; - org.apache.xpath.axes.NodeSequence::detach@12 (line 398)
                      ; - org.apache.xalan.templates.ElemApplyTemplates::transformSelectedNodes@971 (line 450)
  0x00007240a057943c: c00e 6fff 

  0x00007240a0579440: ;   {other}
  0x00007240a0579440: 0f1f 8400 | 0000 0000 | bee4 ffff | ff48 8b6c | 2430 4c8b | 5424 284c | 8954 2418 | 448b 5424 
  0x00007240a0579460: 3844 8954 | 2420 448b | 5c24 4844 | 895c 2424 | 448b 5424 | 3c44 8954 | 2428 448b | 5c24 4444 
  0x00007240a0579480: 895c 242c | 448b 5424 | 4c44 8954 | 2444 4489 | 4c24 4844 | 8944 2460 

  0x00007240a0579498: ;   {runtime_call UncommonTrapBlob}
  0x00007240a0579498: c5f8 77e8 

  0x00007240a057949c: ; ImmutableOopMap {rbp=Oop [16]=Oop [24]=Oop [32]=NarrowOop [68]=NarrowOop [72]=NarrowOop [80]=Oop [104]=Oop [136]=NarrowOop [140]=NarrowOop [152]=Oop }
                      ;*aastore {reexecute=1 rethrow=0 return_oop=0}
                      ; - (reexecute) java.util.ArrayList::add@14 (line 484)
                      ; - java.util.ArrayList::add@20 (line 496)
                      ; - org.apache.xpath.axes.IteratorPool::freeInstance@5 (line 117)
                      ; - org.apache.xpath.axes.LocPathIterator::detach@47 (line 691)
                      ; - org.apache.xpath.axes.NodeSequence::detach@12 (line 398)
                      ; - org.apache.xalan.templates.ElemApplyTemplates::transformSelectedNodes@971 (line 450)
  0x00007240a057949c: 600e 6fff 

  0x00007240a05794a0: ;   {other}
  0x00007240a05794a0: 0f1f 8400 | 0000 0000 | 498b f348 | 8d94 2400 | 0100 0048 | 8b6c 2430 

  0x00007240a05794b8: ;   {runtime_call _complete_monitor_locking_Java}
  0x00007240a05794b8: c5f8 77e8 

  0x00007240a05794bc: ; ImmutableOopMap {rbp=Oop [16]=Oop [40]=Oop [48]=Oop [56]=NarrowOop [76]=NarrowOop [80]=Oop [88]=Oop [96]=Oop [104]=Oop [112]=Oop [120]=Oop [136]=NarrowOop [140]=NarrowOop }
                      ;*synchronization entry
                      ; - org.apache.xpath.axes.IteratorPool::freeInstance@-1 (line 117)
                      ; - org.apache.xpath.axes.LocPathIterator::detach@47 (line 691)
                      ; - org.apache.xpath.axes.NodeSequence::detach@12 (line 398)
                      ; - org.apache.xalan.templates.ElemApplyTemplates::transformSelectedNodes@971 (line 450)
  0x00007240a05794bc: c083 7aff 

  0x00007240a05794c0: ;   {other}
  0x00007240a05794c0: 0f1f 8400 | 0000 0000 | e9db edff | ffbe d6ff | ffff 488b | 6c24 304c | 8b5c 2428 | 4c89 5c24 
  0x00007240a05794e0: 1844 8b5c | 2438 4489 | 5c24 208b | 4c24 4889 | 4c24 2444 | 8b5c 243c | 4489 5c24 | 288b 4c24 
  0x00007240a0579500: 4489 4c24 | 2c44 8b5c | 244c 4489 | 5c24 4444 | 894c 2448 | 4489 4424 | 6066 6690 

  0x00007240a057951c: ;   {runtime_call UncommonTrapBlob}
  0x00007240a057951c: c5f8 77e8 

  0x00007240a0579520: ; ImmutableOopMap {rbp=Oop [16]=Oop [24]=Oop [32]=NarrowOop [68]=NarrowOop [72]=NarrowOop [80]=Oop [104]=Oop [136]=NarrowOop [140]=NarrowOop [152]=Oop }
                      ;*aastore {reexecute=1 rethrow=0 return_oop=0}
                      ; - (reexecute) java.util.ArrayList::add@14 (line 484)
                      ; - java.util.ArrayList::add@20 (line 496)
                      ; - org.apache.xpath.axes.IteratorPool::freeInstance@5 (line 117)
                      ; - org.apache.xpath.axes.LocPathIterator::detach@47 (line 691)
                      ; - org.apache.xpath.axes.NodeSequence::detach@12 (line 398)
                      ; - org.apache.xalan.templates.ElemApplyTemplates::transformSelectedNodes@971 (line 450)
  0x00007240a0579520: dc0d 6fff 

  0x00007240a0579524: ;   {other}
  0x00007240a0579524: 0f1f 8400 | 0000 0000 | bee4 ffff | ff4c 8b54 | 2430 4c89 | 5424 104c | 8b54 2468 | 4c89 5424 
  0x00007240a0579544: 1844 8b54 | 2438 4489 | 5424 2044 | 8b5c 2448 | 4489 5c24 | 2444 8b54 | 2440 4489 | 5424 3044 
  0x00007240a0579564: 8b5c 2444 | 4489 5c24 | 3444 8b5c | 2478 4489 | 5c24 3844 | 8b54 247c | 4489 5424 | 4044 8b9c 
  0x00007240a0579584: 2480 0000 | 0044 895c | 2444 4889 | 4424 7889 | 4c24 7444 | 898c 2480 | 0000 0090 

  0x00007240a05795a0: ;   {runtime_call UncommonTrapBlob}
  0x00007240a05795a0: c5f8 77e8 

  0x00007240a05795a4: ; ImmutableOopMap {[16]=Oop [24]=Oop [32]=NarrowOop [56]=NarrowOop [60]=NarrowOop [64]=NarrowOop [116]=NarrowOop [120]=Oop [128]=NarrowOop [136]=NarrowOop [140]=NarrowOop [144]=NarrowOop [148]=NarrowOop [160]=Oop [176]=Oop [192]=Oop [200]=Oop }
                      ;*aaload {reexecute=0 rethrow=0 return_oop=0}
                      ; - org.apache.xml.utils.ObjectStack::pop@15 (line 101)
                      ; - org.apache.xalan.transformer.TransformerImpl::popElemTemplateElement@4 (line 2632)
                      ; - org.apache.xalan.templates.ElemApplyTemplates::transformSelectedNodes@795 (line 399)
  0x00007240a05795a4: 580d 6fff 

  0x00007240a05795a8: ;   {other}
  0x00007240a05795a8: 0f1f 8400 | 0000 0000 | be45 ffff | ff4c 8b5c | 2430 4c89 | 5c24 1844 | 8b54 2438 | 4489 5424 
  0x00007240a05795c8: 2844 8b5c | 2448 4489 | 5c24 2c44 | 8b54 2440 | 4489 5424 | 3044 8b5c | 2444 4489 | 5c24 3444 
  0x00007240a05795e8: 894c 2448 

  0x00007240a05795ec: ;   {runtime_call UncommonTrapBlob}
  0x00007240a05795ec: c5f8 77e8 

  0x00007240a05795f0: ; ImmutableOopMap {[16]=Oop [24]=Oop [40]=NarrowOop [80]=Oop [104]=Oop [136]=NarrowOop [140]=NarrowOop }
                      ;*ifeq {reexecute=1 rethrow=0 return_oop=0}
                      ; - (reexecute) org.apache.xalan.templates.ElemApplyTemplates::transformSelectedNodes@898 (line 437)
  0x00007240a05795f0: 0c0d 6fff 

  0x00007240a05795f4: ;   {other}
  0x00007240a05795f4: 0f1f 8400 | 0000 0000 | be45 ffff | ff48 8b6c | 2430 448b | 4424 3844 | 8944 2420 | 448b 4424 
  0x00007240a0579614: 4444 8944 | 242c 4489 | 5c24 3044 | 894c 2444 

  0x00007240a0579624: ;   {runtime_call UncommonTrapBlob}
  0x00007240a0579624: c5f8 77e8 

  0x00007240a0579628: ; ImmutableOopMap {rbp=Oop [16]=Oop [32]=NarrowOop [80]=Oop [104]=Oop [136]=NarrowOop [140]=NarrowOop }
                      ;*ifle {reexecute=1 rethrow=0 return_oop=0}
                      ; - (reexecute) org.apache.xalan.templates.ElemApplyTemplates::transformSelectedNodes@934 (line 443)
  0x00007240a0579628: d40c 6fff 

  0x00007240a057962c: ;   {other}
  0x00007240a057962c: 0f1f 8400 | 0000 0000 | be45 ffff | ff48 8b6c | 2430 448b | 5424 3844 | 8954 2420 | 448b 5424 
  0x00007240a057964c: 3c44 8954 | 2428 448b | 5c24 4444 | 895c 242c 

  0x00007240a057965c: ;   {runtime_call UncommonTrapBlob}
  0x00007240a057965c: c5f8 77e8 

  0x00007240a0579660: ; ImmutableOopMap {rbp=Oop [16]=Oop [32]=NarrowOop [80]=Oop [104]=Oop [136]=NarrowOop [140]=NarrowOop }
                      ;*ifeq {reexecute=1 rethrow=0 return_oop=0}
                      ; - (reexecute) org.apache.xalan.templates.ElemApplyTemplates::transformSelectedNodes@950 (line 446)
  0x00007240a0579660: 9c0c 6fff 

  0x00007240a0579664: ;   {other}
  0x00007240a0579664: 0f1f 8400 | 0000 0000 | 33ed 85db | 400f 94c5 | be45 ffff | ff4c 8b54 | 2430 4c89 | 5424 184c 
  0x00007240a0579684: 8b54 2428 | 4c89 5424 | 2044 8b5c | 2438 4489 | 5c24 2844 | 8b54 2448 | 4489 5424 | 2c44 8b5c 
  0x00007240a05796a4: 243c 4489 | 5c24 3044 | 8b54 2444 | 4489 5424 | 3466 6690 

  0x00007240a05796b8: ;   {runtime_call UncommonTrapBlob}
  0x00007240a05796b8: c5f8 77e8 

  0x00007240a05796bc: ; ImmutableOopMap {[16]=Oop [24]=Oop [32]=Oop [40]=NarrowOop [80]=Oop [136]=NarrowOop [140]=NarrowOop }
                      ;*ifeq {reexecute=1 rethrow=0 return_oop=0}
                      ; - (reexecute) org.apache.xpath.XPathContext::popContextNodeList@7 (line 706)
                      ; - org.apache.xalan.templates.ElemApplyTemplates::transformSelectedNodes@954 (line 446)
  0x00007240a05796bc: 400c 6fff 

  0x00007240a05796c0: ;   {other}
  0x00007240a05796c0: 0f1f 8400 | 0000 0000 | be45 ffff | ff48 8b6c | 2430 4c8b | 5424 284c | 8954 2418 | 448b 5424 
  0x00007240a05796e0: 3844 8954 | 2420 448b | 5c24 4844 | 895c 2424 | 448b 5424 | 3c44 8954 | 2428 448b | 5c24 4444 
  0x00007240a0579700: 895c 242c | 4c8b 5424 | 504c 8954 | 2430 4489 | 4c24 5490 

  0x00007240a0579714: ;   {runtime_call UncommonTrapBlob}
  0x00007240a0579714: c5f8 77e8 

  0x00007240a0579718: ; ImmutableOopMap {rbp=Oop [16]=Oop [24]=Oop [32]=NarrowOop [48]=Oop [76]=NarrowOop [136]=NarrowOop [140]=NarrowOop }
                      ;*ifne {reexecute=1 rethrow=0 return_oop=0}
                      ; - (reexecute) java.util.Stack::peek@6 (line 102)
                      ; - java.util.Stack::pop@6 (line 85)
                      ; - org.apache.xpath.XPathContext::popContextNodeList@25 (line 709)
                      ; - org.apache.xalan.templates.ElemApplyTemplates::transformSelectedNodes@954 (line 446)
  0x00007240a0579718: e40b 6fff 

  0x00007240a057971c: ;   {other}
  0x00007240a057971c: 0f1f 8400 | 0000 0000 | be45 ffff | ff48 8b6c | 2430 4c8b | 5424 284c | 8954 2418 | 448b 5424 
  0x00007240a057973c: 3844 8954 | 2420 448b | 5c24 4844 | 895c 2424 | 448b 5424 | 3c44 8954 | 2428 448b | 5c24 4444 
  0x00007240a057975c: 895c 242c | 4c8b 5424 | 504c 8954 | 2430 894c | 245c 4489 | 4c24 6090 

  0x00007240a0579774: ;   {runtime_call UncommonTrapBlob}
  0x00007240a0579774: c5f8 77e8 

  0x00007240a0579778: ; ImmutableOopMap {rbp=Oop [16]=Oop [24]=Oop [32]=NarrowOop [48]=Oop [76]=NarrowOop [136]=NarrowOop [140]=NarrowOop }
                      ;*if_icmplt {reexecute=1 rethrow=0 return_oop=0}
                      ; - (reexecute) java.util.Vector::elementAt@5 (line 465)
                      ; - java.util.Stack::peek@21 (line 104)
                      ; - java.util.Stack::pop@6 (line 85)
                      ; - org.apache.xpath.XPathContext::popContextNodeList@25 (line 709)
                      ; - org.apache.xalan.templates.ElemApplyTemplates::transformSelectedNodes@954 (line 446)
  0x00007240a0579778: 840b 6fff 

  0x00007240a057977c: ;   {other}
  0x00007240a057977c: 0f1f 8400 | 0000 0000 | 458b d942 | 8b6c 9d0c | be45 ffff | ff4c 8b54 | 2430 4c89 | 5424 184c 
  0x00007240a057979c: 8b54 2428 | 4c89 5424 | 2044 8b5c | 2438 4489 | 5c24 2844 | 8b54 2448 | 4489 5424 | 2c44 8b5c 
  0x00007240a05797bc: 243c 4489 | 5c24 3044 | 8b54 2444 | 4489 5424 | 344c 8b54 | 2450 4c89 | 5424 3889 | 4c24 5890 
  0x00007240a05797dc: ;   {runtime_call UncommonTrapBlob}
  0x00007240a05797dc: c5f8 77e8 

  0x00007240a05797e0: ; ImmutableOopMap {rbp=NarrowOop [16]=Oop [24]=Oop [32]=Oop [40]=NarrowOop [56]=Oop [76]=NarrowOop [136]=NarrowOop [140]=NarrowOop }
                      ;*ifge {reexecute=1 rethrow=0 return_oop=0}
                      ; - (reexecute) java.util.Vector::removeElementAt@43 (line 552)
                      ; - java.util.Stack::pop@14 (line 86)
                      ; - org.apache.xpath.XPathContext::popContextNodeList@25 (line 709)
                      ; - org.apache.xalan.templates.ElemApplyTemplates::transformSelectedNodes@954 (line 446)
  0x00007240a05797e0: 1c0b 6fff 

  0x00007240a05797e4: ;   {other}
  0x00007240a05797e4: 0f1f 8400 | 0000 0000 | be45 ffff | ff4c 8b54 | 2430 4c89 | 5424 184c | 8b54 2428 | 4c89 5424 
  0x00007240a0579804: 2044 8b5c | 2438 4489 | 5c24 2844 | 8b54 2448 | 4489 5424 | 2c44 8b5c | 243c 4489 | 5c24 3044 
  0x00007240a0579824: 8b54 2444 | 4489 5424 | 3466 6690 

  0x00007240a0579830: ;   {runtime_call UncommonTrapBlob}
  0x00007240a0579830: c5f8 77e8 

  0x00007240a0579834: ; ImmutableOopMap {[16]=Oop [24]=Oop [32]=Oop [40]=NarrowOop [80]=Oop [136]=NarrowOop [140]=NarrowOop }
                      ;*ifeq {reexecute=1 rethrow=0 return_oop=0}
                      ; - (reexecute) org.apache.xpath.axes.LocPathIterator::detach@4 (line 678)
                      ; - org.apache.xpath.axes.NodeSequence::detach@12 (line 398)
                      ; - org.apache.xalan.templates.ElemApplyTemplates::transformSelectedNodes@971 (line 450)
  0x00007240a0579834: c80a 6fff 

  0x00007240a0579838: ;   {other}
  0x00007240a0579838: 0f1f 8400 | 0000 0000 | 4963 cae9 | 2de4 ffff | be45 ffff | ff48 8b6c | 2430 448b | 5c24 3844 
  0x00007240a0579858: 895c 2418 | 448b 5424 | 4844 8954 | 241c 448b | 5c24 2844 | 895c 2420 | 448b 5424 | 4444 8954 
  0x00007240a0579878: 2424 6690 

  0x00007240a057987c: ;   {runtime_call UncommonTrapBlob}
  0x00007240a057987c: c5f8 77e8 

  0x00007240a0579880: ; ImmutableOopMap {rbp=Oop [24]=NarrowOop [60]=NarrowOop [64]=NarrowOop [76]=NarrowOop [80]=Oop [104]=Oop [120]=Oop [136]=NarrowOop [140]=NarrowOop }
                      ;*if_acmpeq {reexecute=1 rethrow=0 return_oop=0}
                      ; - (reexecute) java.util.ArrayList::grow@17 (line 233)
                      ; - java.util.ArrayList::grow@7 (line 244)
                      ; - java.util.ArrayList::add@7 (line 483)
                      ; - java.util.ArrayList::add@20 (line 496)
                      ; - org.apache.xpath.axes.IteratorPool::freeInstance@5 (line 117)
                      ; - org.apache.xpath.axes.LocPathIterator::detach@47 (line 691)
                      ; - org.apache.xpath.axes.NodeSequence::detach@12 (line 398)
                      ; - org.apache.xalan.templates.ElemApplyTemplates::transformSelectedNodes@971 (line 450)
  0x00007240a0579880: 7c0a 6fff 

  0x00007240a0579884: ;   {other}
  0x00007240a0579884: 0f1f 8400 | 0000 0000 | 488b e8be | 0c00 0000 | 4c8b 5424 | 404c 8954 | 2418 6690 

  0x00007240a05798a0: ;   {runtime_call UncommonTrapBlob}
  0x00007240a05798a0: c5f8 77e8 

  0x00007240a05798a4: ; ImmutableOopMap {rbp=Oop [16]=Oop [24]=Oop [40]=NarrowOop [48]=Oop [56]=NarrowOop }
                      ;*new {reexecute=0 rethrow=0 return_oop=0}
                      ; - org.apache.xpath.axes.IteratorPool::getInstance@24 (line 98)
                      ; - org.apache.xpath.axes.LocPathIterator::asIterator@8 (line 267)
                      ; - org.apache.xalan.templates.ElemApplyTemplates::transformSelectedNodes@16 (line 207)
  0x00007240a05798a4: 580a 6fff 

  0x00007240a05798a8: ;   {other}
  0x00007240a05798a8: 0f1f 8400 | 0000 0000 | 4d8d 50fe | 498b ca49 | 8bfb 4833 | c048 83f9 | 087f 1048 | ffc9 784f 
  0x00007240a05798c8: 4889 04cf | 48ff c97d | f7eb 44c5 | fdef c0e9 | 0d00 0000 | c5fe 7f07 | c5fe 7f47 | 2048 83c7 
  0x00007240a05798e8: 4048 83e9 | 087d ed48 | 83c1 047c | 0cc5 fe7f | 0748 83c7 | 2048 83e9 | 0448 83c1 | 047e 1048 
  0x00007240a0579908: ffc9 c5f9 | d607 4883 | c708 48ff | c97d f3e9 | e2ee ffff | bece ffff | ff4c 8b54 | 2430 4c89 
  0x00007240a0579928: 5424 104c | 8b54 2468 | 4c89 5424 | 1844 8b54 | 2438 4489 | 5424 2044 | 8b5c 2448 | 4489 5c24 
  0x00007240a0579948: 2444 8b54 | 2444 4489 | 5424 2c90 

  0x00007240a0579954: ;   {runtime_call UncommonTrapBlob}
  0x00007240a0579954: c5f8 77e8 

  0x00007240a0579958: ; ImmutableOopMap {rbp=Oop [16]=Oop [24]=Oop [32]=NarrowOop [60]=NarrowOop [64]=NarrowOop [76]=NarrowOop [80]=Oop [120]=Oop [136]=NarrowOop [140]=NarrowOop }
                      ;*invokestatic copyOf {reexecute=1 rethrow=0 return_oop=0}
                      ; - (reexecute) java.util.Arrays::copyOf@6 (line 3482)
                      ; - java.util.ArrayList::grow@37 (line 237)
                      ; - java.util.ArrayList::grow@7 (line 244)
                      ; - java.util.ArrayList::add@7 (line 483)
                      ; - java.util.ArrayList::add@20 (line 496)
                      ; - org.apache.xpath.axes.IteratorPool::freeInstance@5 (line 117)
                      ; - org.apache.xpath.axes.LocPathIterator::detach@47 (line 691)
                      ; - org.apache.xpath.axes.NodeSequence::detach@12 (line 398)
                      ; - org.apache.xalan.templates.ElemApplyTemplates::transformSelectedNodes@971 (line 450)
  0x00007240a0579958: a409 6fff 

  0x00007240a057995c: ;   {other}
  0x00007240a057995c: 0f1f 8400 | 0000 0000 | 4963 cae9 | 82eb ffff | be3d ffff | ff4c 8b54 | 2430 4c89 | 5424 104c 
  0x00007240a057997c: 8b54 2468 | 4c89 5424 | 1844 8b5c | 2438 4489 | 5c24 2044 | 8b54 2448 | 4489 5424 | 2444 8b5c 
  0x00007240a057999c: 2444 4489 | 5c24 2c44 | 8b94 2498 | 0000 0045 | 8bda 4489 | 5c24 6c90 

  0x00007240a05799b4: ;   {runtime_call UncommonTrapBlob}
  0x00007240a05799b4: c5f8 77e8 

  0x00007240a05799b8: ; ImmutableOopMap {[16]=Oop [24]=Oop [32]=NarrowOop [60]=NarrowOop [64]=NarrowOop [80]=Oop [120]=Oop [136]=NarrowOop [140]=NarrowOop }
                      ;*if_icmpge {reexecute=1 rethrow=0 return_oop=0}
                      ; - (reexecute) jdk.internal.util.ArraysSupport::newLength@10 (line 741)
                      ; - java.util.ArrayList::grow@27 (line 234)
                      ; - java.util.ArrayList::grow@7 (line 244)
                      ; - java.util.ArrayList::add@7 (line 483)
                      ; - java.util.ArrayList::add@20 (line 496)
                      ; - org.apache.xpath.axes.IteratorPool::freeInstance@5 (line 117)
                      ; - org.apache.xpath.axes.LocPathIterator::detach@47 (line 691)
                      ; - org.apache.xpath.axes.NodeSequence::detach@12 (line 398)
                      ; - org.apache.xalan.templates.ElemApplyTemplates::transformSelectedNodes@971 (line 450)
  0x00007240a05799b8: 4409 6fff 

  0x00007240a05799bc: ;   {other}
  0x00007240a05799bc: 0f1f 8400 | 0000 0000 | be45 ffff | ff48 8b6c | 2430 4c8b | 5424 284c | 8954 2418 | 448b 5424 
  0x00007240a05799dc: 3844 8954 | 2420 448b | 5c24 4844 | 895c 2424 | 448b 5c24 | 3c44 895c | 2428 448b | 5c24 4444 
  0x00007240a05799fc: 895c 242c | 448b 5424 | 4c44 8954 | 2444 448b | 9424 8000 | 0000 4489 | 5424 484c | 8b54 2468 
  0x00007240a0579a1c: 4c89 5424 | 5866 6690 

  0x00007240a0579a24: ;   {runtime_call UncommonTrapBlob}
  0x00007240a0579a24: c5f8 77e8 

  0x00007240a0579a28: ; ImmutableOopMap {rbp=Oop [16]=Oop [24]=Oop [32]=NarrowOop [68]=NarrowOop [72]=NarrowOop [80]=Oop [88]=Oop [132]=NarrowOop [136]=NarrowOop [140]=NarrowOop }
                      ;*if_acmpeq {reexecute=1 rethrow=0 return_oop=0}
                      ; - (reexecute) java.util.ArrayList::grow@17 (line 233)
                      ; - java.util.ArrayList::grow@7 (line 244)
                      ; - java.util.ArrayList::add@7 (line 483)
                      ; - java.util.ArrayList::add@20 (line 496)
                      ; - org.apache.xpath.axes.IteratorPool::freeInstance@5 (line 117)
                      ; - org.apache.xpath.axes.LocPathIterator::detach@47 (line 691)
                      ; - org.apache.xpath.axes.NodeSequence::detach@12 (line 398)
                      ; - org.apache.xalan.templates.ElemApplyTemplates::transformSelectedNodes@971 (line 450)
  0x00007240a0579a28: d408 6fff 

  0x00007240a0579a2c: ;   {other}
  0x00007240a0579a2c: 0f1f 8400 | 0000 0000 | 4d8d 58fe | 498b cb49 | 8bfa 4833 | c048 83f9 | 087f 1048 | ffc9 784f 
  0x00007240a0579a4c: 4889 04cf | 48ff c97d | f7eb 44c5 | fdef c0e9 | 0d00 0000 | c5fe 7f07 | c5fe 7f47 | 2048 83c7 
  0x00007240a0579a6c: 4048 83e9 | 087d ed48 | 83c1 047c | 0cc5 fe7f | 0748 83c7 | 2048 83e9 | 0448 83c1 | 047e 1048 
  0x00007240a0579a8c: ffc9 c5f9 | d607 4883 | c708 48ff | c97d f3e9 | 3eef ffff | bece ffff | ff4c 8b54 | 2430 4c89 
  0x00007240a0579aac: 5424 184c | 8b54 2428 | 4c89 5424 | 2044 8b54 | 2438 4489 | 5424 2844 | 8b5c 2448 | 4489 5c24 
  0x00007240a0579acc: 2c44 8b54 | 243c 4489 | 5424 3044 | 8b5c 2444 | 4489 5c24 | 3444 8b94 | 2480 0000 | 0044 8954 
  0x00007240a0579aec: 2458 4c8b | 5424 684c | 8954 2460 

  0x00007240a0579af8: ;   {runtime_call UncommonTrapBlob}
  0x00007240a0579af8: c5f8 77e8 

  0x00007240a0579afc: ; ImmutableOopMap {rbp=Oop [16]=Oop [24]=Oop [32]=Oop [40]=NarrowOop [76]=NarrowOop [80]=Oop [88]=NarrowOop [96]=Oop [132]=NarrowOop [136]=NarrowOop [140]=NarrowOop }
                      ;*invokestatic copyOf {reexecute=1 rethrow=0 return_oop=0}
                      ; - (reexecute) java.util.Arrays::copyOf@6 (line 3482)
                      ; - java.util.ArrayList::grow@37 (line 237)
                      ; - java.util.ArrayList::grow@7 (line 244)
                      ; - java.util.ArrayList::add@7 (line 483)
                      ; - java.util.ArrayList::add@20 (line 496)
                      ; - org.apache.xpath.axes.IteratorPool::freeInstance@5 (line 117)
                      ; - org.apache.xpath.axes.LocPathIterator::detach@47 (line 691)
                      ; - org.apache.xpath.axes.NodeSequence::detach@12 (line 398)
                      ; - org.apache.xalan.templates.ElemApplyTemplates::transformSelectedNodes@971 (line 450)
  0x00007240a0579afc: 0008 6fff 

  0x00007240a0579b00: ;   {other}
  0x00007240a0579b00: 0f1f 8400 | 0000 0000 | be3d ffff | ff4c 8b54 | 2430 4c89 | 5424 184c | 8b54 2428 | 4c89 5424 
  0x00007240a0579b20: 2044 8b54 | 2438 4489 | 5424 2844 | 8b5c 2448 | 4489 5c24 | 2c44 8b54 | 243c 4489 | 5424 3044 
  0x00007240a0579b40: 8b5c 2444 | 4489 5c24 | 3444 8b94 | 2480 0000 | 0044 8954 | 2458 4c8b | 5424 684c | 8954 2460 
  0x00007240a0579b60: 448b 9424 | a400 0000 | 458b da44 | 895c 2474 

  0x00007240a0579b70: ;   {runtime_call UncommonTrapBlob}
  0x00007240a0579b70: c5f8 77e8 

  0x00007240a0579b74: ; ImmutableOopMap {[16]=Oop [24]=Oop [32]=Oop [40]=NarrowOop [76]=NarrowOop [80]=Oop [88]=NarrowOop [96]=Oop [136]=NarrowOop [140]=NarrowOop }
                      ;*if_icmpge {reexecute=1 rethrow=0 return_oop=0}
                      ; - (reexecute) jdk.internal.util.ArraysSupport::newLength@10 (line 741)
                      ; - java.util.ArrayList::grow@27 (line 234)
                      ; - java.util.ArrayList::grow@7 (line 244)
                      ; - java.util.ArrayList::add@7 (line 483)
                      ; - java.util.ArrayList::add@20 (line 496)
                      ; - org.apache.xpath.axes.IteratorPool::freeInstance@5 (line 117)
                      ; - org.apache.xpath.axes.LocPathIterator::detach@47 (line 691)
                      ; - org.apache.xpath.axes.NodeSequence::detach@12 (line 398)
                      ; - org.apache.xalan.templates.ElemApplyTemplates::transformSelectedNodes@971 (line 450)
  0x00007240a0579b74: 8807 6fff 

  0x00007240a0579b78: ;   {other}
  0x00007240a0579b78: 0f1f 8400 | 0000 0000 | 498b fb48 | 8db4 2400 | 0100 0049 | 8bd7 c5f8 | 7749 baa0 | 89fe b740 
  0x00007240a0579b98: 7200 0041 

  0x00007240a0579b9c: ;   {other}
  0x00007240a0579b9c: ffd2 0f1f | 8400 0000 | 0000 e962 | d5ff ff49 | 8bfb 488d | b424 0001 | 0000 498b | d7c5 f877 
  0x00007240a0579bbc: 49ba a089 | feb7 4072 | 0000 41ff 

  0x00007240a0579bc8: ;   {other}
  0x00007240a0579bc8: d20f 1f84 | 0000 0000 | 00e9 38d4 | ffff 498b | fb48 8db4 | 2400 0100 | 0049 8bd7 | c5f8 7749 
  0x00007240a0579be8: baa0 89fe | b740 7200 | 0041 ffd2 

  0x00007240a0579bf4: ;   {other}
  0x00007240a0579bf4: 0f1f 8400 | 0000 0000 | e927 d3ff | ff48 8944 | 2410 4533 | c0b9 0a00 | 0000 4533 | c9e9 e5e1 
  0x00007240a0579c14: ;   {internal_word}
  0x00007240a0579c14: ffff 49ba | 13f8 56a0 | 4072 0000 | 4d89 9780 

  0x00007240a0579c24: ;   {runtime_call SafepointBlob}
  0x00007240a0579c24: 0700 00e9 | d417 6fff 

  0x00007240a0579c2c: ;   {runtime_call StubRoutines (final stubs)}
  0x00007240a0579c2c: e82f 526d | ffe9 a845 | ffff f4f4 
[Stub Code]
  0x00007240a0579c38: ;   {no_reloc}
  0x00007240a0579c38: 48bb 0000 | 0000 0000 

  0x00007240a0579c40: ;   {runtime_call nmethod}
  0x00007240a0579c40: 0000 e9fb 

  0x00007240a0579c44: ;   {static_stub}
  0x00007240a0579c44: ffff ff48 | bb00 0000 | 0000 0000 

  0x00007240a0579c50: ;   {runtime_call nmethod}
  0x00007240a0579c50: 00e9 fbff 

  0x00007240a0579c54: ;   {static_stub}
  0x00007240a0579c54: ffff 48bb | 0000 0000 | 0000 0000 

  0x00007240a0579c60: ;   {runtime_call nmethod}
  0x00007240a0579c60: e9fb ffff 

  0x00007240a0579c64: ;   {static_stub}
  0x00007240a0579c64: ff48 bb00 | 0000 0000 

  0x00007240a0579c6c: ;   {runtime_call nmethod}
  0x00007240a0579c6c: 0000 00e9 | fbff ffff 

  0x00007240a0579c74: ;   {static_stub}
  0x00007240a0579c74: 48bb 0000 | 0000 0000 

  0x00007240a0579c7c: ;   {runtime_call nmethod}
  0x00007240a0579c7c: 0000 e9fb 

  0x00007240a0579c80: ;   {static_stub}
  0x00007240a0579c80: ffff ff48 | bb00 0000 | 0000 0000 

  0x00007240a0579c8c: ;   {runtime_call nmethod}
  0x00007240a0579c8c: 00e9 fbff 

  0x00007240a0579c90: ;   {static_stub}
  0x00007240a0579c90: ffff 48bb | 0000 0000 | 0000 0000 

  0x00007240a0579c9c: ;   {runtime_call nmethod}
  0x00007240a0579c9c: e9fb ffff 

  0x00007240a0579ca0: ;   {static_stub}
  0x00007240a0579ca0: ff48 bb00 | 0000 0000 

  0x00007240a0579ca8: ;   {runtime_call nmethod}
  0x00007240a0579ca8: 0000 00e9 | fbff ffff 
[Exception Handler]
  0x00007240a0579cb0: ;   {runtime_call ExceptionBlob}
  0x00007240a0579cb0: e94b fa79 | ffe8 0000 | 0000 4883 

  0x00007240a0579cbc: ;   {runtime_call DeoptimizationBlob}
  0x00007240a0579cbc: 2c24 05e9 | dc09 6fff | f4f4 f4f4 
[/MachCode]


Compiled method (c2) 5069 2467   !   4       org.apache.xalan.templates.ElemApplyTemplates::execute (141 bytes)
 total in heap  [0x00007240a0515090,0x00007240a0516be0] = 6992
 relocation     [0x00007240a05151e8,0x00007240a05152f0] = 264
 main code      [0x00007240a0515300,0x00007240a05161c8] = 3784
 stub code      [0x00007240a05161c8,0x00007240a0516228] = 96
 oops           [0x00007240a0516228,0x00007240a0516230] = 8
 metadata       [0x00007240a0516230,0x00007240a0516318] = 232
 scopes data    [0x00007240a0516318,0x00007240a0516810] = 1272
 scopes pcs     [0x00007240a0516810,0x00007240a0516ac0] = 688
 dependencies   [0x00007240a0516ac0,0x00007240a0516b18] = 88
 handler table  [0x00007240a0516b18,0x00007240a0516b90] = 120
 nul chk table  [0x00007240a0516b90,0x00007240a0516be0] = 80

[Constant Pool (empty)]

[MachCode]
[Entry Point]
  # {method} {0x000065937055ac10} 'execute' '(Lorg/apache/xalan/transformer/TransformerImpl;)V' in 'org/apache/xalan/templates/ElemApplyTemplates'
  # this:     rsi:rsi   = 'org/apache/xalan/templates/ElemApplyTemplates'
  # parm0:    rdx:rdx   = 'org/apache/xalan/transformer/TransformerImpl'
  #           [sp+0x70]  (sp of caller)
  0x00007240a0515300: 448b 5608 | 49bb 0000 | 007b 9365 | 0000 4d03 | d349 3bc2 

  0x00007240a0515314: ;   {runtime_call ic_miss_stub}
  0x00007240a0515314: 0f85 66fa | 74ff 6690 | 0f1f 4000 
[Verified Entry Point]
  0x00007240a0515320: 8984 2400 | c0fe ff55 | 4883 ec60 | 4181 7f20 | 0100 0000 | 0f85 810e | 0000 4889 | 7424 0848 
  0x00007240a0515340: 8954 2430 

  0x00007240a0515344: ; implicit exception: dispatches to 0x00007240a0515f08
  0x00007240a0515344: 448b 5a74 

  0x00007240a0515348: ; implicit exception: dispatches to 0x00007240a0515f20
  0x00007240a0515348: 458b 4310 | 418b 6b0c | ffcd 443b | c50f 84e5 | 0700 0041 | 8b4b 1441 | 8d68 0141 | 896b 1044 
  0x00007240a0515368: 8b59 0c41 | 3beb 0f83 | 0207 0000 | 8baa 9000 | 0000 4d63 | d046 8864 | 1111 85ed | 0f84 0e07 
  0x00007240a0515388: 0000 4c8b | dd48 8d5c | 2440 498b | 03a8 020f | 8523 0000 | 0048 83c8 | 0148 8903 | f049 0fb1 
  0x00007240a05153a8: 1b0f 8437 | 0000 0048 | 2bc4 4825 | 07f0 ffff | 4889 03e9 | 2400 0000 | 4c8b d048 | 33c0 f04d 
  0x00007240a05153c8: 0fb1 7a3e | 48c7 0303 | 0000 0074 | 114c 3bf8 | 7515 49ff | 8286 0000 | 0048 33c0 | 7509 49ff 
  0x00007240a05153e8: 8768 0800 | 0033 c00f | 85d3 0600 | 008b 6d10 | 488d 4424 | 4048 8338 | 000f 8479 | 0000 004d 
  0x00007240a0515408: 8b13 41f6 | c202 0f84 

  0x00007240a0515410: ;   {no_reloc}
  0x00007240a0515410: 6200 0000 | 4983 ba86 | 0000 0000 | 7409 49ff | 8a86 0000 | 00eb 4b49 | 8b82 9600 | 0000 490b 
  0x00007240a0515430: 828e 0000 | 0075 0a49 | c742 3e00 | 0000 00eb | 3d49 83ba | 9e00 0000 | 0074 2248 | 33c0 49c7 
  0x00007240a0515450: 423e 0000 | 0000 f083 | 0424 0049 | 83ba 9e00 | 0000 0075 | 0df0 4d0f | b17a 3e75 | 0583 c801 
  0x00007240a0515470: eb0c a800 | eb08 4c8b | 10f0 4d0f | b113 750a | 49ff 8f68 | 0800 0045 | 33d2 0f85 | 6e06 0000 
  0x00007240a0515490: 4c8b 5424 | 3045 8b9a | 9000 0000 | 4489 5c24 | 2085 ed0f | 85d6 0300 | 0045 33db | 4c8b 5424 
  0x00007240a05154b0: 0845 0fb6 | 524d 4585 | d20f 8533 | 0500 004d | 85db 0f85 | 5b06 0000 | 4c8b 5424 | 0845 8b42 
  0x00007240a05154d0: 6845 85c0 | 0f85 8b00 | 0000 4533 | db44 895c | 2410 4c8b | 5424 3041 | 0fb6 6a15 | 85ed 0f85 
  0x00007240a05154f0: 7406 0000 | 488b 7424 | 0849 8bd2 

  0x00007240a05154fc: ;   {optimized virtual_call}
  0x00007240a05154fc: 6666 90e8 

  0x00007240a0515500: ; ImmutableOopMap {[8]=Oop [48]=Oop }
                      ;*invokevirtual transformSelectedNodes {reexecute=0 rethrow=0 return_oop=0}
                      ; - org.apache.xalan.templates.ElemApplyTemplates::execute@75 (line 178)
  0x00007240a0515500: bc8c 0500 

  0x00007240a0515504: ;   {other}
  0x00007240a0515504: 0f1f 8400 | 7404 0000 | 4c8b 5424 | 3041 0fb6 | 6a15 85ed | 0f85 6606 | 0000 448b | 5424 1045 
  0x00007240a0515524: 85d2 0f85 | a801 0000 | 4c8b 5424 | 3045 8b52 | 7445 8b4a | 1441 8b6a | 1044 8d45 | ff45 8942 
  0x00007240a0515544: 1045 8b59 | 0c41 3beb | 0f83 5e05 | 0000 4883 

  0x00007240a0515554: ;   {poll_return}
  0x00007240a0515554: c460 5d49 | 3ba7 6807 | 0000 0f87 | 410c 0000 | c344 8b54 | 2420 4585 | d20f 842d | 0600 004d 
  0x00007240a0515574: 8bca 488d | 5c24 4049 | 8b01 a802 | 0f85 2300 | 0000 4883 | c801 4889 | 03f0 490f | b119 0f84 
  0x00007240a0515594: 3700 0000 | 482b c448 | 2507 f0ff | ff48 8903 | e924 0000 | 004c 8bd0 | 4833 c0f0 | 4d0f b17a 
  0x00007240a05155b4: 3e48 c703 | 0300 0000 | 7411 4c3b | f875 1549 | ff82 8600 | 0000 4833 | c075 0949 | ff87 6808 
  0x00007240a05155d4: 0000 33c0 | 0f85 6606 | 0000 448b | 5424 2045 | 8b52 188b | 4c24 20ff | 410c 458b | 5a0c 8b69 
  0x00007240a05155f4: 1041 3beb | 0f84 0104 | 0000 458b | 5a0c 413b | eb0f 83b1 | 0500 0045 

  0x00007240a051560c: ;   {metadata('java/lang/Object'[])}
  0x00007240a051560c: 8b5a 0841 | 81fb 8812 | 0000 0f85 | 9606 0000 | 4589 44aa | 10ff c544 | 8b5c 2420 | 4189 6b10 
  0x00007240a051562c: 488d 4424 | 4048 8338 | 000f 8479 | 0000 004d | 8b11 41f6 | c202 0f84 | 6200 0000 | 4983 ba86 
  0x00007240a051564c: 0000 0000 | 7409 49ff | 8a86 0000 | 00eb 4b49 | 8b82 9600 | 0000 490b | 828e 0000 | 0075 0a49 
  0x00007240a051566c: c742 3e00 | 0000 00eb | 3d49 83ba | 9e00 0000 | 0074 2248 | 33c0 49c7 | 423e 0000 | 0000 f083 
  0x00007240a051568c: 0424 0049 | 83ba 9e00 | 0000 0075 | 0df0 4d0f | b17a 3e75 | 0583 c801 | eb0c a800 | eb08 4c8b 
  0x00007240a05156ac: 10f0 4d0f | b111 750a | 49ff 8f68 | 0800 0045 | 33d2 0f85 | 2806 0000 | 41ba 0100 | 0000 4489 
  0x00007240a05156cc: 5424 10e9 | 0efe ffff | 4c8b 5424 | 3045 8b9a | 9000 0000 | 4489 5c24 | 2045 85db | 0f84 0605 
  0x00007240a05156ec: 0000 4d8b | c348 8d5c | 2440 498b | 00a8 020f | 8523 0000 | 0048 83c8 | 0148 8903 | f049 0fb1 
  0x00007240a051570c: ;   {no_reloc}
  0x00007240a051570c: 180f 8437 | 0000 0048 | 2bc4 4825 | 07f0 ffff | 4889 03e9 | 2400 0000 | 4c8b d048 | 33c0 f04d 
  0x00007240a051572c: 0fb1 7a3e | 48c7 0303 | 0000 0074 | 114c 3bf8 | 7515 49ff | 8286 0000 | 0048 33c0 | 7509 49ff 
  0x00007240a051574c: 8768 0800 | 0033 c00f | 85b8 0500 | 0044 8b5c | 2420 418b | 4b10 85c9 | 0f84 d805 | 0000 448d 
  0x00007240a051576c: 49ff 443b | c90f 8df1 | 0500 0044 | 8b54 2420 | 458b 5218 

  0x00007240a0515780: ; implicit exception: dispatches to 0x00007240a0515f94
  0x00007240a0515780: 458b 5a0c | 453b cb0f | 837f 0400 | 0041 8b6c | 8a0c 443b | c90f 8d01 | 0600 0045 | 85c9 0f8c 
  0x00007240a05157a0: 2806 0000 | 4589 648a | 0c44 8b5c | 2420 4589 | 4b10 458b | 5b0c 41ff | c344 8b4c | 2420 4589 
  0x00007240a05157c0: 590c 488d | 4424 4048 | 8338 000f | 8479 0000 | 004d 8b10 | 41f6 c202 | 0f84 6200 | 0000 4983 
  0x00007240a05157e0: ba86 0000 | 0000 7409 | 49ff 8a86 | 0000 00eb | 4b49 8b82 | 9600 0000 | 490b 828e | 0000 0075 
  0x00007240a0515800: 0a49 c742 | 3e00 0000 | 00eb 3d49 

  0x00007240a051580c: ;   {no_reloc}
  0x00007240a051580c: 83ba 9e00 | 0000 0074 | 2248 33c0 | 49c7 423e | 0000 0000 | f083 0424 | 0049 83ba | 9e00 0000 
  0x00007240a051582c: 0075 0df0 | 4d0f b17a | 3e75 0583 | c801 eb0c | a800 eb08 | 4c8b 10f0 | 4d0f b110 | 750a 49ff 
  0x00007240a051584c: 8f68 0800 | 0045 33d2 | 0f84 d2fc | ffff 498b | f848 8d74 | 2440 498b | d749 baa0 | 89fe b740 
  0x00007240a051586c: 7200 0041 

  0x00007240a0515870: ;   {other}
  0x00007240a0515870: ffd2 0f1f | 8400 0000 | 0000 e9ad | fcff ff45 | 85db 0f84 | 7005 0000 | 4d8b c348 | 8d5c 2440 
  0x00007240a0515890: 498b 00a8 | 020f 8523 | 0000 0048 | 83c8 0148 | 8903 f049 | 0fb1 180f | 8437 0000 | 0048 2bc4 
  0x00007240a05158b0: 4825 07f0 | ffff 4889 | 03e9 2400 | 0000 4c8b | d048 33c0 | f04d 0fb1 | 7a3e 48c7 | 0303 0000 
  0x00007240a05158d0: 0074 114c | 3bf8 7515 | 49ff 8286 | 0000 0048 | 33c0 7509 | 49ff 8768 | 0800 0033 | c00f 8541 
  0x00007240a05158f0: 0500 0044 | 8b54 2420 | 458b 4a10 | 4585 c90f | 8482 0500 | 0041 8d49 | ff41 3bc9 | 0f8d 9205 
  0x00007240a0515910: 0000 448b | 5c24 2041 | 8b6b 1844 | 8b55 0c41 | 3bca 0f83 | e804 0000 | 428b 6c8d | 0c48 8d44 
  0x00007240a0515930: 2440 4883 | 3800 0f84 | 7900 0000 | 4d8b 1041 | f6c2 020f | 8462 0000 | 0049 83ba | 8600 0000 
  0x00007240a0515950: 0074 0949 | ff8a 8600 | 0000 eb4b | 498b 8296 | 0000 0049 | 0b82 8e00 | 0000 750a | 49c7 423e 
  0x00007240a0515970: ;   {no_reloc}
  0x00007240a0515970: 0000 0000 | eb3d 4983 | ba9e 0000 | 0000 7422 | 4833 c049 | c742 3e00 | 0000 00f0 | 8304 2400 
  0x00007240a0515990: 4983 ba9e | 0000 0000 | 750d f04d | 0fb1 7a3e | 7505 83c8 | 01eb 0ca8 | 00eb 084c | 8b10 f04d 
  0x00007240a05159b0: 0fb1 1075 | 0a49 ff8f | 6808 0000 | 4533 d20f | 859d 0400 | 0044 8b5d 

  0x00007240a05159c8: ;   {metadata('org/apache/xml/utils/QName')}
  0x00007240a05159c8: 0841 81fb | a8f5 0201 | 0f85 1605 | 0000 4c8b | 5424 3045 | 8b92 9000 | 0000 4489 | 5424 204c 
  0x00007240a05159e8: 8bd5 4d8b | dae9 bafa | ffff 4533 | d244 8954 | 2410 e9e3 | faff ff4c | 894c 2418 | 4489 4424 
  0x00007240a0515a08: 1448 8944 | 24f8 8b44 | 2420 8944 | 2410 488b | 4424 f848 | ff74 2408 | 488f 0424 | 48ff 7424 
  0x00007240a0515a28: 3048 8f44 | 2408 498b 

  0x00007240a0515a30: ;   {optimized virtual_call}
  0x00007240a0515a30: f166 90e8 

  0x00007240a0515a34: ; ImmutableOopMap {[0]=Oop [8]=Oop [16]=NarrowOop [20]=NarrowOop [24]=Oop [48]=Oop }
                      ;*invokevirtual grow {reexecute=0 rethrow=0 return_oop=1}
                      ; - java.util.Vector::add@7 (line 782)
                      ; - java.util.Vector::addElement@20 (line 617)
                      ; - java.util.Stack::push@2 (line 68)
                      ; - org.apache.xalan.transformer.TransformerImpl::pushMode@5 (line 3208)
                      ; - org.apache.xalan.templates.ElemApplyTemplates::execute@55 (line 172)
  0x00007240a0515a34: 48f6 74ff 

  0x00007240a0515a38: ;   {other}
  0x00007240a0515a38: 0f1f 8400 | a809 0001 | 4c8b d048 | 85c0 0f84 | 8c04 0000 | 48ff 3424 | 488f 4424 | 0848 8944 
  0x00007240a0515a58: 24f8 8b44 | 2410 8944 | 2420 488b | 4424 f844 | 8b44 2414 | 4c8b 4c24 | 18e9 88fb | ffff bee4 
  0x00007240a0515a78: ffff ff48 | ff74 2408 | 488f 0424 | 894c 2410 

  0x00007240a0515a88: ;   {runtime_call UncommonTrapBlob}
  0x00007240a0515a88: 6666 90e8 

  0x00007240a0515a8c: ; ImmutableOopMap {[0]=Oop [16]=NarrowOop [48]=Oop }
                      ;*bastore {reexecute=0 rethrow=0 return_oop=0}
                      ; - org.apache.xml.utils.BoolStack::push@34 (line 94)
                      ; - org.apache.xalan.transformer.TransformerImpl::pushCurrentTemplateRuleIsNull@5 (line 3041)
                      ; - org.apache.xalan.templates.ElemApplyTemplates::execute@2 (line 153)
  0x00007240a0515a8c: 7048 75ff 

  0x00007240a0515a90: ;   {other}
  0x00007240a0515a90: 0f1f 8400 | 000a 0002 | bef6 ffff | ff48 8b6c 

  0x00007240a0515aa0: ;   {runtime_call UncommonTrapBlob}
  0x00007240a0515aa0: 2408 90e8 

  0x00007240a0515aa4: ; ImmutableOopMap {rbp=Oop [48]=Oop }
                      ;*invokevirtual isEmpty {reexecute=0 rethrow=0 return_oop=0}
                      ; - org.apache.xalan.transformer.TransformerImpl::getMode@4 (line 3195)
                      ; - org.apache.xalan.templates.ElemApplyTemplates::execute@8 (line 163)
  0x00007240a0515aa4: 5848 75ff 

  0x00007240a0515aa8: ;   {other}
  0x00007240a0515aa8: 0f1f 8400 | 180a 0003 | bee4 ffff | ff44 890c 

  0x00007240a0515ab8: ;   {runtime_call UncommonTrapBlob}
  0x00007240a0515ab8: 2466 90e8 

  0x00007240a0515abc: ; ImmutableOopMap {[0]=NarrowOop }
                      ;*baload {reexecute=0 rethrow=0 return_oop=0}
                      ; - org.apache.xml.utils.BoolStack::pop@15 (line 106)
                      ; - org.apache.xalan.transformer.TransformerImpl::popCurrentTemplateRuleIsNull@4 (line 3050)
                      ; - org.apache.xalan.templates.ElemApplyTemplates::execute@102 (line 188)
  0x00007240a0515abc: 4048 75ff 

  0x00007240a0515ac0: ;   {other}
  0x00007240a0515ac0: 0f1f 8400 | 300a 0004 | 498b f348 | 8d54 2440 | 48ff 7424 | 3048 8f44 | 2410 4c89 | 5c24 284c 
  0x00007240a0515ae0: 895c 2438 

  0x00007240a0515ae4: ;   {runtime_call _complete_monitor_locking_Java}
  0x00007240a0515ae4: 6666 90e8 

  0x00007240a0515ae8: ; ImmutableOopMap {rbp=NarrowOop [8]=Oop [16]=Oop [40]=Oop [48]=Oop [56]=Oop }
                      ;*synchronization entry
                      ; - java.util.Vector::isEmpty@-1 (line 316)
                      ; - org.apache.xalan.transformer.TransformerImpl::getMode@4 (line 3195)
                      ; - org.apache.xalan.templates.ElemApplyTemplates::execute@8 (line 163)
  0x00007240a0515ae8: 94bd 80ff 

  0x00007240a0515aec: ;   {other}
  0x00007240a0515aec: 0f1f 8400 | 5c0a 0005 | 4c8b 5c24 | 28e9 f7f8 | ffff 498b | fb48 8d74 | 2440 498b | d749 baa0 
  0x00007240a0515b0c: 89fe b740 | 7200 0041 

  0x00007240a0515b14: ;   {other}
  0x00007240a0515b14: ffd2 0f1f | 8400 0000 | 0000 e96d | f9ff ffbe | 45ff ffff | 488b 6c24 | 084c 895c 

  0x00007240a0515b30: ;   {runtime_call UncommonTrapBlob}
  0x00007240a0515b30: 2410 90e8 

  0x00007240a0515b34: ; ImmutableOopMap {rbp=Oop [16]=Oop [48]=Oop }
                      ;*if_acmpne {reexecute=1 rethrow=0 return_oop=0}
                      ; - (reexecute) org.apache.xalan.templates.ElemApplyTemplates::execute@21 (line 167)
  0x00007240a0515b34: c847 75ff 

  0x00007240a0515b38: ;   {other}
  0x00007240a0515b38: 0f1f 8400 | a80a 0006 | be45 ffff | ff48 ff74 | 2408 488f | 0424 4489 | 5c24 1044 | 8944 2414 
  0x00007240a0515b58: ;   {runtime_call UncommonTrapBlob}
  0x00007240a0515b58: 6666 90e8 

  0x00007240a0515b5c: ; ImmutableOopMap {[0]=Oop [16]=NarrowOop [48]=Oop }
                      ;*if_icmpne {reexecute=1 rethrow=0 return_oop=0}
                      ; - (reexecute) org.apache.xml.utils.BoolStack::push@10 (line 91)
                      ; - org.apache.xalan.transformer.TransformerImpl::pushCurrentTemplateRuleIsNull@5 (line 3041)
                      ; - org.apache.xalan.templates.ElemApplyTemplates::execute@2 (line 153)
  0x00007240a0515b5c: a047 75ff 

  0x00007240a0515b60: ;   {other}
  0x00007240a0515b60: 0f1f 8400 | d00a 0007 | be45 ffff | ff48 ff74 | 2408 488f 

  0x00007240a0515b74: ;   {runtime_call UncommonTrapBlob}
  0x00007240a0515b74: 0424 90e8 

  0x00007240a0515b78: ; ImmutableOopMap {[0]=Oop [48]=Oop }
                      ;*ifeq {reexecute=1 rethrow=0 return_oop=0}
                      ; - (reexecute) org.apache.xalan.templates.ElemApplyTemplates::execute@62 (line 175)
  0x00007240a0515b78: 8447 75ff 

  0x00007240a0515b7c: ;   {other}
  0x00007240a0515b7c: 0f1f 8400 | ec0a 0008 | be45 ffff | ff48 ff74 | 2408 488f 

  0x00007240a0515b90: ;   {runtime_call UncommonTrapBlob}
  0x00007240a0515b90: 0424 90e8 

  0x00007240a0515b94: ; ImmutableOopMap {[0]=Oop [48]=Oop }
                      ;*ifeq {reexecute=1 rethrow=0 return_oop=0}
                      ; - (reexecute) org.apache.xalan.templates.ElemApplyTemplates::execute@82 (line 182)
  0x00007240a0515b94: 6847 75ff 

  0x00007240a0515b98: ;   {other}
  0x00007240a0515b98: 0f1f 8400 | 080b 0009 | bef6 ffff | ff48 8b6c | 2408 4489 

  0x00007240a0515bac: ;   {runtime_call UncommonTrapBlob}
  0x00007240a0515bac: 4424 08e8 

  0x00007240a0515bb0: ; ImmutableOopMap {rbp=Oop [8]=NarrowOop [48]=Oop }
                      ;*invokevirtual push {reexecute=0 rethrow=0 return_oop=0}
                      ; - org.apache.xalan.transformer.TransformerImpl::pushMode@5 (line 3208)
                      ; - org.apache.xalan.templates.ElemApplyTemplates::execute@55 (line 172)
  0x00007240a0515bb0: 4c47 75ff 

  0x00007240a0515bb4: ;   {other}
  0x00007240a0515bb4: 0f1f 8400 | 240b 000a | bee4 ffff | ff48 ff74 | 2408 488f | 0424 4889 | 4424 f88b | 4424 2089 
  0x00007240a0515bd4: 4424 1848 | 8b44 24f8 | 4c89 5424 | 2044 8944 

  0x00007240a0515be4: ;   {runtime_call UncommonTrapBlob}
  0x00007240a0515be4: 241c 90e8 

  0x00007240a0515be8: ; ImmutableOopMap {[0]=Oop [24]=NarrowOop [28]=NarrowOop [32]=Oop [48]=Oop }
                      ;*aastore {reexecute=1 rethrow=0 return_oop=0}
                      ; - (reexecute) java.util.Vector::add@14 (line 783)
                      ; - java.util.Vector::addElement@20 (line 617)
                      ; - java.util.Stack::push@2 (line 68)
                      ; - org.apache.xalan.transformer.TransformerImpl::pushMode@5 (line 3208)
                      ; - org.apache.xalan.templates.ElemApplyTemplates::execute@55 (line 172)
  0x00007240a0515be8: 1447 75ff 

  0x00007240a0515bec: ;   {other}
  0x00007240a0515bec: 0f1f 8400 | 5c0b 000b | bef6 ffff | ff49 8bea 

  0x00007240a0515bfc: ;   {runtime_call UncommonTrapBlob}
  0x00007240a0515bfc: 6666 90e8 

  0x00007240a0515c00: ; ImmutableOopMap {rbp=Oop }
                      ;*invokevirtual pop {reexecute=0 rethrow=0 return_oop=0}
                      ; - org.apache.xalan.transformer.TransformerImpl::popMode@4 (line 3219)
                      ; - org.apache.xalan.templates.ElemApplyTemplates::execute@98 (line 186)
  0x00007240a0515c00: fc46 75ff 

  0x00007240a0515c04: ;   {other}
  0x00007240a0515c04: 0f1f 8400 | 740b 000c | bee4 ffff | ff48 8b6c | 2430 4889 | 4424 f88b | 4424 2089 | 0424 488b 
  0x00007240a0515c24: 4424 f889 | 4c24 0444 | 8954 2414 | 4489 4c24 

  0x00007240a0515c34: ;   {runtime_call UncommonTrapBlob}
  0x00007240a0515c34: 1866 90e8 

  0x00007240a0515c38: ; ImmutableOopMap {rbp=Oop [0]=NarrowOop [20]=NarrowOop }
                      ;*aaload {reexecute=0 rethrow=0 return_oop=0}
                      ; - java.util.Vector::elementData@5 (line 731)
                      ; - java.util.Vector::elementAt@44 (line 469)
                      ; - java.util.Stack::peek@21 (line 104)
                      ; - java.util.Stack::pop@6 (line 85)
                      ; - org.apache.xalan.transformer.TransformerImpl::popMode@4 (line 3219)
                      ; - org.apache.xalan.templates.ElemApplyTemplates::execute@98 (line 186)
  0x00007240a0515c38: c446 75ff 

  0x00007240a0515c3c: ;   {other}
  0x00007240a0515c3c: 0f1f 8400 | ac0b 000d | 4c89 4c24 | 1844 8944 | 2414 4889 | 4424 f88b | 4424 2089 | 4424 1048 
  0x00007240a0515c5c: 8b44 24f8 | 48ff 7424 | 0848 8f04 | 2448 8b6c | 2430 498b | f148 8d54 | 2440 4489 

  0x00007240a0515c78: ;   {runtime_call _complete_monitor_locking_Java}
  0x00007240a0515c78: 4424 0ce8 

  0x00007240a0515c7c: ; ImmutableOopMap {rbp=Oop [0]=Oop [12]=NarrowOop [16]=NarrowOop [20]=NarrowOop [24]=Oop [48]=Oop }
                      ;*synchronization entry
                      ; - java.util.Vector::addElement@-1 (line 616)
                      ; - java.util.Stack::push@2 (line 68)
                      ; - org.apache.xalan.transformer.TransformerImpl::pushMode@5 (line 3208)
                      ; - org.apache.xalan.templates.ElemApplyTemplates::execute@55 (line 172)
  0x00007240a0515c7c: 00bc 80ff 

  0x00007240a0515c80: ;   {other}
  0x00007240a0515c80: 0f1f 8400 | f00b 000e | 48ff 3424 | 488f 4424 | 0848 8944 | 24f8 8b44 | 2410 8944 | 2420 488b 
  0x00007240a0515ca0: 4424 f844 | 8b44 2414 | 4c8b 4c24 | 18e9 2cf9 | ffff bed6 | ffff ff48 | ff74 2408 | 488f 0424 
  0x00007240a0515cc0: 4889 4424 | f88b 4424 | 2089 4424 | 1848 8b44 | 24f8 4c89 | 5424 2044 | 8944 241c 

  0x00007240a0515cdc: ;   {runtime_call UncommonTrapBlob}
  0x00007240a0515cdc: 6666 90e8 

  0x00007240a0515ce0: ; ImmutableOopMap {[0]=Oop [24]=NarrowOop [28]=NarrowOop [32]=Oop [48]=Oop }
                      ;*aastore {reexecute=1 rethrow=0 return_oop=0}
                      ; - (reexecute) java.util.Vector::add@14 (line 783)
                      ; - java.util.Vector::addElement@20 (line 617)
                      ; - java.util.Stack::push@2 (line 68)
                      ; - org.apache.xalan.transformer.TransformerImpl::pushMode@5 (line 3208)
                      ; - org.apache.xalan.templates.ElemApplyTemplates::execute@55 (line 172)
  0x00007240a0515ce0: 1c46 75ff 

  0x00007240a0515ce4: ;   {other}
  0x00007240a0515ce4: 0f1f 8400 | 540c 000f | 498b f948 | 8d74 2440 | 498b d749 | baa0 89fe | b740 7200 | 0041 ffd2 
  0x00007240a0515d04: ;   {other}
  0x00007240a0515d04: 0f1f 8400 | 0000 0000 | e9b3 f9ff | ff49 8bf0 | 488d 5424 | 4048 8b6c | 2430 4c89 | 4424 084c 
  0x00007240a0515d24: 8944 2410 

  0x00007240a0515d28: ;   {runtime_call _complete_monitor_locking_Java}
  0x00007240a0515d28: 6666 90e8 

  0x00007240a0515d2c: ; ImmutableOopMap {rbp=Oop [8]=Oop [16]=Oop [32]=NarrowOop [48]=Oop }
                      ;*synchronization entry
                      ; - java.util.Stack::pop@-1 (line 83)
                      ; - org.apache.xalan.transformer.TransformerImpl::popMode@4 (line 3219)
                      ; - org.apache.xalan.templates.ElemApplyTemplates::execute@98 (line 186)
  0x00007240a0515d2c: 50bb 80ff 

  0x00007240a0515d30: ;   {other}
  0x00007240a0515d30: 0f1f 8400 | a00c 0010 | 4c8b 4424 | 08e9 17fa | ffff be45 | ffff ff48 | 8b6c 2430 | 4489 5c24 
  0x00007240a0515d50: 0889 4c24 | 0c44 895c 

  0x00007240a0515d58: ;   {runtime_call UncommonTrapBlob}
  0x00007240a0515d58: 2410 90e8 

  0x00007240a0515d5c: ; ImmutableOopMap {rbp=Oop [8]=NarrowOop [16]=NarrowOop }
                      ;*ifne {reexecute=1 rethrow=0 return_oop=0}
                      ; - (reexecute) java.util.Stack::peek@6 (line 102)
                      ; - java.util.Stack::pop@6 (line 85)
                      ; - org.apache.xalan.transformer.TransformerImpl::popMode@4 (line 3219)
                      ; - org.apache.xalan.templates.ElemApplyTemplates::execute@98 (line 186)
  0x00007240a0515d5c: a045 75ff 

  0x00007240a0515d60: ;   {other}
  0x00007240a0515d60: 0f1f 8400 | d00c 0011 | be45 ffff | ff48 8b6c | 2430 4889 | 4424 f88b | 4424 2089 | 0424 488b 
  0x00007240a0515d80: 4424 f844 | 894c 2418 | 894c 241c 

  0x00007240a0515d8c: ;   {runtime_call UncommonTrapBlob}
  0x00007240a0515d8c: 6666 90e8 

  0x00007240a0515d90: ; ImmutableOopMap {rbp=Oop [0]=NarrowOop }
                      ;*if_icmplt {reexecute=1 rethrow=0 return_oop=0}
                      ; - (reexecute) java.util.Vector::elementAt@5 (line 465)
                      ; - java.util.Stack::peek@21 (line 104)
                      ; - java.util.Stack::pop@6 (line 85)
                      ; - org.apache.xalan.transformer.TransformerImpl::popMode@4 (line 3219)
                      ; - org.apache.xalan.templates.ElemApplyTemplates::execute@98 (line 186)
  0x00007240a0515d90: 6c45 75ff 

  0x00007240a0515d94: ;   {other}
  0x00007240a0515d94: 0f1f 8400 | 040d 0012 | be45 ffff | ff48 8944 | 24f8 8b44 | 2420 8944 | 2408 488b | 4424 f844 
  0x00007240a0515db4: 894c 2414 | 894c 2418 

  0x00007240a0515dbc: ;   {runtime_call UncommonTrapBlob}
  0x00007240a0515dbc: 6666 90e8 

  0x00007240a0515dc0: ; ImmutableOopMap {rbp=NarrowOop [8]=NarrowOop [48]=Oop }
                      ;*if_icmplt {reexecute=1 rethrow=0 return_oop=0}
                      ; - (reexecute) java.util.Vector::removeElementAt@5 (line 548)
                      ; - java.util.Stack::pop@14 (line 86)
                      ; - org.apache.xalan.transformer.TransformerImpl::popMode@4 (line 3219)
                      ; - org.apache.xalan.templates.ElemApplyTemplates::execute@98 (line 186)
  0x00007240a0515dc0: 3c45 75ff 

  0x00007240a0515dc4: ;   {other}
  0x00007240a0515dc4: 0f1f 8400 | 340d 0013 | be45 ffff | ff48 8944 | 24f8 8b44 | 2420 8944 | 2408 488b | 4424 f844 
  0x00007240a0515de4: 894c 2410 

  0x00007240a0515de8: ;   {runtime_call UncommonTrapBlob}
  0x00007240a0515de8: 6666 90e8 

  0x00007240a0515dec: ; ImmutableOopMap {rbp=NarrowOop [8]=NarrowOop [48]=Oop }
                      ;*ifge {reexecute=1 rethrow=0 return_oop=0}
                      ; - (reexecute) java.util.Vector::removeElementAt@43 (line 552)
                      ; - java.util.Stack::pop@14 (line 86)
                      ; - org.apache.xalan.transformer.TransformerImpl::popMode@4 (line 3219)
                      ; - org.apache.xalan.templates.ElemApplyTemplates::execute@98 (line 186)
  0x00007240a0515dec: 1045 75ff 

  0x00007240a0515df0: ;   {other}
  0x00007240a0515df0: 0f1f 8400 | 600d 0014 | bef6 ffff | ff48 8b6c 

  0x00007240a0515e00: ;   {runtime_call UncommonTrapBlob}
  0x00007240a0515e00: 2408 90e8 

  0x00007240a0515e04: ; ImmutableOopMap {rbp=Oop [48]=Oop }
                      ;*invokevirtual peek {reexecute=0 rethrow=0 return_oop=0}
                      ; - org.apache.xalan.transformer.TransformerImpl::getMode@18 (line 3195)
                      ; - org.apache.xalan.templates.ElemApplyTemplates::execute@8 (line 163)
  0x00007240a0515e04: f844 75ff 

  0x00007240a0515e08: ;   {other}
  0x00007240a0515e08: 0f1f 8400 | 780d 0015 | bee4 ffff | ff48 ff74 | 2408 488f | 0424 4489 | 5c24 1489 

  0x00007240a0515e24: ;   {runtime_call UncommonTrapBlob}
  0x00007240a0515e24: 4c24 18e8 

  0x00007240a0515e28: ; ImmutableOopMap {rbp=NarrowOop [0]=Oop [20]=NarrowOop [32]=NarrowOop [48]=Oop }
                      ;*aaload {reexecute=0 rethrow=0 return_oop=0}
                      ; - java.util.Vector::elementData@5 (line 731)
                      ; - java.util.Vector::elementAt@44 (line 469)
                      ; - java.util.Stack::peek@21 (line 104)
                      ; - org.apache.xalan.transformer.TransformerImpl::getMode@18 (line 3195)
                      ; - org.apache.xalan.templates.ElemApplyTemplates::execute@8 (line 163)
  0x00007240a0515e28: d444 75ff 

  0x00007240a0515e2c: ;   {other}
  0x00007240a0515e2c: 0f1f 8400 | 9c0d 0016 | 498b f048 | 8d54 2440 | 488b 6c24 | 084c 8944 | 2418 4c89 

  0x00007240a0515e48: ;   {runtime_call _complete_monitor_locking_Java}
  0x00007240a0515e48: 4424 28e8 

  0x00007240a0515e4c: ; ImmutableOopMap {rbp=Oop [8]=Oop [24]=Oop [32]=NarrowOop [40]=Oop [48]=Oop }
                      ;*synchronization entry
                      ; - java.util.Stack::peek@-1 (line 100)
                      ; - org.apache.xalan.transformer.TransformerImpl::getMode@18 (line 3195)
                      ; - org.apache.xalan.templates.ElemApplyTemplates::execute@8 (line 163)
  0x00007240a0515e4c: 30ba 80ff 

  0x00007240a0515e50: ;   {other}
  0x00007240a0515e50: 0f1f 8400 | c00d 0017 | 4c8b 4424 | 18e9 91fa | ffff 498b | f848 8d74 | 2440 498b | d749 baa0 
  0x00007240a0515e70: 89fe b740 | 7200 0041 

  0x00007240a0515e78: ;   {other}
  0x00007240a0515e78: ffd2 0f1f | 8400 0000 | 0000 e93e | fbff ffbe | 45ff ffff | 488b 6c24 | 0844 894c 

  0x00007240a0515e94: ;   {runtime_call UncommonTrapBlob}
  0x00007240a0515e94: 2408 90e8 

  0x00007240a0515e98: ; ImmutableOopMap {rbp=Oop [32]=NarrowOop [48]=Oop }
                      ;*ifne {reexecute=1 rethrow=0 return_oop=0}
                      ; - (reexecute) java.util.Stack::peek@6 (line 102)
                      ; - org.apache.xalan.transformer.TransformerImpl::getMode@18 (line 3195)
                      ; - org.apache.xalan.templates.ElemApplyTemplates::execute@8 (line 163)
  0x00007240a0515e98: 6444 75ff 

  0x00007240a0515e9c: ;   {other}
  0x00007240a0515e9c: 0f1f 8400 | 0c0e 0018 | be45 ffff | ff48 8b6c | 2408 4889 | 4424 f88b | 4424 2089 | 4424 0848 
  0x00007240a0515ebc: 8b44 24f8 | 894c 2414 | 4489 4c24 

  0x00007240a0515ec8: ;   {runtime_call UncommonTrapBlob}
  0x00007240a0515ec8: 1866 90e8 

  0x00007240a0515ecc: ; ImmutableOopMap {rbp=Oop [8]=NarrowOop [48]=Oop }
                      ;*if_icmplt {reexecute=1 rethrow=0 return_oop=0}
                      ; - (reexecute) java.util.Vector::elementAt@5 (line 465)
                      ; - java.util.Stack::peek@21 (line 104)
                      ; - org.apache.xalan.transformer.TransformerImpl::getMode@18 (line 3195)
                      ; - org.apache.xalan.templates.ElemApplyTemplates::execute@8 (line 163)
  0x00007240a0515ecc: 3044 75ff 

  0x00007240a0515ed0: ;   {other}
  0x00007240a0515ed0: 0f1f 8400 | 400e 0019 | bef6 ffff 

  0x00007240a0515edc: ;   {runtime_call UncommonTrapBlob}
  0x00007240a0515edc: ff66 90e8 

  0x00007240a0515ee0: ; ImmutableOopMap {[0]=Oop [8]=Oop [16]=NarrowOop [20]=NarrowOop }
                      ;*aastore {reexecute=1 rethrow=0 return_oop=0}
                      ; - (reexecute) java.util.Vector::add@14 (line 783)
                      ; - java.util.Vector::addElement@20 (line 617)
                      ; - java.util.Stack::push@2 (line 68)
                      ; - org.apache.xalan.transformer.TransformerImpl::pushMode@5 (line 3208)
                      ; - org.apache.xalan.templates.ElemApplyTemplates::execute@55 (line 172)
  0x00007240a0515ee0: 1c44 75ff 

  0x00007240a0515ee4: ;   {other}
  0x00007240a0515ee4: 0f1f 8400 | 540e 001a | bede ffff | ff48 ff74 | 2408 488f 

  0x00007240a0515ef8: ;   {runtime_call UncommonTrapBlob}
  0x00007240a0515ef8: 0424 90e8 

  0x00007240a0515efc: ; ImmutableOopMap {rbp=NarrowOop [0]=Oop [48]=Oop }
                      ;*checkcast {reexecute=0 rethrow=0 return_oop=0}
                      ; - org.apache.xalan.transformer.TransformerImpl::getMode@21 (line 3195)
                      ; - org.apache.xalan.templates.ElemApplyTemplates::execute@8 (line 163)
  0x00007240a0515efc: 0044 75ff 

  0x00007240a0515f00: ;   {other}
  0x00007240a0515f00: 0f1f 8400 | 700e 001b | bef6 ffff | ff48 8b6c 

  0x00007240a0515f10: ;   {runtime_call UncommonTrapBlob}
  0x00007240a0515f10: 2408 90e8 

  0x00007240a0515f14: ; ImmutableOopMap {rbp=Oop }
                      ;*invokevirtual pushCurrentTemplateRuleIsNull {reexecute=0 rethrow=0 return_oop=0}
                      ; - org.apache.xalan.templates.ElemApplyTemplates::execute@2 (line 153)
  0x00007240a0515f14: e843 75ff 

  0x00007240a0515f18: ;   {other}
  0x00007240a0515f18: 0f1f 8400 | 880e 001c | bef6 ffff | ff48 8b6c 

  0x00007240a0515f28: ;   {runtime_call UncommonTrapBlob}
  0x00007240a0515f28: 2408 90e8 

  0x00007240a0515f2c: ; ImmutableOopMap {rbp=Oop [48]=Oop }
                      ;*invokevirtual push {reexecute=0 rethrow=0 return_oop=0}
                      ; - org.apache.xalan.transformer.TransformerImpl::pushCurrentTemplateRuleIsNull@5 (line 3041)
                      ; - org.apache.xalan.templates.ElemApplyTemplates::execute@2 (line 153)
  0x00007240a0515f2c: d043 75ff 

  0x00007240a0515f30: ;   {other}
  0x00007240a0515f30: 0f1f 8400 | a00e 001d | bef6 ffff | ff48 ff74 | 2408 488f 

  0x00007240a0515f44: ;   {runtime_call UncommonTrapBlob}
  0x00007240a0515f44: 0424 90e8 

  0x00007240a0515f48: ; ImmutableOopMap {[0]=Oop [48]=Oop }
                      ;*bastore {reexecute=0 rethrow=0 return_oop=0}
                      ; - org.apache.xml.utils.BoolStack::push@34 (line 94)
                      ; - org.apache.xalan.transformer.TransformerImpl::pushCurrentTemplateRuleIsNull@5 (line 3041)
                      ; - org.apache.xalan.templates.ElemApplyTemplates::execute@2 (line 153)
  0x00007240a0515f48: b443 75ff 

  0x00007240a0515f4c: ;   {other}
  0x00007240a0515f4c: 0f1f 8400 | bc0e 001e | bef6 ffff 

  0x00007240a0515f58: ;   {runtime_call UncommonTrapBlob}
  0x00007240a0515f58: ff66 90e8 

  0x00007240a0515f5c: ; ImmutableOopMap {}
                      ;*invokevirtual pop {reexecute=0 rethrow=0 return_oop=0}
                      ; - org.apache.xalan.transformer.TransformerImpl::popCurrentTemplateRuleIsNull@4 (line 3050)
                      ; - org.apache.xalan.templates.ElemApplyTemplates::execute@102 (line 188)
  0x00007240a0515f5c: a043 75ff 

  0x00007240a0515f60: ;   {other}
  0x00007240a0515f60: 0f1f 8400 | d00e 001f | bef6 ffff 

  0x00007240a0515f6c: ;   {runtime_call UncommonTrapBlob}
  0x00007240a0515f6c: ff66 90e8 

  0x00007240a0515f70: ; ImmutableOopMap {}
                      ;*baload {reexecute=0 rethrow=0 return_oop=0}
                      ; - org.apache.xml.utils.BoolStack::pop@15 (line 106)
                      ; - org.apache.xalan.transformer.TransformerImpl::popCurrentTemplateRuleIsNull@4 (line 3050)
                      ; - org.apache.xalan.templates.ElemApplyTemplates::execute@102 (line 188)
  0x00007240a0515f70: 8c43 75ff 

  0x00007240a0515f74: ;   {other}
  0x00007240a0515f74: 0f1f 8400 | e40e 0020 | bef6 ffff | ff48 8b6c 

  0x00007240a0515f84: ;   {runtime_call UncommonTrapBlob}
  0x00007240a0515f84: 2408 90e8 

  0x00007240a0515f88: ; ImmutableOopMap {rbp=Oop [32]=NarrowOop [48]=Oop }
                      ;*arraylength {reexecute=0 rethrow=0 return_oop=0}
                      ; - java.util.Vector::add@2 (line 781)
                      ; - java.util.Vector::addElement@20 (line 617)
                      ; - java.util.Stack::push@2 (line 68)
                      ; - org.apache.xalan.transformer.TransformerImpl::pushMode@5 (line 3208)
                      ; - org.apache.xalan.templates.ElemApplyTemplates::execute@55 (line 172)
  0x00007240a0515f88: 7443 75ff 

  0x00007240a0515f8c: ;   {other}
  0x00007240a0515f8c: 0f1f 8400 | fc0e 0021 | bef6 ffff | ff48 8b6c | 2430 4889 | 4424 f88b | 4424 2089 | 0424 488b 
  0x00007240a0515fac: 4424 f844 | 894c 240c 

  0x00007240a0515fb4: ;   {runtime_call UncommonTrapBlob}
  0x00007240a0515fb4: 6666 90e8 

  0x00007240a0515fb8: ; ImmutableOopMap {rbp=Oop [0]=NarrowOop }
                      ;*aaload {reexecute=0 rethrow=0 return_oop=0}
                      ; - java.util.Vector::elementData@5 (line 731)
                      ; - java.util.Vector::elementAt@44 (line 469)
                      ; - java.util.Stack::peek@21 (line 104)
                      ; - java.util.Stack::pop@6 (line 85)
                      ; - org.apache.xalan.transformer.TransformerImpl::popMode@4 (line 3219)
                      ; - org.apache.xalan.templates.ElemApplyTemplates::execute@98 (line 186)
  0x00007240a0515fb8: 4443 75ff 

  0x00007240a0515fbc: ;   {other}
  0x00007240a0515fbc: 0f1f 8400 | 2c0f 0022 | bef6 ffff | ff48 8b6c | 2408 4489 | 5c24 0c89 

  0x00007240a0515fd4: ;   {runtime_call UncommonTrapBlob}
  0x00007240a0515fd4: 4c24 10e8 

  0x00007240a0515fd8: ; ImmutableOopMap {rbp=Oop [12]=NarrowOop [32]=NarrowOop [48]=Oop }
                      ;*aaload {reexecute=0 rethrow=0 return_oop=0}
                      ; - java.util.Vector::elementData@5 (line 731)
                      ; - java.util.Vector::elementAt@44 (line 469)
                      ; - java.util.Stack::peek@21 (line 104)
                      ; - org.apache.xalan.transformer.TransformerImpl::getMode@18 (line 3195)
                      ; - org.apache.xalan.templates.ElemApplyTemplates::execute@8 (line 163)
  0x00007240a0515fd8: 2443 75ff 

  0x00007240a0515fdc: ;   {other}
  0x00007240a0515fdc: 0f1f 8400 | 4c0f 0023 | bef4 ffff | ff48 8b6c 

  0x00007240a0515fec: ;   {runtime_call UncommonTrapBlob}
  0x00007240a0515fec: 2408 90e8 

  0x00007240a0515ff0: ; ImmutableOopMap {rbp=Oop [48]=Oop }
                      ;*checkcast {reexecute=0 rethrow=0 return_oop=0}
                      ; - org.apache.xalan.transformer.TransformerImpl::getMode@21 (line 3195)
                      ; - org.apache.xalan.templates.ElemApplyTemplates::execute@8 (line 163)
  0x00007240a0515ff0: 0c43 75ff 

  0x00007240a0515ff4: ;   {other}
  0x00007240a0515ff4: 0f1f 8400 | 640f 0024 | 488b f0e9 | 5f01 0000 | 488b f0e9 | 5701 0000 | 488b f0e9 | 4f01 0000 
  0x00007240a0516014: 488b d84c | 8b5c 2418 | 488d 4424 | 4048 8338 | 000f 8479 | 0000 004d | 8b13 41f6 | c202 0f84 
  0x00007240a0516034: 6200 0000 | 4983 ba86 | 0000 0000 | 7409 49ff | 8a86 0000 | 00eb 4b49 | 8b82 9600 | 0000 490b 
  0x00007240a0516054: 828e 0000 | 0075 0a49 | c742 3e00 | 0000 00eb | 3d49 83ba | 9e00 0000 | 0074 2248 | 33c0 49c7 
  0x00007240a0516074: 423e 0000 | 0000 f083 | 0424 0049 | 83ba 9e00 | 0000 0075 | 0df0 4d0f | b17a 3e75 | 0583 c801 
  0x00007240a0516094: eb0c a800 | eb08 4c8b | 10f0 4d0f | b113 750a | 49ff 8f68 | 0800 0045 | 33d2 0f85 | cc00 0000 
  0x00007240a05160b4: 4c8b 5424 | 0845 0fb6 | 5215 4585 | d274 254c | 8b54 2408 | 458b 9284 | 0000 0048 | 8beb 48ff 
  0x00007240a05160d4: 3424 488f | 4424 0841 | b801 0000 | 0044 8944 | 2410 eb2c | 41ba 0100 | 0000 4489 

  0x00007240a05160f0: ;   {no_reloc}
  0x00007240a05160f0: 5424 1048 | 8beb eb38 | 488b d84c | 8b54 2430 | 450f b65a | 1545 85db | 74e9 458b | 9284 0000 
  0x00007240a0516110: 0048 8be8 | 4585 d274 | 5449 8bf2 | 488b 5424 

  0x00007240a0516120: ;   {optimized virtual_call}
  0x00007240a0516120: 0866 90e8 

  0x00007240a0516124: ; ImmutableOopMap {rbp=Oop [48]=Oop }
                      ;*invokevirtual fireTraceEndEvent {reexecute=0 rethrow=0 return_oop=0}
                      ; - org.apache.xalan.templates.ElemApplyTemplates::execute@122 (line 183)
  0x00007240a0516124: 58ef 74ff 

  0x00007240a0516128: ;   {other}
  0x00007240a0516128: 0f1f 8400 | 9810 0025 | 448b 5424 | 1045 85d2 | 7412 488b 

  0x00007240a051613c: ;   {optimized virtual_call}
  0x00007240a051613c: 7424 30e8 

  0x00007240a0516140: ; ImmutableOopMap {rbp=Oop [48]=Oop }
                      ;*invokevirtual popMode {reexecute=0 rethrow=0 return_oop=0}
                      ; - org.apache.xalan.templates.ElemApplyTemplates::execute@130 (line 186)
  0x00007240a0516140: 3cef 74ff 

  0x00007240a0516144: ;   {other}
  0x00007240a0516144: 0f1f 8400 | b410 0026 | 488b 7424 

  0x00007240a0516150: ;   {optimized virtual_call}
  0x00007240a0516150: 3066 90e8 

  0x00007240a0516154: ; ImmutableOopMap {rbp=Oop }
                      ;*invokevirtual popCurrentTemplateRuleIsNull {reexecute=0 rethrow=0 return_oop=0}
                      ; - org.apache.xalan.templates.ElemApplyTemplates::execute@134 (line 188)
  0x00007240a0516154: 28ef 74ff 

  0x00007240a0516158: ;   {other}
  0x00007240a0516158: 0f1f 8400 | c810 0027 | 488b f548 | 83c4 605d 

  0x00007240a0516168: ;   {runtime_call _rethrow_Java}
  0x00007240a0516168: e913 c080 | ffbe f6ff 

  0x00007240a0516170: ;   {runtime_call UncommonTrapBlob}
  0x00007240a0516170: ffff 90e8 

  0x00007240a0516174: ; ImmutableOopMap {rbp=Oop [8]=Oop [48]=Oop }
                      ;*invokevirtual fireTraceEndEvent {reexecute=0 rethrow=0 return_oop=0}
                      ; - org.apache.xalan.templates.ElemApplyTemplates::execute@122 (line 183)
  0x00007240a0516174: 8841 75ff 

  0x00007240a0516178: ;   {other}
  0x00007240a0516178: 0f1f 8400 | e810 0028 | 498b fb48 | 8d74 2440 | 498b d749 | baa0 89fe | b740 7200 | 0041 ffd2 
  0x00007240a0516198: ;   {other}
  0x00007240a0516198: 0f1f 8400 | 0000 0000 | e90f ffff 

  0x00007240a05161a4: ;   {internal_word}
  0x00007240a05161a4: ff49 ba57 | 5551 a040 | 7200 004d | 8997 8007 

  0x00007240a05161b4: ;   {runtime_call SafepointBlob}
  0x00007240a05161b4: 0000 e945 

  0x00007240a05161b8: ;   {runtime_call StubRoutines (final stubs)}
  0x00007240a05161b8: 5275 ffe8 | a08c 73ff | e975 f1ff | fff4 f4f4 
[Stub Code]
  0x00007240a05161c8: ;   {no_reloc}
  0x00007240a05161c8: 48bb 0000 | 0000 0000 

  0x00007240a05161d0: ;   {runtime_call nmethod}
  0x00007240a05161d0: 0000 e9fb 

  0x00007240a05161d4: ;   {static_stub}
  0x00007240a05161d4: ffff ff48 | bb00 0000 | 0000 0000 

  0x00007240a05161e0: ;   {runtime_call nmethod}
  0x00007240a05161e0: 00e9 fbff 

  0x00007240a05161e4: ;   {static_stub}
  0x00007240a05161e4: ffff 48bb | 0000 0000 | 0000 0000 

  0x00007240a05161f0: ;   {runtime_call nmethod}
  0x00007240a05161f0: e9fb ffff 

  0x00007240a05161f4: ;   {static_stub}
  0x00007240a05161f4: ff48 bb00 | 0000 0000 

  0x00007240a05161fc: ;   {runtime_call nmethod}
  0x00007240a05161fc: 0000 00e9 | fbff ffff 

  0x00007240a0516204: ;   {static_stub}
  0x00007240a0516204: 48bb 0000 | 0000 0000 

  0x00007240a051620c: ;   {runtime_call nmethod}
  0x00007240a051620c: 0000 e9fb 

  0x00007240a0516210: ;   {runtime_call ExceptionBlob}
  0x00007240a0516210: ffff ffe9 | e834 80ff 
[Deopt Handler Code]
  0x00007240a0516218: e800 0000 | 0048 832c 

  0x00007240a0516220: ;   {runtime_call DeoptimizationBlob}
  0x00007240a0516220: 2405 e979 | 4475 fff4 
[/MachCode]


---------------  P R O C E S S  ---------------

Threads class SMR info:
_java_thread_list=0x0000659244052c90, length=56, elements={
0x00007240b002b240, 0x00007240b0527000, 0x00007240b0528890, 0x00007240b052a3a0,
0x00007240b0548bd0, 0x00007240b054a520, 0x00007240b054bde0, 0x00007240b054dc20,
0x00007240b054f600, 0x00006592f40458b0, 0x00006592e8001710, 0x00007240b059e5d0,
0x00007240b05a15d0, 0x00006592ec0137f0, 0x00006592ec0258e0, 0x00007240b07bd370,
0x00007240b07bdd90, 0x00007240b07d0a80, 0x00007240b07d18f0, 0x00007240b07d2d40,
0x00007240b07d41c0, 0x00007240b07d5590, 0x00007240b07d6a30, 0x00007240b07d7fa0,
0x00007240b07d9510, 0x00007240b07da8e0, 0x00007240b07dbd90, 0x00007240b07dd320,
0x00007240b07de8b0, 0x00007240b03e19b0, 0x00007240b03e29c0, 0x00007240b03e3d60,
0x00007240b05c78a0, 0x00007240b05c9060, 0x00007240b05ca5c0, 0x00007240b05cbe50,
0x00007240b05cd6e0, 0x00007240b05cef70, 0x00007240b05d1430, 0x00007240b05d2340,
0x00007240b05d3b90, 0x00007240b05d5420, 0x00007240b05d6cb0, 0x00007240b05d8540,
0x00007240b05d9dd0, 0x00007240b03d5290, 0x00007240b03d6c60, 0x00006592ec08d720,
0x00006592dc0d26e0, 0x00006592e80ff640, 0x000065925003a3f0, 0x00006592dc0df6d0,
0x0000659240001ae0, 0x00006592dc11c750, 0x000065924c04d220, 0x00006592440517d0
}

Java Threads: ( => current thread )
  0x00007240b002b240 JavaThread "main"                              [_thread_blocked, id=514613, stack(0x00007240b7017000,0x00007240b7117000) (1024K)]
  0x00007240b0527000 JavaThread "Reference Handler"          daemon [_thread_blocked, id=514617, stack(0x00007240b5900000,0x00007240b5a00000) (1024K)]
  0x00007240b0528890 JavaThread "Finalizer"                  daemon [_thread_blocked, id=514618, stack(0x00007240b5800000,0x00007240b5900000) (1024K)]
  0x00007240b052a3a0 JavaThread "MMTk Finalizer Thread"      daemon [_thread_blocked, id=514619, stack(0x00007240b5700000,0x00007240b5800000) (1024K)]
  0x00007240b0548bd0 JavaThread "Signal Dispatcher"          daemon [_thread_blocked, id=514643, stack(0x00007240785fe000,0x00007240786fe000) (1024K)]
  0x00007240b054a520 JavaThread "Service Thread"             daemon [_thread_blocked, id=514644, stack(0x00007240784fe000,0x00007240785fe000) (1024K)]
  0x00007240b054bde0 JavaThread "Monitor Deflation Thread"   daemon [_thread_blocked, id=514645, stack(0x00006593c42fc000,0x00006593c43fc000) (1024K)]
  0x00007240b054dc20 JavaThread "C2 CompilerThread0"         daemon [_thread_blocked, id=514646, stack(0x00006593c1100000,0x00006593c1200000) (1024K)]
  0x00007240b054f600 JavaThread "C1 CompilerThread0"         daemon [_thread_blocked, id=514647, stack(0x00006593c1000000,0x00006593c1100000) (1024K)]
  0x00006592f40458b0 JavaThread "C1 CompilerThread1"         daemon [_thread_blocked, id=514648, stack(0x00006593c0f00000,0x00006593c1000000) (1024K)]
  0x00006592e8001710 JavaThread "C1 CompilerThread2"         daemon [_thread_blocked, id=514649, stack(0x00006593c0e00000,0x00006593c0f00000) (1024K)]
  0x00007240b059e5d0 JavaThread "Notification Thread"        daemon [_thread_blocked, id=514650, stack(0x00006593c0d00000,0x00006593c0e00000) (1024K)]
  0x00007240b05a15d0 JavaThread "Common-Cleaner"             daemon [_thread_blocked, id=514651, stack(0x00006593c0c00000,0x00006593c0d00000) (1024K)]
  0x00006592ec0137f0 JavaThread "C2 CompilerThread1"         daemon [_thread_blocked, id=514652, stack(0x00006593c0b00000,0x00006593c0c00000) (1024K)]
  0x00006592ec0258e0 JavaThread "C1 CompilerThread3"         daemon [_thread_blocked, id=514653, stack(0x00006593c0a00000,0x00006593c0b00000) (1024K)]
  0x00007240b07bd370 JavaThread "Thread-0"                          [_thread_blocked, id=514654, stack(0x00006593c0900000,0x00006593c0a00000) (1024K)]
  0x00007240b07bdd90 JavaThread "Thread-1"                          [_thread_blocked, id=514655, stack(0x00006593c0800000,0x00006593c0900000) (1024K)]
  0x00007240b07d0a80 JavaThread "Thread-2"                          [_thread_blocked, id=514656, stack(0x00006593c0700000,0x00006593c0800000) (1024K)]
  0x00007240b07d18f0 JavaThread "Thread-3"                          [_thread_blocked, id=514657, stack(0x00006593c0600000,0x00006593c0700000) (1024K)]
  0x00007240b07d2d40 JavaThread "Thread-4"                          [_thread_blocked, id=514658, stack(0x00006593c0500000,0x00006593c0600000) (1024K)]
  0x00007240b07d41c0 JavaThread "Thread-5"                          [_thread_blocked, id=514659, stack(0x00006593c0400000,0x00006593c0500000) (1024K)]
  0x00007240b07d5590 JavaThread "Thread-6"                          [_thread_blocked, id=514660, stack(0x00006593c0300000,0x00006593c0400000) (1024K)]
  0x00007240b07d6a30 JavaThread "Thread-7"                          [_thread_blocked, id=514661, stack(0x00006593c0200000,0x00006593c0300000) (1024K)]
  0x00007240b07d7fa0 JavaThread "Thread-8"                          [_thread_blocked, id=514662, stack(0x00006593c0100000,0x00006593c0200000) (1024K)]
  0x00007240b07d9510 JavaThread "Thread-9"                          [_thread_blocked, id=514663, stack(0x00006593c0000000,0x00006593c0100000) (1024K)]
  0x00007240b07da8e0 JavaThread "Thread-10"                         [_thread_blocked, id=514664, stack(0x000065937af00000,0x000065937b000000) (1024K)]
  0x00007240b07dbd90 JavaThread "Thread-11"                         [_thread_blocked, id=514665, stack(0x000065937ae00000,0x000065937af00000) (1024K)]
  0x00007240b07dd320 JavaThread "Thread-12"                         [_thread_blocked, id=514666, stack(0x000065937ad00000,0x000065937ae00000) (1024K)]
  0x00007240b07de8b0 JavaThread "Thread-13"                         [_thread_blocked, id=514667, stack(0x000065937ac00000,0x000065937ad00000) (1024K)]
  0x00007240b03e19b0 JavaThread "Thread-14"                         [_thread_blocked, id=514668, stack(0x000065937ab00000,0x000065937ac00000) (1024K)]
  0x00007240b03e29c0 JavaThread "Thread-15"                         [_thread_blocked, id=514669, stack(0x000065937aa00000,0x000065937ab00000) (1024K)]
=>0x00007240b03e3d60 JavaThread "Thread-16"                         [_thread_in_Java, id=514670, stack(0x000065937a900000,0x000065937aa00000) (1024K)]
  0x00007240b05c78a0 JavaThread "Thread-17"                         [_thread_blocked, id=514671, stack(0x000065937a800000,0x000065937a900000) (1024K)]
  0x00007240b05c9060 JavaThread "Thread-18"                         [_thread_blocked, id=514672, stack(0x000065937a700000,0x000065937a800000) (1024K)]
  0x00007240b05ca5c0 JavaThread "Thread-19"                         [_thread_blocked, id=514673, stack(0x000065937a600000,0x000065937a700000) (1024K)]
  0x00007240b05cbe50 JavaThread "Thread-20"                         [_thread_blocked, id=514674, stack(0x000065937a500000,0x000065937a600000) (1024K)]
  0x00007240b05cd6e0 JavaThread "Thread-21"                         [_thread_blocked, id=514675, stack(0x000065937a400000,0x000065937a500000) (1024K)]
  0x00007240b05cef70 JavaThread "Thread-22"                         [_thread_blocked, id=514676, stack(0x000065937a300000,0x000065937a400000) (1024K)]
  0x00007240b05d1430 JavaThread "Thread-23"                         [_thread_blocked, id=514677, stack(0x000065937a200000,0x000065937a300000) (1024K)]
  0x00007240b05d2340 JavaThread "Thread-24"                         [_thread_blocked, id=514678, stack(0x000065937a100000,0x000065937a200000) (1024K)]
  0x00007240b05d3b90 JavaThread "Thread-25"                         [_thread_blocked, id=514679, stack(0x000065937a000000,0x000065937a100000) (1024K)]
  0x00007240b05d5420 JavaThread "Thread-26"                         [_thread_blocked, id=514680, stack(0x0000659379f00000,0x000065937a000000) (1024K)]
  0x00007240b05d6cb0 JavaThread "Thread-27"                         [_thread_blocked, id=514681, stack(0x0000659379e00000,0x0000659379f00000) (1024K)]
  0x00007240b05d8540 JavaThread "Thread-28"                         [_thread_blocked, id=514682, stack(0x0000659379d00000,0x0000659379e00000) (1024K)]
  0x00007240b05d9dd0 JavaThread "Thread-29"                         [_thread_blocked, id=514683, stack(0x0000659379c00000,0x0000659379d00000) (1024K)]
  0x00007240b03d5290 JavaThread "Thread-30"                         [_thread_blocked, id=514684, stack(0x0000659379b00000,0x0000659379c00000) (1024K)]
  0x00007240b03d6c60 JavaThread "Thread-31"                         [_thread_blocked, id=514685, stack(0x0000659379a00000,0x0000659379b00000) (1024K)]
  0x00006592ec08d720 JavaThread "C2 CompilerThread2"         daemon [_thread_blocked, id=514686, stack(0x0000659379900000,0x0000659379a00000) (1024K)]
  0x00006592dc0d26e0 JavaThread "C2 CompilerThread3"         daemon [_thread_blocked, id=514687, stack(0x0000659379800000,0x0000659379900000) (1024K)]
  0x00006592e80ff640 JavaThread "C2 CompilerThread4"         daemon [_thread_blocked, id=514688, stack(0x0000659379700000,0x0000659379800000) (1024K)]
  0x000065925003a3f0 JavaThread "C1 CompilerThread4"         daemon [_thread_blocked, id=514689, stack(0x0000659379600000,0x0000659379700000) (1024K)]
  0x00006592dc0df6d0 JavaThread "C2 CompilerThread5"         daemon [_thread_blocked, id=514690, stack(0x0000659379500000,0x0000659379600000) (1024K)]
  0x0000659240001ae0 JavaThread "C2 CompilerThread6"         daemon [_thread_blocked, id=514691, stack(0x0000659379400000,0x0000659379500000) (1024K)]
  0x00006592dc11c750 JavaThread "C2 CompilerThread7"         daemon [_thread_blocked, id=514692, stack(0x0000659379300000,0x0000659379400000) (1024K)]
  0x000065924c04d220 JavaThread "C2 CompilerThread8"         daemon [_thread_blocked, id=514693, stack(0x0000659379200000,0x0000659379300000) (1024K)]
  0x00006592440517d0 JavaThread "C2 CompilerThread9"         daemon [_thread_blocked, id=514694, stack(0x0000659379100000,0x0000659379200000) (1024K)]
Total: 56

Other Threads:
  0x00007240b051bb50 VMThread "VM Thread"                           [id=514616, stack(0x00007240b5cfd000,0x00007240b5dfd000) (1024K)] _threads_hazard_ptr=0x0000659244052c90
  0x00007240b0509780 WatcherThread "VM Periodic Task Thread"        [id=514615, stack(0x00007240b5dfe000,0x00007240b5efe000) (1024K)]
Total: 2

Threads with active compile tasks:
Total: 0

VM state: synchronizing (normal execution)

VM Mutex/Monitor currently owned by a thread:  ([mutex/lock_event])
[0x00007240b87580d0] Threads_lock - owner thread: 0x00007240b051bb50

Heap address: 0x0000000040000000, size: 3072 MB, Compressed Oops mode: 32-bit

CDS archive(s) mapped at: [0x000065937b000000-0x000065937bca3000-0x000065937bca3000), size 13250560, SharedBaseAddress: 0x000065937b000000, ArchiveRelocationMode: 1.
Compressed class space mapped at: 0x000065937c000000-0x00006593bc000000, reserved size: 1073741824
Narrow klass base: 0x000065937b000000, Narrow klass shift: 0, Narrow klass range: 0x100000000

GC Precious Log:
<Empty>

Heap:

[error occurred during error reporting (printing heap information), id 0xe0000000, Internal Error (/mydata/mmtk-openjdk/openjdk/share/mmtkHeap.cpp:424)]
Metaspace:

Usage:
  Non-class:      7.08 MB used.
      Class:    964.98 KB used.
       Both:      8.02 MB used.

Virtual space:
  Non-class space:       64.00 MB reserved,       7.25 MB ( 11%) committed,  1 nodes.
      Class space:        1.00 GB reserved,       1.06 MB ( <1%) committed,  1 nodes.
             Both:        1.06 GB reserved,       8.31 MB ( <1%) committed. 

Chunk freelists:
   Non-Class:  7.30 MB
       Class:  14.99 MB
        Both:  22.29 MB

MaxMetaspaceSize: unlimited
CompressedClassSpaceSize: 1.00 GB
Initial GC threshold: 21.00 MB
Current GC threshold: 21.00 MB
CDS: on
 - commit_granule_bytes: 65536.
 - commit_granule_words: 8192.
 - virtual_space_node_default_size: 8388608.
 - enlarge_chunks_in_place: 1.
 - use_allocation_guard: 0.


Internal statistics:

num_allocs_failed_limit: 0.
num_arena_births: 118.
num_arena_deaths: 0.
num_vsnodes_births: 2.
num_vsnodes_deaths: 0.
num_space_committed: 133.
num_space_uncommitted: 0.
num_chunks_returned_to_freelist: 0.
num_chunks_taken_from_freelist: 361.
num_chunk_merges: 0.
num_chunk_splits: 260.
num_chunks_enlarged: 209.
num_inconsistent_stats: 0.

CodeHeap 'non-profiled nmethods': size=118880Kb used=2077Kb max_used=2077Kb free=116802Kb
 bounds [0x00007240a03e8000, 0x00007240a0658000, 0x00007240a7800000]
CodeHeap 'profiled nmethods': size=118876Kb used=6768Kb max_used=6768Kb free=112107Kb
 bounds [0x0000724098800000, 0x0000724098ea0000, 0x000072409fc17000]
CodeHeap 'non-nmethods': size=8004Kb used=3462Kb max_used=3552Kb free=4541Kb
 bounds [0x000072409fc17000, 0x000072409ff97000, 0x00007240a03e8000]
CodeCache: size=245760Kb, used=12307Kb, max_used=12397Kb, free=233450Kb
 total_blobs=3524, nmethods=3042, adapters=381, full_count=0
Compilation: enabled, stopped_count=0, restarted_count=0

Compilation events (20 events):
Event: 3.125 Thread 0x00006592dc0df6d0 2983       4       sun.net.www.ParseUtil::firstEncodeIndex (86 bytes)
Event: 3.125 Thread 0x00006592ec0258e0 nmethod 2980 0x0000724098e4f510 code [0x0000724098e4fa40, 0x0000724098e51b90]
Event: 3.128 Thread 0x00006592ec0137f0 nmethod 2977 0x00007240a0583b90 code [0x00007240a0583da0, 0x00007240a0584880]
Event: 3.128 Thread 0x00006592ec0137f0 2984       4       org.apache.xpath.axes.WalkingIterator::detach (39 bytes)
Event: 3.128 Thread 0x00006592dc0df6d0 nmethod 2983 0x00007240a0584d90 code [0x00007240a0584f40, 0x00007240a0585180]
Event: 3.128 Thread 0x00006592dc0df6d0 2985       4       org.apache.xalan.templates.ElemChoose::execute (259 bytes)
Event: 3.129 Thread 0x000065924c04d220 nmethod 2785 0x00007240a0585410 code [0x00007240a05855e0, 0x00007240a0585f18]
Event: 3.129 Thread 0x000065924c04d220 2862       4       java.io.StringWriter::write (25 bytes)
Event: 3.129 Thread 0x00006592dc11c750 nmethod 2854 0x00007240a0586390 code [0x00007240a0586560, 0x00007240a0586b00]
Event: 3.129 Thread 0x00006592f40458b0 2989       3       org.apache.xml.dtm.ref.sax2dtm.SAX2DTM::comment (69 bytes)
Event: 3.129 Thread 0x000065925003a3f0 2987       3       java.util.Hashtable$Enumerator::<init> (51 bytes)
Event: 3.129 Thread 0x00006592dc11c750 2995       4       org.apache.xalan.transformer.CountersTable::countNode (300 bytes)
Event: 3.130 Thread 0x000065925003a3f0 nmethod 2987 0x0000724098e52910 code [0x0000724098e52aa0, 0x0000724098e52c30]
Event: 3.130 Thread 0x000065925003a3f0 2997       3       org.apache.xerces.impl.XMLEntityManager$ScannedEntity::getExpandedSystemId (71 bytes)
Event: 3.130 Thread 0x00006592f40458b0 nmethod 2989 0x0000724098e52d90 code [0x0000724098e52fa0, 0x0000724098e53698]
Event: 3.130 Thread 0x00006592f40458b0 2998   !   3       org.apache.xpath.XPathContext::<init> (35 bytes)
Event: 3.130 Thread 0x000065925003a3f0 nmethod 2997 0x0000724098e53a10 code [0x0000724098e53c00, 0x0000724098e54350]
Event: 3.130 Thread 0x000065925003a3f0 2999  s    3       java.util.Hashtable::remove (133 bytes)
Event: 3.130 Thread 0x00006592f40458b0 nmethod 2998 0x0000724098e54590 code [0x0000724098e54760, 0x0000724098e54aa0]
Event: 3.130 Thread 0x00006592ec0258e0 3000   !   3       org.apache.xalan.transformer.TransformerImpl::transform (567 bytes)

GC Heap History (0 events):
No events

Dll operation events (7 events):
Event: 0.001 Loaded shared library /mydata/openjdk-mmtk/build/b0test/images/jdk/lib/libjava.so
Event: 2.218 Loaded shared library /mydata/openjdk-mmtk/build/b0test/images/jdk/lib/libjsvml.so
Event: 2.231 Loaded shared library /mydata/openjdk-mmtk/build/b0test/images/jdk/lib/libnio.so
Event: 2.234 Loaded shared library /mydata/openjdk-mmtk/build/b0test/images/jdk/lib/libzip.so
Event: 2.248 Loaded shared library /mydata/openjdk-mmtk/build/b0test/images/jdk/lib/libjimage.so
Event: 2.274 Loaded shared library /mydata/openjdk-mmtk/build/b0test/images/jdk/lib/libnet.so
Event: 2.371 Loaded shared library /mydata/openjdk-mmtk/build/b0test/images/jdk/lib/libverify.so

Deoptimization events (20 events):
Event: 3.114 Thread 0x00007240b07d0a80 DEOPT PACKING pc=0x0000724098d0fe5c sp=0x00006593c07fe390
Event: 3.114 Thread 0x00007240b07d0a80 DEOPT UNPACKING pc=0x000072409fc6ab2f sp=0x00006593c07fd8e8 mode 0
Event: 3.123 Thread 0x00007240b07dbd90 DEOPT PACKING pc=0x0000724098d0fe5c sp=0x000065937aefe390
Event: 3.123 Thread 0x00007240b07dbd90 DEOPT UNPACKING pc=0x000072409fc6ab2f sp=0x000065937aefd8e8 mode 0
Event: 3.126 Thread 0x00007240b05d1430 DEOPT PACKING pc=0x0000724098d0fe5c sp=0x000065937a2fe390
Event: 3.126 Thread 0x00007240b05d1430 DEOPT UNPACKING pc=0x000072409fc6ab2f sp=0x000065937a2fd8e8 mode 0
Event: 3.126 Thread 0x00007240b07bd370 Uncommon trap: trap_request=0xffffffde fr.pc=0x00007240a047da4c relative=0x000000000000030c
Event: 3.126 Thread 0x00007240b07bd370 Uncommon trap: reason=class_check action=maybe_recompile pc=0x00007240a047da4c method=java.io.Writer.write(Ljava/lang/String;)V @ 7 c2
Event: 3.126 Thread 0x00007240b07bd370 DEOPT PACKING pc=0x00007240a047da4c sp=0x00006593c09fe810
Event: 3.126 Thread 0x00007240b07bd370 DEOPT UNPACKING pc=0x000072409fc6a399 sp=0x00006593c09fe7c8 mode 2
Event: 3.126 Thread 0x00007240b07bd370 Uncommon trap: trap_request=0xffffffde fr.pc=0x00007240a0475258 relative=0x00000000000006f8
Event: 3.126 Thread 0x00007240b07bd370 Uncommon trap: reason=class_check action=maybe_recompile pc=0x00007240a0475258 method=java.nio.charset.CharsetEncoder.encode(Ljava/nio/CharBuffer;Ljava/nio/ByteBuffer;Z)Ljava/nio/charset/CoderResult; @ 57 c2
Event: 3.126 Thread 0x00007240b07bd370 DEOPT PACKING pc=0x00007240a0475258 sp=0x00006593c09fe6c0
Event: 3.126 Thread 0x00007240b07bd370 DEOPT UNPACKING pc=0x000072409fc6a399 sp=0x00006593c09fe478 mode 2
Event: 3.126 Thread 0x00007240b07bd370 Uncommon trap: trap_request=0xffffffde fr.pc=0x00007240a0567748 relative=0x00000000000001c8
Event: 3.126 Thread 0x00007240b07bd370 Uncommon trap: reason=class_check action=maybe_recompile pc=0x00007240a0567748 method=sun.nio.cs.StreamEncoder.writeBytes()V @ 127 c2
Event: 3.126 Thread 0x00007240b07bd370 DEOPT PACKING pc=0x00007240a0567748 sp=0x00006593c09fe6e0
Event: 3.126 Thread 0x00007240b07bd370 DEOPT UNPACKING pc=0x000072409fc6a399 sp=0x00006593c09fe618 mode 2
Event: 3.128 Thread 0x00007240b07d41c0 DEOPT PACKING pc=0x0000724098d0fe5c sp=0x00006593c04fe390
Event: 3.128 Thread 0x00007240b07d41c0 DEOPT UNPACKING pc=0x000072409fc6ab2f sp=0x00006593c04fd8e8 mode 0

Classes loaded (20 events):
Event: 2.636 Loading class java/util/ResourceBundle$KeyElementReference
Event: 2.636 Loading class java/util/ResourceBundle$CacheKeyReference
Event: 2.636 Loading class java/util/ResourceBundle$CacheKeyReference done
Event: 2.636 Loading class java/util/ResourceBundle$KeyElementReference done
Event: 2.636 Loading class java/util/ResourceBundle$Control$2
Event: 2.636 Loading class java/util/ResourceBundle$Control$2 done
Event: 2.637 Loading class sun/util/PropertyResourceBundleCharset
Event: 2.637 Loading class sun/util/PropertyResourceBundleCharset done
Event: 2.637 Loading class sun/util/PropertyResourceBundleCharset$PropertiesFileDecoder
Event: 2.637 Loading class sun/util/PropertyResourceBundleCharset$PropertiesFileDecoder done
Event: 2.638 Loading class java/util/ResourceBundle$BundleReference
Event: 2.638 Loading class java/util/ResourceBundle$BundleReference done
Event: 2.639 Loading class sun/util/ResourceBundleEnumeration
Event: 2.639 Loading class sun/util/ResourceBundleEnumeration done
Event: 2.646 Loading class sun/nio/cs/ISO_8859_1$Encoder
Event: 2.646 Loading class sun/nio/cs/ISO_8859_1$Encoder done
Event: 2.680 Loading class java/util/ResourceBundle$Control$1
Event: 2.680 Loading class java/util/ResourceBundle$Control$1 done
Event: 2.700 Loading class java/lang/foreign/MemorySegment
Event: 2.701 Loading class java/lang/foreign/MemorySegment done

Classes unloaded (0 events):
No events

Classes redefined (0 events):
No events

Internal exceptions (13 events):
Event: 2.241 Thread 0x00007240b002b240 Exception <a 'java/lang/NoSuchMethodError'{0x0000000040334090}: 'java.lang.Object java.lang.invoke.DirectMethodHandle$Holder.newInvokeSpecial(java.lang.Object, int, java.lang.Object)'> (0x0000000040334090) 
thrown [src/hotspot/share/interpreter/linkResolver.cpp, line 772]
Event: 2.250 Thread 0x00007240b002b240 Exception <a 'java/lang/NoSuchMethodError'{0x00000000402f9e28}: 'void java.lang.invoke.DirectMethodHandle$Holder.invokeStatic(java.lang.Object, java.lang.Object)'> (0x00000000402f9e28) 
thrown [src/hotspot/share/interpreter/linkResolver.cpp, line 772]
Event: 2.251 Thread 0x00007240b002b240 Exception <a 'java/lang/NoSuchMethodError'{0x00000000402fd820}: 'void java.lang.invoke.DirectMethodHandle$Holder.invokeSpecial(java.lang.Object, java.lang.Object, java.lang.Object)'> (0x00000000402fd820) 
thrown [src/hotspot/share/interpreter/linkResolver.cpp, line 772]
Event: 2.292 Thread 0x00007240b002b240 Exception <a 'java/lang/NoSuchMethodError'{0x00000000401b5c58}: 'void java.lang.invoke.DirectMethodHandle$Holder.invokeVirtual(java.lang.Object, java.lang.Object)'> (0x00000000401b5c58) 
thrown [src/hotspot/share/interpreter/linkResolver.cpp, line 772]
Event: 2.297 Thread 0x00007240b002b240 Exception <a 'java/io/FileNotFoundException'{0x000000004018e5f0}> (0x000000004018e5f0) 
thrown [src/hotspot/share/prims/jni.cpp, line 520]
Event: 2.308 Thread 0x00007240b002b240 Exception <a 'java/lang/NoSuchMethodError'{0x0000000040120240}: 'java.lang.Object java.lang.invoke.Invokers$Holder.invokeExact_MT(java.lang.Object, java.lang.Object, java.lang.Object, java.lang.Object, java.lang.Object)'> (0x0000000040120240) 
thrown [src/hotspot/share/interpreter/linkResolver.cpp, line 772]
Event: 2.491 Thread 0x00007240b002b240 Exception <a 'java/lang/NoSuchMethodError'{0x0000000040ec2518}: 'void java.lang.invoke.DirectMethodHandle$Holder.invokeVirtual(java.lang.Object, java.lang.Object, int)'> (0x0000000040ec2518) 
thrown [src/hotspot/share/interpreter/linkResolver.cpp, line 772]
Event: 2.492 Thread 0x00007240b002b240 Exception <a 'java/lang/NoSuchMethodError'{0x0000000040ec6c40}: 'int java.lang.invoke.DirectMethodHandle$Holder.invokeSpecial(java.lang.Object, java.lang.Object, java.lang.Object, int)'> (0x0000000040ec6c40) 
thrown [src/hotspot/share/interpreter/linkResolver.cpp, line 772]
Event: 2.493 Thread 0x00007240b002b240 Exception <a 'java/lang/NoSuchMethodError'{0x0000000040ea89e0}: 'java.lang.Object java.lang.invoke.DirectMethodHandle$Holder.invokeStatic(java.lang.Object, java.lang.Object, java.lang.Object, java.lang.Object, int)'> (0x0000000040ea89e0) 
thrown [src/hotspot/share/interpreter/linkResolver.cpp, line 772]
Event: 2.494 Thread 0x00007240b002b240 Exception <a 'java/lang/NoSuchMethodError'{0x0000000040ea3be0}: 'void java.lang.invoke.DelegatingMethodHandle$Holder.reinvoke_L(java.lang.Object, java.lang.Object, int)'> (0x0000000040ea3be0) 
thrown [src/hotspot/share/interpreter/linkResolver.cpp, line 772]
Event: 2.495 Thread 0x00007240b002b240 Exception <a 'java/lang/NoSuchMethodError'{0x0000000040e9a938}: 'int java.lang.invoke.DirectMethodHandle$Holder.invokeSpecial(java.lang.Object, java.lang.Object, java.lang.Object)'> (0x0000000040e9a938) 
thrown [src/hotspot/share/interpreter/linkResolver.cpp, line 772]
Event: 2.563 Thread 0x00007240b002b240 Exception <a 'java/lang/NoSuchMethodError'{0x00000000413ce268}: 'void java.lang.invoke.DelegatingMethodHandle$Holder.reinvoke_L(java.lang.Object, java.lang.Object, int, int)'> (0x00000000413ce268) 
thrown [src/hotspot/share/interpreter/linkResolver.cpp, line 772]
Event: 2.634 Thread 0x00007240b07de8b0 Exception <a 'java/lang/NoSuchMethodError'{0x0000000040907e18}: 'java.lang.Object java.lang.invoke.DirectMethodHandle$Holder.invokeInterface(java.lang.Object, java.lang.Object)'> (0x0000000040907e18) 
thrown [src/hotspot/share/interpreter/linkResolver.cpp, line 772]

ZGC Phase Switch (0 events):
No events

VM Operations (20 events):
Event: 2.741 Executing VM operation: ICBufferFull
Event: 2.741 Executing VM operation: ICBufferFull done
Event: 2.746 Executing VM operation: ICBufferFull
Event: 2.747 Executing VM operation: ICBufferFull done
Event: 2.748 Executing VM operation: ICBufferFull
Event: 2.754 Executing VM operation: ICBufferFull done
Event: 2.754 Executing VM operation: ICBufferFull
Event: 2.760 Executing VM operation: ICBufferFull done
Event: 2.763 Executing VM operation: ICBufferFull
Event: 2.763 Executing VM operation: ICBufferFull done
Event: 2.763 Executing VM operation: ICBufferFull
Event: 2.763 Executing VM operation: ICBufferFull done
Event: 2.763 Executing VM operation: ICBufferFull
Event: 2.763 Executing VM operation: ICBufferFull done
Event: 2.967 Executing VM operation: ICBufferFull
Event: 2.967 Executing VM operation: ICBufferFull done
Event: 3.031 Executing VM operation: ThirdPartyHeapOperation
Event: 3.052 Executing VM operation: ThirdPartyHeapOperation done
Event: 3.057 Executing VM operation: ThirdPartyHeapOperation
Event: 3.102 Executing VM operation: ThirdPartyHeapOperation done

Memory protections (20 events):
Event: 2.602 Protecting memory [0x000065937a400000,0x000065937a404000] with protection modes 0
Event: 2.602 Protecting memory [0x000065937a300000,0x000065937a304000] with protection modes 0
Event: 2.602 Protecting memory [0x000065937a200000,0x000065937a204000] with protection modes 0
Event: 2.602 Protecting memory [0x000065937a100000,0x000065937a104000] with protection modes 0
Event: 2.602 Protecting memory [0x000065937a000000,0x000065937a004000] with protection modes 0
Event: 2.602 Protecting memory [0x0000659379f00000,0x0000659379f04000] with protection modes 0
Event: 2.602 Protecting memory [0x0000659379e00000,0x0000659379e04000] with protection modes 0
Event: 2.602 Protecting memory [0x0000659379d00000,0x0000659379d04000] with protection modes 0
Event: 2.602 Protecting memory [0x0000659379c00000,0x0000659379c04000] with protection modes 0
Event: 2.602 Protecting memory [0x0000659379b00000,0x0000659379b04000] with protection modes 0
Event: 2.603 Protecting memory [0x0000659379a00000,0x0000659379a04000] with protection modes 0
Event: 2.645 Protecting memory [0x0000659379900000,0x0000659379904000] with protection modes 0
Event: 2.652 Protecting memory [0x0000659379800000,0x0000659379804000] with protection modes 0
Event: 2.680 Protecting memory [0x0000659379700000,0x0000659379704000] with protection modes 0
Event: 2.680 Protecting memory [0x0000659379600000,0x0000659379604000] with protection modes 0
Event: 2.683 Protecting memory [0x0000659379500000,0x0000659379504000] with protection modes 0
Event: 2.686 Protecting memory [0x0000659379400000,0x0000659379404000] with protection modes 0
Event: 2.699 Protecting memory [0x0000659379300000,0x0000659379304000] with protection modes 0
Event: 2.703 Protecting memory [0x0000659379200000,0x0000659379204000] with protection modes 0
Event: 2.704 Protecting memory [0x0000659379100000,0x0000659379104000] with protection modes 0

Nmethod flushes (0 events):
No events

Events (20 events):
Event: 2.602 Thread 0x00007240b002b240 Thread added: 0x00007240b05cd6e0
Event: 2.602 Thread 0x00007240b002b240 Thread added: 0x00007240b05cef70
Event: 2.602 Thread 0x00007240b002b240 Thread added: 0x00007240b05d1430
Event: 2.602 Thread 0x00007240b002b240 Thread added: 0x00007240b05d2340
Event: 2.602 Thread 0x00007240b002b240 Thread added: 0x00007240b05d3b90
Event: 2.602 Thread 0x00007240b002b240 Thread added: 0x00007240b05d5420
Event: 2.602 Thread 0x00007240b002b240 Thread added: 0x00007240b05d6cb0
Event: 2.602 Thread 0x00007240b002b240 Thread added: 0x00007240b05d8540
Event: 2.602 Thread 0x00007240b002b240 Thread added: 0x00007240b05d9dd0
Event: 2.602 Thread 0x00007240b002b240 Thread added: 0x00007240b03d5290
Event: 2.603 Thread 0x00007240b002b240 Thread added: 0x00007240b03d6c60
Event: 2.645 Thread 0x00006592e8001710 Thread added: 0x00006592ec08d720
Event: 2.652 Thread 0x00006592ec0258e0 Thread added: 0x00006592dc0d26e0
Event: 2.680 Thread 0x00006592f40458b0 Thread added: 0x00006592e80ff640
Event: 2.680 Thread 0x00006592ec08d720 Thread added: 0x000065925003a3f0
Event: 2.683 Thread 0x00006592ec0258e0 Thread added: 0x00006592dc0df6d0
Event: 2.685 Thread 0x00006592dc0df6d0 Thread added: 0x0000659240001ae0
Event: 2.699 Thread 0x00006592ec0258e0 Thread added: 0x00006592dc11c750
Event: 2.703 Thread 0x000065925003a3f0 Thread added: 0x000065924c04d220
Event: 2.703 Thread 0x0000659240001ae0 Thread added: 0x00006592440517d0


Dynamic libraries:
40000000-40400000 rw-p 00000000 00:00 0                                  [anon:mmtk:space:immix]
40400000-40800000 rw-p 00000000 00:00 0                                  [anon:mmtk:space:los]
40800000-41400000 rw-p 00000000 00:00 0                                  [anon:mmtk:space:immix]
41400000-41800000 rw-p 00000000 00:00 0                                  [anon:mmtk:space:los]
41800000-41c00000 rw-p 00000000 00:00 0                                  [anon:mmtk:space:immix]
41c00000-42000000 rw-p 00000000 00:00 0                                  [anon:mmtk:space:los]
42000000-42400000 rw-p 00000000 00:00 0                                  [anon:mmtk:space:immix]
42400000-42800000 rw-p 00000000 00:00 0                                  [anon:mmtk:space:los]
42800000-43000000 rw-p 00000000 00:00 0                                  [anon:mmtk:space:immix]
43000000-43400000 rw-p 00000000 00:00 0                                  [anon:mmtk:space:los]
43400000-43800000 rw-p 00000000 00:00 0                                  [anon:mmtk:space:immix]
43800000-43c00000 rw-p 00000000 00:00 0                                  [anon:mmtk:space:los]
43c00000-44400000 rw-p 00000000 00:00 0                                  [anon:mmtk:space:immix]
44400000-44800000 rw-p 00000000 00:00 0                                  [anon:mmtk:space:los]
44800000-45000000 rw-p 00000000 00:00 0                                  [anon:mmtk:space:immix]
45000000-45400000 rw-p 00000000 00:00 0                                  [anon:mmtk:space:los]
45400000-45800000 rw-p 00000000 00:00 0                                  [anon:mmtk:space:immix]
45800000-45c00000 rw-p 00000000 00:00 0                                  [anon:mmtk:space:los]
45c00000-46400000 rw-p 00000000 00:00 0                                  [anon:mmtk:space:immix]
46400000-46800000 rw-p 00000000 00:00 0                                  [anon:mmtk:space:los]
46800000-46c00000 rw-p 00000000 00:00 0                                  [anon:mmtk:space:immix]
46c00000-47000000 rw-p 00000000 00:00 0                                  [anon:mmtk:space:los]
47000000-47800000 rw-p 00000000 00:00 0                                  [anon:mmtk:space:immix]
47800000-47c00000 rw-p 00000000 00:00 0                                  [anon:mmtk:space:los]
47c00000-48400000 rw-p 00000000 00:00 0                                  [anon:mmtk:space:immix]
48400000-48800000 rw-p 00000000 00:00 0                                  [anon:mmtk:space:los]
48800000-48c00000 rw-p 00000000 00:00 0                                  [anon:mmtk:space:immix]
48c00000-49000000 rw-p 00000000 00:00 0                                  [anon:mmtk:space:los]
49000000-49800000 rw-p 00000000 00:00 0                                  [anon:mmtk:space:immix]
49800000-49c00000 rw-p 00000000 00:00 0                                  [anon:mmtk:space:los]
49c00000-4a000000 rw-p 00000000 00:00 0                                  [anon:mmtk:space:immix]
4a000000-4a400000 rw-p 00000000 00:00 0                                  [anon:mmtk:space:los]
4a400000-4a800000 rw-p 00000000 00:00 0                                  [anon:mmtk:space:immix]
4a800000-4ac00000 rw-p 00000000 00:00 0                                  [anon:mmtk:space:los]
4ac00000-4b400000 rw-p 00000000 00:00 0                                  [anon:mmtk:space:immix]
4b400000-4b800000 rw-p 00000000 00:00 0                                  [anon:mmtk:space:los]
4b800000-4c000000 rw-p 00000000 00:00 0                                  [anon:mmtk:space:immix]
4c000000-4c400000 rw-p 00000000 00:00 0                                  [anon:mmtk:space:los]
4c400000-4cc00000 rw-p 00000000 00:00 0                                  [anon:mmtk:space:immix]
4cc00000-4d000000 rw-p 00000000 00:00 0                                  [anon:mmtk:space:los]
4d000000-4d400000 rw-p 00000000 00:00 0                                  [anon:mmtk:space:immix]
4d400000-4d800000 rw-p 00000000 00:00 0                                  [anon:mmtk:space:los]
4d800000-4dc00000 rw-p 00000000 00:00 0                                  [anon:mmtk:space:immix]
4dc00000-4e000000 rw-p 00000000 00:00 0                                  [anon:mmtk:space:los]
4e000000-4e800000 rw-p 00000000 00:00 0                                  [anon:mmtk:space:immix]
4e800000-4ec00000 rw-p 00000000 00:00 0                                  [anon:mmtk:space:los]
4ec00000-4f000000 rw-p 00000000 00:00 0                                  [anon:mmtk:space:immix]
4f000000-4f400000 rw-p 00000000 00:00 0                                  [anon:mmtk:space:los]
4f400000-4fc00000 rw-p 00000000 00:00 0                                  [anon:mmtk:space:immix]
4fc00000-50000000 rw-p 00000000 00:00 0                                  [anon:mmtk:space:los]
50000000-50400000 rw-p 00000000 00:00 0                                  [anon:mmtk:space:immix]
200000000000-2000c00c0000 rw-s 00000000 00:10 68                         anon_inode:bpf-map
56b1805b2000-56b1805b3000 r--p 00000000 fc:00 49676352                   /mydata/openjdk-mmtk/build/b0test/images/jdk/bin/java
56b1805b3000-56b1805b4000 r-xp 00001000 fc:00 49676352                   /mydata/openjdk-mmtk/build/b0test/images/jdk/bin/java
56b1805b4000-56b1805b5000 r--p 00002000 fc:00 49676352                   /mydata/openjdk-mmtk/build/b0test/images/jdk/bin/java
56b1805b5000-56b1805b6000 r--p 00002000 fc:00 49676352                   /mydata/openjdk-mmtk/build/b0test/images/jdk/bin/java
56b1805b6000-56b1805b7000 rw-p 00003000 fc:00 49676352                   /mydata/openjdk-mmtk/build/b0test/images/jdk/bin/java
56b1907ec000-56b190834000 rw-p 00000000 00:00 0                          [heap]
659230000000-659230654000 rw-p 00000000 00:00 0 
659230654000-659234000000 ---p 00000000 00:00 0 
659238000000-659238dad000 rw-p 00000000 00:00 0 
659238dad000-65923c000000 ---p 00000000 00:00 0 
65923c000000-65923c6d0000 rw-p 00000000 00:00 0 
65923c6d0000-659240000000 ---p 00000000 00:00 0 
659240000000-65924048c000 rw-p 00000000 00:00 0 
65924048c000-659244000000 ---p 00000000 00:00 0 
659244000000-659244694000 rw-p 00000000 00:00 0 
659244694000-659248000000 ---p 00000000 00:00 0 
659248000000-659248760000 rw-p 00000000 00:00 0 
659248760000-65924c000000 ---p 00000000 00:00 0 
65924c000000-65924c17b000 rw-p 00000000 00:00 0 
65924c17b000-659250000000 ---p 00000000 00:00 0 
659250000000-659250ea0000 rw-p 00000000 00:00 0 
659250ea0000-659254000000 ---p 00000000 00:00 0 
659254000000-659254830000 rw-p 00000000 00:00 0 
659254830000-659258000000 ---p 00000000 00:00 0 
659258000000-659258021000 rw-p 00000000 00:00 0 
659258021000-65925c000000 ---p 00000000 00:00 0 
65925c000000-65925c021000 rw-p 00000000 00:00 0 
65925c021000-659260000000 ---p 00000000 00:00 0 
659260000000-659260021000 rw-p 00000000 00:00 0 
659260021000-659264000000 ---p 00000000 00:00 0 
659264000000-659264021000 rw-p 00000000 00:00 0 
659264021000-659268000000 ---p 00000000 00:00 0 
659268000000-659268021000 rw-p 00000000 00:00 0 
659268021000-65926c000000 ---p 00000000 00:00 0 
65926c000000-65926c021000 rw-p 00000000 00:00 0 
65926c021000-659270000000 ---p 00000000 00:00 0 
659270000000-659270028000 rw-p 00000000 00:00 0 
659270028000-659274000000 ---p 00000000 00:00 0 
659274000000-659274021000 rw-p 00000000 00:00 0 
659274021000-659278000000 ---p 00000000 00:00 0 
659278000000-659278021000 rw-p 00000000 00:00 0 
659278021000-65927c000000 ---p 00000000 00:00 0 
65927c000000-65927c021000 rw-p 00000000 00:00 0 
65927c021000-659280000000 ---p 00000000 00:00 0 
659280000000-659280021000 rw-p 00000000 00:00 0 
659280021000-659284000000 ---p 00000000 00:00 0 
659284000000-659284021000 rw-p 00000000 00:00 0 
659284021000-659288000000 ---p 00000000 00:00 0 
659288000000-659288021000 rw-p 00000000 00:00 0 
659288021000-65928c000000 ---p 00000000 00:00 0 
65928c000000-65928c021000 rw-p 00000000 00:00 0 
65928c021000-659290000000 ---p 00000000 00:00 0 
659290000000-659290340000 rw-p 00000000 00:00 0 
659290340000-659294000000 ---p 00000000 00:00 0 
659294000000-659294037000 rw-p 00000000 00:00 0 
659294037000-659298000000 ---p 00000000 00:00 0 
659298000000-659298021000 rw-p 00000000 00:00 0 
659298021000-65929c000000 ---p 00000000 00:00 0 
65929c000000-65929c021000 rw-p 00000000 00:00 0 
65929c021000-6592a0000000 ---p 00000000 00:00 0 
6592a0000000-6592a0021000 rw-p 00000000 00:00 0 
6592a0021000-6592a4000000 ---p 00000000 00:00 0 
6592a4000000-6592a4047000 rw-p 00000000 00:00 0 
6592a4047000-6592a8000000 ---p 00000000 00:00 0 
6592a8000000-6592a805a000 rw-p 00000000 00:00 0 
6592a805a000-6592ac000000 ---p 00000000 00:00 0 
6592ac000000-6592ac021000 rw-p 00000000 00:00 0 
6592ac021000-6592b0000000 ---p 00000000 00:00 0 
6592b0000000-6592b0021000 rw-p 00000000 00:00 0 
6592b0021000-6592b4000000 ---p 00000000 00:00 0 
6592b4000000-6592b4021000 rw-p 00000000 00:00 0 
6592b4021000-6592b8000000 ---p 00000000 00:00 0 
6592b8000000-6592b804a000 rw-p 00000000 00:00 0 
6592b804a000-6592bc000000 ---p 00000000 00:00 0 
6592bc000000-6592bc021000 rw-p 00000000 00:00 0 
6592bc021000-6592c0000000 ---p 00000000 00:00 0 
6592c0000000-6592c0021000 rw-p 00000000 00:00 0 
6592c0021000-6592c4000000 ---p 00000000 00:00 0 
6592c4000000-6592c4022000 rw-p 00000000 00:00 0 
6592c4022000-6592c8000000 ---p 00000000 00:00 0 
6592c8000000-6592c8021000 rw-p 00000000 00:00 0 
6592c8021000-6592cc000000 ---p 00000000 00:00 0 
6592cc000000-6592cc02c000 rw-p 00000000 00:00 0 
6592cc02c000-6592d0000000 ---p 00000000 00:00 0 
6592d0000000-6592d0052000 rw-p 00000000 00:00 0 
6592d0052000-6592d4000000 ---p 00000000 00:00 0 
6592d4000000-6592d4021000 rw-p 00000000 00:00 0 
6592d4021000-6592d8000000 ---p 00000000 00:00 0 
6592d8000000-6592d8844000 rw-p 00000000 00:00 0 
6592d8844000-6592dc000000 ---p 00000000 00:00 0 
6592dc000000-6592dc2b8000 rw-p 00000000 00:00 0 
6592dc2b8000-6592e0000000 ---p 00000000 00:00 0 
6592e0000000-6592e0021000 rw-p 00000000 00:00 0 
6592e0021000-6592e4000000 ---p 00000000 00:00 0 
6592e4000000-6592e4021000 rw-p 00000000 00:00 0 
6592e4021000-6592e8000000 ---p 00000000 00:00 0 
6592e8000000-6592e82ae000 rw-p 00000000 00:00 0 
6592e82ae000-6592ec000000 ---p 00000000 00:00 0 
6592ec000000-6592ec2b2000 rw-p 00000000 00:00 0 
6592ec2b2000-6592f0000000 ---p 00000000 00:00 0 
6592f0000000-6592f0d61000 rw-p 00000000 00:00 0 
6592f0d61000-6592f4000000 ---p 00000000 00:00 0 
6592f4000000-6592f4233000 rw-p 00000000 00:00 0 
6592f4233000-6592f8000000 ---p 00000000 00:00 0 
6592f8000000-6592f8021000 rw-p 00000000 00:00 0 
6592f8021000-6592fc000000 ---p 00000000 00:00 0 
6592fc000000-6592fc021000 rw-p 00000000 00:00 0 
6592fc021000-659300000000 ---p 00000000 00:00 0 
659300000000-659300021000 rw-p 00000000 00:00 0 
659300021000-659304000000 ---p 00000000 00:00 0 
659304000000-659304021000 rw-p 00000000 00:00 0 
659304021000-659308000000 ---p 00000000 00:00 0 
659308000000-659308021000 rw-p 00000000 00:00 0 
659308021000-65930c000000 ---p 00000000 00:00 0 
65930c000000-65930c033000 rw-p 00000000 00:00 0 
65930c033000-659310000000 ---p 00000000 00:00 0 
659310000000-659310092000 rw-p 00000000 00:00 0 
659310092000-659314000000 ---p 00000000 00:00 0 
659314000000-65931403e000 rw-p 00000000 00:00 0 
65931403e000-659318000000 ---p 00000000 00:00 0 
659318000000-65931802d000 rw-p 00000000 00:00 0 
65931802d000-65931c000000 ---p 00000000 00:00 0 
65931c000000-65931c0d2000 rw-p 00000000 00:00 0 
65931c0d2000-659320000000 ---p 00000000 00:00 0 
659320000000-659320043000 rw-p 00000000 00:00 0 
659320043000-659324000000 ---p 00000000 00:00 0 
659324000000-65932402a000 rw-p 00000000 00:00 0 
65932402a000-659328000000 ---p 00000000 00:00 0 
659328000000-659328033000 rw-p 00000000 00:00 0 
659328033000-65932c000000 ---p 00000000 00:00 0 
65932c000000-65932c023000 rw-p 00000000 00:00 0 
65932c023000-659330000000 ---p 00000000 00:00 0 
659330000000-659330021000 rw-p 00000000 00:00 0 
659330021000-659334000000 ---p 00000000 00:00 0 
659334000000-65933402b000 rw-p 00000000 00:00 0 
65933402b000-659338000000 ---p 00000000 00:00 0 
659338000000-65933802b000 rw-p 00000000 00:00 0 
65933802b000-65933c000000 ---p 00000000 00:00 0 
65933c000000-65933c021000 rw-p 00000000 00:00 0 
65933c021000-659340000000 ---p 00000000 00:00 0 
659340000000-65934003a000 rw-p 00000000 00:00 0 
65934003a000-659344000000 ---p 00000000 00:00 0 
659344000000-659344021000 rw-p 00000000 00:00 0 
659344021000-659348000000 ---p 00000000 00:00 0 
659348000000-65934803e000 rw-p 00000000 00:00 0 
65934803e000-65934c000000 ---p 00000000 00:00 0 
65934c000000-65934c023000 rw-p 00000000 00:00 0 
65934c023000-659350000000 ---p 00000000 00:00 0 
659350000000-65935002b000 rw-p 00000000 00:00 0 
65935002b000-659354000000 ---p 00000000 00:00 0 
659354000000-65935403a000 rw-p 00000000 00:00 0 
65935403a000-659358000000 ---p 00000000 00:00 0 
659358000000-65935802c000 rw-p 00000000 00:00 0 
65935802c000-65935c000000 ---p 00000000 00:00 0 
65935c000000-65935c033000 rw-p 00000000 00:00 0 
65935c033000-659360000000 ---p 00000000 00:00 0 
659360000000-659360021000 rw-p 00000000 00:00 0 
659360021000-659364000000 ---p 00000000 00:00 0 
659364000000-659364021000 rw-p 00000000 00:00 0 
659364021000-659368000000 ---p 00000000 00:00 0 
659368000000-659368021000 rw-p 00000000 00:00 0 
659368021000-65936c000000 ---p 00000000 00:00 0 
65936c000000-65936c021000 rw-p 00000000 00:00 0 
65936c021000-659370000000 ---p 00000000 00:00 0 
659370000000-659370280000 rw-p 00000000 00:00 0 
659370280000-659370400000 ---p 00000000 00:00 0 
659370400000-6593708c0000 rw-p 00000000 00:00 0 
6593708c0000-659374000000 ---p 00000000 00:00 0 
659374000000-659374021000 rw-p 00000000 00:00 0 
659374021000-659378000000 ---p 00000000 00:00 0 
659378b20000-659379100000 rw-p 00000000 00:00 0 
659379100000-659379104000 ---p 00000000 00:00 0 
659379104000-659379200000 rw-p 00000000 00:00 0 
659379200000-659379204000 ---p 00000000 00:00 0 
659379204000-659379300000 rw-p 00000000 00:00 0 
659379300000-659379304000 ---p 00000000 00:00 0 
659379304000-659379400000 rw-p 00000000 00:00 0 
659379400000-659379404000 ---p 00000000 00:00 0 
659379404000-659379500000 rw-p 00000000 00:00 0 
659379500000-659379504000 ---p 00000000 00:00 0 
659379504000-659379600000 rw-p 00000000 00:00 0 
659379600000-659379604000 ---p 00000000 00:00 0 
659379604000-659379700000 rw-p 00000000 00:00 0 
659379700000-659379704000 ---p 00000000 00:00 0 
659379704000-659379800000 rw-p 00000000 00:00 0 
659379800000-659379804000 ---p 00000000 00:00 0 
659379804000-659379900000 rw-p 00000000 00:00 0 
659379900000-659379904000 ---p 00000000 00:00 0 
659379904000-659379a00000 rw-p 00000000 00:00 0 
659379a00000-659379a04000 ---p 00000000 00:00 0 
659379a04000-659379b00000 rw-p 00000000 00:00 0 
659379b00000-659379b04000 ---p 00000000 00:00 0 
659379b04000-659379c00000 rw-p 00000000 00:00 0 
659379c00000-659379c04000 ---p 00000000 00:00 0 
659379c04000-659379d00000 rw-p 00000000 00:00 0 
659379d00000-659379d04000 ---p 00000000 00:00 0 
659379d04000-659379e00000 rw-p 00000000 00:00 0 
659379e00000-659379e04000 ---p 00000000 00:00 0 
659379e04000-659379f00000 rw-p 00000000 00:00 0 
659379f00000-659379f04000 ---p 00000000 00:00 0 
659379f04000-65937a000000 rw-p 00000000 00:00 0 
65937a000000-65937a004000 ---p 00000000 00:00 0 
65937a004000-65937a100000 rw-p 00000000 00:00 0 
65937a100000-65937a104000 ---p 00000000 00:00 0 
65937a104000-65937a200000 rw-p 00000000 00:00 0 
65937a200000-65937a204000 ---p 00000000 00:00 0 
65937a204000-65937a300000 rw-p 00000000 00:00 0 
65937a300000-65937a304000 ---p 00000000 00:00 0 
65937a304000-65937a400000 rw-p 00000000 00:00 0 
65937a400000-65937a404000 ---p 00000000 00:00 0 
65937a404000-65937a500000 rw-p 00000000 00:00 0 
65937a500000-65937a504000 ---p 00000000 00:00 0 
65937a504000-65937a600000 rw-p 00000000 00:00 0 
65937a600000-65937a604000 ---p 00000000 00:00 0 
65937a604000-65937a700000 rw-p 00000000 00:00 0 
65937a700000-65937a704000 ---p 00000000 00:00 0 
65937a704000-65937a800000 rw-p 00000000 00:00 0 
65937a800000-65937a804000 ---p 00000000 00:00 0 
65937a804000-65937a900000 rw-p 00000000 00:00 0 
65937a900000-65937a904000 ---p 00000000 00:00 0 
65937a904000-65937aa00000 rw-p 00000000 00:00 0 
65937aa00000-65937aa04000 ---p 00000000 00:00 0 
65937aa04000-65937ab00000 rw-p 00000000 00:00 0 
65937ab00000-65937ab04000 ---p 00000000 00:00 0 
65937ab04000-65937ac00000 rw-p 00000000 00:00 0 
65937ac00000-65937ac04000 ---p 00000000 00:00 0 
65937ac04000-65937ad00000 rw-p 00000000 00:00 0 
65937ad00000-65937ad04000 ---p 00000000 00:00 0 
65937ad04000-65937ae00000 rw-p 00000000 00:00 0 
65937ae00000-65937ae04000 ---p 00000000 00:00 0 
65937ae04000-65937af00000 rw-p 00000000 00:00 0 
65937af00000-65937af04000 ---p 00000000 00:00 0 
65937af04000-65937b000000 rw-p 00000000 00:00 0 
65937b000000-65937bca3000 rw-p 00001000 fc:00 49677059                   /mydata/openjdk-mmtk/build/b0test/images/jdk/lib/server/classes.jsa
65937bca3000-65937c000000 ---p 00000000 00:00 0 
65937c000000-65937c040000 rw-p 00000000 00:00 0 
65937c040000-65937c110000 rw-p 00000000 00:00 0 
65937c110000-6593bc000000 ---p 00000000 00:00 0 
6593bc000000-6593bc021000 rw-p 00000000 00:00 0 
6593bc021000-6593c0004000 ---p 00000000 00:00 0 
6593c0004000-6593c0100000 rw-p 00000000 00:00 0 
6593c0100000-6593c0104000 ---p 00000000 00:00 0 
6593c0104000-6593c0200000 rw-p 00000000 00:00 0 
6593c0200000-6593c0204000 ---p 00000000 00:00 0 
6593c0204000-6593c0300000 rw-p 00000000 00:00 0 
6593c0300000-6593c0304000 ---p 00000000 00:00 0 
6593c0304000-6593c0400000 rw-p 00000000 00:00 0 
6593c0400000-6593c0404000 ---p 00000000 00:00 0 
6593c0404000-6593c0500000 rw-p 00000000 00:00 0 
6593c0500000-6593c0504000 ---p 00000000 00:00 0 
6593c0504000-6593c0600000 rw-p 00000000 00:00 0 
6593c0600000-6593c0604000 ---p 00000000 00:00 0 
6593c0604000-6593c0700000 rw-p 00000000 00:00 0 
6593c0700000-6593c0704000 ---p 00000000 00:00 0 
6593c0704000-6593c0800000 rw-p 00000000 00:00 0 
6593c0800000-6593c0804000 ---p 00000000 00:00 0 
6593c0804000-6593c0900000 rw-p 00000000 00:00 0 
6593c0900000-6593c0904000 ---p 00000000 00:00 0 
6593c0904000-6593c0a00000 rw-p 00000000 00:00 0 
6593c0a00000-6593c0a04000 ---p 00000000 00:00 0 
6593c0a04000-6593c0b00000 rw-p 00000000 00:00 0 
6593c0b00000-6593c0b04000 ---p 00000000 00:00 0 
6593c0b04000-6593c0c00000 rw-p 00000000 00:00 0 
6593c0c00000-6593c0c04000 ---p 00000000 00:00 0 
6593c0c04000-6593c0d00000 rw-p 00000000 00:00 0 
6593c0d00000-6593c0d04000 ---p 00000000 00:00 0 
6593c0d04000-6593c0e00000 rw-p 00000000 00:00 0 
6593c0e00000-6593c0e04000 ---p 00000000 00:00 0 
6593c0e04000-6593c0f00000 rw-p 00000000 00:00 0 
6593c0f00000-6593c0f04000 ---p 00000000 00:00 0 
6593c0f04000-6593c1000000 rw-p 00000000 00:00 0 
6593c1000000-6593c1004000 ---p 00000000 00:00 0 
6593c1004000-6593c1100000 rw-p 00000000 00:00 0 
6593c1100000-6593c1104000 ---p 00000000 00:00 0 
6593c1104000-6593c1200000 rw-p 00000000 00:00 0 
6593c1200000-6593c4200000 rw-p 00000000 00:00 0 
6593c42fc000-6593c4300000 ---p 00000000 00:00 0 
6593c4300000-6593c43fc000 rw-p 00000000 00:00 0 
6593c43fc000-6593f4400000 rw-p 00000000 00:00 0 
6593f4400000-6593f5400000 ---p 00000000 00:00 0                          [anon:mmtk:sidemeta:all:all-quarantined]
6593f5400000-6593f5c00000 rw-p 00000000 00:00 0                          [anon:mmtk:sidemeta:immix:VO_BIT]
6593f5c00000-6793f6400000 ---p 00000000 00:00 0                          [anon:mmtk:sidemeta:all:all-quarantined]
6793f6400000-6793f6800000 rw-p 00000000 00:00 0                          [anon:mmtk:sidemeta:immix:CHUNK_MARK]
6793f6800000-6793f9400000 ---p 00000000 00:00 0                          [anon:mmtk:sidemeta:all:all-quarantined]
6793f9400000-6793f9c00000 rw-p 00000000 00:00 0                          [anon:mmtk:sidemeta:immix:VMGlobalLogBitSpec]
6793f9c00000-699bf8800000 ---p 00000000 00:00 0                          [anon:mmtk:sidemeta:all:all-quarantined]
699bf8800000-699bf8c00000 rw-p 00000000 00:00 0                          [anon:mmtk:sidemeta:immix:IX_LINE_MARK]
699bf8c00000-6a1bf8400000 ---p 00000000 00:00 0                          [anon:mmtk:sidemeta:all:all-quarantined]
6a1bf8400000-6a1bf8800000 rw-p 00000000 00:00 0                          [anon:mmtk:sidemeta:immix:IX_BLOCK_DEFRAG]
6a1bf8800000-6a1cf8400000 ---p 00000000 00:00 0                          [anon:mmtk:sidemeta:all:all-quarantined]
6a1cf8400000-6a1cf8800000 rw-p 00000000 00:00 0                          [anon:mmtk:sidemeta:immix:IX_BLOCK_MARK]
6a1cf8800000-703e78400000 ---p 00000000 00:00 0                          [anon:mmtk:sidemeta:all:all-quarantined]
703e78400000-703e78800000 rw-p 00000000 00:00 0                          [anon:mmtk:sidemeta:los:VMLocalLOSMarkNurserySpec]
703e78800000-704079400000 ---p 00000000 00:00 0                          [anon:mmtk:sidemeta:all:all-quarantined]
704079400000-704079c00000 rw-p 00000000 00:00 0                          [anon:mmtk:sidemeta:immix:VMLocalMarkBitSpec]
704079c00000-724078400000 ---p 00000000 00:00 0                          [anon:mmtk:sidemeta:all:all-quarantined]
7240784fe000-724078502000 ---p 00000000 00:00 0 
724078502000-7240785fe000 rw-p 00000000 00:00 0 
7240785fe000-724078602000 ---p 00000000 00:00 0 
724078602000-7240786fe000 rw-p 00000000 00:00 0 
7240786fe000-7240786ff000 ---p 00000000 00:00 0 
7240786ff000-7240787ff000 rw-p 00000000 00:00 0 
7240787ff000-724098800000 rw-p 00000000 00:00 0 
724098800000-724098ea0000 rwxp 00000000 00:00 0 
724098ea0000-72409fc17000 ---p 00000000 00:00 0 
72409fc17000-72409ff97000 rwxp 00000000 00:00 0 
72409ff97000-7240a03e8000 ---p 00000000 00:00 0 
7240a03e8000-7240a0658000 rwxp 00000000 00:00 0 
7240a0658000-7240a7800000 ---p 00000000 00:00 0 
7240a7800000-7240affa0000 r--s 00000000 fc:00 49676300                   /mydata/openjdk-mmtk/build/b0test/images/jdk/lib/modules
7240b0000000-7240b07e2000 rw-p 00000000 00:00 0 
7240b07e2000-7240b4000000 ---p 00000000 00:00 0 
7240b4009000-7240b400d000 r--p 00000000 fc:00 49676379                   /mydata/openjdk-mmtk/build/b0test/images/jdk/lib/libverify.so
7240b400d000-7240b4014000 r-xp 00004000 fc:00 49676379                   /mydata/openjdk-mmtk/build/b0test/images/jdk/lib/libverify.so
7240b4014000-7240b4016000 r--p 0000b000 fc:00 49676379                   /mydata/openjdk-mmtk/build/b0test/images/jdk/lib/libverify.so
7240b4016000-7240b4018000 r--p 0000c000 fc:00 49676379                   /mydata/openjdk-mmtk/build/b0test/images/jdk/lib/libverify.so
7240b4018000-7240b4019000 rw-p 0000e000 fc:00 49676379                   /mydata/openjdk-mmtk/build/b0test/images/jdk/lib/libverify.so
7240b4019000-7240b401e000 r--p 00000000 fc:00 49676433                   /mydata/openjdk-mmtk/build/b0test/images/jdk/lib/libjsvml.so
7240b401e000-7240b405f000 r-xp 00005000 fc:00 49676433                   /mydata/openjdk-mmtk/build/b0test/images/jdk/lib/libjsvml.so
7240b405f000-7240b40e8000 r--p 00046000 fc:00 49676433                   /mydata/openjdk-mmtk/build/b0test/images/jdk/lib/libjsvml.so
7240b40e8000-7240b40e9000 r--p 000ce000 fc:00 49676433                   /mydata/openjdk-mmtk/build/b0test/images/jdk/lib/libjsvml.so
7240b40e9000-7240b40ea000 rw-p 000cf000 fc:00 49676433                   /mydata/openjdk-mmtk/build/b0test/images/jdk/lib/libjsvml.so
7240b40ea000-7240b40eb000 ---p 00000000 00:00 0 
7240b40eb000-7240b41eb000 rw-p 00000000 00:00 0 
7240b41eb000-7240b41ec000 ---p 00000000 00:00 0 
7240b41ec000-7240b42ec000 rw-p 00000000 00:00 0 
7240b42ec000-7240b42ed000 ---p 00000000 00:00 0 
7240b42ed000-7240b43ed000 rw-p 00000000 00:00 0 
7240b43ed000-7240b43ee000 ---p 00000000 00:00 0 
7240b43ee000-7240b44ee000 rw-p 00000000 00:00 0 
7240b44ee000-7240b44ef000 ---p 00000000 00:00 0 
7240b44ef000-7240b45ef000 rw-p 00000000 00:00 0 
7240b45ef000-7240b45f0000 ---p 00000000 00:00 0 
7240b45f0000-7240b46f0000 rw-p 00000000 00:00 0 
7240b46f0000-7240b46f1000 ---p 00000000 00:00 0 
7240b46f1000-7240b47f1000 rw-p 00000000 00:00 0 
7240b47f1000-7240b47f2000 ---p 00000000 00:00 0 
7240b47f2000-7240b48f2000 rw-p 00000000 00:00 0 
7240b48f2000-7240b48f3000 ---p 00000000 00:00 0 
7240b48f3000-7240b49f3000 rw-p 00000000 00:00 0 
7240b49f3000-7240b49f4000 ---p 00000000 00:00 0 
7240b49f4000-7240b4af4000 rw-p 00000000 00:00 0 
7240b4af4000-7240b4af5000 ---p 00000000 00:00 0 
7240b4af5000-7240b4bf5000 rw-p 00000000 00:00 0 
7240b4bf5000-7240b4bf6000 ---p 00000000 00:00 0 
7240b4bf6000-7240b4cf6000 rw-p 00000000 00:00 0 
7240b4cf6000-7240b4cf7000 ---p 00000000 00:00 0 
7240b4cf7000-7240b4df7000 rw-p 00000000 00:00 0 
7240b4df7000-7240b4df8000 ---p 00000000 00:00 0 
7240b4df8000-7240b4ef8000 rw-p 00000000 00:00 0 
7240b4ef8000-7240b4ef9000 ---p 00000000 00:00 0 
7240b4ef9000-7240b4ff9000 rw-p 00000000 00:00 0 
7240b4ff9000-7240b4ffa000 ---p 00000000 00:00 0 
7240b4ffa000-7240b50fa000 rw-p 00000000 00:00 0 
7240b50fa000-7240b50fb000 ---p 00000000 00:00 0 
7240b50fb000-7240b51fb000 rw-p 00000000 00:00 0 
7240b51fb000-7240b51fc000 ---p 00000000 00:00 0 
7240b51fc000-7240b52fc000 rw-p 00000000 00:00 0 
7240b52fc000-7240b52fd000 ---p 00000000 00:00 0 
7240b52fd000-7240b53fd000 rw-p 00000000 00:00 0 
7240b53fd000-7240b53fe000 ---p 00000000 00:00 0 
7240b53fe000-7240b54fe000 rw-p 00000000 00:00 0 
7240b54fe000-7240b54ff000 ---p 00000000 00:00 0 
7240b54ff000-7240b55ff000 rw-p 00000000 00:00 0 
7240b55ff000-7240b5600000 ---p 00000000 00:00 0 
7240b5600000-7240b5700000 rw-p 00000000 00:00 0 
7240b5700000-7240b5704000 ---p 00000000 00:00 0 
7240b5704000-7240b5800000 rw-p 00000000 00:00 0 
7240b5800000-7240b5804000 ---p 00000000 00:00 0 
7240b5804000-7240b5900000 rw-p 00000000 00:00 0 
7240b5900000-7240b5904000 ---p 00000000 00:00 0 
7240b5904000-7240b5a00000 rw-p 00000000 00:00 0 
7240b5a00000-7240b5ceb000 r--p 00000000 08:03 1410552                    /usr/lib/locale/locale-archive
7240b5cf1000-7240b5cf3000 r--p 00000000 fc:00 49676380                   /mydata/openjdk-mmtk/build/b0test/images/jdk/lib/libzip.so
7240b5cf3000-7240b5cf8000 r-xp 00002000 fc:00 49676380                   /mydata/openjdk-mmtk/build/b0test/images/jdk/lib/libzip.so
7240b5cf8000-7240b5cfa000 r--p 00007000 fc:00 49676380                   /mydata/openjdk-mmtk/build/b0test/images/jdk/lib/libzip.so
7240b5cfa000-7240b5cfb000 r--p 00008000 fc:00 49676380                   /mydata/openjdk-mmtk/build/b0test/images/jdk/lib/libzip.so
7240b5cfb000-7240b5cfc000 rw-p 00009000 fc:00 49676380                   /mydata/openjdk-mmtk/build/b0test/images/jdk/lib/libzip.so
7240b5cfc000-7240b5cfd000 ---p 00000000 00:00 0 
7240b5cfd000-7240b5dfd000 rw-p 00000000 00:00 0 
7240b5dfd000-7240b5dfe000 ---p 00000000 00:00 0 
7240b5dfe000-7240b5efe000 rw-p 00000000 00:00 0 
7240b5efe000-7240b5eff000 ---p 00000000 00:00 0 
7240b5eff000-7240b5fff000 rw-p 00000000 00:00 0 
7240b5fff000-7240b6600000 rw-p 00000000 00:00 0 
7240b6600000-7240b660c000 r--p 00000000 fc:00 13107820                   /mydata/gc-bpf-fault/shim/libgcbpf.so
7240b660c000-7240b666e000 r-xp 0000c000 fc:00 13107820                   /mydata/gc-bpf-fault/shim/libgcbpf.so
7240b666e000-7240b68de000 r--p 0006e000 fc:00 13107820                   /mydata/gc-bpf-fault/shim/libgcbpf.so
7240b68de000-7240b68e0000 r--p 002de000 fc:00 13107820                   /mydata/gc-bpf-fault/shim/libgcbpf.so
7240b68e0000-7240b68e1000 rw-p 002e0000 fc:00 13107820                   /mydata/gc-bpf-fault/shim/libgcbpf.so
7240b68e1000-7240b68e2000 rw-p 00000000 00:00 0 
7240b68ea000-7240b68ed000 r--p 00000000 fc:00 49676376                   /mydata/openjdk-mmtk/build/b0test/images/jdk/lib/libnet.so
7240b68ed000-7240b68f5000 r-xp 00003000 fc:00 49676376                   /mydata/openjdk-mmtk/build/b0test/images/jdk/lib/libnet.so
7240b68f5000-7240b68f7000 r--p 0000b000 fc:00 49676376                   /mydata/openjdk-mmtk/build/b0test/images/jdk/lib/libnet.so
7240b68f7000-7240b68f8000 r--p 0000c000 fc:00 49676376                   /mydata/openjdk-mmtk/build/b0test/images/jdk/lib/libnet.so
7240b68f8000-7240b68f9000 rw-p 0000d000 fc:00 49676376                   /mydata/openjdk-mmtk/build/b0test/images/jdk/lib/libnet.so
7240b68f9000-7240b6900000 r--p 00000000 fc:00 49676377                   /mydata/openjdk-mmtk/build/b0test/images/jdk/lib/libnio.so
7240b6900000-7240b6909000 r-xp 00007000 fc:00 49676377                   /mydata/openjdk-mmtk/build/b0test/images/jdk/lib/libnio.so
7240b6909000-7240b690d000 r--p 00010000 fc:00 49676377                   /mydata/openjdk-mmtk/build/b0test/images/jdk/lib/libnio.so
7240b690d000-7240b690e000 r--p 00014000 fc:00 49676377                   /mydata/openjdk-mmtk/build/b0test/images/jdk/lib/libnio.so
7240b690e000-7240b690f000 rw-p 00015000 fc:00 49676377                   /mydata/openjdk-mmtk/build/b0test/images/jdk/lib/libnio.so
7240b690f000-7240b6913000 r--p 00000000 08:03 1410107                    /usr/lib/x86_64-linux-gnu/libzstd.so.1.5.5
7240b6913000-7240b69ba000 r-xp 00004000 08:03 1410107                    /usr/lib/x86_64-linux-gnu/libzstd.so.1.5.5
7240b69ba000-7240b69c7000 r--p 000ab000 08:03 1410107                    /usr/lib/x86_64-linux-gnu/libzstd.so.1.5.5
7240b69c7000-7240b69c8000 r--p 000b7000 08:03 1410107                    /usr/lib/x86_64-linux-gnu/libzstd.so.1.5.5
7240b69c8000-7240b69c9000 rw-p 000b8000 08:03 1410107                    /usr/lib/x86_64-linux-gnu/libzstd.so.1.5.5
7240b69c9000-7240b69cc000 r--p 00000000 08:03 1410420                    /usr/lib/x86_64-linux-gnu/libelf-0.190.so
7240b69cc000-7240b69e2000 r-xp 00003000 08:03 1410420                    /usr/lib/x86_64-linux-gnu/libelf-0.190.so
7240b69e2000-7240b69e6000 r--p 00019000 08:03 1410420                    /usr/lib/x86_64-linux-gnu/libelf-0.190.so
7240b69e6000-7240b69e7000 r--p 0001c000 08:03 1410420                    /usr/lib/x86_64-linux-gnu/libelf-0.190.so
7240b69e7000-7240b69e8000 rw-p 0001d000 08:03 1410420                    /usr/lib/x86_64-linux-gnu/libelf-0.190.so
7240b69f2000-7240b69f7000 rw-p 00000000 00:00 0 
7240b69f7000-7240b6adb000 ---p 00000000 00:00 0 
7240b6adb000-7240b6ae9000 rw-p 00000000 00:00 0 
7240b6ae9000-7240b6bc4000 ---p 00000000 00:00 0 
7240b6bc4000-7240b6bcb000 rw-p 00000000 00:00 0 
7240b6bcb000-7240b6bd4000 ---p 00000000 00:00 0 
7240b6bd4000-7240b6be1000 r--p 00000000 fc:00 49676369                   /mydata/openjdk-mmtk/build/b0test/images/jdk/lib/libjava.so
7240b6be1000-7240b6bf0000 r-xp 0000d000 fc:00 49676369                   /mydata/openjdk-mmtk/build/b0test/images/jdk/lib/libjava.so
7240b6bf0000-7240b6bf5000 r--p 0001c000 fc:00 49676369                   /mydata/openjdk-mmtk/build/b0test/images/jdk/lib/libjava.so
7240b6bf5000-7240b6bf6000 r--p 00021000 fc:00 49676369                   /mydata/openjdk-mmtk/build/b0test/images/jdk/lib/libjava.so
7240b6bf6000-7240b6bf7000 rw-p 00022000 fc:00 49676369                   /mydata/openjdk-mmtk/build/b0test/images/jdk/lib/libjava.so
7240b6bf7000-7240b6bf8000 rw-p 00000000 00:00 0 
7240b6bf8000-7240b6c00000 rw-s 00000000 08:03 237590                     /tmp/hsperfdata_root/514612
7240b6c00000-7240b6d4b000 r--p 00000000 fc:00 49676390                   /mydata/openjdk-mmtk/build/b0test/images/jdk/lib/server/libmmtk_openjdk.so
7240b6d4b000-7240b6fd0000 r-xp 0014a000 fc:00 49676390                   /mydata/openjdk-mmtk/build/b0test/images/jdk/lib/server/libmmtk_openjdk.so
7240b6fd0000-7240b7011000 r--p 003ce000 fc:00 49676390                   /mydata/openjdk-mmtk/build/b0test/images/jdk/lib/server/libmmtk_openjdk.so
7240b7011000-7240b7014000 rw-p 0040e000 fc:00 49676390                   /mydata/openjdk-mmtk/build/b0test/images/jdk/lib/server/libmmtk_openjdk.so
7240b7014000-7240b7016000 rw-p 00000000 00:00 0 
7240b7017000-7240b701b000 ---p 00000000 00:00 0 
7240b701b000-7240b7117000 rw-p 00000000 00:00 0 
7240b7117000-7240b7127000 r--p 00000000 08:03 1411099                    /usr/lib/x86_64-linux-gnu/libm.so.6
7240b7127000-7240b71a6000 r-xp 00010000 08:03 1411099                    /usr/lib/x86_64-linux-gnu/libm.so.6
7240b71a6000-7240b71fe000 r--p 0008f000 08:03 1411099                    /usr/lib/x86_64-linux-gnu/libm.so.6
7240b71fe000-7240b71ff000 r--p 000e7000 08:03 1411099                    /usr/lib/x86_64-linux-gnu/libm.so.6
7240b71ff000-7240b7200000 rw-p 000e8000 08:03 1411099                    /usr/lib/x86_64-linux-gnu/libm.so.6
7240b7200000-7240b74a9000 r--p 00000000 fc:00 49676389                   /mydata/openjdk-mmtk/build/b0test/images/jdk/lib/server/libjvm.so
7240b74a9000-7240b833c000 r-xp 002a9000 fc:00 49676389                   /mydata/openjdk-mmtk/build/b0test/images/jdk/lib/server/libjvm.so
7240b833c000-7240b8620000 r--p 0113c000 fc:00 49676389                   /mydata/openjdk-mmtk/build/b0test/images/jdk/lib/server/libjvm.so
7240b8620000-7240b86f6000 r--p 0141f000 fc:00 49676389                   /mydata/openjdk-mmtk/build/b0test/images/jdk/lib/server/libjvm.so
7240b86f6000-7240b8726000 rw-p 014f5000 fc:00 49676389                   /mydata/openjdk-mmtk/build/b0test/images/jdk/lib/server/libjvm.so
7240b8726000-7240b878c000 rw-p 00000000 00:00 0 
7240b878c000-7240b8793000 r--s 00000000 08:03 1436340                    /usr/lib/x86_64-linux-gnu/gconv/gconv-modules.cache
7240b8793000-7240b8797000 r--p 00000000 fc:00 49676370                   /mydata/openjdk-mmtk/build/b0test/images/jdk/lib/libjimage.so
7240b8797000-7240b87ae000 r-xp 00004000 fc:00 49676370                   /mydata/openjdk-mmtk/build/b0test/images/jdk/lib/libjimage.so
7240b87ae000-7240b87b3000 r--p 0001b000 fc:00 49676370                   /mydata/openjdk-mmtk/build/b0test/images/jdk/lib/libjimage.so
7240b87b3000-7240b87b5000 r--p 00020000 fc:00 49676370                   /mydata/openjdk-mmtk/build/b0test/images/jdk/lib/libjimage.so
7240b87b5000-7240b87b6000 rw-p 00022000 fc:00 49676370                   /mydata/openjdk-mmtk/build/b0test/images/jdk/lib/libjimage.so
7240b87b6000-7240b87ba000 r--p 00000000 08:03 1410148                    /usr/lib/x86_64-linux-gnu/libgcc_s.so.1
7240b87ba000-7240b87de000 r-xp 00004000 08:03 1410148                    /usr/lib/x86_64-linux-gnu/libgcc_s.so.1
7240b87de000-7240b87e2000 r--p 00028000 08:03 1410148                    /usr/lib/x86_64-linux-gnu/libgcc_s.so.1
7240b87e2000-7240b87e3000 r--p 0002b000 08:03 1410148                    /usr/lib/x86_64-linux-gnu/libgcc_s.so.1
7240b87e3000-7240b87e4000 rw-p 0002c000 08:03 1410148                    /usr/lib/x86_64-linux-gnu/libgcc_s.so.1
7240b87e4000-7240b87e6000 r--p 00000000 08:03 1409104                    /usr/lib/x86_64-linux-gnu/libz.so.1.3
7240b87e6000-7240b87f8000 r-xp 00002000 08:03 1409104                    /usr/lib/x86_64-linux-gnu/libz.so.1.3
7240b87f8000-7240b87fe000 r--p 00014000 08:03 1409104                    /usr/lib/x86_64-linux-gnu/libz.so.1.3
7240b87fe000-7240b87ff000 r--p 0001a000 08:03 1409104                    /usr/lib/x86_64-linux-gnu/libz.so.1.3
7240b87ff000-7240b8800000 rw-p 0001b000 08:03 1409104                    /usr/lib/x86_64-linux-gnu/libz.so.1.3
7240b8800000-7240b8828000 r--p 00000000 08:03 1410238                    /usr/lib/x86_64-linux-gnu/libc.so.6
7240b8828000-7240b89b0000 r-xp 00028000 08:03 1410238                    /usr/lib/x86_64-linux-gnu/libc.so.6
7240b89b0000-7240b89ff000 r--p 001b0000 08:03 1410238                    /usr/lib/x86_64-linux-gnu/libc.so.6
7240b89ff000-7240b8a03000 r--p 001fe000 08:03 1410238                    /usr/lib/x86_64-linux-gnu/libc.so.6
7240b8a03000-7240b8a05000 rw-p 00202000 08:03 1410238                    /usr/lib/x86_64-linux-gnu/libc.so.6
7240b8a05000-7240b8a12000 rw-p 00000000 00:00 0 
7240b8a17000-7240b8a19000 rw-p 00000000 00:00 0 
7240b8a1e000-7240b8a1f000 rw-s 00000000 00:10 68                         anon_inode:bpf-map
7240b8a1f000-7240b8a20000 r--s 00000000 00:10 68                         anon_inode:bpf-map
7240b8a20000-7240b8a21000 ---p 00000000 00:00 0 
7240b8a21000-7240b8a22000 r--p 00000000 00:00 0 
7240b8a22000-7240b8a23000 ---p 00000000 00:00 0 
7240b8a23000-7240b8a25000 r--p 00000000 fc:00 49676372                   /mydata/openjdk-mmtk/build/b0test/images/jdk/lib/libjli.so
7240b8a25000-7240b8a2f000 r-xp 00002000 fc:00 49676372                   /mydata/openjdk-mmtk/build/b0test/images/jdk/lib/libjli.so
7240b8a2f000-7240b8a32000 r--p 0000c000 fc:00 49676372                   /mydata/openjdk-mmtk/build/b0test/images/jdk/lib/libjli.so
7240b8a32000-7240b8a33000 r--p 0000f000 fc:00 49676372                   /mydata/openjdk-mmtk/build/b0test/images/jdk/lib/libjli.so
7240b8a33000-7240b8a34000 rw-p 00010000 fc:00 49676372                   /mydata/openjdk-mmtk/build/b0test/images/jdk/lib/libjli.so
7240b8a34000-7240b8a36000 rw-p 00000000 00:00 0 
7240b8a36000-7240b8a3a000 r--p 00000000 00:00 0                          [vvar]
7240b8a3a000-7240b8a3c000 r--p 00000000 00:00 0                          [vvar_vclock]
7240b8a3c000-7240b8a3e000 r-xp 00000000 00:00 0                          [vdso]
7240b8a3e000-7240b8a3f000 r--p 00000000 08:03 1409763                    /usr/lib/x86_64-linux-gnu/ld-linux-x86-64.so.2
7240b8a3f000-7240b8a6a000 r-xp 00001000 08:03 1409763                    /usr/lib/x86_64-linux-gnu/ld-linux-x86-64.so.2
7240b8a6a000-7240b8a74000 r--p 0002c000 08:03 1409763                    /usr/lib/x86_64-linux-gnu/ld-linux-x86-64.so.2
7240b8a74000-7240b8a76000 r--p 00036000 08:03 1409763                    /usr/lib/x86_64-linux-gnu/ld-linux-x86-64.so.2
7240b8a76000-7240b8a78000 rw-p 00038000 08:03 1409763                    /usr/lib/x86_64-linux-gnu/ld-linux-x86-64.so.2
7ffe3b563000-7ffe3b584000 rw-p 00000000 00:00 0                          [stack]
ffffffffff600000-ffffffffff601000 --xp 00000000 00:00 0                  [vsyscall]
Total number of mappings: 538

JVMTI agents: none


VM Arguments:
jvm_args: -XX:+UseThirdPartyHeap -Xms512m -Xmx512m 
java_command: /mydata/dacapo/dacapo-23.11/dacapo-23.11-MR2-chopin.jar xalan -n 3
java_class_path (initial): /mydata/dacapo/dacapo-23.11/dacapo-23.11-MR2-chopin.jar
Launcher Type: SUN_STANDARD

[Global flags]
     intx CICompilerCount                          = 15                                        {product} {ergonomic}
   size_t InitialHeapSize                          = 536870912                                 {product} {command line}
   size_t MaxHeapSize                              = 536870912                                 {product} {command line}
   size_t MinHeapDeltaBytes                        = 524288                                    {product} {ergonomic}
   size_t MinHeapSize                              = 536870912                                 {product} {command line}
    uintx NonNMethodCodeHeapSize                   = 8192380                                {pd product} {ergonomic}
    uintx NonProfiledCodeHeapSize                  = 121732930                              {pd product} {ergonomic}
    uintx ProfiledCodeHeapSize                     = 121732930                              {pd product} {ergonomic}
    uintx ReservedCodeCacheSize                    = 251658240                              {pd product} {ergonomic}
     bool SegmentedCodeCache                       = true                                      {product} {ergonomic}
   size_t SoftMaxHeapSize                          = 536870912                              {manageable} {ergonomic}
     bool UseCompressedOops                        = true                           {product lp64_product} {ergonomic}

Logging:
Log output configuration:
 #0: stdout all=warning uptime,level,tags foldmultilines=false
 #1: stderr all=off uptime,level,tags foldmultilines=false

Release file:
IMPLEMENTOR="N/A"
JAVA_RUNTIME_VERSION="21.0.9-internal-adhoc.talzuss.openjdk-mmtk"
JAVA_VERSION="21.0.9"
JAVA_VERSION_DATE="2025-10-21"
LIBC="gnu"
MODULES="java.base java.compiler java.datatransfer java.xml java.prefs java.desktop java.instrument java.logging java.management java.security.sasl java.naming java.rmi java.management.rmi java.net.http java.scripting java.security.jgss java.transaction.xa java.sql java.sql.rowset java.xml.crypto java.se java.smartcardio jdk.accessibility jdk.internal.jvmstat jdk.attach jdk.charsets jdk.internal.opt jdk.zipfs jdk.compiler jdk.crypto.ec jdk.crypto.cryptoki jdk.dynalink jdk.internal.ed jdk.editpad jdk.hotspot.agent jdk.httpserver jdk.incubator.vector jdk.internal.le jdk.internal.vm.ci jdk.internal.vm.compiler jdk.internal.vm.compiler.management jdk.jartool jdk.javadoc jdk.jcmd jdk.management jdk.management.agent jdk.jconsole jdk.jdeps jdk.jdwp.agent jdk.jdi jdk.jfr jdk.jlink jdk.jpackage jdk.jshell jdk.jsobject jdk.jstatd jdk.localedata jdk.management.jfr jdk.naming.dns jdk.naming.rmi jdk.net jdk.nio.mapmode jdk.random jdk.sctp jdk.security.auth jdk.security.jgss jdk.unsupported jdk.unsupported.desktop jdk.xml.dom"
OS_ARCH="x86_64"
OS_NAME="Linux"
SOURCE=".:git:b557520f04b3+"

Environment Variables:
PATH=/usr/local/sbin:/usr/local/bin:/usr/sbin:/usr/bin:/sbin:/bin:/snap/bin
SHELL=/bin/bash
LANG=en_US.UTF-8
TERM=tmux-256color

Active Locale:
LC_ALL=en_US.UTF-8
LC_COLLATE=en_US.UTF-8
LC_CTYPE=en_US.UTF-8
LC_MESSAGES=en_US.UTF-8
LC_MONETARY=en_US.UTF-8
LC_NUMERIC=en_US.UTF-8
LC_TIME=en_US.UTF-8

Signal Handlers:
   SIGSEGV: crash_handler in libjvm.so, mask=11100100010111111101111111111110, flags=SA_RESTART|SA_SIGINFO, unblocked
    SIGBUS: crash_handler in libjvm.so, mask=11100100010111111101111111111110, flags=SA_RESTART|SA_SIGINFO, unblocked
    SIGFPE: crash_handler in libjvm.so, mask=11100100010111111101111111111110, flags=SA_RESTART|SA_SIGINFO, unblocked
   SIGPIPE: javaSignalHandler in libjvm.so, mask=11100100010111111101111111111110, flags=SA_RESTART|SA_SIGINFO, blocked
   SIGXFSZ: javaSignalHandler in libjvm.so, mask=11100100010111111101111111111110, flags=SA_RESTART|SA_SIGINFO, blocked
    SIGILL: crash_handler in libjvm.so, mask=11100100010111111101111111111110, flags=SA_RESTART|SA_SIGINFO, unblocked
   SIGUSR2: SR_handler in libjvm.so, mask=00000000000000000000000000000000, flags=SA_RESTART|SA_SIGINFO, blocked
    SIGHUP: UserHandler in libjvm.so, mask=11100100010111111101111111111110, flags=SA_RESTART|SA_SIGINFO, blocked
    SIGINT: UserHandler in libjvm.so, mask=11100100010111111101111111111110, flags=SA_RESTART|SA_SIGINFO, blocked
   SIGTERM: UserHandler in libjvm.so, mask=11100100010111111101111111111110, flags=SA_RESTART|SA_SIGINFO, blocked
   SIGQUIT: UserHandler in libjvm.so, mask=11100100010111111101111111111110, flags=SA_RESTART|SA_SIGINFO, blocked
   SIGTRAP: crash_handler in libjvm.so, mask=11100100010111111101111111111110, flags=SA_RESTART|SA_SIGINFO, unblocked


Periodic native trim disabled

---------------  S Y S T E M  ---------------

OS:
DISTRIB_ID=Ubuntu
DISTRIB_RELEASE=24.04
DISTRIB_CODENAME=noble
DISTRIB_DESCRIPTION="Ubuntu 24.04.4 LTS"
uname: Linux 6.17.0-bpf-fault+ #1 SMP PREEMPT_DYNAMIC Mon Jul  6 16:43:12 MDT 2026 x86_64
OS uptime: 1 days 7:05 hours
libc: glibc 2.39 NPTL 2.39 
rlimit (soft/hard): STACK 8192k/infinity , CORE 0k/0k , NPROC 513205/513205 , NOFILE 1048576/1048576 , AS infinity/infinity , CPU infinity/infinity , DATA infinity/infinity , FSIZE infinity/infinity , MEMLOCK 16436528k/16436528k
load average: 3.01 2.43 2.07

/proc/meminfo:
MemTotal:       131492232 kB
MemFree:        75814816 kB
MemAvailable:   123698624 kB
Buffers:          598504 kB
Cached:         46514744 kB
SwapCached:            0 kB
Active:          2433552 kB
Inactive:       46289688 kB
Active(anon):    1627028 kB
Inactive(anon):        0 kB
Active(file):     806524 kB
Inactive(file): 46289688 kB
Unevictable:       41912 kB
Mlocked:           38840 kB
SwapTotal:       8388604 kB
SwapFree:        8388604 kB
Zswap:                 0 kB
Zswapped:              0 kB
Dirty:              8032 kB
Writeback:             0 kB
AnonPages:       1653720 kB
Mapped:          3397340 kB
Shmem:              5316 kB
KReclaimable:    2039280 kB
Slab:            2583508 kB
SReclaimable:    2039280 kB
SUnreclaim:       544228 kB
KernelStack:       10384 kB
PageTables:        47308 kB
SecPageTables:      9980 kB
NFS_Unstable:          0 kB
Bounce:                0 kB
WritebackTmp:          0 kB
CommitLimit:    74134720 kB
Committed_AS:   159853036 kB
VmallocTotal:   34359738367 kB
VmallocUsed:       36276 kB
VmallocChunk:          0 kB
Percpu:            52224 kB
HardwareCorrupted:     0 kB
AnonHugePages:         0 kB
ShmemHugePages:        0 kB
ShmemPmdMapped:        0 kB
FileHugePages:   2152448 kB
FilePmdMapped:         0 kB
Unaccepted:            0 kB
Balloon:               0 kB
HugePages_Total:       0
HugePages_Free:        0
HugePages_Rsvd:        0
HugePages_Surp:        0
Hugepagesize:       2048 kB
Hugetlb:               0 kB
DirectMap4k:     1393472 kB
DirectMap2M:    30699520 kB
DirectMap1G:    101711872 kB

/sys/kernel/mm/transparent_hugepage/enabled: always [madvise] never
/sys/kernel/mm/transparent_hugepage/hpage_pmd_size: 2097152
/sys/kernel/mm/transparent_hugepage/defrag (defrag/compaction efforts parameter): always defer defer+madvise [madvise] never

Process Memory:
Virtual Size: 13620283392K (peak: 13620283432K)
Resident Set Size: 4164236K (peak: 4164640K) (anon: 990856K, file: 3173380K, shmem: 0K)
Swapped out: 0K
C-Heap outstanding allocations: 1382928K, retained: 42611K
glibc malloc tunables: (default)

/proc/sys/kernel/threads-max (system-wide limit on the number of threads): 1026411
/proc/sys/vm/max_map_count (maximum number of memory map areas a process may have): 1048576
/proc/sys/vm/swappiness (control to define how aggressively the kernel swaps out anonymous memory): 60
/proc/sys/kernel/pid_max (system-wide limit on number of process identifiers): 4194304

container information not found.
Steal ticks since vm start: 0
Steal ticks percentage since vm start:  0.000

CPU: total 32 (initial active 32) (32 cores per cpu, 2 threads per core) family 23 model 49 stepping 0 microcode 0x830107c, cx8, cmov, fxsr, ht, mmx, 3dnowpref, sse, sse2, sse3, ssse3, sse4a, sse4.1, sse4.2, popcnt, lzcnt, tsc, tscinvbit, avx, avx2, aes, clmul, bmi1, bmi2, adx, sha, fma, vzeroupper, clflush, clflushopt, rdtscp, rdpid, f16c
CPU Model and flags from /proc/cpuinfo:
model name	: AMD EPYC 7302P 16-Core Processor
flags		: fpu vme de pse tsc msr pae mce cx8 apic sep mtrr pge mca cmov pat pse36 clflush mmx fxsr sse sse2 ht syscall nx mmxext fxsr_opt pdpe1gb rdtscp lm constant_tsc rep_good nopl xtopology nonstop_tsc cpuid extd_apicid aperfmperf rapl pni pclmulqdq monitor ssse3 fma cx16 sse4_1 sse4_2 movbe popcnt aes xsave avx f16c rdrand lahf_lm cmp_legacy svm extapic cr8_legacy abm sse4a misalignsse 3dnowprefetch osvw ibs skinit wdt tce topoext perfctr_core perfctr_nb bpext perfctr_llc mwaitx cpb cat_l3 cdp_l3 hw_pstate ssbd mba ibrs ibpb stibp vmmcall fsgsbase bmi1 avx2 smep bmi2 cqm rdt_a rdseed adx smap clflushopt clwb sha_ni xsaveopt xsavec xgetbv1 xsaves cqm_llc cqm_occup_llc cqm_mbm_total cqm_mbm_local clzero irperf xsaveerptr rdpru wbnoinvd amd_ppin arat npt lbrv svm_lock nrip_save tsc_scale vmcb_clean flushbyasid decodeassists pausefilter pfthreshold avic v_vmsave_vmload vgif v_spec_ctrl umip rdpid overflow_recov succor smca sev sev_es

Online cpus: 0-31
Offline cpus: 
BIOS frequency limitation: <Not Available>
Frequency switch latency (ns): <Not Available>
Available cpu frequencies: <Not Available>
Current governor: <Not Available>
Core performance/turbo boost: <Not Available>

Memory: 4k page, physical 131492232k(123698624k free), swap 8388604k(8388604k free)
Page Sizes: 4k

vm_info: OpenJDK 64-Bit Server VM (21.0.9-internal-adhoc.talzuss.openjdk-mmtk) for linux-amd64 JRE (21.0.9-internal-adhoc.talzuss.openjdk-mmtk), built on 2026-07-06T23:13:08Z by "talzuss" with gcc 13.3.0
heap_info: MMTk OpenJDK 0.32.0 (dd145e6), using MMTk 0.32.0 (da28534-dirty, BUILTIN_ENV_LOGGER, DEFAULT, EAGER_SWEEPING, VO_BIT)r

END.
