#
# A fatal error has been detected by the Java Runtime Environment:
#
#  SIGSEGV (0xb) at pc=0x0000775f2f7e84ed, pid=515033, tid=515101
#
# JRE version: OpenJDK Runtime Environment (21.0.9) (build 21.0.9-internal-adhoc.talzuss.openjdk-mmtk)
# Java VM: OpenJDK 64-Bit Server VM (21.0.9-internal-adhoc.talzuss.openjdk-mmtk, mixed mode, sharing, tiered, compressed oops, compressed class ptrs, third-party gc, linux-amd64)
# Problematic frame:
# V  [libjvm.so+0xde84ed]  SharedRuntime::generate_class_cast_message(Klass*, Klass*, Symbol*)+0x5d
#
# No core dump will be written. Core dumps have been disabled. To enable core dumping, try "ulimit -c unlimited" before starting Java again
#
# If you would like to submit a bug report, please visit:
#   https://bugreport.java.com/bugreport/crash.jsp
#

---------------  S U M M A R Y ------------

Command Line: -XX:+UseThirdPartyHeap -Xms512m -Xmx512m /mydata/dacapo/dacapo-23.11/dacapo-23.11-MR2-chopin.jar xalan -n 3

Host: AMD EPYC 7302P 16-Core Processor, 32 cores, 125G, Ubuntu 24.04.4 LTS
Time: Wed Jul  8 00:02:34 2026 MDT elapsed time: 3.169371 seconds (0d 0h 0m 3s)

---------------  T H R E A D  ---------------

Current thread (0x0000775f287c9ce0):  JavaThread "Thread-22"        [_thread_in_vm, id=515101, stack(0x00006ab1f1700000,0x00006ab1f1800000) (1024K)]

Stack: [0x00006ab1f1700000,0x00006ab1f1800000],  sp=0x00006ab1f17fb4b0,  free space=1005k
Native frames: (J=compiled Java code, j=interpreted, Vv=VM code, C=native code)
V  [libjvm.so+0xde84ed]  SharedRuntime::generate_class_cast_message(Klass*, Klass*, Symbol*)+0x5d  (sharedRuntime.cpp:2190)
V  [libjvm.so+0xdeb170]  SharedRuntime::generate_class_cast_message(JavaThread*, Klass*)+0xf0  (sharedRuntime.cpp:2171)
V  [libjvm.so+0x92115f]  InterpreterRuntime::throw_ClassCastException(JavaThread*, oopDesc*)+0x6f  (interpreterRuntime.cpp:447)
j  org.apache.xpath.axes.IteratorPool.getInstance()Lorg/apache/xml/dtm/DTMIterator;+49
j  org.apache.xpath.axes.LocPathIterator.asIterator(Lorg/apache/xpath/XPathContext;I)Lorg/apache/xml/dtm/DTMIterator;+8
J 1891 c1 org.apache.xalan.templates.ElemApplyTemplates.transformSelectedNodes(Lorg/apache/xalan/transformer/TransformerImpl;)V (979 bytes) @ 0x0000775f10be0e8c [0x0000775f10be0ca0+0x00000000000001ec]
J 2488 c2 org.apache.xalan.templates.ElemApplyTemplates.execute(Lorg/apache/xalan/transformer/TransformerImpl;)V (141 bytes) @ 0x0000775f18526904 [0x0000775f18526700+0x0000000000000204]
J 2226 c2 org.apache.xalan.transformer.TransformerImpl.executeChildTemplates(Lorg/apache/xalan/templates/ElemTemplateElement;Z)V (218 bytes) @ 0x0000775f184b7f1c [0x0000775f184b7da0+0x000000000000017c]
j  org.apache.xalan.templates.ElemLiteralResult.execute(Lorg/apache/xalan/transformer/TransformerImpl;)V+195
J 1891 c1 org.apache.xalan.templates.ElemApplyTemplates.transformSelectedNodes(Lorg/apache/xalan/transformer/TransformerImpl;)V (979 bytes) @ 0x0000775f10be5564 [0x0000775f10be0ca0+0x00000000000048c4]
J 2488 c2 org.apache.xalan.templates.ElemApplyTemplates.execute(Lorg/apache/xalan/transformer/TransformerImpl;)V (141 bytes) @ 0x0000775f18526904 [0x0000775f18526700+0x0000000000000204]
J 2226 c2 org.apache.xalan.transformer.TransformerImpl.executeChildTemplates(Lorg/apache/xalan/templates/ElemTemplateElement;Z)V (218 bytes) @ 0x0000775f184b7f1c [0x0000775f184b7da0+0x000000000000017c]
j  org.apache.xalan.templates.ElemLiteralResult.execute(Lorg/apache/xalan/transformer/TransformerImpl;)V+195
J 1891 c1 org.apache.xalan.templates.ElemApplyTemplates.transformSelectedNodes(Lorg/apache/xalan/transformer/TransformerImpl;)V (979 bytes) @ 0x0000775f10be5564 [0x0000775f10be0ca0+0x00000000000048c4]
J 2488 c2 org.apache.xalan.templates.ElemApplyTemplates.execute(Lorg/apache/xalan/transformer/TransformerImpl;)V (141 bytes) @ 0x0000775f18526904 [0x0000775f18526700+0x0000000000000204]
J 2226 c2 org.apache.xalan.transformer.TransformerImpl.executeChildTemplates(Lorg/apache/xalan/templates/ElemTemplateElement;Z)V (218 bytes) @ 0x0000775f184b7f1c [0x0000775f184b7da0+0x000000000000017c]
j  org.apache.xalan.templates.ElemLiteralResult.execute(Lorg/apache/xalan/transformer/TransformerImpl;)V+195
J 1891 c1 org.apache.xalan.templates.ElemApplyTemplates.transformSelectedNodes(Lorg/apache/xalan/transformer/TransformerImpl;)V (979 bytes) @ 0x0000775f10be5564 [0x0000775f10be0ca0+0x00000000000048c4]
J 2488 c2 org.apache.xalan.templates.ElemApplyTemplates.execute(Lorg/apache/xalan/transformer/TransformerImpl;)V (141 bytes) @ 0x0000775f18526904 [0x0000775f18526700+0x0000000000000204]
J 2226 c2 org.apache.xalan.transformer.TransformerImpl.executeChildTemplates(Lorg/apache/xalan/templates/ElemTemplateElement;Z)V (218 bytes) @ 0x0000775f184b7f1c [0x0000775f184b7da0+0x000000000000017c]
j  org.apache.xalan.templates.ElemLiteralResult.execute(Lorg/apache/xalan/transformer/TransformerImpl;)V+195
J 1891 c1 org.apache.xalan.templates.ElemApplyTemplates.transformSelectedNodes(Lorg/apache/xalan/transformer/TransformerImpl;)V (979 bytes) @ 0x0000775f10be5564 [0x0000775f10be0ca0+0x00000000000048c4]
J 2488 c2 org.apache.xalan.templates.ElemApplyTemplates.execute(Lorg/apache/xalan/transformer/TransformerImpl;)V (141 bytes) @ 0x0000775f18526904 [0x0000775f18526700+0x0000000000000204]
J 2226 c2 org.apache.xalan.transformer.TransformerImpl.executeChildTemplates(Lorg/apache/xalan/templates/ElemTemplateElement;Z)V (218 bytes) @ 0x0000775f184b7f1c [0x0000775f184b7da0+0x000000000000017c]
j  org.apache.xalan.transformer.TransformerImpl.applyTemplateToNode(Lorg/apache/xalan/templates/ElemTemplateElement;Lorg/apache/xalan/templates/ElemTemplate;I)Z+453
J 2899 c1 org.apache.xalan.transformer.TransformerImpl.transformNode(I)V (489 bytes) @ 0x0000775f10df0e3c [0x0000775f10defb40+0x00000000000012fc]
j  org.apache.xalan.transformer.TransformerImpl.transform(Ljavax/xml/transform/Source;Z)V+331
j  org.apache.xalan.transformer.TransformerImpl.transform(Ljavax/xml/transform/Source;Ljavax/xml/transform/Result;Z)V+29
j  org.apache.xalan.transformer.TransformerImpl.transform(Ljavax/xml/transform/Source;Ljavax/xml/transform/Result;)V+4
j  org.dacapo.xalan.XSLTBench$XalanWorker.run()V+209
v  ~StubRoutines::call_stub 0x0000775f17c17cc6
V  [libjvm.so+0x92b2fa]  JavaCalls::call_helper(JavaValue*, methodHandle const&, JavaCallArguments*, JavaThread*)+0x2da  (javaCalls.cpp:415)
V  [libjvm.so+0x92ccb2]  JavaCalls::call_virtual(JavaValue*, Handle, Klass*, Symbol*, Symbol*, JavaThread*)+0x1c2  (javaCalls.cpp:329)
V  [libjvm.so+0x9fc323]  thread_entry(JavaThread*, JavaThread*)+0x93  (jvm.cpp:2930)
V  [libjvm.so+0x941e38]  JavaThread::thread_main_inner() [clone .part.0]+0xb8  (javaThread.cpp:717)
V  [libjvm.so+0xf9e927]  Thread::call_run()+0xa7  (thread.cpp:236)
V  [libjvm.so+0xd290e5]  thread_native_entry(Thread*)+0xd5  (os_linux.cpp:789)
C  [libc.so.6+0x9caa4]
Java frames: (J=compiled Java code, j=interpreted, Vv=VM code)
j  org.apache.xpath.axes.IteratorPool.getInstance()Lorg/apache/xml/dtm/DTMIterator;+49
j  org.apache.xpath.axes.LocPathIterator.asIterator(Lorg/apache/xpath/XPathContext;I)Lorg/apache/xml/dtm/DTMIterator;+8
J 1891 c1 org.apache.xalan.templates.ElemApplyTemplates.transformSelectedNodes(Lorg/apache/xalan/transformer/TransformerImpl;)V (979 bytes) @ 0x0000775f10be0e8c [0x0000775f10be0ca0+0x00000000000001ec]
J 2488 c2 org.apache.xalan.templates.ElemApplyTemplates.execute(Lorg/apache/xalan/transformer/TransformerImpl;)V (141 bytes) @ 0x0000775f18526904 [0x0000775f18526700+0x0000000000000204]
J 2226 c2 org.apache.xalan.transformer.TransformerImpl.executeChildTemplates(Lorg/apache/xalan/templates/ElemTemplateElement;Z)V (218 bytes) @ 0x0000775f184b7f1c [0x0000775f184b7da0+0x000000000000017c]
j  org.apache.xalan.templates.ElemLiteralResult.execute(Lorg/apache/xalan/transformer/TransformerImpl;)V+195
J 1891 c1 org.apache.xalan.templates.ElemApplyTemplates.transformSelectedNodes(Lorg/apache/xalan/transformer/TransformerImpl;)V (979 bytes) @ 0x0000775f10be5564 [0x0000775f10be0ca0+0x00000000000048c4]
J 2488 c2 org.apache.xalan.templates.ElemApplyTemplates.execute(Lorg/apache/xalan/transformer/TransformerImpl;)V (141 bytes) @ 0x0000775f18526904 [0x0000775f18526700+0x0000000000000204]
J 2226 c2 org.apache.xalan.transformer.TransformerImpl.executeChildTemplates(Lorg/apache/xalan/templates/ElemTemplateElement;Z)V (218 bytes) @ 0x0000775f184b7f1c [0x0000775f184b7da0+0x000000000000017c]
j  org.apache.xalan.templates.ElemLiteralResult.execute(Lorg/apache/xalan/transformer/TransformerImpl;)V+195
J 1891 c1 org.apache.xalan.templates.ElemApplyTemplates.transformSelectedNodes(Lorg/apache/xalan/transformer/TransformerImpl;)V (979 bytes) @ 0x0000775f10be5564 [0x0000775f10be0ca0+0x00000000000048c4]
J 2488 c2 org.apache.xalan.templates.ElemApplyTemplates.execute(Lorg/apache/xalan/transformer/TransformerImpl;)V (141 bytes) @ 0x0000775f18526904 [0x0000775f18526700+0x0000000000000204]
J 2226 c2 org.apache.xalan.transformer.TransformerImpl.executeChildTemplates(Lorg/apache/xalan/templates/ElemTemplateElement;Z)V (218 bytes) @ 0x0000775f184b7f1c [0x0000775f184b7da0+0x000000000000017c]
j  org.apache.xalan.templates.ElemLiteralResult.execute(Lorg/apache/xalan/transformer/TransformerImpl;)V+195
J 1891 c1 org.apache.xalan.templates.ElemApplyTemplates.transformSelectedNodes(Lorg/apache/xalan/transformer/TransformerImpl;)V (979 bytes) @ 0x0000775f10be5564 [0x0000775f10be0ca0+0x00000000000048c4]
J 2488 c2 org.apache.xalan.templates.ElemApplyTemplates.execute(Lorg/apache/xalan/transformer/TransformerImpl;)V (141 bytes) @ 0x0000775f18526904 [0x0000775f18526700+0x0000000000000204]
J 2226 c2 org.apache.xalan.transformer.TransformerImpl.executeChildTemplates(Lorg/apache/xalan/templates/ElemTemplateElement;Z)V (218 bytes) @ 0x0000775f184b7f1c [0x0000775f184b7da0+0x000000000000017c]
j  org.apache.xalan.templates.ElemLiteralResult.execute(Lorg/apache/xalan/transformer/TransformerImpl;)V+195
J 1891 c1 org.apache.xalan.templates.ElemApplyTemplates.transformSelectedNodes(Lorg/apache/xalan/transformer/TransformerImpl;)V (979 bytes) @ 0x0000775f10be5564 [0x0000775f10be0ca0+0x00000000000048c4]
J 2488 c2 org.apache.xalan.templates.ElemApplyTemplates.execute(Lorg/apache/xalan/transformer/TransformerImpl;)V (141 bytes) @ 0x0000775f18526904 [0x0000775f18526700+0x0000000000000204]
J 2226 c2 org.apache.xalan.transformer.TransformerImpl.executeChildTemplates(Lorg/apache/xalan/templates/ElemTemplateElement;Z)V (218 bytes) @ 0x0000775f184b7f1c [0x0000775f184b7da0+0x000000000000017c]
j  org.apache.xalan.transformer.TransformerImpl.applyTemplateToNode(Lorg/apache/xalan/templates/ElemTemplateElement;Lorg/apache/xalan/templates/ElemTemplate;I)Z+453
J 2899 c1 org.apache.xalan.transformer.TransformerImpl.transformNode(I)V (489 bytes) @ 0x0000775f10df0e3c [0x0000775f10defb40+0x00000000000012fc]
j  org.apache.xalan.transformer.TransformerImpl.transform(Ljavax/xml/transform/Source;Z)V+331
j  org.apache.xalan.transformer.TransformerImpl.transform(Ljavax/xml/transform/Source;Ljavax/xml/transform/Result;Z)V+29
j  org.apache.xalan.transformer.TransformerImpl.transform(Ljavax/xml/transform/Source;Ljavax/xml/transform/Result;)V+4
j  org.dacapo.xalan.XSLTBench$XalanWorker.run()V+209
v  ~StubRoutines::call_stub 0x0000775f17c17cc6

siginfo: si_signo: 11 (SIGSEGV), si_code: 1 (SEGV_MAPERR), si_addr: 0x0000000000000088

Registers:
RAX=0x0000000000000000, RBX=0x00006ab1f401ea90, RCX=0x000000000000001d, RDX=0x00006ab14c002978
RSP=0x00006ab1f17fb4b0, RBP=0x00006ab1f17fb500, RSI=0x0000000000000072, RDI=0x00006ab1f3000000
R8 =0x0000775f17c1e790, R9 =0x0000775f17c1e780, R10=0x0000775f30219000, R11=0x0aab3869e741cef6
R12=0x00006ab1f3000000, R13=0x00006ab14c002978, R14=0x0000000000000000, R15=0x00006ab14c002970
RIP=0x0000775f2f7e84ed, EFLAGS=0x0000000000010202, CSGSFS=0x002b000000000033, ERR=0x0000000000000004
  TRAPNO=0x000000000000000e

XMM[0]=0x0000000000000000 0x0000000000000000
XMM[1]=0x0000000000000000 0x0000000000000000
XMM[2]=0x0000000000000000 0x0000775f17c22104
XMM[3]=0x0000000000000000 0x00000000000000ff
XMM[4]=0x0000000000000000 0x0000775f287c9ce0
XMM[5]=0x00006ab1f17fc918 0x00006a0000000000
XMM[6]=0x00006ab1f17fc990 0x0000770000000000
XMM[7]=0x0000000000000000 0x0000775f17c1e790
XMM[8]=0xff00ff00ff00ff00 0xff00ff00ff00ff00
XMM[9]=0x0000000000000000 0x0000000000000000
XMM[10]=0x0000000000000000 0x00000000092081c0
XMM[11]=0x0000000000000000 0xefe56f37ed4f5e0b
XMM[12]=0x0000000000000000 0x00000000fd69eed4
XMM[13]=0x0000000000000000 0x0000000000000000
XMM[14]=0x0000000000000000 0x0000000000000000
XMM[15]=0x0000000000000000 0x0000000000000000
  MXCSR=0x00001fa2


Register to memory mapping:

RAX=0x0 is null
RBX=
[error occurred during error reporting (printing register info), id 0xe0000000, Internal Error (/mydata/mmtk-openjdk/openjdk/share/mmtkHeap.cpp:444)]
RCX=
[error occurred during error reporting (printing register info, attempt 2), id 0xe0000000, Internal Error (/mydata/mmtk-openjdk/openjdk/share/mmtkHeap.cpp:444)]
RDX=
[error occurred during error reporting (printing register info, attempt 3), id 0xe0000000, Internal Error (/mydata/mmtk-openjdk/openjdk/share/mmtkHeap.cpp:444)]
Top of Stack: (sp=0x00006ab1f17fb4b0)
0x00006ab1f17fb4b0:   0000775f287c9ce0 0000000000000000
0x00006ab1f17fb4c0:   00010101ffffffff 000000000000003e
0x00006ab1f17fb4d0:   00006ab1f17fb560 00006ab1f3000000
0x00006ab1f17fb4e0:   0000775f2ff2bde0 00006ab1e869fce9
0x00006ab1f17fb4f0:   00006ab1f17fb510 00006ab1f401ea90
0x00006ab1f17fb500:   00006ab1f17fc840 0000775f2f7eb170
0x00006ab1f17fb510:   00006ab1e869f7a8 0000775f287c9ce0
0x00006ab1f17fb520:   00006ab1f17fc8c0 0000775f17c22104
0x00006ab1f17fb530:   0000775f17c1e790 0000000000000000
0x00006ab1f17fb540:   00006a0000000000 00006ab1f17fc918
0x00006ab1f17fb550:   00006ab1f17fc8c0 0000775f287c9ce0
0x00006ab1f17fb560:   00006ab1f17fc2a0 00006ab1f17fc2a4
0x00006ab1f17fb570:   00000000e8045f48 00000000e8836178
0x00006ab1f17fb580:   00006ab1f17fc2d0 00006ab1f17fc2d0
0x00006ab1f17fb590:   00006ab1f17fc288 00006ab1f17fc28c
0x00006ab1f17fb5a0:   00006ab1f17fc280 00006ab1f17fc284
0x00006ab1f17fb5b0:   00006ab1f17fc278 00006ab1f17fc27c
0x00006ab1f17fb5c0:   00006ab1f17fc270 00006ab1f17fc274
0x00006ab1f17fb5d0:   00006ab1f17fc268 00006ab1f17fc26c
0x00006ab1f17fb5e0:   00006ab1f17fc260 00006ab1f17fc264
0x00006ab1f17fb5f0:   00006ab1f17fc258 00006ab1f17fc25c
0x00006ab1f17fb600:   00006ab1f17fc250 00006ab1f17fc254
0x00006ab1f17fb610:   00006ab1f17fc248 00006ab1f17fc24c
0x00006ab1f17fb620:   00006ab1f17fc240 00006ab1f17fc244
0x00006ab1f17fb630:   0000000000000000 0000000000000000
0x00006ab1f17fb640:   00000000e880a0b0 00000000e88070b0
0x00006ab1f17fb650:   0000000000000000 0000000000000000
0x00006ab1f17fb660:   00006ab1f17fa520 00006ab1f17fa524
0x00006ab1f17fb670:   0000000000000000 0000000000000000
0x00006ab1f17fb680:   0000000000000000 00000000e8631c18
0x00006ab1f17fb690:   0000000000000000 0000000000000000
0x00006ab1f17fb6a0:   0000000000000000 00000000e880a080 

Instructions: (pc=0x0000775f2f7e84ed)
0x0000775f2f7e83ed:   0f 1f 00 ba 01 00 00 00 be 01 00 00 00 48 89 df
0x0000775f2f7e83fd:   e8 5e 84 ff ff 8b 83 60 07 00 00 a8 0c 74 ce 48
0x0000775f2f7e840d:   89 df e8 3c bb b5 ff eb c4 66 2e 0f 1f 84 00 00
0x0000775f2f7e841d:   00 00 00 48 8b 7f 08 e9 2c ff ff ff 0f 1f 80 00
0x0000775f2f7e842d:   00 00 00 48 8d 05 89 cb 77 00 45 31 c0 ba 5d 08
0x0000775f2f7e843d:   00 00 48 89 df 48 8d 35 9f 86 3d 00 48 8b 88 08
0x0000775f2f7e844d:   05 00 00 e8 5b 0c 9b ff 4c 8b a3 98 01 00 00 49
0x0000775f2f7e845d:   8b 44 24 10 48 83 38 00 0f 85 1b ff ff ff e9 23
0x0000775f2f7e846d:   ff ff ff 48 8d bb e0 07 00 00 e8 84 66 0c 00 e9
0x0000775f2f7e847d:   44 ff ff ff 90 66 66 2e 0f 1f 84 00 00 00 00 00
0x0000775f2f7e848d:   0f 1f 00 f3 0f 1e fa 55 48 89 e5 41 57 41 56 41
0x0000775f2f7e849d:   55 49 89 d5 41 54 49 89 fc 53 48 89 f3 48 83 ec
0x0000775f2f7e84ad:   28 e8 cd 3f d7 ff 49 89 c7 48 85 db 0f 84 09 01
0x0000775f2f7e84bd:   00 00 48 89 df e8 b9 3f d7 ff 4c 89 ff 49 89 c5
0x0000775f2f7e84cd:   e8 ce 10 4c ff 4c 89 ef 49 89 c6 e8 c3 10 4c ff
0x0000775f2f7e84dd:   4c 89 e7 49 8d 44 06 20 48 89 45 c8 49 8b 04 24
0x0000775f2f7e84ed:   ff 90 88 00 00 00 48 89 df 49 89 c6 48 8b 03 ff
0x0000775f2f7e84fd:   90 88 00 00 00 31 d2 49 39 c6 0f 84 33 01 00 00
0x0000775f2f7e850d:   31 f6 4c 89 e7 e8 59 41 d7 ff 31 d2 48 89 df 31
0x0000775f2f7e851d:   f6 49 89 c6 e8 4a 41 d7 ff 48 89 c7 48 89 c3 e8
0x0000775f2f7e852d:   6f 10 4c ff 48 c7 45 c0 02 00 00 00 48 8d 0d 52
0x0000775f2f7e853d:   c4 37 00 48 89 c2 4c 89 f7 48 89 55 b0 48 89 4d
0x0000775f2f7e854d:   b8 e8 4d 10 4c ff 48 8b 55 b0 48 8b 4d c0 48 89
0x0000775f2f7e855d:   c6 48 8b 45 c8 48 8d 44 10 03 48 01 c8 48 01 f0
0x0000775f2f7e856d:   be 01 00 00 00 48 89 c7 48 89 45 c8 e8 02 55 fe
0x0000775f2f7e857d:   ff 48 8b 4d b8 48 85 c0 48 89 c7 0f 84 92 00 00
0x0000775f2f7e858d:   00 53 4d 89 f1 4d 89 e8 48 8d 15 c4 88 3d 00 51
0x0000775f2f7e859d:   48 8b 75 c8 4c 89 f9 48 89 45 c8 31 c0 e8 81 0a
0x0000775f2f7e85ad:   4c ff 58 48 8b 45 c8 5a 48 8d 65 d8 5b 41 5c 41
0x0000775f2f7e85bd:   5d 41 5e 41 5f 5d c3 0f 1f 40 00 4c 89 ef e8 60
0x0000775f2f7e85cd:   e6 15 00 4c 89 ff 49 89 c5 e8 c5 0f 4c ff 4c 89
0x0000775f2f7e85dd:   ef 48 89 c3 e8 ba 0f 4c ff 31 d2 31 f6 4c 89 e7 


Stack slot to memory mapping:

stack at sp + 0 slots: 
[error occurred during error reporting (inspecting top of stack), id 0xe0000000, Internal Error (/mydata/mmtk-openjdk/openjdk/share/mmtkHeap.cpp:444)]
stack at sp + 1 slots: 0x0 is null
stack at sp + 2 slots: 
[error occurred during error reporting (inspecting top of stack, attempt 2), id 0xe0000000, Internal Error (/mydata/mmtk-openjdk/openjdk/share/mmtkHeap.cpp:444)]
stack at sp + 3 slots: 
[error occurred during error reporting (inspecting top of stack, attempt 3), id 0xe0000000, Internal Error (/mydata/mmtk-openjdk/openjdk/share/mmtkHeap.cpp:444)]

Compiled method (c1) 4930 1891   !   3       org.apache.xalan.templates.ElemApplyTemplates::transformSelectedNodes (979 bytes)
 total in heap  [0x0000775f10bdf910,0x0000775f10bf8d10] = 103424
 relocation     [0x0000775f10bdfa68,0x0000775f10be0ca0] = 4664
 main code      [0x0000775f10be0ca0,0x0000775f10befb48] = 61096
 stub code      [0x0000775f10befb48,0x0000775f10bf01f0] = 1704
 oops           [0x0000775f10bf01f0,0x0000775f10bf0200] = 16
 metadata       [0x0000775f10bf0200,0x0000775f10bf0458] = 600
 scopes data    [0x0000775f10bf0458,0x0000775f10bf47e0] = 17288
 scopes pcs     [0x0000775f10bf47e0,0x0000775f10bf69c0] = 8672
 dependencies   [0x0000775f10bf69c0,0x0000775f10bf6a18] = 88
 handler table  [0x0000775f10bf6a18,0x0000775f10bf8818] = 7680
 nul chk table  [0x0000775f10bf8818,0x0000775f10bf8d10] = 1272

[Constant Pool (empty)]

[MachCode]
[Entry Point]
  # {method} {0x00006ab1e855b330} 'transformSelectedNodes' '(Lorg/apache/xalan/transformer/TransformerImpl;)V' in 'org/apache/xalan/templates/ElemApplyTemplates'
  # this:     rsi:rsi   = 'org/apache/xalan/templates/ElemApplyTemplates'
  # parm0:    rdx:rdx   = 'org/apache/xalan/transformer/TransformerImpl'
  #           [sp+0x410]  (sp of caller)
  0x0000775f10be0ca0: 448b 5608 | 49bb 0000 | 00f3 b16a | 0000 4d03 | d34c 3bd0 

  0x0000775f10be0cb4: ;   {runtime_call ic_miss_stub}
  0x0000775f10be0cb4: 0f85 c640 | 0807 660f | 1f44 0000 
[Verified Entry Point]
  0x0000775f10be0cc0: e9bb d203 | 07fe ff55 | 4881 ec00 | 0400 0090 | 4181 7f20 | 0100 0000 

  0x0000775f10be0cd8: ;   {runtime_call StubRoutines (final stubs)}
  0x0000775f10be0cd8: 7405 e881 | e106 0748 | 89b4 24e8 | 0000 0048 | 8994 24f0 

  0x0000775f10be0cec: ;   {metadata(method data for {method} {0x00006ab1e855b330} 'transformSelectedNodes' '(Lorg/apache/xalan/transformer/TransformerImpl;)V' in 'org/apache/xalan/templates/ElemApplyTemplates')}
  0x0000775f10be0cec: 0000 0048 | b9d8 9381 | e8b1 6a00 | 008b b9f4 | 0000 0083 | c702 89b9 | f400 0000 | 81e7 fe07 
  0x0000775f10be0d0c: 0000 85ff | 0f84 c3aa | 0000 483b | 0248 8bca 

  0x0000775f10be0d1c: ;   {metadata(method data for {method} {0x00006ab1e855b330} 'transformSelectedNodes' '(Lorg/apache/xalan/transformer/TransformerImpl;)V' in 'org/apache/xalan/templates/ElemApplyTemplates')}
  0x0000775f10be0d1c: 48bf d893 | 81e8 b16a | 0000 4883 | 8738 0100 | 0001 8b7a | 5c48 89bc | 24e0 0000 | 0048 3b07 
  0x0000775f10be0d3c: ;   {metadata(method data for {method} {0x00006ab1e855b330} 'transformSelectedNodes' '(Lorg/apache/xalan/transformer/TransformerImpl;)V' in 'org/apache/xalan/templates/ElemApplyTemplates')}
  0x0000775f10be0d3c: 488b cf48 | bbd8 9381 | e8b1 6a00 | 0048 8383 | 7001 0000 

  0x0000775f10be0d50: ;   {metadata(method data for {method} {0x00006ab1e86ab1e0} 'getCurrentNode' '()I' in 'org/apache/xpath/XPathContext')}
  0x0000775f10be0d50: 0148 b9e0 | f67f e8b1 | 6a00 008b | 99f4 0000 | 0083 c302 | 8999 f400 | 0000 81e3 | feff 1f00 
  0x0000775f10be0d70: 85db 0f84 | 8caa 0000 | 8b4f 5448 | 3b01 488b 

  0x0000775f10be0d80: ;   {metadata(method data for {method} {0x00006ab1e86ab1e0} 'getCurrentNode' '()I' in 'org/apache/xpath/XPathContext')}
  0x0000775f10be0d80: d948 b8e0 | f67f e8b1 | 6a00 0048 | 8380 3801 

  0x0000775f10be0d90: ;   {metadata(method data for {method} {0x00006ab1e86487f8} 'peek' '()I' in 'org/apache/xml/utils/IntStack')}
  0x0000775f10be0d90: 0000 0148 | bb78 767d | e8b1 6a00 | 008b 83f4 | 0000 0083 | c002 8983 | f400 0000 | 25fe ff1f 
  0x0000775f10be0db0: 0085 c00f | 8471 aa00 | 008b 5918 | 8b49 10ff | c93b 4b0c | 0f83 8baa | 0000 4863 | c98b 5c8b 
  0x0000775f10be0dd0: 1089 9c24 | f800 0000 | 8b46 5048 | 3b00 488b 

  0x0000775f10be0de0: ;   {metadata(method data for {method} {0x00006ab1e855b330} 'transformSelectedNodes' '(Lorg/apache/xalan/transformer/TransformerImpl;)V' in 'org/apache/xalan/templates/ElemApplyTemplates')}
  0x0000775f10be0de0: c849 b8d8 | 9381 e8b1 | 6a00 008b | 4908 49ba | 0000 00f3 | b16a 0000 | 4903 ca49 | 3b88 b801 
  0x0000775f10be0e00: 0000 750d | 4983 80c0 | 0100 0001 | e960 0000 | 0049 3b88 | c801 0000 | 750d 4983 | 80d0 0100 
  0x0000775f10be0e20: 0001 e94a | 0000 0049 | 83b8 b801 | 0000 0075 | 1749 8988 | b801 0000 | 49c7 80c0 | 0100 0001 
  0x0000775f10be0e40: 0000 00e9 | 2900 0000 | 4983 b8c8 | 0100 0000 | 7517 4989 | 88c8 0100 | 0049 c780 | d001 0000 
  0x0000775f10be0e60: 0100 0000 | e908 0000 | 0049 8380 | a801 0000 | 0148 8bd7 | 488b cb48 | 8bf0 6666 | 9048 b8ff 
  0x0000775f10be0e80: ffff ffff 

  0x0000775f10be0e84: ;   {virtual_call}
  0x0000775f10be0e84: ffff ffe8 

  0x0000775f10be0e88: ; ImmutableOopMap {[224]=Oop [232]=Oop [240]=Oop }
                      ;*invokevirtual asIterator {reexecute=0 rethrow=0 return_oop=0}
                      ; - org.apache.xalan.templates.ElemApplyTemplates::transformSelectedNodes@16 (line 207)
  0x0000775f10be0e88: 6ca8 1307 

  0x0000775f10be0e8c: ;   {other}
  0x0000775f10be0e8c: 0f1f 8400 | 7c15 0000 | 4889 8424 | 0801 0000 | 488b bc24 | e000 0000 

  0x0000775f10be0ea4: ;   {metadata(method data for {method} {0x00006ab1e855b330} 'transformSelectedNodes' '(Lorg/apache/xalan/transformer/TransformerImpl;)V' in 'org/apache/xalan/templates/ElemApplyTemplates')}
  0x0000775f10be0ea4: 48ba d893 | 81e8 b16a | 0000 4883 | 82e0 0100 | 0001 488b | bc24 e000 | 0000 8b5f | 3848 899c 
  0x0000775f10be0ec4: 2400 0100 | 0048 8bb4 | 24e8 0000 

  0x0000775f10be0ed0: ;   {metadata(method data for {method} {0x00006ab1e855b330} 'transformSelectedNodes' '(Lorg/apache/xalan/transformer/TransformerImpl;)V' in 'org/apache/xalan/templates/ElemApplyTemplates')}
  0x0000775f10be0ed0: 0048 bad8 | 9381 e8b1 | 6a00 008b | 7608 49ba | 0000 00f3 | b16a 0000 | 4903 f248 | 3bb2 2802 
  0x0000775f10be0ef0: 0000 750d | 4883 8230 | 0200 0001 | e960 0000 | 0048 3bb2 | 3802 0000 | 750d 4883 | 8240 0200 
  0x0000775f10be0f10: 0001 e94a | 0000 0048 | 83ba 2802 | 0000 0075 | 1748 89b2 | 2802 0000 | 48c7 8230 | 0200 0001 
  0x0000775f10be0f30: 0000 00e9 | 2900 0000 | 4883 ba38 | 0200 0000 | 7517 4889 | b238 0200 | 0048 c782 | 4002 0000 
  0x0000775f10be0f50: 0100 0000 | e908 0000 | 0048 8382 | 1802 0000 

  0x0000775f10be0f60: ;   {metadata(method data for {method} {0x00006ab1e855c7e0} 'getParamElemCount' '()I' in 'org/apache/xalan/templates/ElemCallTemplate')}
  0x0000775f10be0f60: 0148 bad8 | df73 e8b1 | 6a00 008b | b2f4 0000 | 0083 c602 | 89b2 f400 | 0000 81e6 | feff 1f00 
  0x0000775f10be0f80: 85f6 0f84 | e0a8 0000 | 488b b424 | e800 0000 | 8b56 6448 

  0x0000775f10be0f94: ;   {metadata(method data for {method} {0x00006ab1e855c7e0} 'getParamElemCount' '()I' in 'org/apache/xalan/templates/ElemCallTemplate')}
  0x0000775f10be0f94: 85d2 48b9 | d8df 73e8 | b16a 0000 | 49c7 c038 | 0100 0075 | 0749 c7c0 | 4801 0000 | 4e8b 0c01 
  0x0000775f10be0fb4: 4d8d 4901 | 4e89 0c01 | 0f85 1a00 

  0x0000775f10be0fc0: ;   {metadata(method data for {method} {0x00006ab1e855c7e0} 'getParamElemCount' '()I' in 'org/apache/xalan/templates/ElemCallTemplate')}
  0x0000775f10be0fc0: 0000 48ba | d8df 73e8 | b16a 0000 | ff82 5801 | 0000 b900 | 0000 00e9 | 0600 0000 

  0x0000775f10be0fdc: ; implicit exception: dispatches to 0x0000775f10beb889
  0x0000775f10be0fdc: 8b52 0c48 | 8bca 488b | 9424 f000 | 0000 483b | 034c 8bc3 

  0x0000775f10be0ff0: ;   {metadata(method data for {method} {0x00006ab1e855b330} 'transformSelectedNodes' '(Lorg/apache/xalan/transformer/TransformerImpl;)V' in 'org/apache/xalan/templates/ElemApplyTemplates')}
  0x0000775f10be0ff0: 49b9 d893 | 81e8 b16a | 0000 4983 | 8168 0200 | 0001 448b | 4310 4489 | 8424 1001 | 0000 4c8b 
  0x0000775f10be1010: ;   {metadata(method data for {method} {0x00006ab1e855b330} 'transformSelectedNodes' '(Lorg/apache/xalan/transformer/TransformerImpl;)V' in 'org/apache/xalan/templates/ElemApplyTemplates')}
  0x0000775f10be1010: ca49 bbd8 | 9381 e8b1 | 6a00 0049 | 8383 a002 | 0000 0144 | 8b4a 604c | 898c 2418 | 0100 0049 
  0x0000775f10be1030: 3b01 4d8b 

  0x0000775f10be1034: ;   {metadata(method data for {method} {0x00006ab1e855b330} 'transformSelectedNodes' '(Lorg/apache/xalan/transformer/TransformerImpl;)V' in 'org/apache/xalan/templates/ElemApplyTemplates')}
  0x0000775f10be1034: d949 bdd8 | 9381 e8b1 | 6a00 0049 | 8385 d802 | 0000 0145 | 8b59 0c41 

  0x0000775f10be104c: ;   {metadata(method data for {method} {0x00006ab1e855b330} 'transformSelectedNodes' '(Lorg/apache/xalan/transformer/TransformerImpl;)V' in 'org/apache/xalan/templates/ElemApplyTemplates')}
  0x0000775f10be104c: 83fb ff49 | bbd8 9381 | e8b1 6a00 | 0049 c7c5 | f802 0000 | 7e07 49c7 | c508 0300 | 004f 8b34 
  0x0000775f10be106c: 2b4d 8d76 | 014f 8934 | 2b0f 8e1c 

  0x0000775f10be1078: ;   {metadata(method data for {method} {0x00006ab1e855b330} 'transformSelectedNodes' '(Lorg/apache/xalan/transformer/TransformerImpl;)V' in 'org/apache/xalan/templates/ElemApplyTemplates')}
  0x0000775f10be1078: 0000 0049 | bbd8 9381 | e8b1 6a00 | 0041 ff83 | 1803 0000 | 41bb 0100 | 0000 e906 | 0000 0041 
  0x0000775f10be1098: bb00 0000 | 0044 899c | 2414 0100 | 0089 8c24 | fc00 0000 

  0x0000775f10be10ac: ;   {metadata(method data for {method} {0x00006ab1e855b330} 'transformSelectedNodes' '(Lorg/apache/xalan/transformer/TransformerImpl;)V' in 'org/apache/xalan/templates/ElemApplyTemplates')}
  0x0000775f10be10ac: 4c8b ef49 | bed8 9381 | e8b1 6a00 | 0049 8386 | 3003 0000 

  0x0000775f10be10c0: ;   {metadata(method data for {method} {0x00006ab1e86ab5d0} 'pushCurrentNode' '(I)V' in 'org/apache/xpath/XPathContext')}
  0x0000775f10be10c0: 0148 bb98 | 4f80 e8b1 | 6a00 0044 | 8bab f400 | 0000 4183 | c502 4489 | abf4 0000 | 0041 81e5 
  0x0000775f10be10e0: feff 1f00 | 4585 ed0f | 84ab a700 | 008b 5f54 

  0x0000775f10be10f0: ; implicit exception: dispatches to 0x0000775f10beb8b9
  0x0000775f10be10f0: 483b 034c 

  0x0000775f10be10f4: ;   {metadata(method data for {method} {0x00006ab1e86ab5d0} 'pushCurrentNode' '(I)V' in 'org/apache/xpath/XPathContext')}
  0x0000775f10be10f4: 8beb 49be | 984f 80e8 | b16a 0000 | 4983 8650 | 0100 0001 | baff ffff | ff48 8bf3 | 0f1f 8000 
  0x0000775f10be1114: ;   {optimized virtual_call}
  0x0000775f10be1114: 0000 00e8 

  0x0000775f10be1118: ; ImmutableOopMap {[224]=Oop [232]=Oop [240]=Oop [256]=Oop [264]=Oop [280]=Oop }
                      ;*invokevirtual push {reexecute=0 rethrow=0 return_oop=0}
                      ; - org.apache.xpath.XPathContext::pushCurrentNode@5 (line 793)
                      ; - org.apache.xalan.templates.ElemApplyTemplates::transformSelectedNodes@67 (line 219)
  0x0000775f10be1118: a465 8807 

  0x0000775f10be111c: ;   {other}
  0x0000775f10be111c: 0f1f 8400 | 0c18 0001 | 488b bc24 | e000 0000 

  0x0000775f10be112c: ;   {metadata(method data for {method} {0x00006ab1e855b330} 'transformSelectedNodes' '(Lorg/apache/xalan/transformer/TransformerImpl;)V' in 'org/apache/xalan/templates/ElemApplyTemplates')}
  0x0000775f10be112c: 48ba d893 | 81e8 b16a | 0000 4883 | 8268 0300 

  0x0000775f10be113c: ;   {metadata(method data for {method} {0x00006ab1e86abfb0} 'pushCurrentExpressionNode' '(I)V' in 'org/apache/xpath/XPathContext')}
  0x0000775f10be113c: 0001 48ba | 1011 81e8 | b16a 0000 | 8bb2 f400 | 0000 83c6 | 0289 b2f4 | 0000 0081 | e6fe ff1f 
  0x0000775f10be115c: 0085 f60f | 8459 a700 | 0048 8bbc | 24e0 0000 | 008b 7760 

  0x0000775f10be1170: ; implicit exception: dispatches to 0x0000775f10beb8df
  0x0000775f10be1170: 483b 0648 

  0x0000775f10be1174: ;   {metadata(method data for {method} {0x00006ab1e86abfb0} 'pushCurrentExpressionNode' '(I)V' in 'org/apache/xpath/XPathContext')}
  0x0000775f10be1174: 8bd6 48bb | 1011 81e8 | b16a 0000 | 4883 8350 | 0100 0001 | baff ffff 

  0x0000775f10be118c: ;   {optimized virtual_call}
  0x0000775f10be118c: ff66 90e8 

  0x0000775f10be1190: ; ImmutableOopMap {[224]=Oop [232]=Oop [240]=Oop [256]=Oop [264]=Oop [280]=Oop }
                      ;*invokevirtual push {reexecute=0 rethrow=0 return_oop=0}
                      ; - org.apache.xpath.XPathContext::pushCurrentExpressionNode@5 (line 899)
                      ; - org.apache.xalan.templates.ElemApplyTemplates::transformSelectedNodes@72 (line 220)
  0x0000775f10be1190: 2c65 8807 

  0x0000775f10be1194: ;   {other}
  0x0000775f10be1194: 0f1f 8400 | 8418 0002 | 488b bc24 | e000 0000 

  0x0000775f10be11a4: ;   {metadata(method data for {method} {0x00006ab1e855b330} 'transformSelectedNodes' '(Lorg/apache/xalan/transformer/TransformerImpl;)V' in 'org/apache/xalan/templates/ElemApplyTemplates')}
  0x0000775f10be11a4: 48ba d893 | 81e8 b16a | 0000 4883 | 82b8 0300 

  0x0000775f10be11b4: ;   {metadata(method data for {method} {0x00006ab1e86aa1b8} 'pushSAXLocatorNull' '()V' in 'org/apache/xpath/XPathContext')}
  0x0000775f10be11b4: 0001 48ba | 88d1 80e8 | b16a 0000 | 8bb2 f400 | 0000 83c6 | 0289 b2f4 | 0000 0081 | e6fe ff1f 
  0x0000775f10be11d4: 0085 f60f | 8407 a700 | 0048 8bbc | 24e0 0000 | 008b 772c 

  0x0000775f10be11e8: ; implicit exception: dispatches to 0x0000775f10beb905
  0x0000775f10be11e8: 483b 0648 

  0x0000775f10be11ec: ;   {metadata(method data for {method} {0x00006ab1e86aa1b8} 'pushSAXLocatorNull' '()V' in 'org/apache/xpath/XPathContext')}
  0x0000775f10be11ec: 8bd6 48bb | 88d1 80e8 | b16a 0000 | 4883 8350 | 0100 0001 

  0x0000775f10be1200: ;   {oop(nullptr)}
  0x0000775f10be1200: 48ba 0000 | 0000 0000 | 0000 0f1f 

  0x0000775f10be120c: ;   {optimized virtual_call}
  0x0000775f10be120c: 4400 00e8 

  0x0000775f10be1210: ; ImmutableOopMap {[224]=Oop [232]=Oop [240]=Oop [256]=Oop [264]=Oop [280]=Oop }
                      ;*invokevirtual push {reexecute=0 rethrow=0 return_oop=0}
                      ; - org.apache.xpath.XPathContext::pushSAXLocatorNull@5 (line 425)
                      ; - org.apache.xalan.templates.ElemApplyTemplates::transformSelectedNodes@76 (line 221)
  0x0000775f10be1210: 2c16 8907 

  0x0000775f10be1214: ;   {other}
  0x0000775f10be1214: 0f1f 8400 | 0419 0003 | 488b 9424 | f000 0000 

  0x0000775f10be1224: ;   {metadata(method data for {method} {0x00006ab1e855b330} 'transformSelectedNodes' '(Lorg/apache/xalan/transformer/TransformerImpl;)V' in 'org/apache/xalan/templates/ElemApplyTemplates')}
  0x0000775f10be1224: 48be d893 | 81e8 b16a | 0000 4883 | 86f0 0300 

  0x0000775f10be1234: ;   {metadata(method data for {method} {0x00006ab1e8655c10} 'pushElemTemplateElement' '(Lorg/apache/xalan/templates/ElemTemplateElement;)V' in 'org/apache/xalan/transformer/TransformerImpl')}
  0x0000775f10be1234: 0001 48ba | 38d3 80e8 | b16a 0000 | 8bb2 f400 | 0000 83c6 | 0289 b2f4 | 0000 0081 | e6fe ff1f 
  0x0000775f10be1254: 0085 f60f | 84ad a600 | 0048 8b94 | 24f0 0000 | 008b 724c 

  0x0000775f10be1268: ; implicit exception: dispatches to 0x0000775f10beb92b
  0x0000775f10be1268: 483b 0648 

  0x0000775f10be126c: ;   {metadata(method data for {method} {0x00006ab1e8655c10} 'pushElemTemplateElement' '(Lorg/apache/xalan/templates/ElemTemplateElement;)V' in 'org/apache/xalan/transformer/TransformerImpl')}
  0x0000775f10be126c: 8bfe 48bb | 38d3 80e8 | b16a 0000 | 4883 8350 | 0100 0001 

  0x0000775f10be1280: ;   {oop(nullptr)}
  0x0000775f10be1280: 48ba 0000 | 0000 0000 | 0000 0f1f 

  0x0000775f10be128c: ;   {optimized virtual_call}
  0x0000775f10be128c: 4400 00e8 

  0x0000775f10be1290: ; ImmutableOopMap {[224]=Oop [232]=Oop [240]=Oop [256]=Oop [264]=Oop [280]=Oop }
                      ;*invokevirtual push {reexecute=0 rethrow=0 return_oop=0}
                      ; - org.apache.xalan.transformer.TransformerImpl::pushElemTemplateElement@5 (line 2624)
                      ; - org.apache.xalan.templates.ElemApplyTemplates::transformSelectedNodes@81 (line 222)
  0x0000775f10be1290: ac15 8907 

  0x0000775f10be1294: ;   {other}
  0x0000775f10be1294: 0f1f 8400 | 8419 0004 | 488b b424 | e800 0000 | 8b56 5848 

  0x0000775f10be12a8: ;   {metadata(method data for {method} {0x00006ab1e855b330} 'transformSelectedNodes' '(Lorg/apache/xalan/transformer/TransformerImpl;)V' in 'org/apache/xalan/templates/ElemApplyTemplates')}
  0x0000775f10be12a8: 85d2 48ba | d893 81e8 | b16a 0000 | 48c7 c110 | 0400 0075 | 0748 c7c1 | 2004 0000 | 488b 3c0a 
  0x0000775f10be12c8: 488d 7f01 | 4889 3c0a | 0f85 1f00 

  0x0000775f10be12d4: ;   {metadata(method data for {method} {0x00006ab1e855b330} 'transformSelectedNodes' '(Lorg/apache/xalan/transformer/TransformerImpl;)V' in 'org/apache/xalan/templates/ElemApplyTemplates')}
  0x0000775f10be12d4: 0000 48ba | d893 81e8 | b16a 0000 | ff82 3004 

  0x0000775f10be12e4: ;   {oop(nullptr)}
  0x0000775f10be12e4: 0000 48bf | 0000 0000 | 0000 0000 | e952 0000 | 0048 8b94 | 24f0 0000 

  0x0000775f10be12fc: ;   {metadata(method data for {method} {0x00006ab1e855b330} 'transformSelectedNodes' '(Lorg/apache/xalan/transformer/TransformerImpl;)V' in 'org/apache/xalan/templates/ElemApplyTemplates')}
  0x0000775f10be12fc: 0048 b9d8 | 9381 e8b1 

  0x0000775f10be1304: ;   {metadata('org/apache/xalan/transformer/TransformerImpl')}
  0x0000775f10be1304: 6a00 0049 | bac8 0c0c | f4b1 6a00 | 004c 8991 | 5804 0000 | 4883 8160 | 0400 0001 | 488b d68b 
  0x0000775f10be1324: 8c24 f800 | 0000 488b | b424 f000 | 0000 0f1f 

  0x0000775f10be1334: ;   {optimized virtual_call}
  0x0000775f10be1334: 4400 00e8 

  0x0000775f10be1338: ; ImmutableOopMap {[224]=Oop [232]=Oop [240]=Oop [256]=Oop [264]=Oop [280]=Oop }
                      ;*invokevirtual processSortKeys {reexecute=0 rethrow=0 return_oop=0}
                      ; - org.apache.xalan.templates.ElemApplyTemplates::transformSelectedNodes@98 (line 225)
  0x0000775f10be1338: 443d 0807 

  0x0000775f10be133c: ;   {other}
  0x0000775f10be133c: 0f1f 8400 | 2c1a 0005 | 488b f848 

  0x0000775f10be1348: ;   {metadata(method data for {method} {0x00006ab1e855b330} 'transformSelectedNodes' '(Lorg/apache/xalan/transformer/TransformerImpl;)V' in 'org/apache/xalan/templates/ElemApplyTemplates')}
  0x0000775f10be1348: 85ff 48ba | d893 81e8 | b16a 0000 | 48c7 c180 | 0400 0074 | 0748 c7c1 | 9004 0000 | 4c8b 040a 
  0x0000775f10be1368: 4d8d 4001 | 4c89 040a | 488b 8424 | 0801 0000 | 0f84 be00 | 0000 488b | b424 e800 

  0x0000775f10be1384: ;   {metadata(method data for {method} {0x00006ab1e855b330} 'transformSelectedNodes' '(Lorg/apache/xalan/transformer/TransformerImpl;)V' in 'org/apache/xalan/templates/ElemApplyTemplates')}
  0x0000775f10be1384: 0000 48ba | d893 81e8 | b16a 0000 | 8b76 0849 | ba00 0000 | f3b1 6a00 | 0049 03f2 | 483b b2b0 
  0x0000775f10be13a4: 0400 0075 | 0d48 8382 | b804 0000 | 01e9 6000 | 0000 483b | b2c0 0400 | 0075 0d48 | 8382 c804 
  0x0000775f10be13c4: 0000 01e9 | 4a00 0000 | 4883 bab0 | 0400 0000 | 7517 4889 | b2b0 0400 | 0048 c782 | b804 0000 
  0x0000775f10be13e4: 0100 0000 | e929 0000 | 0048 83ba | c004 0000 | 0075 1748 | 89b2 c004 | 0000 48c7 | 82c8 0400 
  0x0000775f10be1404: 0001 0000 | 00e9 0800 | 0000 4883 | 82a0 0400 | 0001 488b | 9424 e000 | 0000 488b | cf4c 8bc0 
  0x0000775f10be1424: 488b b424 | e800 0000 

  0x0000775f10be142c: ;   {optimized virtual_call}
  0x0000775f10be142c: 6666 90e8 

  0x0000775f10be1430: ; ImmutableOopMap {[224]=Oop [232]=Oop [240]=Oop [256]=Oop [264]=Oop [280]=Oop }
                      ;*invokevirtual sortNodes {reexecute=0 rethrow=0 return_oop=0}
                      ; - org.apache.xalan.templates.ElemApplyTemplates::transformSelectedNodes@115 (line 229)
  0x0000775f10be1430: 4c3c 0807 

  0x0000775f10be1434: ;   {other}
  0x0000775f10be1434: 0f1f 8400 | 241b 0006 | 488b 9424 | f000 0000 

  0x0000775f10be1444: ;   {metadata(method data for {method} {0x00006ab1e855b330} 'transformSelectedNodes' '(Lorg/apache/xalan/transformer/TransformerImpl;)V' in 'org/apache/xalan/templates/ElemApplyTemplates')}
  0x0000775f10be1444: 488b f248 | bfd8 9381 | e8b1 6a00 | 0048 8387 | f004 0000 | 010f be72 | 1583 e601 

  0x0000775f10be1460: ;   {metadata(method data for {method} {0x00006ab1e855b330} 'transformSelectedNodes' '(Lorg/apache/xalan/transformer/TransformerImpl;)V' in 'org/apache/xalan/templates/ElemApplyTemplates')}
  0x0000775f10be1460: 85f6 48be | d893 81e8 | b16a 0000 | 48c7 c720 | 0500 0075 | 0748 c7c7 | 1005 0000 | 488b 0c3e 
  0x0000775f10be1480: 488d 4901 | 4889 0c3e | 4889 8424 | 3801 0000 | 0f85 0d00 | 0000 488b | bc24 e000 | 0000 e919 
  0x0000775f10be14a0: 0700 0048 | 8bb4 24e8 | 0000 0048 

  0x0000775f10be14ac: ;   {metadata(method data for {method} {0x00006ab1e855b330} 'transformSelectedNodes' '(Lorg/apache/xalan/transformer/TransformerImpl;)V' in 'org/apache/xalan/templates/ElemApplyTemplates')}
  0x0000775f10be14ac: 8bfa 48b9 | d893 81e8 | b16a 0000 

  0x0000775f10be14b8: ;   {metadata('org/apache/xalan/transformer/TransformerImpl')}
  0x0000775f10be14b8: 49ba c80c | 0cf4 b16a | 0000 4c89 | 9140 0500 | 0048 8381 | 4805 0000 | 018b 9a84 | 0000 0048 
  0x0000775f10be14d8: 899c 2440 | 0100 0090 

  0x0000775f10be14e0: ;   {no_reloc}
  0x0000775f10be14e0: e95a a400 | 0000 0000 | 0000 4c8b | ce49 8b87 | b804 0000 | 488d 4818 | 483b c80f | 8248 a400 
  0x0000775f10be1500: 0049 3b8f | c004 0000 | 0f87 3ba4 | 0000 4989 | 8fb8 0400 | 0048 8bf8 | 48c1 ef06 | 49ba 0000 
  0x0000775f10be1520: 406c b26a | 0000 458a | 143a 488b | c848 c1e9 | 0348 83e1 | 0748 c7c7 | 0100 0000 | 48d3 e74c 
  0x0000775f10be1540: 0bd7 488b | f848 c1ef | 0648 b900 | 0040 6cb2 | 6a00 0044 | 8814 3949 | 8387 2802 | 0000 1849 
  0x0000775f10be1560: 8387 2802 | 0000 0048 | c700 0100 | 0000 488b | ca49 ba00 | 0000 f3b1 | 6a00 0049 | 2bca 8948 
  0x0000775f10be1580: 0848 33c9 | 8948 0c48 | 33c9 4889 | 4810 4889 | 8424 3001 | 0000 418b | 7950 488b 

  0x0000775f10be159c: ;   {metadata(method data for {method} {0x00006ab1e855b330} 'transformSelectedNodes' '(Lorg/apache/xalan/transformer/TransformerImpl;)V' in 'org/apache/xalan/templates/ElemApplyTemplates')}
  0x0000775f10be159c: d048 b9d8 | 9381 e8b1 | 6a00 0048 | 8381 6805 

  0x0000775f10be15ac: ;   {metadata(method data for {method} {0x00006ab1e865bd78} '<init>' '(Lorg/apache/xpath/Expression;)V' in 'org/apache/xpath/XPath')}
  0x0000775f10be15ac: 0000 0148 | ba78 2b82 | e8b1 6a00 | 008b 8af4 | 0000 0083 | c102 898a | f400 0000 | 81e1 feff 
  0x0000775f10be15cc: 1f00 85c9 | 0f84 80a3 | 0000 488b 

  0x0000775f10be15d8: ;   {metadata(method data for {method} {0x00006ab1e865bd78} '<init>' '(Lorg/apache/xpath/Expression;)V' in 'org/apache/xpath/XPath')}
  0x0000775f10be15d8: d048 b978 | 2b82 e8b1 | 6a00 0048 | 8381 3801 

  0x0000775f10be15e8: ;   {metadata(method data for {method} {0x00006ab1f34791f0} '<init>' '()V' in 'java/lang/Object')}
  0x0000775f10be15e8: 0000 0148 | ba20 7100 | e8b1 6a00 | 008b 8af4 | 0000 0083 | c102 898a | f400 0000 | 81e1 feff 
  0x0000775f10be1608: 1f00 85c9 | 0f84 65a3 | 0000 488b 

  0x0000775f10be1614: ;   {metadata(method data for {method} {0x00006ab1e865bd78} '<init>' '(Lorg/apache/xpath/Expression;)V' in 'org/apache/xpath/XPath')}
  0x0000775f10be1614: d048 b978 | 2b82 e8b1 

  0x0000775f10be161c: ;   {metadata('org/apache/xpath/XPath')}
  0x0000775f10be161c: 6a00 0049 | ba88 130c | f4b1 6a00 | 004c 8991 | 5801 0000 | 4883 8160 | 0100 0001 

  0x0000775f10be1638: ;   {metadata(method data for {method} {0x00006ab1e865b6e0} 'setExpression' '(Lorg/apache/xpath/Expression;)V' in 'org/apache/xpath/XPath')}
  0x0000775f10be1638: 48ba 2093 | 70e8 b16a | 0000 8b8a | f400 0000 | 83c1 0289 | 8af4 0000 | 0081 e1fe | ff1f 0085 
  0x0000775f10be1658: c90f 8439 | a300 008b | 500c 4885 

  0x0000775f10be1664: ;   {metadata(method data for {method} {0x00006ab1e865b6e0} 'setExpression' '(Lorg/apache/xpath/Expression;)V' in 'org/apache/xpath/XPath')}
  0x0000775f10be1664: d248 b920 | 9370 e8b1 | 6a00 0048 | c7c6 3801 | 0000 7407 | 48c7 c648 | 0100 004c | 8b2c 314d 
  0x0000775f10be1684: 8d6d 014c | 892c 310f | 8482 0200 | 0048 3b02 

  0x0000775f10be1694: ;   {metadata(method data for {method} {0x00006ab1e865b6e0} 'setExpression' '(Lorg/apache/xpath/Expression;)V' in 'org/apache/xpath/XPath')}
  0x0000775f10be1694: 488b ca48 | be20 9370 | e8b1 6a00 | 008b 4908 | 49ba 0000 | 00f3 b16a | 0000 4903 | ca48 3b8e 
  0x0000775f10be16b4: 6801 0000 | 750d 4883 | 8670 0100 | 0001 e960 | 0000 0048 | 3b8e 7801 | 0000 750d | 4883 8680 
  0x0000775f10be16d4: 0100 0001 | e94a 0000 | 0048 83be | 6801 0000 | 0075 1748 | 898e 6801 | 0000 48c7 | 8670 0100 
  0x0000775f10be16f4: 0001 0000 | 00e9 2900 | 0000 4883 | be78 0100 | 0000 7517 | 4889 8e78 | 0100 0048 | c786 8001 
  0x0000775f10be1714: 0000 0100 | 0000 e908 | 0000 0048 | 8386 5801 | 0000 0144 | 8b6a 0c48 | 3b07 488b 

  0x0000775f10be1730: ;   {metadata(method data for {method} {0x00006ab1e865b6e0} 'setExpression' '(Lorg/apache/xpath/Expression;)V' in 'org/apache/xpath/XPath')}
  0x0000775f10be1730: d748 b920 | 9370 e8b1 | 6a00 008b | 5208 49ba | 0000 00f3 | b16a 0000 | 4903 d248 | 3b91 a001 
  0x0000775f10be1750: 0000 750d | 4883 81a8 | 0100 0001 | e960 0000 | 0048 3b91 | b001 0000 | 750d 4883 | 81b8 0100 
  0x0000775f10be1770: 0001 e94a | 0000 0048 | 83b9 a001 | 0000 0075 | 1748 8991 | a001 0000 | 48c7 81a8 | 0100 0001 
  0x0000775f10be1790: 0000 00e9 | 2900 0000 | 4883 b9b0 | 0100 0000 | 7517 4889 | 91b0 0100 | 0048 c781 | b801 0000 
  0x0000775f10be17b0: 0100 0000 | e908 0000 | 0048 8381 | 9001 0000 

  0x0000775f10be17c0: ;   {metadata(method data for {method} {0x00006ab1e84cf1c8} 'exprSetParent' '(Lorg/apache/xpath/ExpressionNode;)V' in 'org/apache/xpath/Expression')}
  0x0000775f10be17c0: 0148 ba88 | e76f e8b1 | 6a00 008b | 8af4 0000 | 0083 c102 | 898a f400 | 0000 81e1 | feff 1f00 
  0x0000775f10be17e0: 85c9 0f84 | dba1 0000 

  0x0000775f10be17e8: ;   {metadata(method data for {method} {0x00006ab1e84cf1c8} 'exprSetParent' '(Lorg/apache/xpath/ExpressionNode;)V' in 'org/apache/xpath/Expression')}
  0x0000775f10be17e8: 4c3b ef48 | ba88 e76f | e8b1 6a00 | 0048 c7c1 | 3801 0000 | 7407 48c7 | c148 0100 | 0048 8b34 
  0x0000775f10be1808: 0a48 8d76 | 0148 8934 | 0a0f 841a 

  0x0000775f10be1814: ;   {metadata(method data for {method} {0x00006ab1e84cf1c8} 'exprSetParent' '(Lorg/apache/xpath/ExpressionNode;)V' in 'org/apache/xpath/Expression')}
  0x0000775f10be1814: 0000 0048 | ba88 e76f | e8b1 6a00 | 00ff 8258 | 0100 00ba | 0100 0000 | e905 0000 | 00ba 0000 
  0x0000775f10be1834: 0000 4c89 | ac24 2001 | 0000 488b 

  0x0000775f10be1840: ;   {metadata(method data for {method} {0x00006ab1e84cf1c8} 'exprSetParent' '(Lorg/apache/xpath/ExpressionNode;)V' in 'org/apache/xpath/Expression')}
  0x0000775f10be1840: cf49 bb88 | e76f e8b1 | 6a00 008b | 4908 49ba | 0000 00f3 | b16a 0000 | 4903 ca49 | 3b8b 8001 
  0x0000775f10be1860: 0000 750d | 4983 8388 | 0100 0001 | e960 0000 | 0049 3b8b | 9001 0000 | 750d 4983 | 8398 0100 
  0x0000775f10be1880: 0001 e94a | 0000 0049 | 83bb 8001 | 0000 0075 | 1749 898b | 8001 0000 | 49c7 8388 | 0100 0001 
  0x0000775f10be18a0: 0000 00e9 | 2900 0000 | 4983 bb90 | 0100 0000 | 7517 4989 | 8b90 0100 | 0049 c783 | 9801 0000 
  0x0000775f10be18c0: 0100 0000 | e908 0000 | 0049 8383 | 7001 0000 

  0x0000775f10be18d0: ;   {oop("Can not parent an expression to itself!"{0x0000000040f2e3b0})}
  0x0000775f10be18d0: 0148 b9b0 | e3f2 4000 | 0000 0048 | 8bf7 4889 | bc24 2801 

  0x0000775f10be18e4: ;   {optimized virtual_call}
  0x0000775f10be18e4: 0000 90e8 

  0x0000775f10be18e8: ; ImmutableOopMap {[224]=Oop [232]=Oop [240]=Oop [256]=Oop [280]=Oop [288]=Oop [296]=Oop [304]=Oop [312]=Oop [320]=Oop }
                      ;*invokevirtual assertion {reexecute=0 rethrow=0 return_oop=0}
                      ; - org.apache.xpath.Expression::exprSetParent@13 (line 476)
                      ; - org.apache.xpath.XPath::setExpression@16 (line 100)
                      ; - org.apache.xpath.XPath::<init>@11 (line 278)
                      ; - org.apache.xalan.templates.ElemApplyTemplates::transformSelectedNodes@143 (line 233)
  0x0000775f10be18e8: 9437 0807 

  0x0000775f10be18ec: ;   {other}
  0x0000775f10be18ec: 0f1f 8400 | dc1f 0007 | 4c8b ac24 | 2001 0000 | 488b bc24 | 2801 0000 | 4d8b d544 | 8957 0c48 
  0x0000775f10be190c: 8b84 2430 | 0100 004c | 8bd7 4489 | 500c 488b 

  0x0000775f10be191c: ;   {metadata(method data for {method} {0x00006ab1e865bd78} '<init>' '(Lorg/apache/xpath/Expression;)V' in 'org/apache/xpath/XPath')}
  0x0000775f10be191c: d048 be78 | 2b82 e8b1 | 6a00 0048 | 8386 8001 

  0x0000775f10be192c: ;   {metadata(method data for {method} {0x00006ab1e865b4a0} 'initFunctionTable' '()V' in 'org/apache/xpath/XPath')}
  0x0000775f10be192c: 0000 0148 | bad8 3e82 | e8b1 6a00 | 008b b2f4 | 0000 0083 | c602 89b2 | f400 0000 | 81e6 feff 
  0x0000775f10be194c: 1f00 85f6 | 0f84 8ea0 

  0x0000775f10be1954: ;   {metadata('org/apache/xpath/compiler/FunctionTable')}
  0x0000775f10be1954: 0000 48ba | 58d2 01f4 | b16a 0000 | 498b 87b8 | 0400 0048 | 8d48 1848 | 3bc8 0f82 | 91a0 0000 
  0x0000775f10be1974: 493b 8fc0 | 0400 000f | 8784 a000 | 0049 898f | b804 0000 | 488b f848 | c1ef 0649 | ba00 0040 
  0x0000775f10be1994: 6cb2 6a00 | 0045 8a14 | 3a48 8bc8 | 48c1 e903 | 4883 e107 | 48c7 c701 | 0000 0048 | d3e7 4c0b 
  0x0000775f10be19b4: d748 8bf8 | 48c1 ef06 | 48b9 0000 | 406c b26a | 0000 4488 | 1439 4983 | 8728 0200 | 0018 4983 
  0x0000775f10be19d4: 8728 0200 | 0000 48c7 | 0001 0000 | 0048 8bca | 49ba 0000 | 00f3 b16a | 0000 492b | ca89 4808 
  0x0000775f10be19f4: 4833 c989 | 480c 4833 | c948 8948 | 1048 8bf0 

  0x0000775f10be1a04: ;   {metadata(method data for {method} {0x00006ab1e865b4a0} 'initFunctionTable' '()V' in 'org/apache/xpath/XPath')}
  0x0000775f10be1a04: 48bf d83e | 82e8 b16a | 0000 4883 | 8738 0100 | 0001 488b | f048 8984 | 2448 0100 | 0066 0f1f 
  0x0000775f10be1a24: ;   {optimized virtual_call}
  0x0000775f10be1a24: 4400 00e8 

  0x0000775f10be1a28: ; ImmutableOopMap {[224]=Oop [232]=Oop [240]=Oop [256]=Oop [280]=Oop [304]=Oop [312]=Oop [320]=Oop [328]=Oop }
                      ;*invokespecial <init> {reexecute=0 rethrow=0 return_oop=0}
                      ; - org.apache.xpath.XPath::initFunctionTable@5 (line 62)
                      ; - org.apache.xpath.XPath::<init>@15 (line 279)
                      ; - org.apache.xalan.templates.ElemApplyTemplates::transformSelectedNodes@143 (line 233)
  0x0000775f10be1a28: 5436 0807 

  0x0000775f10be1a2c: ;   {other}
  0x0000775f10be1a2c: 0f1f 8400 | 1c21 0008 | 488b 9424 | 4801 0000 | 488b 8424 | 3001 0000 | 4c8b d244 | 8950 100f 
  0x0000775f10be1a4c: 1f44 0000 

  0x0000775f10be1a50: ;   {no_reloc}
  0x0000775f10be1a50: e9cc 9f00 | 0000 0000 | 0000 498b | 87b8 0400 | 0048 8d48 | 2848 3bc8 | 0f82 bd9f | 0000 493b 
  0x0000775f10be1a70: 8fc0 0400 | 000f 87b0 | 9f00 0049 | 898f b804 | 0000 488b | f848 c1ef | 0649 ba00 | 0040 6cb2 
  0x0000775f10be1a90: 6a00 0045 | 8a14 3a48 | 8bc8 48c1 | e903 4883 | e107 48c7 | c701 0000 | 0048 d3e7 | 4c0b d748 
  0x0000775f10be1ab0: 8bf8 48c1 | ef06 48b9 | 0000 406c | b26a 0000 | 4488 1439 | 4983 8728 | 0200 0028 | 4983 8728 
  0x0000775f10be1ad0: 0200 0000 | 48c7 0001 | 0000 0048 | 8bca 49ba | 0000 00f3 | b16a 0000 | 492b ca89 | 4808 4833 
  0x0000775f10be1af0: c989 480c | 4833 c948 | 8948 1048 | 8948 1848 | 8948 2048 

  0x0000775f10be1b04: ;   {metadata(method data for {method} {0x00006ab1e855b330} 'transformSelectedNodes' '(Lorg/apache/xalan/transformer/TransformerImpl;)V' in 'org/apache/xalan/templates/ElemApplyTemplates')}
  0x0000775f10be1b04: 8bd0 48be | d893 81e8 | b16a 0000 | 4883 8678 | 0500 0001 | 488b 9424 | 3801 0000 | 488b f048 
  0x0000775f10be1b24: 8984 2450 | 0100 000f 

  0x0000775f10be1b2c: ;   {optimized virtual_call}
  0x0000775f10be1b2c: 1f40 00e8 

  0x0000775f10be1b30: ; ImmutableOopMap {[224]=Oop [232]=Oop [240]=Oop [256]=Oop [280]=Oop [304]=Oop [312]=Oop [320]=Oop [336]=Oop }
                      ;*invokespecial <init> {reexecute=0 rethrow=0 return_oop=0}
                      ; - org.apache.xalan.templates.ElemApplyTemplates::transformSelectedNodes@152 (line 233)
  0x0000775f10be1b30: 4c35 0807 

  0x0000775f10be1b34: ;   {other}
  0x0000775f10be1b34: 0f1f 8400 | 2422 0009 | 488b 9c24 | 4001 0000 

  0x0000775f10be1b44: ; implicit exception: dispatches to 0x0000775f10beba38
  0x0000775f10be1b44: 483b 0348 

  0x0000775f10be1b48: ;   {metadata(method data for {method} {0x00006ab1e855b330} 'transformSelectedNodes' '(Lorg/apache/xalan/transformer/TransformerImpl;)V' in 'org/apache/xalan/templates/ElemApplyTemplates')}
  0x0000775f10be1b48: 8bd3 48b9 | d893 81e8 | b16a 0000 

  0x0000775f10be1b54: ;   {metadata('org/apache/xalan/trace/TraceManager')}
  0x0000775f10be1b54: 49ba 7884 | 0ef4 b16a | 0000 4c89 | 9198 0500 | 0048 8381 | a005 0000 

  0x0000775f10be1b6c: ;   {oop("select"{0x0000000040ab07b8})}
  0x0000775f10be1b6c: 0149 b8b8 | 07ab 4000 | 0000 008b | 9424 f800 | 0000 488b | 8c24 e800 | 0000 4c8b | 8c24 3001 
  0x0000775f10be1b8c: 0000 488b | bc24 5001 | 0000 488b | f366 0f1f 

  0x0000775f10be1b9c: ;   {optimized virtual_call}
  0x0000775f10be1b9c: 4400 00e8 

  0x0000775f10be1ba0: ; ImmutableOopMap {[224]=Oop [232]=Oop [240]=Oop [256]=Oop [280]=Oop [312]=Oop }
                      ;*invokevirtual fireSelectedEvent {reexecute=0 rethrow=0 return_oop=0}
                      ; - org.apache.xalan.templates.ElemApplyTemplates::transformSelectedNodes@155 (line 233)
  0x0000775f10be1ba0: dc34 0807 

  0x0000775f10be1ba4: ;   {other}
  0x0000775f10be1ba4: 0f1f 8400 | 9422 000a | 488b bc24 | e000 0000 | 488b 9424 | f000 0000 

  0x0000775f10be1bbc: ;   {metadata(method data for {method} {0x00006ab1e855b330} 'transformSelectedNodes' '(Lorg/apache/xalan/transformer/TransformerImpl;)V' in 'org/apache/xalan/templates/ElemApplyTemplates')}
  0x0000775f10be1bbc: 488b f248 | bbd8 9381 | e8b1 6a00 | 0048 8383 | d805 0000 | 018b 5a64 | 4889 9c24 | 7001 0000 
  0x0000775f10be1bdc: ;   {metadata(method data for {method} {0x00006ab1e855b330} 'transformSelectedNodes' '(Lorg/apache/xalan/transformer/TransformerImpl;)V' in 'org/apache/xalan/templates/ElemApplyTemplates')}
  0x0000775f10be1bdc: 488b f248 | b8d8 9381 | e8b1 6a00 | 0048 8380 | f805 0000 | 018b 4258 | 4889 8424 | 6801 0000 
  0x0000775f10be1bfc: ; implicit exception: dispatches to 0x0000775f10beba3d
  0x0000775f10be1bfc: 483b 0048 

  0x0000775f10be1c00: ;   {metadata(method data for {method} {0x00006ab1e855b330} 'transformSelectedNodes' '(Lorg/apache/xalan/transformer/TransformerImpl;)V' in 'org/apache/xalan/templates/ElemApplyTemplates')}
  0x0000775f10be1c00: 8bf0 49b8 | d893 81e8 | b16a 0000 | 4983 8030 | 0600 0001 | 448b 80dc | 0000 004c | 8984 2458 
  0x0000775f10be1c20: 0100 0048 

  0x0000775f10be1c24: ;   {metadata(method data for {method} {0x00006ab1e855b330} 'transformSelectedNodes' '(Lorg/apache/xalan/transformer/TransformerImpl;)V' in 'org/apache/xalan/templates/ElemApplyTemplates')}
  0x0000775f10be1c24: 8bf2 49b9 | d893 81e8 | b16a 0000 | 4983 8180 | 0600 0001 | 0fbe 7211 | 83e6 0189 | b424 6001 
  0x0000775f10be1c44: 0000 4c8b 

  0x0000775f10be1c48: ;   {metadata(method data for {method} {0x00006ab1e855b330} 'transformSelectedNodes' '(Lorg/apache/xalan/transformer/TransformerImpl;)V' in 'org/apache/xalan/templates/ElemApplyTemplates')}
  0x0000775f10be1c48: cf49 bbd8 | 9381 e8b1 | 6a00 0049 | 8383 b806 

  0x0000775f10be1c58: ;   {metadata(method data for {method} {0x00006ab1e86a9640} 'getDTM' '(I)Lorg/apache/xml/dtm/DTM;' in 'org/apache/xpath/XPathContext')}
  0x0000775f10be1c58: 0000 0149 | b9e8 e77f | e8b1 6a00 | 0045 8b99 | f400 0000 | 4183 c302 | 4589 99f4 | 0000 0041 
  0x0000775f10be1c78: 81e3 feff | 1f00 4585 | db0f 84bb | 9d00 0044 | 8b4f 2849 | 3b01 4d8b 

  0x0000775f10be1c90: ;   {metadata(method data for {method} {0x00006ab1e86a9640} 'getDTM' '(I)Lorg/apache/xml/dtm/DTM;' in 'org/apache/xpath/XPathContext')}
  0x0000775f10be1c90: d949 bde8 | e77f e8b1 | 6a00 0045 | 8b5b 0849 | ba00 0000 | f3b1 6a00 | 004d 03da | 4d3b 9d48 
  0x0000775f10be1cb0: 0100 0075 | 0d49 8385 | 5001 0000 | 01e9 6000 | 0000 4d3b | 9d58 0100 | 0075 0d49 | 8385 6001 
  0x0000775f10be1cd0: 0000 01e9 | 4a00 0000 | 4983 bd48 | 0100 0000 | 7517 4d89 | 9d48 0100 | 0049 c785 | 5001 0000 
  0x0000775f10be1cf0: 0100 0000 | e929 0000 | 0049 83bd | 5801 0000 | 0075 174d | 899d 5801 | 0000 49c7 | 8560 0100 
  0x0000775f10be1d10: 0001 0000 | 00e9 0800 | 0000 4983 | 8538 0100 | 0001 8b94 | 24f8 0000 | 0049 8bf1 | 9048 b838 
  0x0000775f10be1d30: a60e f4b1 

  0x0000775f10be1d34: ;   {virtual_call}
  0x0000775f10be1d34: 6a00 00e8 

  0x0000775f10be1d38: ; ImmutableOopMap {[224]=Oop [232]=Oop [240]=Oop [256]=Oop [280]=Oop [312]=Oop [344]=Oop [360]=Oop [368]=Oop }
                      ;*invokevirtual getDTM {reexecute=0 rethrow=0 return_oop=0}
                      ; - org.apache.xpath.XPathContext::getDTM@5 (line 171)
                      ; - org.apache.xalan.templates.ElemApplyTemplates::transformSelectedNodes@185 (line 245)
  0x0000775f10be1d38: e493 8807 

  0x0000775f10be1d3c: ;   {other}
  0x0000775f10be1d3c: 0f1f 8400 | 2c24 000b | 8b8c 24fc | 0000 0085 

  0x0000775f10be1d4c: ;   {metadata(method data for {method} {0x00006ab1e855b330} 'transformSelectedNodes' '(Lorg/apache/xalan/transformer/TransformerImpl;)V' in 'org/apache/xalan/templates/ElemApplyTemplates')}
  0x0000775f10be1d4c: c948 bad8 | 9381 e8b1 | 6a00 0048 | c7c6 e806 | 0000 7f07 | 48c7 c6d8 | 0600 0048 | 8b3c 3248 
  0x0000775f10be1d6c: 8d7f 0148 | 893c 320f | 8f21 0000 | 00bf ffff | ffff 4889 | 8424 7801 | 0000 898c | 24fc 0000 
  0x0000775f10be1d8c: 0048 8b9c | 2400 0100 | 00e9 4a05 | 0000 4889 | 8424 7801 | 0000 488b | 9c24 0001 | 0000 488b 
  0x0000775f10be1dac: ;   {metadata(method data for {method} {0x00006ab1e855b330} 'transformSelectedNodes' '(Lorg/apache/xalan/transformer/TransformerImpl;)V' in 'org/apache/xalan/templates/ElemApplyTemplates')}
  0x0000775f10be1dac: d348 bed8 | 9381 e8b1 

  0x0000775f10be1db4: ;   {metadata('org/apache/xpath/VariableStack')}
  0x0000775f10be1db4: 6a00 0049 | baa8 de0e | f4b1 6a00 | 004c 8996 | 0807 0000 | 4883 8610 | 0700 0001 | 488b d148 
  0x0000775f10be1dd4: 8bf3 898c | 24fc 0000 

  0x0000775f10be1ddc: ;   {optimized virtual_call}
  0x0000775f10be1ddc: 0066 90e8 

  0x0000775f10be1de0: ; ImmutableOopMap {[224]=Oop [232]=Oop [240]=Oop [256]=Oop [280]=Oop [312]=Oop [344]=Oop [360]=Oop [368]=Oop [376]=Oop }
                      ;*invokevirtual link {reexecute=0 rethrow=0 return_oop=0}
                      ; - org.apache.xalan.templates.ElemApplyTemplates::transformSelectedNodes@202 (line 253)
  0x0000775f10be1de0: 9c32 0807 

  0x0000775f10be1de4: ;   {other}
  0x0000775f10be1de4: 0f1f 8400 | d424 000c | 8984 2488 | 0100 0048 | 8b9c 2400 

  0x0000775f10be1df8: ;   {metadata(method data for {method} {0x00006ab1e855b330} 'transformSelectedNodes' '(Lorg/apache/xalan/transformer/TransformerImpl;)V' in 'org/apache/xalan/templates/ElemApplyTemplates')}
  0x0000775f10be1df8: 0100 0048 | bad8 9381 | e8b1 6a00 

  0x0000775f10be1e04: ;   {metadata('org/apache/xpath/VariableStack')}
  0x0000775f10be1e04: 0049 baa8 | de0e f4b1 | 6a00 004c | 8992 4007 | 0000 4883 | 8248 0700 | 0001 488b | 9c24 0001 
  0x0000775f10be1e24: 0000 448b | 8424 1001 | 0000 4489 | 4310 bf00 | 0000 0090 | 8b8c 24fc | 0000 0048 | 8b94 24f0 
  0x0000775f10be1e44: 0000 0048 | 8bb4 24e8 | 0000 003b 

  0x0000775f10be1e50: ;   {metadata(method data for {method} {0x00006ab1e855b330} 'transformSelectedNodes' '(Lorg/apache/xalan/transformer/TransformerImpl;)V' in 'org/apache/xalan/templates/ElemApplyTemplates')}
  0x0000775f10be1e50: f949 bbd8 | 9381 e8b1 | 6a00 0049 | c7c5 6807 | 0000 7d07 | 49c7 c578 | 0700 004f | 8b34 2b4d 
  0x0000775f10be1e70: 8d76 014f | 8934 2b0f | 8d25 0400 | 0044 8b5e | 6441 3b7b | 0c0f 83e7 | 9b00 004c | 63ef 478b 
  0x0000775f10be1e90: 5cab 104c | 899c 2480 | 0100 004c 

  0x0000775f10be1e9c: ;   {metadata(method data for {method} {0x00006ab1e855b330} 'transformSelectedNodes' '(Lorg/apache/xalan/transformer/TransformerImpl;)V' in 'org/apache/xalan/templates/ElemApplyTemplates')}
  0x0000775f10be1e9c: 8bea 49be | d893 81e8 | b16a 0000 

  0x0000775f10be1ea8: ;   {metadata('org/apache/xalan/transformer/TransformerImpl')}
  0x0000775f10be1ea8: 49ba c80c | 0cf4 b16a | 0000 4d89 | 9698 0700 | 0049 8386 | a007 0000 | 0144 0fbe | 5a15 4183 
  0x0000775f10be1ec8: e301 4585 

  0x0000775f10be1ecc: ;   {metadata(method data for {method} {0x00006ab1e855b330} 'transformSelectedNodes' '(Lorg/apache/xalan/transformer/TransformerImpl;)V' in 'org/apache/xalan/templates/ElemApplyTemplates')}
  0x0000775f10be1ecc: db49 bbd8 | 9381 e8b1 | 6a00 0049 | c7c5 c007 | 0000 7407 | 49c7 c5d0 | 0700 004f | 8b34 2b4d 
  0x0000775f10be1eec: 8d76 014f | 8934 2b4c | 8b9c 2480 | 0100 0089 | bc24 6401 | 0000 898c | 24fc 0000 | 000f 847d 
  0x0000775f10be1f0c: 0000 004c 

  0x0000775f10be1f10: ;   {metadata(method data for {method} {0x00006ab1e855b330} 'transformSelectedNodes' '(Lorg/apache/xalan/transformer/TransformerImpl;)V' in 'org/apache/xalan/templates/ElemApplyTemplates')}
  0x0000775f10be1f10: 8bea 49be | d893 81e8 | b16a 0000 

  0x0000775f10be1f1c: ;   {metadata('org/apache/xalan/transformer/TransformerImpl')}
  0x0000775f10be1f1c: 49ba c80c | 0cf4 b16a | 0000 4d89 | 96f0 0700 | 0049 8386 | f807 0000 | 018b ba84 | 0000 0048 
  0x0000775f10be1f3c: 3b07 4c8b 

  0x0000775f10be1f40: ;   {metadata(method data for {method} {0x00006ab1e855b330} 'transformSelectedNodes' '(Lorg/apache/xalan/transformer/TransformerImpl;)V' in 'org/apache/xalan/templates/ElemApplyTemplates')}
  0x0000775f10be1f40: ef49 bed8 | 9381 e8b1 

  0x0000775f10be1f48: ;   {metadata('org/apache/xalan/trace/TraceManager')}
  0x0000775f10be1f48: 6a00 0049 | ba78 840e | f4b1 6a00 | 004d 8996 | 2808 0000 | 4983 8630 | 0800 0001 | 498b d348 
  0x0000775f10be1f68: 8bf7 0f1f 

  0x0000775f10be1f6c: ;   {optimized virtual_call}
  0x0000775f10be1f6c: 4400 00e8 

  0x0000775f10be1f70: ; ImmutableOopMap {[224]=Oop [232]=Oop [240]=Oop [256]=Oop [280]=Oop [312]=Oop [344]=Oop [360]=Oop [368]=Oop [376]=Oop [384]=Oop }
                      ;*invokevirtual fireTraceEvent {reexecute=0 rethrow=0 return_oop=0}
                      ; - org.apache.xalan.templates.ElemApplyTemplates::transformSelectedNodes@246 (line 260)
  0x0000775f10be1f70: 0c31 0807 

  0x0000775f10be1f74: ;   {other}
  0x0000775f10be1f74: 0f1f 8400 | 6426 000d | 4c8b 9c24 | 8001 0000 | 488b 9424 | f000 0000 

  0x0000775f10be1f8c: ; implicit exception: dispatches to 0x0000775f10beba85
  0x0000775f10be1f8c: 493b 0349 

  0x0000775f10be1f90: ;   {metadata(method data for {method} {0x00006ab1e855b330} 'transformSelectedNodes' '(Lorg/apache/xalan/transformer/TransformerImpl;)V' in 'org/apache/xalan/templates/ElemApplyTemplates')}
  0x0000775f10be1f90: 8bcb 48be | d893 81e8 | b16a 0000 

  0x0000775f10be1f9c: ;   {metadata('org/apache/xalan/templates/ElemWithParam')}
  0x0000775f10be1f9c: 49ba 00a8 | 08f4 b16a | 0000 4c89 | 9660 0800 | 0048 8386 | 6808 0000 | 0148 8bfa | 488b d78b 
  0x0000775f10be1fbc: 8c24 f800 | 0000 498b 

  0x0000775f10be1fc4: ;   {optimized virtual_call}
  0x0000775f10be1fc4: f366 90e8 

  0x0000775f10be1fc8: ; ImmutableOopMap {[224]=Oop [232]=Oop [240]=Oop [256]=Oop [280]=Oop [312]=Oop [344]=Oop [360]=Oop [368]=Oop [376]=Oop [384]=Oop }
                      ;*invokevirtual getValue {reexecute=0 rethrow=0 return_oop=0}
                      ; - org.apache.xalan.templates.ElemApplyTemplates::transformSelectedNodes@253 (line 261)
  0x0000775f10be1fc8: b430 0807 

  0x0000775f10be1fcc: ;   {other}
  0x0000775f10be1fcc: 0f1f 8400 | bc26 000e | 488b 9424 | f000 0000 

  0x0000775f10be1fdc: ;   {metadata(method data for {method} {0x00006ab1e855b330} 'transformSelectedNodes' '(Lorg/apache/xalan/transformer/TransformerImpl;)V' in 'org/apache/xalan/templates/ElemApplyTemplates')}
  0x0000775f10be1fdc: 48be d893 | 81e8 b16a 

  0x0000775f10be1fe4: ;   {metadata('org/apache/xalan/transformer/TransformerImpl')}
  0x0000775f10be1fe4: 0000 49ba | c80c 0cf4 | b16a 0000 | 4c89 9698 | 0800 0048 | 8386 a008 | 0000 0148 | 8b94 24f0 
  0x0000775f10be2004: 0000 000f | be72 1583 | e601 85f6 

  0x0000775f10be2010: ;   {metadata(method data for {method} {0x00006ab1e855b330} 'transformSelectedNodes' '(Lorg/apache/xalan/transformer/TransformerImpl;)V' in 'org/apache/xalan/templates/ElemApplyTemplates')}
  0x0000775f10be2010: 48be d893 | 81e8 b16a | 0000 48c7 | c7c0 0800 | 0074 0748 | c7c7 d008 | 0000 488b | 1c3e 488d 
  0x0000775f10be2030: 5b01 4889 | 1c3e 0f84 | 8000 0000 | 4889 8424 | 9001 0000 

  0x0000775f10be2044: ;   {metadata(method data for {method} {0x00006ab1e855b330} 'transformSelectedNodes' '(Lorg/apache/xalan/transformer/TransformerImpl;)V' in 'org/apache/xalan/templates/ElemApplyTemplates')}
  0x0000775f10be2044: 488b f248 | bfd8 9381 | e8b1 6a00 

  0x0000775f10be2050: ;   {metadata('org/apache/xalan/transformer/TransformerImpl')}
  0x0000775f10be2050: 0049 bac8 | 0c0c f4b1 | 6a00 004c | 8997 f008 | 0000 4883 | 87f8 0800 | 0001 8bb2 | 8400 0000 
  0x0000775f10be2070: ; implicit exception: dispatches to 0x0000775f10beba8a
  0x0000775f10be2070: 483b 0648 

  0x0000775f10be2074: ;   {metadata(method data for {method} {0x00006ab1e855b330} 'transformSelectedNodes' '(Lorg/apache/xalan/transformer/TransformerImpl;)V' in 'org/apache/xalan/templates/ElemApplyTemplates')}
  0x0000775f10be2074: 8bfe 48bb | d893 81e8 | b16a 0000 

  0x0000775f10be2080: ;   {metadata('org/apache/xalan/trace/TraceManager')}
  0x0000775f10be2080: 49ba 7884 | 0ef4 b16a | 0000 4c89 | 9328 0900 | 0048 8383 | 3009 0000 | 0148 8b94 | 2480 0100 
  0x0000775f10be20a0: 0066 0f1f 

  0x0000775f10be20a4: ;   {optimized virtual_call}
  0x0000775f10be20a4: 4400 00e8 

  0x0000775f10be20a8: ; ImmutableOopMap {[224]=Oop [232]=Oop [240]=Oop [256]=Oop [280]=Oop [312]=Oop [344]=Oop [360]=Oop [368]=Oop [376]=Oop [384]=Oop [400]=Oop }
                      ;*invokevirtual fireTraceEndEvent {reexecute=0 rethrow=0 return_oop=0}
                      ; - org.apache.xalan.templates.ElemApplyTemplates::transformSelectedNodes@271 (line 263)
  0x0000775f10be20a8: d42f 0807 

  0x0000775f10be20ac: ;   {other}
  0x0000775f10be20ac: 0f1f 8400 | 9c27 000f | 488b 8424 | 9001 0000 | 4c8b 9c24 | 8001 0000 | 488b 9c24 | 0001 0000 
  0x0000775f10be20cc: ;   {metadata(method data for {method} {0x00006ab1e855b330} 'transformSelectedNodes' '(Lorg/apache/xalan/transformer/TransformerImpl;)V' in 'org/apache/xalan/templates/ElemApplyTemplates')}
  0x0000775f10be20cc: 488b d348 | bed8 9381 | e8b1 6a00 

  0x0000775f10be20d8: ;   {metadata('org/apache/xpath/VariableStack')}
  0x0000775f10be20d8: 0049 baa8 | de0e f4b1 | 6a00 004c | 8996 6009 | 0000 4883 | 8668 0900 

  0x0000775f10be20f0: ;   {metadata(method data for {method} {0x00006ab1e8791cc0} 'setLocalVariable' '(ILorg/apache/xpath/objects/XObject;I)V' in 'org/apache/xpath/VariableStack')}
  0x0000775f10be20f0: 0001 48ba | b04d 82e8 | b16a 0000 | 8bb2 f400 | 0000 83c6 | 0289 b2f4 | 0000 0081 | e6fe ff1f 
  0x0000775f10be2110: 0085 f60f | 8476 9900 | 008b 5318 | 8bbc 2464 | 0100 0003 | bc24 8801 | 0000 3b7a | 0c0f 8387 
  0x0000775f10be2130: 9900 0048 | 85c0 7516 

  0x0000775f10be2138: ;   {metadata(method data for {method} {0x00006ab1e8791cc0} 'setLocalVariable' '(ILorg/apache/xpath/objects/XObject;I)V' in 'org/apache/xpath/VariableStack')}
  0x0000775f10be2138: 48b9 b04d | 82e8 b16a | 0000 8089 | 3101 0000 | 01e9 fa00 | 0000 8b72 | 0849 ba00 | 0000 f3b1 
  0x0000775f10be2158: 6a00 0049 | 03f2 8b48 | 0849 ba00 | 0000 f3b1 | 6a00 0049 | 03ca 488b | b6e0 0000 | 0048 3bce 
  0x0000775f10be2178: 0f84 2900 | 0000 448b | 4614 4a3b | 3401 0f84 | 1b00 0000 | 4183 f820 | 0f85 9b00 | 0000 5156 
  0x0000775f10be2198: ;   {runtime_call slow_subtype_check Runtime1 stub}
  0x0000775f10be2198: e8e3 2213 | 0759 5e85 | f60f 848a 

  0x0000775f10be21a4: ;   {metadata(method data for {method} {0x00006ab1e8791cc0} 'setLocalVariable' '(ILorg/apache/xpath/objects/XObject;I)V' in 'org/apache/xpath/VariableStack')}
  0x0000775f10be21a4: 0000 0048 | b9b0 4d82 | e8b1 6a00 | 008b 7008 | 49ba 0000 | 00f3 b16a | 0000 4903 | f248 3bb1 
  0x0000775f10be21c4: 4801 0000 | 750d 4883 | 8150 0100 | 0001 e971 | 0000 0048 | 3bb1 5801 | 0000 750d | 4883 8160 
  0x0000775f10be21e4: 0100 0001 | e95b 0000 | 0048 83b9 | 4801 0000 | 0075 1748 | 89b1 4801 | 0000 48c7 | 8150 0100 
  0x0000775f10be2204: 0001 0000 | 00e9 3a00 | 0000 4883 | b958 0100 | 0000 7517 | 4889 b158 | 0100 0048 | c781 6001 
  0x0000775f10be2224: 0000 0100 | 0000 e919 | 0000 00eb 

  0x0000775f10be2230: ;   {metadata(method data for {method} {0x00006ab1e8791cc0} 'setLocalVariable' '(ILorg/apache/xpath/objects/XObject;I)V' in 'org/apache/xpath/VariableStack')}
  0x0000775f10be2230: 1748 b9b0 | 4d82 e8b1 | 6a00 0048 | 83a9 3801 | 0000 01e9 | 8598 0000 | 4863 ff4c | 8bd0 4489 
  0x0000775f10be2250: 54ba 108b | bc24 6401 | 0000 ffc7 

  0x0000775f10be225c: ;   {metadata(method data for {method} {0x00006ab1e855b330} 'transformSelectedNodes' '(Lorg/apache/xalan/transformer/TransformerImpl;)V' in 'org/apache/xalan/templates/ElemApplyTemplates')}
  0x0000775f10be225c: 48b8 d893 | 81e8 b16a | 0000 8b90 | f800 0000 | 83c2 0289 | 90f8 0000 | 0081 e2fe | 3f00 0085 
  0x0000775f10be227c: d20f 8453 | 9800 004d | 8b97 7007 

  0x0000775f10be2288: ; ImmutableOopMap {r11=Oop rbx=Oop [224]=Oop [232]=Oop [240]=Oop [256]=Oop [280]=Oop [312]=Oop [344]=Oop [360]=Oop [368]=Oop [376]=Oop [384]=Oop }
                      ;*goto {reexecute=1 rethrow=0 return_oop=0}
                      ; - (reexecute) org.apache.xalan.templates.ElemApplyTemplates::transformSelectedNodes@288 (line 256)
                      ;   {poll}
  0x0000775f10be2288: 0000 4185 

  0x0000775f10be228c: ;   {metadata(method data for {method} {0x00006ab1e855b330} 'transformSelectedNodes' '(Lorg/apache/xalan/transformer/TransformerImpl;)V' in 'org/apache/xalan/templates/ElemApplyTemplates')}
  0x0000775f10be228c: 0248 b8d8 | 9381 e8b1 | 6a00 00ff | 8088 0900 | 00e9 96fb | ffff 8b84 | 2488 0100 | 0089 8c24 
  0x0000775f10be22ac: fc00 0000 | 488b 9c24 | 0001 0000 

  0x0000775f10be22b8: ;   {metadata(method data for {method} {0x00006ab1e855b330} 'transformSelectedNodes' '(Lorg/apache/xalan/transformer/TransformerImpl;)V' in 'org/apache/xalan/templates/ElemApplyTemplates')}
  0x0000775f10be22b8: 488b d348 | bed8 9381 | e8b1 6a00 

  0x0000775f10be22c4: ;   {metadata('org/apache/xpath/VariableStack')}
  0x0000775f10be22c4: 0049 baa8 | de0e f4b1 | 6a00 004c | 8996 b009 | 0000 4883 | 86b8 0900 | 0001 8943 | 1048 8bf8 
  0x0000775f10be22e4: 488b 8c24 | e000 0000 

  0x0000775f10be22ec: ;   {metadata(method data for {method} {0x00006ab1e855b330} 'transformSelectedNodes' '(Lorg/apache/xalan/transformer/TransformerImpl;)V' in 'org/apache/xalan/templates/ElemApplyTemplates')}
  0x0000775f10be22ec: 488b c148 | bad8 9381 | e8b1 6a00 | 0048 8382 | d809 0000 

  0x0000775f10be2300: ;   {metadata(method data for {method} {0x00006ab1e86aaf08} 'pushContextNodeList' '(Lorg/apache/xml/dtm/DTMIterator;)V' in 'org/apache/xpath/XPathContext')}
  0x0000775f10be2300: 0148 b898 | 4b81 e8b1 | 6a00 008b | 90f4 0000 | 0083 c202 | 8990 f400 | 0000 81e2 | feff 1f00 
  0x0000775f10be2320: 85d2 0f84 | cf97 0000 | 448b 4150 

  0x0000775f10be232c: ; implicit exception: dispatches to 0x0000775f10bebb18
  0x0000775f10be232c: 493b 0049 

  0x0000775f10be2330: ;   {metadata(method data for {method} {0x00006ab1e86aaf08} 'pushContextNodeList' '(Lorg/apache/xml/dtm/DTMIterator;)V' in 'org/apache/xpath/XPathContext')}
  0x0000775f10be2330: 8bc0 48ba | 984b 81e8 | b16a 0000 | 4883 8250 | 0100 0001 

  0x0000775f10be2344: ;   {metadata(method data for {method} {0x00006ab1e81abc48} 'push' '(Ljava/lang/Object;)Ljava/lang/Object;' in 'java/util/Stack')}
  0x0000775f10be2344: 48b8 a8d2 | 1ee8 b16a | 0000 8b90 | f400 0000 | 83c2 0289 | 90f4 0000 | 0081 e2fe | ff1f 0085 
  0x0000775f10be2364: d20f 84b2 | 9700 0049 

  0x0000775f10be236c: ;   {metadata(method data for {method} {0x00006ab1e81abc48} 'push' '(Ljava/lang/Object;)Ljava/lang/Object;' in 'java/util/Stack')}
  0x0000775f10be236c: 8bc0 48ba | a8d2 1ee8 | b16a 0000 | 8b40 0849 | ba00 0000 | f3b1 6a00 | 0049 03c2 | 483b 8248 
  0x0000775f10be238c: 0100 0075 | 0d48 8382 | 5001 0000 | 01e9 6000 | 0000 483b | 8258 0100 | 0075 0d48 | 8382 6001 
  0x0000775f10be23ac: 0000 01e9 | 4a00 0000 | 4883 ba48 | 0100 0000 | 7517 4889 | 8248 0100 | 0048 c782 | 5001 0000 
  0x0000775f10be23cc: 0100 0000 | e929 0000 | 0048 83ba | 5801 0000 | 0075 1748 | 8982 5801 | 0000 48c7 | 8260 0100 
  0x0000775f10be23ec: 0001 0000 | 00e9 0800 | 0000 4883 | 8238 0100 | 0001 488d | 9424 d803 | 0000 4c89 | 4208 498b 
  0x0000775f10be240c: 0048 83c8 | 0148 8902 | f049 0fb1 | 100f 8412 | 0000 0048 | 2bc4 4825 | 07f0 ffff | 4889 020f 
  0x0000775f10be242c: 850d 9700 | 0049 ff87 | 6808 0000 

  0x0000775f10be2438: ;   {metadata(method data for {method} {0x00006ab1e80ffd98} 'addElement' '(Ljava/lang/Object;)V' in 'java/util/Vector')}
  0x0000775f10be2438: 48ba f0d0 | 1ee8 b16a | 0000 8bb2 | f400 0000 | 83c6 0289 | b2f4 0000 | 0081 e6fe | ff1f 0085 
  0x0000775f10be2458: f60f 84f2 | 9600 0041 | 8b50 0cff | c241 8950 | 0c41 8b50 | 1841 8b40 | 1049 8bf0 

  0x0000775f10be2474: ;   {metadata(method data for {method} {0x00006ab1e80ffd98} 'addElement' '(Ljava/lang/Object;)V' in 'java/util/Vector')}
  0x0000775f10be2474: 49b9 f0d0 | 1ee8 b16a | 0000 4983 | 8138 0100 

  0x0000775f10be2484: ;   {metadata(method data for {method} {0x00006ab1e8100690} 'add' '(Ljava/lang/Object;[Ljava/lang/Object;I)V' in 'java/util/Vector')}
  0x0000775f10be2484: 0001 48be | 48cb 1ee8 | b16a 0000 | 448b 8ef4 | 0000 0041 | 83c1 0244 | 898e f400 | 0000 4181 
  0x0000775f10be24a4: e1fe ff1f | 0045 85c9 | 0f84 c096 | 0000 8b72 

  0x0000775f10be24b4: ;   {metadata(method data for {method} {0x00006ab1e8100690} 'add' '(Ljava/lang/Object;[Ljava/lang/Object;I)V' in 'java/util/Vector')}
  0x0000775f10be24b4: 0c3b c648 | be48 cb1e | e8b1 6a00 | 0049 c7c1 | 3801 0000 | 7507 49c7 | c148 0100 | 004e 8b1c 
  0x0000775f10be24d4: 0e4d 8d5b | 014e 891c | 0e89 bc24 | a001 0000 | 0f85 8c00 | 0000 498b 

  0x0000775f10be24ec: ;   {metadata(method data for {method} {0x00006ab1e8100690} 'add' '(Ljava/lang/Object;[Ljava/lang/Object;I)V' in 'java/util/Vector')}
  0x0000775f10be24ec: d048 be48 | cb1e e8b1 | 6a00 0048 | 8386 5801 

  0x0000775f10be24fc: ;   {metadata(method data for {method} {0x00006ab1e80fed70} 'grow' '()[Ljava/lang/Object;' in 'java/util/Vector')}
  0x0000775f10be24fc: 0000 0148 | ba68 cd1e | e8b1 6a00 | 008b b2f4 | 0000 0083 | c602 89b2 | f400 0000 | 81e6 feff 
  0x0000775f10be251c: 1f00 85f6 | 0f84 7296 | 0000 498b 

  0x0000775f10be2528: ;   {metadata(method data for {method} {0x00006ab1e80fed70} 'grow' '()[Ljava/lang/Object;' in 'java/util/Vector')}
  0x0000775f10be2528: d048 be68 | cd1e e8b1 | 6a00 0048 | 8386 3801 | 0000 0148 | 8bd0 ffc2 | 498b f04c | 8984 2498 
  0x0000775f10be2548: 0100 0089 | 8424 8c01 | 0000 0f1f 

  0x0000775f10be2554: ;   {optimized virtual_call}
  0x0000775f10be2554: 4400 00e8 

  0x0000775f10be2558: ; ImmutableOopMap {[224]=Oop [232]=Oop [240]=Oop [256]=Oop [280]=Oop [312]=Oop [344]=Oop [360]=Oop [368]=Oop [376]=Oop [408]=Oop [992]=Oop }
                      ;*invokevirtual grow {reexecute=0 rethrow=0 return_oop=0}
                      ; - java.util.Vector::grow@7 (line 266)
                      ; - java.util.Vector::add@7 (line 782)
                      ; - java.util.Vector::addElement@20 (line 617)
                      ; - java.util.Stack::push@2 (line 68)
                      ; - org.apache.xpath.XPathContext::pushContextNodeList@5 (line 697)
                      ; - org.apache.xalan.templates.ElemApplyTemplates::transformSelectedNodes@301 (line 270)
  0x0000775f10be2558: 841d 1b00 

  0x0000775f10be255c: ;   {other}
  0x0000775f10be255c: 0f1f 8400 | 4c2c 0011 | 488b d08b | 8424 8c01 | 0000 4c8b | 8424 9801 | 0000 488b | bc24 3801 
  0x0000775f10be257c: 0000 3b42 | 0c0f 833c | 9600 0048 | 85ff 7516 

  0x0000775f10be258c: ;   {metadata(method data for {method} {0x00006ab1e8100690} 'add' '(Ljava/lang/Object;[Ljava/lang/Object;I)V' in 'java/util/Vector')}
  0x0000775f10be258c: 48bb 48cb | 1ee8 b16a | 0000 808b | 8901 0000 | 01e9 f800 | 0000 8b72 | 0849 ba00 | 0000 f3b1 
  0x0000775f10be25ac: 6a00 0049 | 03f2 8b5f | 0849 ba00 | 0000 f3b1 | 6a00 0049 | 03da 488b | b6e0 0000 | 0048 3bde 
  0x0000775f10be25cc: 0f84 2700 | 0000 8b4e | 1448 3b34 | 0b0f 841a | 0000 0083 | f920 0f85 | 9b00 0000 

  0x0000775f10be25e8: ;   {runtime_call slow_subtype_check Runtime1 stub}
  0x0000775f10be25e8: 5356 e891 | 1e13 075b | 5e85 f60f | 848a 0000 

  0x0000775f10be25f8: ;   {metadata(method data for {method} {0x00006ab1e8100690} 'add' '(Ljava/lang/Object;[Ljava/lang/Object;I)V' in 'java/util/Vector')}
  0x0000775f10be25f8: 0048 bb48 | cb1e e8b1 | 6a00 008b | 7708 49ba | 0000 00f3 | b16a 0000 | 4903 f248 | 3bb3 a001 
  0x0000775f10be2618: 0000 750d | 4883 83a8 | 0100 0001 | e971 0000 | 0048 3bb3 | b001 0000 | 750d 4883 | 83b8 0100 
  0x0000775f10be2638: 0001 e95b | 0000 0048 | 83bb a001 | 0000 0075 | 1748 89b3 | a001 0000 | 48c7 83a8 | 0100 0001 
  0x0000775f10be2658: 0000 00e9 | 3a00 0000 | 4883 bbb0 | 0100 0000 | 7517 4889 | b3b0 0100 | 0048 c783 | b801 0000 
  0x0000775f10be2678: 0100 0000 | e919 0000 

  0x0000775f10be2680: ;   {metadata(method data for {method} {0x00006ab1e8100690} 'add' '(Ljava/lang/Object;[Ljava/lang/Object;I)V' in 'java/util/Vector')}
  0x0000775f10be2680: 00eb 1748 | bb48 cb1e | e8b1 6a00 | 0048 83ab | 9001 0000 | 01e9 3c95 | 0000 4863 | f04c 8bd7 
  0x0000775f10be26a0: 4489 54b2 | 10ff c041 | 8940 1048 | 8d84 24d8 | 0300 0048 | 8b30 4885 | f60f 840f | 0000 0048 
  0x0000775f10be26c0: 8b58 08f0 | 480f b133 | 0f85 1195 | 0000 49ff | 8f68 0800 | 0048 8b9c | 24e0 0000 | 0048 8bf3 
  0x0000775f10be26e0: ;   {metadata(method data for {method} {0x00006ab1e855b330} 'transformSelectedNodes' '(Lorg/apache/xalan/transformer/TransformerImpl;)V' in 'org/apache/xalan/templates/ElemApplyTemplates')}
  0x0000775f10be26e0: 48b8 d893 | 81e8 b16a | 0000 4883 | 8028 0a00 | 0001 8b43 | 5448 8984 | 24a8 0100 | 0048 8bf3 
  0x0000775f10be2700: ;   {metadata(method data for {method} {0x00006ab1e855b330} 'transformSelectedNodes' '(Lorg/apache/xalan/transformer/TransformerImpl;)V' in 'org/apache/xalan/templates/ElemApplyTemplates')}
  0x0000775f10be2700: 48ba d893 | 81e8 b16a | 0000 4883 | 8260 0a00 | 0001 8b53 | 6048 8994 | 24b0 0100 | 0048 8b8c 
  0x0000775f10be2720: 2478 0100 | 0048 898c | 24b8 0100 | 0066 6690 

  0x0000775f10be2730: ; implicit exception: dispatches to 0x0000775f10bebbf5
  0x0000775f10be2730: 483b 0748 

  0x0000775f10be2734: ;   {metadata(method data for {method} {0x00006ab1e855b330} 'transformSelectedNodes' '(Lorg/apache/xalan/transformer/TransformerImpl;)V' in 'org/apache/xalan/templates/ElemApplyTemplates')}
  0x0000775f10be2734: 8bdf 48b8 | d893 81e8 | b16a 0000 | 8b5b 0849 | ba00 0000 | f3b1 6a00 | 0049 03da | 483b 9890 
  0x0000775f10be2754: 0a00 0075 | 0d48 8380 | 980a 0000 | 01e9 6000 | 0000 483b | 98a0 0a00 | 0075 0d48 | 8380 a80a 
  0x0000775f10be2774: 0000 01e9 | 4a00 0000 | 4883 b890 | 0a00 0000 | 7517 4889 | 9890 0a00 | 0048 c780 | 980a 0000 
  0x0000775f10be2794: 0100 0000 | e929 0000 | 0048 83b8 | a00a 0000 | 0075 1748 | 8998 a00a | 0000 48c7 | 80a8 0a00 
  0x0000775f10be27b4: 0001 0000 | 00e9 0800 | 0000 4883 | 8080 0a00 | 0001 488b | f748 89bc | 2438 0100 | 000f 1f40 
  0x0000775f10be27d4: 0048 b808 | f501 f4b1 

  0x0000775f10be27dc: ;   {virtual_call}
  0x0000775f10be27dc: 6a00 00e8 

  0x0000775f10be27e0: ; ImmutableOopMap {[224]=Oop [232]=Oop [240]=Oop [256]=Oop [280]=Oop [312]=Oop [344]=Oop [360]=Oop [368]=Oop [424]=Oop [432]=Oop [440]=Oop }
                      ;*invokeinterface nextNode {reexecute=0 rethrow=0 return_oop=0}
                      ; - org.apache.xalan.templates.ElemApplyTemplates::transformSelectedNodes@322 (line 280)
  0x0000775f10be27e0: bc59 8b07 

  0x0000775f10be27e4: ;   {other}
  0x0000775f10be27e4: 0f1f 8400 | d42e 0012 | 8984 24a4 | 0100 0083 

  0x0000775f10be27f4: ;   {metadata(method data for {method} {0x00006ab1e855b330} 'transformSelectedNodes' '(Lorg/apache/xalan/transformer/TransformerImpl;)V' in 'org/apache/xalan/templates/ElemApplyTemplates')}
  0x0000775f10be27f4: f8ff 48ba | d893 81e8 | b16a 0000 | 48c7 c6b8 | 0a00 0074 | 0748 c7c6 | c80a 0000 | 488b 3c32 
  0x0000775f10be2814: 488d 7f01 | 4889 3c32 | 0f84 fe32 | 0000 488b | bc24 a801 | 0000 483b | 0748 8bd7 

  0x0000775f10be2830: ;   {metadata(method data for {method} {0x00006ab1e855b330} 'transformSelectedNodes' '(Lorg/apache/xalan/transformer/TransformerImpl;)V' in 'org/apache/xalan/templates/ElemApplyTemplates')}
  0x0000775f10be2830: 48be d893 | 81e8 b16a | 0000 4883 | 86f0 0a00 

  0x0000775f10be2840: ;   {metadata(method data for {method} {0x00006ab1e86489c0} 'setTop' '(I)V' in 'org/apache/xml/utils/IntStack')}
  0x0000775f10be2840: 0001 48ba | 0088 80e8 | b16a 0000 | 8bb2 f400 | 0000 83c6 | 0289 b2f4 | 0000 0081 | e6fe ff1f 
  0x0000775f10be2860: 0085 f60f | 8496 9300 | 008b 5718 | 8b77 10ff | ce3b 720c | 0f83 b093 | 0000 4863 | f689 44b2 
  0x0000775f10be2880: ;   {metadata(method data for {method} {0x00006ab1e86489c0} 'setTop' '(I)V' in 'org/apache/xml/utils/IntStack')}
  0x0000775f10be2880: 1048 ba00 | 8880 e8b1 | 6a00 00ff | 8238 0100 | 0048 8b94 | 24b0 0100 | 0048 3b02 

  0x0000775f10be289c: ;   {metadata(method data for {method} {0x00006ab1e855b330} 'transformSelectedNodes' '(Lorg/apache/xalan/transformer/TransformerImpl;)V' in 'org/apache/xalan/templates/ElemApplyTemplates')}
  0x0000775f10be289c: 488b f248 | bbd8 9381 | e8b1 6a00 | 0048 8383 | 280b 0000 

  0x0000775f10be28b0: ;   {metadata(method data for {method} {0x00006ab1e86489c0} 'setTop' '(I)V' in 'org/apache/xml/utils/IntStack')}
  0x0000775f10be28b0: 0148 be00 | 8880 e8b1 | 6a00 008b | 9ef4 0000 | 0083 c302 | 899e f400 | 0000 81e3 | feff 1f00 
  0x0000775f10be28d0: 85db 0f84 | 6593 0000 | 8b72 188b | 5a10 ffcb 

  0x0000775f10be28e0: ; implicit exception: dispatches to 0x0000775f10bebc5e
  0x0000775f10be28e0: 3b5e 0c0f | 837f 9300 | 0048 63db | 8944 9e10 

  0x0000775f10be28f0: ;   {metadata(method data for {method} {0x00006ab1e86489c0} 'setTop' '(I)V' in 'org/apache/xml/utils/IntStack')}
  0x0000775f10be28f0: 48be 0088 | 80e8 b16a | 0000 ff86 | 3801 0000 | 488b bc24 | e000 0000 

  0x0000775f10be2908: ;   {metadata(method data for {method} {0x00006ab1e855b330} 'transformSelectedNodes' '(Lorg/apache/xalan/transformer/TransformerImpl;)V' in 'org/apache/xalan/templates/ElemApplyTemplates')}
  0x0000775f10be2908: 488b f749 | b8d8 9381 | e8b1 6a00 | 0049 8380 | 600b 0000 

  0x0000775f10be291c: ;   {metadata(method data for {method} {0x00006ab1e86a9640} 'getDTM' '(I)Lorg/apache/xml/dtm/DTM;' in 'org/apache/xpath/XPathContext')}
  0x0000775f10be291c: 0148 bee8 | e77f e8b1 | 6a00 0044 | 8b86 f400 | 0000 4183 | c002 4489 | 86f4 0000 | 0041 81e0 
  0x0000775f10be293c: feff 1f00 | 4585 c00f | 842d 9300 | 008b 7728 

  0x0000775f10be294c: ; implicit exception: dispatches to 0x0000775f10bebc97
  0x0000775f10be294c: 483b 064c 

  0x0000775f10be2950: ;   {metadata(method data for {method} {0x00006ab1e86a9640} 'getDTM' '(I)Lorg/apache/xml/dtm/DTM;' in 'org/apache/xpath/XPathContext')}
  0x0000775f10be2950: 8bc6 49b9 | e8e7 7fe8 | b16a 0000 | 458b 4008 | 49ba 0000 | 00f3 b16a | 0000 4d03 | c24d 3b81 
  0x0000775f10be2970: 4801 0000 | 750d 4983 | 8150 0100 | 0001 e960 | 0000 004d | 3b81 5801 | 0000 750d | 4983 8160 
  0x0000775f10be2990: 0100 0001 | e94a 0000 | 0049 83b9 | 4801 0000 | 0075 174d | 8981 4801 | 0000 49c7 | 8150 0100 
  0x0000775f10be29b0: 0001 0000 | 00e9 2900 | 0000 4983 | b958 0100 | 0000 7517 | 4d89 8158 | 0100 0049 | c781 6001 
  0x0000775f10be29d0: 0000 0100 | 0000 e908 | 0000 0049 | 8381 3801 | 0000 0148 | 8bd0 0f1f | 8000 0000 | 0048 b838 
  0x0000775f10be29f0: a60e f4b1 

  0x0000775f10be29f4: ;   {virtual_call}
  0x0000775f10be29f4: 6a00 00e8 

  0x0000775f10be29f8: ; ImmutableOopMap {[224]=Oop [232]=Oop [240]=Oop [256]=Oop [280]=Oop [312]=Oop [344]=Oop [360]=Oop [368]=Oop [424]=Oop [432]=Oop [440]=Oop }
                      ;*invokevirtual getDTM {reexecute=0 rethrow=0 return_oop=0}
                      ; - org.apache.xpath.XPathContext::getDTM@5 (line 171)
                      ; - org.apache.xalan.templates.ElemApplyTemplates::transformSelectedNodes@350 (line 285)
  0x0000775f10be29f8: 2487 8807 

  0x0000775f10be29fc: ;   {other}
  0x0000775f10be29fc: 0f1f 8400 | ec30 0013 | 488b 8c24 | b801 0000 

  0x0000775f10be2a0c: ;   {metadata(method data for {method} {0x00006ab1e855b330} 'transformSelectedNodes' '(Lorg/apache/xalan/transformer/TransformerImpl;)V' in 'org/apache/xalan/templates/ElemApplyTemplates')}
  0x0000775f10be2a0c: 483b c148 | bad8 9381 | e8b1 6a00 | 0048 c7c6 | 800b 0000 | 7407 48c7 | c690 0b00 | 0048 8b3c 
  0x0000775f10be2a2c: 3248 8d7f | 0148 893c | 320f 841c | 0100 0048 | 898c 24b8 | 0100 0048 | 8bbc 24e0 | 0000 0048 
  0x0000775f10be2a4c: ;   {metadata(method data for {method} {0x00006ab1e855b330} 'transformSelectedNodes' '(Lorg/apache/xalan/transformer/TransformerImpl;)V' in 'org/apache/xalan/templates/ElemApplyTemplates')}
  0x0000775f10be2a4c: 8bd7 48be | d893 81e8 | b16a 0000 

  0x0000775f10be2a58: ;   {metadata('org/apache/xpath/XPathContext')}
  0x0000775f10be2a58: 49ba a817 | 0df4 b16a | 0000 4c89 | 96b0 0b00 | 0048 8386 | b80b 0000 

  0x0000775f10be2a70: ;   {metadata(method data for {method} {0x00006ab1e86a9640} 'getDTM' '(I)Lorg/apache/xml/dtm/DTM;' in 'org/apache/xpath/XPathContext')}
  0x0000775f10be2a70: 0148 bae8 | e77f e8b1 | 6a00 008b | b2f4 0000 | 0083 c602 | 89b2 f400 | 0000 81e6 | feff 1f00 
  0x0000775f10be2a90: 85f6 0f84 | 0492 0000 | 8b77 2848 | 3b06 488b 

  0x0000775f10be2aa0: ;   {metadata(method data for {method} {0x00006ab1e86a9640} 'getDTM' '(I)Lorg/apache/xml/dtm/DTM;' in 'org/apache/xpath/XPathContext')}
  0x0000775f10be2aa0: d648 bbe8 | e77f e8b1 | 6a00 008b | 5208 49ba | 0000 00f3 | b16a 0000 | 4903 d248 | 3b93 4801 
  0x0000775f10be2ac0: 0000 750d | 4883 8350 | 0100 0001 | e960 0000 | 0048 3b93 | 5801 0000 | 750d 4883 | 8360 0100 
  0x0000775f10be2ae0: 0001 e94a | 0000 0048 | 83bb 4801 | 0000 0075 | 1748 8993 | 4801 0000 | 48c7 8350 | 0100 0001 
  0x0000775f10be2b00: 0000 00e9 | 2900 0000 | 4883 bb58 | 0100 0000 | 7517 4889 | 9358 0100 | 0048 c783 | 6001 0000 
  0x0000775f10be2b20: 0100 0000 | e908 0000 | 0048 8383 | 3801 0000 | 018b 9424 | a401 0000 | 0f1f 4400 | 0048 b8ff 
  0x0000775f10be2b40: ffff ffff 

  0x0000775f10be2b44: ;   {virtual_call}
  0x0000775f10be2b44: ffff ffe8 

  0x0000775f10be2b48: ; ImmutableOopMap {[224]=Oop [232]=Oop [240]=Oop [256]=Oop [280]=Oop [312]=Oop [344]=Oop [360]=Oop [368]=Oop [424]=Oop [432]=Oop [440]=Oop }
                      ;*invokevirtual getDTM {reexecute=0 rethrow=0 return_oop=0}
                      ; - org.apache.xpath.XPathContext::getDTM@5 (line 171)
                      ; - org.apache.xalan.templates.ElemApplyTemplates::transformSelectedNodes@361 (line 287)
  0x0000775f10be2b48: 3428 0807 

  0x0000775f10be2b4c: ;   {other}
  0x0000775f10be2b4c: 0f1f 8400 | 3c32 0014 | 488b c848 | 85c9 0f84 | 2900 0000 

  0x0000775f10be2b60: ;   {metadata('org/apache/xml/dtm/ref/DTMDefaultBase')}
  0x0000775f10be2b60: 48bb 10a9 | 0ef4 b16a | 0000 8b79 | 0849 ba00 | 0000 f3b1 | 6a00 0049 | 03fa 483b | 5f38 0f85 
  0x0000775f10be2b80: 3e91 0000 | e900 0000 | 0048 8bd1 

  0x0000775f10be2b8c: ; implicit exception: dispatches to 0x0000775f10bebcc7
  0x0000775f10be2b8c: 483b 0148 

  0x0000775f10be2b90: ;   {metadata(method data for {method} {0x00006ab1e855b330} 'transformSelectedNodes' '(Lorg/apache/xalan/transformer/TransformerImpl;)V' in 'org/apache/xalan/templates/ElemApplyTemplates')}
  0x0000775f10be2b90: 8bd1 48be | d893 81e8 | b16a 0000 | 8b52 0849 | ba00 0000 | f3b1 6a00 | 0049 03d2 | 483b 96e8 
  0x0000775f10be2bb0: 0b00 0075 | 0d48 8386 | f00b 0000 | 01e9 6000 | 0000 483b | 96f8 0b00 | 0075 0d48 | 8386 000c 
  0x0000775f10be2bd0: 0000 01e9 | 4a00 0000 | 4883 bee8 | 0b00 0000 | 7517 4889 | 96e8 0b00 | 0048 c786 | f00b 0000 
  0x0000775f10be2bf0: 0100 0000 | e929 0000 | 0048 83be | f80b 0000 | 0075 1748 | 8996 f80b | 0000 48c7 | 8600 0c00 
  0x0000775f10be2c10: 0001 0000 | 00e9 0800 | 0000 4883 | 86d8 0b00 

  0x0000775f10be2c20: ;   {metadata(method data for {method} {0x00006ab1e878a0b0} 'getExpandedTypeID' '(I)I' in 'org/apache/xml/dtm/ref/DTMDefaultBase')}
  0x0000775f10be2c20: 0001 48ba | 884d 80e8 | b16a 0000 | 8bb2 f400 | 0000 83c6 | 0289 b2f4 | 0000 0081 | e6fe ff1f 
  0x0000775f10be2c40: 0085 f60f | 8483 9000 | 0048 8bd1 

  0x0000775f10be2c4c: ;   {metadata(method data for {method} {0x00006ab1e878a0b0} 'getExpandedTypeID' '(I)I' in 'org/apache/xml/dtm/ref/DTMDefaultBase')}
  0x0000775f10be2c4c: 48be 884d | 80e8 b16a | 0000 4883 | 8638 0100 | 0001 8b94 | 24a4 0100 | 0048 8bf1 | 4889 8c24 
  0x0000775f10be2c6c: c001 0000 | 0f1f 8000 

  0x0000775f10be2c74: ;   {optimized virtual_call}
  0x0000775f10be2c74: 0000 00e8 

  0x0000775f10be2c78: ; ImmutableOopMap {[224]=Oop [232]=Oop [240]=Oop [256]=Oop [280]=Oop [312]=Oop [344]=Oop [360]=Oop [368]=Oop [424]=Oop [432]=Oop [448]=Oop }
                      ;*invokevirtual makeNodeIdentity {reexecute=0 rethrow=0 return_oop=0}
                      ; - org.apache.xml.dtm.ref.DTMDefaultBase::getExpandedTypeID@2 (line 1682)
                      ; - org.apache.xalan.templates.ElemApplyTemplates::transformSelectedNodes@370 (line 290)
  0x0000775f10be2c78: 44e6 8707 

  0x0000775f10be2c7c: ;   {other}
  0x0000775f10be2c7c: 0f1f 8400 | 6c33 0015 

  0x0000775f10be2c84: ;   {metadata(method data for {method} {0x00006ab1e878a0b0} 'getExpandedTypeID' '(I)I' in 'org/apache/xml/dtm/ref/DTMDefaultBase')}
  0x0000775f10be2c84: 83f8 ff48 | ba88 4d80 | e8b1 6a00 | 0048 c7c6 | 7001 0000 | 7507 48c7 | c680 0100 | 0048 8b3c 
  0x0000775f10be2ca4: 3248 8d7f | 0148 893c | 320f 850a | 0000 00bf | ffff ffff | e9ba 0000 | 0048 8b8c | 24c0 0100 
  0x0000775f10be2cc4: ;   {metadata(method data for {method} {0x00006ab1e878a0b0} 'getExpandedTypeID' '(I)I' in 'org/apache/xml/dtm/ref/DTMDefaultBase')}
  0x0000775f10be2cc4: 0048 ba88 | 4d80 e8b1 | 6a00 008b | 4908 49ba | 0000 00f3 | b16a 0000 | 4903 ca48 | 3b8a a001 
  0x0000775f10be2ce4: 0000 750d | 4883 82a8 | 0100 0001 | e960 0000 | 0048 3b8a | b001 0000 | 750d 4883 | 82b8 0100 
  0x0000775f10be2d04: 0001 e94a | 0000 0048 | 83ba a001 | 0000 0075 | 1748 898a | a001 0000 | 48c7 82a8 | 0100 0001 
  0x0000775f10be2d24: 0000 00e9 | 2900 0000 | 4883 bab0 | 0100 0000 | 7517 4889 | 8ab0 0100 | 0048 c782 | b801 0000 
  0x0000775f10be2d44: 0100 0000 | e908 0000 | 0048 8382 | 9001 0000 | 0148 8bd0 | 488b b424 | c001 0000 | 0f1f 8000 
  0x0000775f10be2d64: ;   {optimized virtual_call}
  0x0000775f10be2d64: 0000 00e8 

  0x0000775f10be2d68: ; ImmutableOopMap {[224]=Oop [232]=Oop [240]=Oop [256]=Oop [280]=Oop [312]=Oop [344]=Oop [360]=Oop [368]=Oop [424]=Oop [432]=Oop [448]=Oop }
                      ;*invokevirtual _exptype {reexecute=0 rethrow=0 return_oop=0}
                      ; - org.apache.xml.dtm.ref.DTMDefaultBase::getExpandedTypeID@15 (line 1685)
                      ; - org.apache.xalan.templates.ElemApplyTemplates::transformSelectedNodes@370 (line 290)
  0x0000775f10be2d68: 54ed 8707 

  0x0000775f10be2d6c: ;   {other}
  0x0000775f10be2d6c: 0f1f 8400 | 5c34 0016 | 488b f848 | 8b8c 24c0 | 0100 008b | 8424 a401 | 0000 4885 | c90f 8429 
  0x0000775f10be2d8c: ;   {metadata('org/apache/xml/dtm/ref/DTMDefaultBase')}
  0x0000775f10be2d8c: 0000 0049 | b810 a90e | f4b1 6a00 | 008b 5908 | 49ba 0000 | 00f3 b16a | 0000 4903 | da4c 3b43 
  0x0000775f10be2dac: 380f 853a | 8f00 00e9 | 0000 0000 | 488b d148 

  0x0000775f10be2dbc: ;   {metadata(method data for {method} {0x00006ab1e855b330} 'transformSelectedNodes' '(Lorg/apache/xalan/transformer/TransformerImpl;)V' in 'org/apache/xalan/templates/ElemApplyTemplates')}
  0x0000775f10be2dbc: 8bd1 48be | d893 81e8 | b16a 0000 | 8b52 0849 | ba00 0000 | f3b1 6a00 | 0049 03d2 | 483b 9620 
  0x0000775f10be2ddc: 0c00 0075 | 0d48 8386 | 280c 0000 | 01e9 6000 | 0000 483b | 9630 0c00 | 0075 0d48 | 8386 380c 
  0x0000775f10be2dfc: 0000 01e9 | 4a00 0000 | 4883 be20 | 0c00 0000 | 7517 4889 | 9620 0c00 | 0048 c786 | 280c 0000 
  0x0000775f10be2e1c: 0100 0000 | e929 0000 | 0048 83be | 300c 0000 | 0075 1748 | 8996 300c | 0000 48c7 | 8638 0c00 
  0x0000775f10be2e3c: 0001 0000 | 00e9 0800 | 0000 4883 | 8610 0c00 

  0x0000775f10be2e4c: ;   {metadata(method data for {method} {0x00006ab1e878a848} 'getNodeType' '(I)S' in 'org/apache/xml/dtm/ref/DTMDefaultBase')}
  0x0000775f10be2e4c: 0001 48ba | d82f 7ee8 | b16a 0000 | 8bb2 f400 | 0000 83c6 | 0289 b2f4 | 0000 0081 | e6fe ff1f 
  0x0000775f10be2e6c: 0085 f60f | 847d 8e00 | 0083 f8ff 

  0x0000775f10be2e78: ;   {metadata(method data for {method} {0x00006ab1e878a848} 'getNodeType' '(I)S' in 'org/apache/xml/dtm/ref/DTMDefaultBase')}
  0x0000775f10be2e78: 48ba d82f | 7ee8 b16a | 0000 48c7 | c638 0100 | 0075 0748 | c7c6 4801 | 0000 488b | 1c32 488d 
  0x0000775f10be2e98: 5b01 4889 | 1c32 0f85 | 1900 0000 | bbff ffff | ff89 bc24 | d001 0000 | 4889 8c24 | c001 0000 
  0x0000775f10be2eb8: e97e 0100 | 0089 bc24 | d001 0000 | 8b59 5048 

  0x0000775f10be2ec8: ;   {metadata(method data for {method} {0x00006ab1e878a848} 'getNodeType' '(I)S' in 'org/apache/xml/dtm/ref/DTMDefaultBase')}
  0x0000775f10be2ec8: 8bd1 48be | d82f 7ee8 | b16a 0000 | 4883 8658 | 0100 0001 | 488b d048 | 8bf1 4889 | 9c24 c801 
  0x0000775f10be2ee8: 0000 4889 | 8c24 c001 | 0000 0f1f 

  0x0000775f10be2ef4: ;   {optimized virtual_call}
  0x0000775f10be2ef4: 4400 00e8 

  0x0000775f10be2ef8: ; ImmutableOopMap {[224]=Oop [232]=Oop [240]=Oop [256]=Oop [280]=Oop [312]=Oop [344]=Oop [360]=Oop [368]=Oop [424]=Oop [432]=Oop [448]=Oop [456]=Oop }
                      ;*invokevirtual makeNodeIdentity {reexecute=0 rethrow=0 return_oop=0}
                      ; - org.apache.xml.dtm.ref.DTMDefaultBase::getNodeType@14 (line 1838)
                      ; - org.apache.xalan.templates.ElemApplyTemplates::transformSelectedNodes@381 (line 292)
  0x0000775f10be2ef8: c4e3 8707 

  0x0000775f10be2efc: ;   {other}
  0x0000775f10be2efc: 0f1f 8400 | ec35 0017 | 488b 8c24 | c001 0000 

  0x0000775f10be2f0c: ;   {metadata(method data for {method} {0x00006ab1e878a848} 'getNodeType' '(I)S' in 'org/apache/xml/dtm/ref/DTMDefaultBase')}
  0x0000775f10be2f0c: 48ba d82f | 7ee8 b16a | 0000 8b49 | 0849 ba00 | 0000 f3b1 | 6a00 0049 | 03ca 483b | 8aa0 0100 
  0x0000775f10be2f2c: 0075 0d48 | 8382 a801 | 0000 01e9 | 6000 0000 | 483b 8ab0 | 0100 0075 | 0d48 8382 | b801 0000 
  0x0000775f10be2f4c: 01e9 4a00 | 0000 4883 | baa0 0100 | 0000 7517 | 4889 8aa0 | 0100 0048 | c782 a801 | 0000 0100 
  0x0000775f10be2f6c: 0000 e929 | 0000 0048 | 83ba b001 | 0000 0075 | 1748 898a | b001 0000 | 48c7 82b8 | 0100 0001 
  0x0000775f10be2f8c: 0000 00e9 | 0800 0000 | 4883 8290 | 0100 0001 | 488b d048 | 8bb4 24c0 

  0x0000775f10be2fa4: ;   {optimized virtual_call}
  0x0000775f10be2fa4: 0100 00e8 

  0x0000775f10be2fa8: ; ImmutableOopMap {[224]=Oop [232]=Oop [240]=Oop [256]=Oop [280]=Oop [312]=Oop [344]=Oop [360]=Oop [368]=Oop [424]=Oop [432]=Oop [448]=Oop [456]=Oop }
                      ;*invokevirtual _exptype {reexecute=0 rethrow=0 return_oop=0}
                      ; - org.apache.xml.dtm.ref.DTMDefaultBase::getNodeType@17 (line 1838)
                      ; - org.apache.xalan.templates.ElemApplyTemplates::transformSelectedNodes@381 (line 292)
  0x0000775f10be2fa8: 14eb 8707 

  0x0000775f10be2fac: ;   {other}
  0x0000775f10be2fac: 0f1f 8400 | 9c36 0018 | 488b 9c24 | c801 0000 

  0x0000775f10be2fbc: ; implicit exception: dispatches to 0x0000775f10bebd13
  0x0000775f10be2fbc: 483b 0348 

  0x0000775f10be2fc0: ;   {metadata(method data for {method} {0x00006ab1e878a848} 'getNodeType' '(I)S' in 'org/apache/xml/dtm/ref/DTMDefaultBase')}
  0x0000775f10be2fc0: 8bd3 48be | d82f 7ee8 | b16a 0000 | 4883 86c8 | 0100 0001 

  0x0000775f10be2fd4: ;   {metadata(method data for {method} {0x00006ab1e8738328} 'getType' '(I)S' in 'org/apache/xml/dtm/ref/ExpandedNameTable')}
  0x0000775f10be2fd4: 48ba 4099 | 7de8 b16a | 0000 8bb2 | f400 0000 | 83c6 0289 | b2f4 0000 | 0081 e6fe | ff1f 0085 
  0x0000775f10be2ff4: f60f 841d | 8d00 008b | 5318 3b42 | 0c0f 833c | 8d00 0048 | 63c0 8b44 | 8210 483b | 0048 8bd0 
  0x0000775f10be3014: ;   {metadata(method data for {method} {0x00006ab1e8738328} 'getType' '(I)S' in 'org/apache/xml/dtm/ref/ExpandedNameTable')}
  0x0000775f10be3014: 48be 4099 | 7de8 b16a | 0000 4883 | 8638 0100 | 0001 8b40 | 0c0f bfc0 | c1e0 10c1 | f810 c1e0 
  0x0000775f10be3034: 10c1 f810 | 488b d848 | 8b94 24f0 | 0000 0048 

  0x0000775f10be3044: ;   {metadata(method data for {method} {0x00006ab1e855b330} 'transformSelectedNodes' '(Lorg/apache/xalan/transformer/TransformerImpl;)V' in 'org/apache/xalan/templates/ElemApplyTemplates')}
  0x0000775f10be3044: 8bc2 48be | d893 81e8 | b16a 0000 | 4883 8660 | 0c00 0001 

  0x0000775f10be3058: ;   {metadata(method data for {method} {0x00006ab1e86579c8} 'getMode' '()Lorg/apache/xml/utils/QName;' in 'org/apache/xalan/transformer/TransformerImpl')}
  0x0000775f10be3058: 48b8 f0c9 | 80e8 b16a | 0000 8bb0 | f400 0000 | 83c6 0289 | b0f4 0000 | 0081 e6fe | ff1f 0085 
  0x0000775f10be3078: f60f 84d7 | 8c00 008b | b290 0000 | 0048 3b06 

  0x0000775f10be3088: ;   {metadata(method data for {method} {0x00006ab1e86579c8} 'getMode' '()Lorg/apache/xml/utils/QName;' in 'org/apache/xalan/transformer/TransformerImpl')}
  0x0000775f10be3088: 488b c648 | bff0 c980 | e8b1 6a00 | 008b 4008 | 49ba 0000 | 00f3 b16a | 0000 4903 | c248 3b87 
  0x0000775f10be30a8: 4801 0000 | 750d 4883 | 8750 0100 | 0001 e960 | 0000 0048 | 3b87 5801 | 0000 750d | 4883 8760 
  0x0000775f10be30c8: 0100 0001 | e94a 0000 | 0048 83bf | 4801 0000 | 0075 1748 | 8987 4801 | 0000 48c7 | 8750 0100 
  0x0000775f10be30e8: 0001 0000 | 00e9 2900 | 0000 4883 | bf58 0100 | 0000 7517 | 4889 8758 | 0100 0048 | c787 6001 
  0x0000775f10be3108: 0000 0100 | 0000 e908 | 0000 0048 | 8387 3801 | 0000 0148 | 8dbc 24d8 | 0300 0048 | 8977 0848 
  0x0000775f10be3128: 8b06 4883 | c801 4889 | 07f0 480f | b13e 0f84 | 1200 0000 | 482b c448 | 2507 f0ff | ff48 8907 
  0x0000775f10be3148: 0f85 2e8c | 0000 49ff | 8768 0800 

  0x0000775f10be3154: ;   {metadata(method data for {method} {0x00006ab1e80ff0b0} 'isEmpty' '()Z' in 'java/util/Vector')}
  0x0000775f10be3154: 0048 b8b8 | 001f e8b1 | 6a00 008b | b8f4 0000 | 0083 c702 | 89b8 f400 | 0000 81e7 | feff 1f00 
  0x0000775f10be3174: 85ff 0f84 | 138c 0000 | 8b46 1085 

  0x0000775f10be3180: ;   {metadata(method data for {method} {0x00006ab1e80ff0b0} 'isEmpty' '()Z' in 'java/util/Vector')}
  0x0000775f10be3180: c048 b8b8 | 001f e8b1 | 6a00 0048 | c7c6 3801 | 0000 7507 | 48c7 c648 | 0100 0048 | 8b3c 3048 
  0x0000775f10be31a0: 8d7f 0148 | 893c 300f | 851a 0000 

  0x0000775f10be31ac: ;   {metadata(method data for {method} {0x00006ab1e80ff0b0} 'isEmpty' '()Z' in 'java/util/Vector')}
  0x0000775f10be31ac: 0048 b8b8 | 001f e8b1 | 6a00 00ff | 8058 0100 | 00b8 0100 | 0000 e905 | 0000 00b8 | 0000 0000 
  0x0000775f10be31cc: 488b f083 | e601 488d | 8424 d803 | 0000 488b | 3848 85ff | 0f84 0f00 | 0000 488b | 4808 f048 
  0x0000775f10be31ec: 0fb1 390f | 85bb 8b00 | 0049 ff8f | 6808 0000 

  0x0000775f10be31fc: ;   {metadata(method data for {method} {0x00006ab1e86579c8} 'getMode' '()Lorg/apache/xml/utils/QName;' in 'org/apache/xalan/transformer/TransformerImpl')}
  0x0000775f10be31fc: 85f6 48b8 | f0c9 80e8 | b16a 0000 | 48c7 c670 | 0100 0074 | 0748 c7c6 | 8001 0000 | 488b 3c30 
  0x0000775f10be321c: 488d 7f01 | 4889 3c30 | 0f84 2600 

  0x0000775f10be3228: ;   {metadata(method data for {method} {0x00006ab1e86579c8} 'getMode' '()Lorg/apache/xml/utils/QName;' in 'org/apache/xalan/transformer/TransformerImpl')}
  0x0000775f10be3228: 0000 48b8 | f0c9 80e8 | b16a 0000 | ff80 9001 

  0x0000775f10be3238: ;   {oop(nullptr)}
  0x0000775f10be3238: 0000 48be | 0000 0000 | 0000 0000 | 899c 24d4 | 0100 00e9 | 6d03 0000 | 8bb2 9000 | 0000 483b 
  0x0000775f10be3258: 0648 8bc6 

  0x0000775f10be325c: ;   {metadata(method data for {method} {0x00006ab1e86579c8} 'getMode' '()Lorg/apache/xml/utils/QName;' in 'org/apache/xalan/transformer/TransformerImpl')}
  0x0000775f10be325c: 48bf f0c9 | 80e8 b16a | 0000 4883 | 87c0 0100 | 0001 488d | bc24 d803 | 0000 4889 | 7708 488b 
  0x0000775f10be327c: 0648 83c8 | 0148 8907 | f048 0fb1 | 3e0f 8412 | 0000 0048 | 2bc4 4825 | 07f0 ffff | 4889 070f 
  0x0000775f10be329c: 852a 8b00 | 0049 ff87 | 6808 0000 

  0x0000775f10be32a8: ;   {metadata(method data for {method} {0x00006ab1e81abdf0} 'peek' '()Ljava/lang/Object;' in 'java/util/Stack')}
  0x0000775f10be32a8: 48b8 60be | 1ee8 b16a | 0000 8bb8 | f400 0000 | 83c7 0289 | b8f4 0000 | 0081 e7fe | ff1f 0085 
  0x0000775f10be32c8: ff0f 840f | 8b00 0048 

  0x0000775f10be32d0: ;   {metadata(method data for {method} {0x00006ab1e81abdf0} 'peek' '()Ljava/lang/Object;' in 'java/util/Stack')}
  0x0000775f10be32d0: 8bc6 48bf | 60be 1ee8 | b16a 0000 | 8b40 0849 | ba00 0000 | f3b1 6a00 | 0049 03c2 | 483b 8748 
  0x0000775f10be32f0: 0100 0075 | 0d48 8387 | 5001 0000 | 01e9 6000 | 0000 483b | 8758 0100 | 0075 0d48 | 8387 6001 
  0x0000775f10be3310: 0000 01e9 | 4a00 0000 | 4883 bf48 | 0100 0000 | 7517 4889 | 8748 0100 | 0048 c787 | 5001 0000 
  0x0000775f10be3330: 0100 0000 | e929 0000 | 0048 83bf | 5801 0000 | 0075 1748 | 8987 5801 | 0000 48c7 | 8760 0100 
  0x0000775f10be3350: 0001 0000 | 00e9 0800 | 0000 4883 | 8738 0100 | 0001 488d | bc24 e803 | 0000 4889 | 7708 488b 
  0x0000775f10be3370: 0648 83c8 | 0148 8907 | f048 0fb1 | 3e0f 8412 | 0000 0048 | 2bc4 4825 | 07f0 ffff | 4889 070f 
  0x0000775f10be3390: 856a 8a00 | 0049 ff87 | 6808 0000 | 8b7e 1048 | 8d84 24e8 | 0300 0048 | 8b08 4885 | c90f 840f 
  0x0000775f10be33b0: 0000 004c | 8b40 08f0 | 490f b108 | 0f85 508a | 0000 49ff | 8f68 0800 

  0x0000775f10be33c8: ;   {metadata(method data for {method} {0x00006ab1e81abdf0} 'peek' '()Ljava/lang/Object;' in 'java/util/Stack')}
  0x0000775f10be33c8: 0085 ff48 | b860 be1e | e8b1 6a00 | 0048 c7c1 | 8001 0000 | 7407 48c7 | c170 0100 | 004c 8b04 
  0x0000775f10be33e8: 084d 8d40 | 014c 8904 | 0889 9c24 | d401 0000 | 0f84 a35a | 0000 488b 

  0x0000775f10be3400: ;   {metadata(method data for {method} {0x00006ab1e81abdf0} 'peek' '()Ljava/lang/Object;' in 'java/util/Stack')}
  0x0000775f10be3400: c648 b960 | be1e e8b1 | 6a00 008b | 4008 49ba | 0000 00f3 | b16a 0000 | 4903 c248 | 3b81 b001 
  0x0000775f10be3420: 0000 750d | 4883 81b8 | 0100 0001 | e960 0000 | 0048 3b81 | c001 0000 | 750d 4883 | 81c8 0100 
  0x0000775f10be3440: 0001 e94a | 0000 0048 | 83b9 b001 | 0000 0075 | 1748 8981 | b001 0000 | 48c7 81b8 | 0100 0001 
  0x0000775f10be3460: 0000 00e9 | 2900 0000 | 4883 b9c0 | 0100 0000 | 7517 4889 | 81c0 0100 | 0048 c781 | c801 0000 
  0x0000775f10be3480: 0100 0000 | e908 0000 | 0048 8381 | a001 0000 | 01ff cf48 

  0x0000775f10be3494: ;   {optimized virtual_call}
  0x0000775f10be3494: 8bd7 90e8 

  0x0000775f10be3498: ; ImmutableOopMap {[224]=Oop [232]=Oop [240]=Oop [256]=Oop [280]=Oop [312]=Oop [344]=Oop [360]=Oop [368]=Oop [424]=Oop [432]=Oop [448]=Oop [992]=Oop }
                      ;*invokevirtual elementAt {reexecute=0 rethrow=0 return_oop=0}
                      ; - java.util.Stack::peek@21 (line 104)
                      ; - org.apache.xalan.transformer.TransformerImpl::getMode@18 (line 3195)
                      ; - org.apache.xalan.templates.ElemApplyTemplates::transformSelectedNodes@389 (line 294)
  0x0000775f10be3498: 24cd 8407 

  0x0000775f10be349c: ;   {other}
  0x0000775f10be349c: 0f1f 8400 | 8c3b 0019 | 488b d048 | 8d84 24d8 | 0300 0048 | 8b08 4885 | c90f 840f | 0000 004c 
  0x0000775f10be34bc: 8b40 08f0 | 490f b108 | 0f85 5e89 | 0000 49ff | 8f68 0800 | 0048 85d2 

  0x0000775f10be34d4: ;   {metadata(method data for {method} {0x00006ab1e86579c8} 'getMode' '()Lorg/apache/xml/utils/QName;' in 'org/apache/xalan/transformer/TransformerImpl')}
  0x0000775f10be34d4: 7517 49b8 | f0c9 80e8 | b16a 0000 | 4180 88d9 | 0100 0001 | e9cd 0000 

  0x0000775f10be34ec: ;   {metadata('org/apache/xml/utils/QName')}
  0x0000775f10be34ec: 0049 b9a8 | f502 f4b1 | 6a00 008b | 4a08 49ba | 0000 00f3 | b16a 0000 | 4903 ca4c | 3bc9 0f85 
  0x0000775f10be350c: 8e00 0000 

  0x0000775f10be3510: ;   {metadata(method data for {method} {0x00006ab1e86579c8} 'getMode' '()Lorg/apache/xml/utils/QName;' in 'org/apache/xalan/transformer/TransformerImpl')}
  0x0000775f10be3510: 49b8 f0c9 | 80e8 b16a | 0000 448b | 4a08 49ba | 0000 00f3 | b16a 0000 | 4d03 ca4d | 3b88 f001 
  0x0000775f10be3530: 0000 750d | 4983 80f8 | 0100 0001 | e979 0000 | 004d 3b88 | 0002 0000 | 750d 4983 | 8008 0200 
  0x0000775f10be3550: 0001 e963 | 0000 0049 | 83b8 f001 | 0000 0075 | 174d 8988 | f001 0000 | 49c7 80f8 | 0100 0001 
  0x0000775f10be3570: 0000 00e9 | 4200 0000 | 4983 b800 | 0200 0000 | 7517 4d89 | 8800 0200 | 0049 c780 | 0802 0000 
  0x0000775f10be3590: 0100 0000 | e921 0000 | 00e9 1c00 

  0x0000775f10be359c: ;   {metadata(method data for {method} {0x00006ab1e86579c8} 'getMode' '()Lorg/apache/xml/utils/QName;' in 'org/apache/xalan/transformer/TransformerImpl')}
  0x0000775f10be359c: 0000 49b8 | f0c9 80e8 | b16a 0000 | 4983 a8e0 | 0100 0001 | e989 8800 | 00e9 0000 | 0000 488b 
  0x0000775f10be35bc: f248 8b8c | 24c0 0100 | 008b 9c24 | 6001 0000 | 4c8b 8424 | 5801 0000 

  0x0000775f10be35d4: ; implicit exception: dispatches to 0x0000775f10bebe47
  0x0000775f10be35d4: 493b 0049 

  0x0000775f10be35d8: ;   {metadata(method data for {method} {0x00006ab1e855b330} 'transformSelectedNodes' '(Lorg/apache/xalan/transformer/TransformerImpl;)V' in 'org/apache/xalan/templates/ElemApplyTemplates')}
  0x0000775f10be35d8: 8bd0 49b9 | d893 81e8 | b16a 0000 | 4983 8198 | 0c00 0001 | 488b 9424 | e000 0000 | 488b c18b 
  0x0000775f10be35f8: 8c24 a401 | 0000 4d8b | d844 8b84 | 24d0 0100 | 004c 8bce | bfff ffff | ff89 1c24 | 4889 4424 
  0x0000775f10be3618: 0849 8bf3 | 4889 8424 | c001 0000 

  0x0000775f10be3624: ;   {optimized virtual_call}
  0x0000775f10be3624: 6666 90e8 

  0x0000775f10be3628: ; ImmutableOopMap {[224]=Oop [232]=Oop [240]=Oop [256]=Oop [280]=Oop [312]=Oop [344]=Oop [360]=Oop [368]=Oop [424]=Oop [432]=Oop [448]=Oop }
                      ;*invokevirtual getTemplateFast {reexecute=0 rethrow=0 return_oop=0}
                      ; - org.apache.xalan.templates.ElemApplyTemplates::transformSelectedNodes@408 (line 296)
  0x0000775f10be3628: f48a 8d07 

  0x0000775f10be362c: ;   {other}
  0x0000775f10be362c: 0f1f 8400 | 1c3d 001a | 4889 8424 | f001 0000 

  0x0000775f10be363c: ;   {metadata(method data for {method} {0x00006ab1e855b330} 'transformSelectedNodes' '(Lorg/apache/xalan/transformer/TransformerImpl;)V' in 'org/apache/xalan/templates/ElemApplyTemplates')}
  0x0000775f10be363c: 4885 c048 | bad8 9381 | e8b1 6a00 | 0048 c7c6 | b80c 0000 | 7507 48c7 | c6c8 0c00 | 0048 8b3c 
  0x0000775f10be365c: 3248 8d7f | 0148 893c | 320f 85ec | 0700 008b | 9c24 d401 

  0x0000775f10be3670: ;   {metadata(method data for {method} {0x00006ab1e855b330} 'transformSelectedNodes' '(Lorg/apache/xalan/transformer/TransformerImpl;)V' in 'org/apache/xalan/templates/ElemApplyTemplates')}
  0x0000775f10be3670: 0000 48ba | d893 81e8 | b16a 0000 | 48c7 c6e0 | 0c00 0083 | fb01 488b | fe48 c7c6 | f00c 0000 
  0x0000775f10be3690: 480f 45f7 | 83fb 0248 | 8bfe 48c7 | c600 0d00 | 0048 0f45 | f783 fb03 | 488b fe48 | c7c6 100d 
  0x0000775f10be36b0: 0000 480f | 45f7 83fb | 0448 8bfe | 48c7 c620 | 0d00 0048 | 0f45 f783 | fb05 488b | fe48 c7c6 
  0x0000775f10be36d0: 300d 0000 | 480f 45f7 | 83fb 0648 | 8bfe 48c7 | c640 0d00 | 0048 0f45 | f783 fb07 | 488b fe48 
  0x0000775f10be36f0: c7c6 500d | 0000 480f | 45f7 83fb | 0848 8bfe | 48c7 c660 | 0d00 0048 | 0f45 f783 | fb09 488b 
  0x0000775f10be3710: fe48 c7c6 | 700d 0000 | 480f 45f7 | 83fb 0a48 | 8bfe 48c7 | c680 0d00 | 0048 0f45 | f783 fb0b 
  0x0000775f10be3730: 488b fe48 | c7c6 900d | 0000 480f | 45f7 488b | 3c32 49c7 | c201 0000 | 0049 03fa | 4889 3c32 
  0x0000775f10be3750: 83fb 010f | 8424 0000 | 0083 fb02 | 0f8c 0900 | 0000 83fb | 040f 8e27 | 0000 0083 | fb09 0f84 
  0x0000775f10be3770: ;   {no_reloc}
  0x0000775f10be3770: a306 0000 | 83fb 0b0f | 8545 2300 | 0048 8b84 | 2468 0100 | 0048 8b94 | 24f0 0000 | 00e9 5506 
  0x0000775f10be3790: 0000 488b | 8424 6801 | 0000 488b | 9424 f000 | 0000 488b 

  0x0000775f10be37a4: ;   {metadata(method data for {method} {0x00006ab1e855b330} 'transformSelectedNodes' '(Lorg/apache/xalan/transformer/TransformerImpl;)V' in 'org/apache/xalan/templates/ElemApplyTemplates')}
  0x0000775f10be37a4: f048 bbd8 | 9381 e8b1 | 6a00 0048 | 8383 f80d | 0000 018b | 98e8 0000 | 0048 8bf2 

  0x0000775f10be37c0: ;   {metadata(method data for {method} {0x00006ab1e855b330} 'transformSelectedNodes' '(Lorg/apache/xalan/transformer/TransformerImpl;)V' in 'org/apache/xalan/templates/ElemApplyTemplates')}
  0x0000775f10be37c0: 48b9 d893 | 81e8 b16a | 0000 4883 | 8148 0e00 

  0x0000775f10be37d0: ;   {metadata(method data for {method} {0x00006ab1e86561b8} 'pushPairCurrentMatched' '(Lorg/apache/xalan/templates/ElemTemplateElement;I)V' in 'org/apache/xalan/transformer/TransformerImpl')}
  0x0000775f10be37d0: 0001 48be | 0804 81e8 | b16a 0000 | 8b8e f400 | 0000 83c1 | 0289 8ef4 | 0000 0081 | e1fe ff1f 
  0x0000775f10be37f0: 0085 c90f | 8453 8600 | 008b 4a50 

  0x0000775f10be37fc: ; implicit exception: dispatches to 0x0000775f10bebe6d
  0x0000775f10be37fc: 483b 0148 

  0x0000775f10be3800: ;   {metadata(method data for {method} {0x00006ab1e86561b8} 'pushPairCurrentMatched' '(Lorg/apache/xalan/templates/ElemTemplateElement;I)V' in 'org/apache/xalan/transformer/TransformerImpl')}
  0x0000775f10be3800: 8bf1 49b8 | 0804 81e8 | b16a 0000 | 4983 8050 | 0100 0001 

  0x0000775f10be3814: ;   {metadata(method data for {method} {0x00006ab1e81abc48} 'push' '(Ljava/lang/Object;)Ljava/lang/Object;' in 'java/util/Stack')}
  0x0000775f10be3814: 48be a8d2 | 1ee8 b16a | 0000 448b | 86f4 0000 | 0041 83c0 | 0244 8986 | f400 0000 | 4181 e0fe 
  0x0000775f10be3834: ff1f 0045 | 85c0 0f84 | 3286 0000 

  0x0000775f10be3840: ;   {metadata(method data for {method} {0x00006ab1e81abc48} 'push' '(Ljava/lang/Object;)Ljava/lang/Object;' in 'java/util/Stack')}
  0x0000775f10be3840: 488b f149 | b8a8 d21e | e8b1 6a00 | 008b 7608 | 49ba 0000 | 00f3 b16a | 0000 4903 | f249 3bb0 
  0x0000775f10be3860: 4801 0000 | 750d 4983 | 8050 0100 | 0001 e960 | 0000 0049 | 3bb0 5801 | 0000 750d | 4983 8060 
  0x0000775f10be3880: 0100 0001 | e94a 0000 | 0049 83b8 | 4801 0000 | 0075 1749 | 89b0 4801 | 0000 49c7 | 8050 0100 
  0x0000775f10be38a0: 0001 0000 | 00e9 2900 | 0000 4983 | b858 0100 | 0000 7517 | 4989 b058 | 0100 0049 | c780 6001 
  0x0000775f10be38c0: 0000 0100 | 0000 e908 | 0000 0049 | 8380 3801 | 0000 0148 | 8db4 24d8 | 0300 0048 | 894e 0848 
  0x0000775f10be38e0: 8b01 4883 | c801 4889 | 06f0 480f | b131 0f84 | 1200 0000 | 482b c448 | 2507 f0ff | ff48 8906 
  0x0000775f10be3900: 0f85 8d85 | 0000 49ff | 8768 0800 

  0x0000775f10be390c: ;   {metadata(method data for {method} {0x00006ab1e80ffd98} 'addElement' '(Ljava/lang/Object;)V' in 'java/util/Vector')}
  0x0000775f10be390c: 0048 bef0 | d01e e8b1 | 6a00 008b | 86f4 0000 | 0083 c002 | 8986 f400 | 0000 25fe | ff1f 0085 
  0x0000775f10be392c: c00f 8473 | 8500 008b | 710c ffc6 | 8971 0c8b | 7118 8b41 | 104c 8bc9 

  0x0000775f10be3944: ;   {metadata(method data for {method} {0x00006ab1e80ffd98} 'addElement' '(Ljava/lang/Object;)V' in 'java/util/Vector')}
  0x0000775f10be3944: 49bb f0d0 | 1ee8 b16a | 0000 4983 | 8338 0100 

  0x0000775f10be3954: ;   {metadata(method data for {method} {0x00006ab1e8100690} 'add' '(Ljava/lang/Object;[Ljava/lang/Object;I)V' in 'java/util/Vector')}
  0x0000775f10be3954: 0001 49b9 | 48cb 1ee8 | b16a 0000 | 458b 99f4 | 0000 0041 | 83c3 0245 | 8999 f400 | 0000 4181 
  0x0000775f10be3974: e3fe ff1f | 0045 85db | 0f84 4585 | 0000 448b | 4e0c 413b 

  0x0000775f10be3988: ;   {metadata(method data for {method} {0x00006ab1e8100690} 'add' '(Ljava/lang/Object;[Ljava/lang/Object;I)V' in 'java/util/Vector')}
  0x0000775f10be3988: c149 b948 | cb1e e8b1 | 6a00 0049 | c7c3 3801 | 0000 7507 | 49c7 c348 | 0100 004f | 8b2c 194d 
  0x0000775f10be39a8: 8d6d 014f | 892c 190f | 85a1 0000 | 0048 899c | 24e0 0100 | 0048 8bf1 

  0x0000775f10be39c0: ;   {metadata(method data for {method} {0x00006ab1e8100690} 'add' '(Ljava/lang/Object;[Ljava/lang/Object;I)V' in 'java/util/Vector')}
  0x0000775f10be39c0: 49b9 48cb | 1ee8 b16a | 0000 4983 | 8158 0100 

  0x0000775f10be39d0: ;   {metadata(method data for {method} {0x00006ab1e80fed70} 'grow' '()[Ljava/lang/Object;' in 'java/util/Vector')}
  0x0000775f10be39d0: 0001 48be | 68cd 1ee8 | b16a 0000 | 448b 8ef4 | 0000 0041 | 83c1 0244 | 898e f400 | 0000 4181 
  0x0000775f10be39f0: e1fe ff1f | 0045 85c9 | 0f84 ef84 | 0000 488b 

  0x0000775f10be3a00: ;   {metadata(method data for {method} {0x00006ab1e80fed70} 'grow' '()[Ljava/lang/Object;' in 'java/util/Vector')}
  0x0000775f10be3a00: f149 b968 | cd1e e8b1 | 6a00 0049 | 8381 3801 | 0000 0148 | 8bf0 ffc6 | 488b d648 | 8bf1 4889 
  0x0000775f10be3a20: 8c24 e801 | 0000 8984 | 24d8 0100 

  0x0000775f10be3a2c: ;   {optimized virtual_call}
  0x0000775f10be3a2c: 0066 90e8 

  0x0000775f10be3a30: ; ImmutableOopMap {[224]=Oop [232]=Oop [240]=Oop [256]=Oop [280]=Oop [312]=Oop [344]=Oop [360]=Oop [368]=Oop [424]=Oop [432]=Oop [448]=Oop [480]=Oop [488]=Oop [496]=Oop [992]=Oop }
                      ;*invokevirtual grow {reexecute=0 rethrow=0 return_oop=0}
                      ; - java.util.Vector::grow@7 (line 266)
                      ; - java.util.Vector::add@7 (line 782)
                      ; - java.util.Vector::addElement@20 (line 617)
                      ; - java.util.Stack::push@2 (line 68)
                      ; - org.apache.xalan.transformer.TransformerImpl::pushPairCurrentMatched@5 (line 2729)
                      ; - org.apache.xalan.templates.ElemApplyTemplates::transformSelectedNodes@498 (line 315)
  0x0000775f10be3a30: ac08 1b00 

  0x0000775f10be3a34: ;   {other}
  0x0000775f10be3a34: 0f1f 8400 | 2441 001b | 488b f08b | 8424 d801 | 0000 488b | 8c24 e801 | 0000 488b | 9c24 e001 
  0x0000775f10be3a54: 0000 3b46 | 0c0f 83b9 | 8400 0048 | 85db 7516 

  0x0000775f10be3a64: ;   {metadata(method data for {method} {0x00006ab1e8100690} 'add' '(Ljava/lang/Object;[Ljava/lang/Object;I)V' in 'java/util/Vector')}
  0x0000775f10be3a64: 48bf 48cb | 1ee8 b16a | 0000 808f | 8901 0000 | 01e9 fa00 | 0000 8b56 | 0849 ba00 | 0000 f3b1 
  0x0000775f10be3a84: 6a00 0049 | 03d2 8b7b | 0849 ba00 | 0000 f3b1 | 6a00 0049 | 03fa 488b | 92e0 0000 | 0048 3bfa 
  0x0000775f10be3aa4: 0f84 2900 | 0000 448b | 4214 4a3b | 1407 0f84 | 1b00 0000 | 4183 f820 | 0f85 9b00 | 0000 5752 
  0x0000775f10be3ac4: ;   {runtime_call slow_subtype_check Runtime1 stub}
  0x0000775f10be3ac4: e8b7 0913 | 075f 5a85 | d20f 848a 

  0x0000775f10be3ad0: ;   {metadata(method data for {method} {0x00006ab1e8100690} 'add' '(Ljava/lang/Object;[Ljava/lang/Object;I)V' in 'java/util/Vector')}
  0x0000775f10be3ad0: 0000 0048 | bf48 cb1e | e8b1 6a00 | 008b 5308 | 49ba 0000 | 00f3 b16a | 0000 4903 | d248 3b97 
  0x0000775f10be3af0: a001 0000 | 750d 4883 | 87a8 0100 | 0001 e971 | 0000 0048 | 3b97 b001 | 0000 750d | 4883 87b8 
  0x0000775f10be3b10: 0100 0001 | e95b 0000 | 0048 83bf | a001 0000 | 0075 1748 | 8997 a001 | 0000 48c7 | 87a8 0100 
  0x0000775f10be3b30: 0001 0000 | 00e9 3a00 | 0000 4883 | bfb0 0100 | 0000 7517 | 4889 97b0 | 0100 0048 | c787 b801 
  0x0000775f10be3b50: 0000 0100 | 0000 e919 | 0000 00eb 

  0x0000775f10be3b5c: ;   {metadata(method data for {method} {0x00006ab1e8100690} 'add' '(Ljava/lang/Object;[Ljava/lang/Object;I)V' in 'java/util/Vector')}
  0x0000775f10be3b5c: 1748 bf48 | cb1e e8b1 | 6a00 0048 | 83af 9001 | 0000 01e9 | b783 0000 | 4863 d04c | 8bd3 4489 
  0x0000775f10be3b7c: 5496 10ff | c089 4110 | 488d 8424 | d803 0000 | 488b 1048 | 85d2 0f84 | 0f00 0000 | 488b 7008 
  0x0000775f10be3b9c: f048 0fb1 | 160f 858d | 8300 0049 | ff8f 6808 | 0000 488b | 9424 f000 | 0000 8b72 | 5448 3b06 
  0x0000775f10be3bbc: ;   {metadata(method data for {method} {0x00006ab1e86561b8} 'pushPairCurrentMatched' '(Lorg/apache/xalan/templates/ElemTemplateElement;I)V' in 'org/apache/xalan/transformer/TransformerImpl')}
  0x0000775f10be3bbc: 488b fe48 | bb08 0481 | e8b1 6a00 | 0048 8383 | 7001 0000 | 018b 9424 | a401 0000 | 0f1f 8000 
  0x0000775f10be3bdc: ;   {optimized virtual_call}
  0x0000775f10be3bdc: 0000 00e8 

  0x0000775f10be3be0: ; ImmutableOopMap {[224]=Oop [232]=Oop [240]=Oop [256]=Oop [280]=Oop [312]=Oop [344]=Oop [360]=Oop [368]=Oop [424]=Oop [432]=Oop [448]=Oop [496]=Oop }
                      ;*invokevirtual push {reexecute=0 rethrow=0 return_oop=0}
                      ; - org.apache.xalan.transformer.TransformerImpl::pushPairCurrentMatched@14 (line 2730)
                      ; - org.apache.xalan.templates.ElemApplyTemplates::transformSelectedNodes@498 (line 315)
  0x0000775f10be3be0: fc84 8b07 

  0x0000775f10be3be4: ;   {other}
  0x0000775f10be3be4: 0f1f 8400 | d442 001c | 488b 8424 | 6801 0000 | 488b 9424 | f000 0000 

  0x0000775f10be3bfc: ;   {metadata(method data for {method} {0x00006ab1e855b330} 'transformSelectedNodes' '(Lorg/apache/xalan/transformer/TransformerImpl;)V' in 'org/apache/xalan/templates/ElemApplyTemplates')}
  0x0000775f10be3bfc: 488b f048 | bfd8 9381 | e8b1 6a00 | 0048 8387 | 680e 0000 | 018b b0e8 | 0000 0048 

  0x0000775f10be3c18: ;   {metadata(method data for {method} {0x00006ab1e855b330} 'transformSelectedNodes' '(Lorg/apache/xalan/transformer/TransformerImpl;)V' in 'org/apache/xalan/templates/ElemApplyTemplates')}
  0x0000775f10be3c18: 8bfa 48bb | d893 81e8 | b16a 0000 | 4883 83b8 | 0e00 0001 

  0x0000775f10be3c2c: ;   {metadata(method data for {method} {0x00006ab1e8655d80} 'setCurrentElement' '(Lorg/apache/xalan/templates/ElemTemplateElement;)V' in 'org/apache/xalan/transformer/TransformerImpl')}
  0x0000775f10be3c2c: 48bf 580f | 81e8 b16a | 0000 8b9f | f400 0000 | 83c3 0289 | 9ff4 0000 | 0081 e3fe | ff1f 0085 
  0x0000775f10be3c4c: db0f 84fc | 8200 008b | 7a4c 483b | 0748 8bdf 

  0x0000775f10be3c5c: ;   {metadata(method data for {method} {0x00006ab1e8655d80} 'setCurrentElement' '(Lorg/apache/xalan/templates/ElemTemplateElement;)V' in 'org/apache/xalan/transformer/TransformerImpl')}
  0x0000775f10be3c5c: 48b9 580f | 81e8 b16a | 0000 4883 | 8150 0100 

  0x0000775f10be3c6c: ;   {metadata(method data for {method} {0x00006ab1e876b190} 'setTop' '(Ljava/lang/Object;)V' in 'org/apache/xml/utils/ObjectStack')}
  0x0000775f10be3c6c: 0001 48bb | 08fd 7de8 | b16a 0000 | 8b8b f400 | 0000 83c1 | 0289 8bf4 | 0000 0081 | e1fe ff1f 
  0x0000775f10be3c8c: 0085 c90f | 84e0 8200 | 008b 5f18 | 8b7f 10ff | cf3b 7b0c | 0f83 fa82 | 0000 4885 

  0x0000775f10be3ca8: ;   {metadata(method data for {method} {0x00006ab1e876b190} 'setTop' '(Ljava/lang/Object;)V' in 'org/apache/xml/utils/ObjectStack')}
  0x0000775f10be3ca8: f675 1749 | b808 fd7d | e8b1 6a00 | 0041 8088 | 3101 0000 | 01e9 fd00 | 0000 8b4b | 0849 ba00 
  0x0000775f10be3cc8: 0000 f3b1 | 6a00 0049 | 03ca 448b | 4608 49ba | 0000 00f3 | b16a 0000 | 4d03 c248 | 8b89 e000 
  0x0000775f10be3ce8: 0000 4c3b | c10f 842b | 0000 0044 | 8b49 144b | 3b0c 080f | 841d 0000 | 0041 83f9 | 200f 859d 
  0x0000775f10be3d08: 0000 0041 

  0x0000775f10be3d0c: ;   {runtime_call slow_subtype_check Runtime1 stub}
  0x0000775f10be3d0c: 5051 e86d | 0713 0741 | 5859 85c9 | 0f84 8a00 

  0x0000775f10be3d1c: ;   {metadata(method data for {method} {0x00006ab1e876b190} 'setTop' '(Ljava/lang/Object;)V' in 'org/apache/xml/utils/ObjectStack')}
  0x0000775f10be3d1c: 0000 49b8 | 08fd 7de8 | b16a 0000 | 8b4e 0849 | ba00 0000 | f3b1 6a00 | 0049 03ca | 493b 8848 
  0x0000775f10be3d3c: 0100 0075 | 0d49 8380 | 5001 0000 | 01e9 7100 | 0000 493b | 8858 0100 | 0075 0d49 | 8380 6001 
  0x0000775f10be3d5c: 0000 01e9 | 5b00 0000 | 4983 b848 | 0100 0000 | 7517 4989 | 8848 0100 | 0049 c780 | 5001 0000 
  0x0000775f10be3d7c: 0100 0000 | e93a 0000 | 0049 83b8 | 5801 0000 | 0075 1749 | 8988 5801 | 0000 49c7 | 8060 0100 
  0x0000775f10be3d9c: 0001 0000 | 00e9 1900 | 0000 eb17 

  0x0000775f10be3da8: ;   {metadata(method data for {method} {0x00006ab1e876b190} 'setTop' '(Ljava/lang/Object;)V' in 'org/apache/xml/utils/ObjectStack')}
  0x0000775f10be3da8: 49b8 08fd | 7de8 b16a | 0000 4983 | a838 0100 | 0001 e9f4 | 8100 0048 | 63ff 4c8b | d644 8954 
  0x0000775f10be3dc8: ;   {metadata(method data for {method} {0x00006ab1e876b190} 'setTop' '(Ljava/lang/Object;)V' in 'org/apache/xml/utils/ObjectStack')}
  0x0000775f10be3dc8: bb10 48be | 08fd 7de8 | b16a 0000 | ff86 7001 | 0000 488b | 8c24 c001 | 0000 e9db | 1a00 0048 
  0x0000775f10be3de8: ;   {metadata(method data for {method} {0x00006ab1e855b330} 'transformSelectedNodes' '(Lorg/apache/xalan/transformer/TransformerImpl;)V' in 'org/apache/xalan/templates/ElemApplyTemplates')}
  0x0000775f10be3de8: 8bf0 48bf | d893 81e8 | b16a 0000 | 4883 87a8 | 0d00 0001 | 8bb0 ec00 

  0x0000775f10be3e00: ;   {metadata(method data for {method} {0x00006ab1e855b330} 'transformSelectedNodes' '(Lorg/apache/xalan/transformer/TransformerImpl;)V' in 'org/apache/xalan/templates/ElemApplyTemplates')}
  0x0000775f10be3e00: 0000 48bf | d893 81e8 | b16a 0000 | ff87 e00d | 0000 e919 | 0200 0048 | 8b84 2468 | 0100 0048 
  0x0000775f10be3e20: 8b94 24f0 | 0000 0048 

  0x0000775f10be3e28: ;   {metadata(method data for {method} {0x00006ab1e855b330} 'transformSelectedNodes' '(Lorg/apache/xalan/transformer/TransformerImpl;)V' in 'org/apache/xalan/templates/ElemApplyTemplates')}
  0x0000775f10be3e28: 8bf0 48bf | d893 81e8 | b16a 0000 | 4883 8760 | 0f00 0001 | 8bb0 f000 

  0x0000775f10be3e40: ;   {metadata(method data for {method} {0x00006ab1e855b330} 'transformSelectedNodes' '(Lorg/apache/xalan/transformer/TransformerImpl;)V' in 'org/apache/xalan/templates/ElemApplyTemplates')}
  0x0000775f10be3e40: 0000 48bf | d893 81e8 | b16a 0000 | ff87 980f | 0000 e9d9 | 0100 0048 | 8bf8 488b | 8424 6801 
  0x0000775f10be3e60: 0000 488b | 9424 f000 | 0000 488b 

  0x0000775f10be3e6c: ;   {metadata(method data for {method} {0x00006ab1e855b330} 'transformSelectedNodes' '(Lorg/apache/xalan/transformer/TransformerImpl;)V' in 'org/apache/xalan/templates/ElemApplyTemplates')}
  0x0000775f10be3e6c: f248 bbd8 | 9381 e8b1 | 6a00 0048 | 8383 e00f 

  0x0000775f10be3e7c: ;   {metadata(method data for {method} {0x00006ab1e8655d80} 'setCurrentElement' '(Lorg/apache/xalan/templates/ElemTemplateElement;)V' in 'org/apache/xalan/transformer/TransformerImpl')}
  0x0000775f10be3e7c: 0000 0148 | be58 0f81 | e8b1 6a00 | 008b 9ef4 | 0000 0083 | c302 899e | f400 0000 | 81e3 feff 
  0x0000775f10be3e9c: 1f00 85db | 0f84 1681 | 0000 8b72 | 4c48 3b06 

  0x0000775f10be3eac: ;   {metadata(method data for {method} {0x00006ab1e8655d80} 'setCurrentElement' '(Lorg/apache/xalan/templates/ElemTemplateElement;)V' in 'org/apache/xalan/transformer/TransformerImpl')}
  0x0000775f10be3eac: 488b de48 | b958 0f81 | e8b1 6a00 | 0048 8381 | 5001 0000 

  0x0000775f10be3ec0: ;   {metadata(method data for {method} {0x00006ab1e876b190} 'setTop' '(Ljava/lang/Object;)V' in 'org/apache/xml/utils/ObjectStack')}
  0x0000775f10be3ec0: 0148 bb08 | fd7d e8b1 | 6a00 008b | 8bf4 0000 | 0083 c102 | 898b f400 | 0000 81e1 | feff 1f00 
  0x0000775f10be3ee0: 85c9 0f84 | fa80 0000 | 8b5e 188b | 7610 ffce 

  0x0000775f10be3ef0: ; implicit exception: dispatches to 0x0000775f10bec003
  0x0000775f10be3ef0: 3b73 0c0f | 8314 8100 | 0048 85ff 

  0x0000775f10be3efc: ;   {metadata(method data for {method} {0x00006ab1e876b190} 'setTop' '(Ljava/lang/Object;)V' in 'org/apache/xml/utils/ObjectStack')}
  0x0000775f10be3efc: 7517 49b8 | 08fd 7de8 | b16a 0000 | 4180 8831 | 0100 0001 | e9fd 0000 | 008b 4b08 | 49ba 0000 
  0x0000775f10be3f1c: 00f3 b16a | 0000 4903 | ca44 8b47 | 0849 ba00 | 0000 f3b1 | 6a00 004d | 03c2 488b | 89e0 0000 
  0x0000775f10be3f3c: 004c 3bc1 | 0f84 2b00 | 0000 448b | 4914 4b3b | 0c08 0f84 | 1d00 0000 | 4183 f920 | 0f85 9d00 
  0x0000775f10be3f5c: 0000 4150 

  0x0000775f10be3f60: ;   {runtime_call slow_subtype_check Runtime1 stub}
  0x0000775f10be3f60: 51e8 1a05 | 1307 4158 | 5985 c90f | 848a 0000 

  0x0000775f10be3f70: ;   {metadata(method data for {method} {0x00006ab1e876b190} 'setTop' '(Ljava/lang/Object;)V' in 'org/apache/xml/utils/ObjectStack')}
  0x0000775f10be3f70: 0049 b808 | fd7d e8b1 | 6a00 008b | 4f08 49ba | 0000 00f3 | b16a 0000 | 4903 ca49 | 3b88 4801 
  0x0000775f10be3f90: 0000 750d | 4983 8050 | 0100 0001 | e971 0000 | 0049 3b88 | 5801 0000 | 750d 4983 | 8060 0100 
  0x0000775f10be3fb0: 0001 e95b | 0000 0049 | 83b8 4801 | 0000 0075 | 1749 8988 | 4801 0000 | 49c7 8050 | 0100 0001 
  0x0000775f10be3fd0: 0000 00e9 | 3a00 0000 | 4983 b858 | 0100 0000 | 7517 4989 | 8858 0100 | 0049 c780 | 6001 0000 
  0x0000775f10be3ff0: 0100 0000 | e919 0000 

  0x0000775f10be3ff8: ;   {metadata(method data for {method} {0x00006ab1e876b190} 'setTop' '(Ljava/lang/Object;)V' in 'org/apache/xml/utils/ObjectStack')}
  0x0000775f10be3ff8: 00eb 1749 | b808 fd7d | e8b1 6a00 | 0049 83a8 | 3801 0000 | 01e9 0e80 | 0000 4863 | f64c 8bd7 
  0x0000775f10be4018: 4489 54b3 

  0x0000775f10be401c: ;   {metadata(method data for {method} {0x00006ab1e876b190} 'setTop' '(Ljava/lang/Object;)V' in 'org/apache/xml/utils/ObjectStack')}
  0x0000775f10be401c: 1048 be08 | fd7d e8b1 | 6a00 00ff | 8670 0100 | 0048 8bf7 

  0x0000775f10be4030: ;   {metadata(method data for {method} {0x00006ab1e855b330} 'transformSelectedNodes' '(Lorg/apache/xalan/transformer/TransformerImpl;)V' in 'org/apache/xalan/templates/ElemApplyTemplates')}
  0x0000775f10be4030: 488b fa48 | bbd8 9381 | e8b1 6a00 | 0048 8383 | 1810 0000 

  0x0000775f10be4044: ;   {metadata(method data for {method} {0x00006ab1e86561b8} 'pushPairCurrentMatched' '(Lorg/apache/xalan/templates/ElemTemplateElement;I)V' in 'org/apache/xalan/transformer/TransformerImpl')}
  0x0000775f10be4044: 0148 bf08 | 0481 e8b1 | 6a00 008b | 9ff4 0000 | 0083 c302 | 899f f400 | 0000 81e3 | feff 1f00 
  0x0000775f10be4064: 85db 0f84 | bd7f 0000 | 8b7a 5048 | 3b07 488b 

  0x0000775f10be4074: ;   {metadata(method data for {method} {0x00006ab1e86561b8} 'pushPairCurrentMatched' '(Lorg/apache/xalan/templates/ElemTemplateElement;I)V' in 'org/apache/xalan/transformer/TransformerImpl')}
  0x0000775f10be4074: df48 b908 | 0481 e8b1 | 6a00 0048 | 8381 5001 

  0x0000775f10be4084: ;   {metadata(method data for {method} {0x00006ab1e81abc48} 'push' '(Ljava/lang/Object;)Ljava/lang/Object;' in 'java/util/Stack')}
  0x0000775f10be4084: 0000 0148 | bba8 d21e | e8b1 6a00 | 008b 8bf4 | 0000 0083 | c102 898b | f400 0000 | 81e1 feff 
  0x0000775f10be40a4: 1f00 85c9 | 0f84 a17f | 0000 488b 

  0x0000775f10be40b0: ;   {metadata(method data for {method} {0x00006ab1e81abc48} 'push' '(Ljava/lang/Object;)Ljava/lang/Object;' in 'java/util/Stack')}
  0x0000775f10be40b0: df48 b9a8 | d21e e8b1 | 6a00 008b | 5b08 49ba | 0000 00f3 | b16a 0000 | 4903 da48 | 3b99 4801 
  0x0000775f10be40d0: 0000 750d | 4883 8150 | 0100 0001 | e960 0000 | 0048 3b99 | 5801 0000 | 750d 4883 | 8160 0100 
  0x0000775f10be40f0: 0001 e94a | 0000 0048 | 83b9 4801 | 0000 0075 | 1748 8999 | 4801 0000 | 48c7 8150 | 0100 0001 
  0x0000775f10be4110: 0000 00e9 | 2900 0000 | 4883 b958 | 0100 0000 | 7517 4889 | 9958 0100 | 0048 c781 | 6001 0000 
  0x0000775f10be4130: 0100 0000 | e908 0000 | 0048 8381 | 3801 0000 | 0148 8d9c | 24d8 0300 | 0048 897b | 0848 8b07 
  0x0000775f10be4150: 4883 c801 | 4889 03f0 | 480f b11f | 0f84 1200 | 0000 482b | c448 2507 | f0ff ff48 | 8903 0f85 
  0x0000775f10be4170: fc7e 0000 | 49ff 8768 

  0x0000775f10be4178: ;   {metadata(method data for {method} {0x00006ab1e80ffd98} 'addElement' '(Ljava/lang/Object;)V' in 'java/util/Vector')}
  0x0000775f10be4178: 0800 0048 | bbf0 d01e | e8b1 6a00 | 008b 83f4 | 0000 0083 | c002 8983 | f400 0000 | 25fe ff1f 
  0x0000775f10be4198: 0085 c00f | 84e2 7e00 | 008b 5f0c | ffc3 895f | 0c8b 5f18 | 8b47 104c 

  0x0000775f10be41b0: ;   {metadata(method data for {method} {0x00006ab1e80ffd98} 'addElement' '(Ljava/lang/Object;)V' in 'java/util/Vector')}
  0x0000775f10be41b0: 8bc7 49b9 | f0d0 1ee8 | b16a 0000 | 4983 8138 | 0100 0001 

  0x0000775f10be41c4: ;   {metadata(method data for {method} {0x00006ab1e8100690} 'add' '(Ljava/lang/Object;[Ljava/lang/Object;I)V' in 'java/util/Vector')}
  0x0000775f10be41c4: 49b8 48cb | 1ee8 b16a | 0000 458b | 88f4 0000 | 0041 83c1 | 0245 8988 | f400 0000 | 4181 e1fe 
  0x0000775f10be41e4: ff1f 0045 | 85c9 0f84 | b47e 0000 

  0x0000775f10be41f0: ; implicit exception: dispatches to 0x0000775f10bec0c5
  0x0000775f10be41f0: 448b 430c 

  0x0000775f10be41f4: ;   {metadata(method data for {method} {0x00006ab1e8100690} 'add' '(Ljava/lang/Object;[Ljava/lang/Object;I)V' in 'java/util/Vector')}
  0x0000775f10be41f4: 413b c049 | b848 cb1e | e8b1 6a00 | 0049 c7c1 | 3801 0000 | 7507 49c7 | c148 0100 | 004f 8b1c 
  0x0000775f10be4214: 084d 8d5b | 014f 891c | 080f 85a3 | 0000 0048 | 89b4 24f8 | 0100 0048 

  0x0000775f10be422c: ;   {metadata(method data for {method} {0x00006ab1e8100690} 'add' '(Ljava/lang/Object;[Ljava/lang/Object;I)V' in 'java/util/Vector')}
  0x0000775f10be422c: 8bcf 49b8 | 48cb 1ee8 | b16a 0000 | 4983 8058 | 0100 0001 

  0x0000775f10be4240: ;   {metadata(method data for {method} {0x00006ab1e80fed70} 'grow' '()[Ljava/lang/Object;' in 'java/util/Vector')}
  0x0000775f10be4240: 48b9 68cd | 1ee8 b16a | 0000 448b | 81f4 0000 | 0041 83c0 | 0244 8981 | f400 0000 | 4181 e0fe 
  0x0000775f10be4260: ff1f 0045 | 85c0 0f84 | 5e7e 0000 

  0x0000775f10be426c: ;   {metadata(method data for {method} {0x00006ab1e80fed70} 'grow' '()[Ljava/lang/Object;' in 'java/util/Vector')}
  0x0000775f10be426c: 488b cf49 | b868 cd1e | e8b1 6a00 | 0049 8380 | 3801 0000 | 0148 8bc8 | ffc1 488b | d148 8bf7 
  0x0000775f10be428c: 4889 bc24 | 0002 0000 | 8984 24dc | 0100 000f 

  0x0000775f10be429c: ;   {optimized virtual_call}
  0x0000775f10be429c: 1f40 00e8 

  0x0000775f10be42a0: ; ImmutableOopMap {[224]=Oop [232]=Oop [240]=Oop [256]=Oop [280]=Oop [312]=Oop [344]=Oop [360]=Oop [368]=Oop [424]=Oop [432]=Oop [448]=Oop [504]=Oop [512]=Oop [992]=Oop }
                      ;*invokevirtual grow {reexecute=0 rethrow=0 return_oop=0}
                      ; - java.util.Vector::grow@7 (line 266)
                      ; - java.util.Vector::add@7 (line 782)
                      ; - java.util.Vector::addElement@20 (line 617)
                      ; - java.util.Stack::push@2 (line 68)
                      ; - org.apache.xalan.transformer.TransformerImpl::pushPairCurrentMatched@5 (line 2729)
                      ; - org.apache.xalan.templates.ElemApplyTemplates::transformSelectedNodes@553 (line 335)
  0x0000775f10be42a0: dc0d 0807 

  0x0000775f10be42a4: ;   {other}
  0x0000775f10be42a4: 0f1f 8400 | 9449 001d | 488b d88b | 8424 dc01 | 0000 488b | bc24 0002 | 0000 488b | b424 f801 
  0x0000775f10be42c4: 0000 3b43 | 0c0f 8326 | 7e00 0048 | 85f6 7516 

  0x0000775f10be42d4: ;   {metadata(method data for {method} {0x00006ab1e8100690} 'add' '(Ljava/lang/Object;[Ljava/lang/Object;I)V' in 'java/util/Vector')}
  0x0000775f10be42d4: 48b9 48cb | 1ee8 b16a | 0000 8089 | 8901 0000 | 01e9 fa00 | 0000 8b53 | 0849 ba00 | 0000 f3b1 
  0x0000775f10be42f4: 6a00 0049 | 03d2 8b4e | 0849 ba00 | 0000 f3b1 | 6a00 0049 | 03ca 488b | 92e0 0000 | 0048 3bca 
  0x0000775f10be4314: 0f84 2900 | 0000 448b | 4214 4a3b | 1401 0f84 | 1b00 0000 | 4183 f820 | 0f85 9b00 | 0000 5152 
  0x0000775f10be4334: ;   {runtime_call slow_subtype_check Runtime1 stub}
  0x0000775f10be4334: e847 0113 | 0759 5a85 | d20f 848a 

  0x0000775f10be4340: ;   {metadata(method data for {method} {0x00006ab1e8100690} 'add' '(Ljava/lang/Object;[Ljava/lang/Object;I)V' in 'java/util/Vector')}
  0x0000775f10be4340: 0000 0048 | b948 cb1e | e8b1 6a00 | 008b 5608 | 49ba 0000 | 00f3 b16a | 0000 4903 | d248 3b91 
  0x0000775f10be4360: a001 0000 | 750d 4883 | 81a8 0100 | 0001 e971 | 0000 0048 | 3b91 b001 | 0000 750d | 4883 81b8 
  0x0000775f10be4380: 0100 0001 | e95b 0000 | 0048 83b9 | a001 0000 | 0075 1748 | 8991 a001 | 0000 48c7 | 81a8 0100 
  0x0000775f10be43a0: 0001 0000 | 00e9 3a00 | 0000 4883 | b9b0 0100 | 0000 7517 | 4889 91b0 | 0100 0048 | c781 b801 
  0x0000775f10be43c0: 0000 0100 | 0000 e919 | 0000 00eb 

  0x0000775f10be43cc: ;   {metadata(method data for {method} {0x00006ab1e8100690} 'add' '(Ljava/lang/Object;[Ljava/lang/Object;I)V' in 'java/util/Vector')}
  0x0000775f10be43cc: 1748 b948 | cb1e e8b1 | 6a00 0048 | 83a9 9001 | 0000 01e9 | 247d 0000 | 4863 d04c | 8bd6 4489 
  0x0000775f10be43ec: 5493 10ff | c089 4710 | 488d 8424 | d803 0000 | 488b 1048 | 85d2 0f84 | 0f00 0000 | 488b 7808 
  0x0000775f10be440c: f048 0fb1 | 170f 85fa | 7c00 0049 | ff8f 6808 | 0000 4889 | b424 f801 | 0000 488b | 9424 f000 
  0x0000775f10be442c: 0000 8b7a | 5448 3b07 

  0x0000775f10be4434: ;   {metadata(method data for {method} {0x00006ab1e86561b8} 'pushPairCurrentMatched' '(Lorg/apache/xalan/templates/ElemTemplateElement;I)V' in 'org/apache/xalan/transformer/TransformerImpl')}
  0x0000775f10be4434: 488b df48 | b808 0481 | e8b1 6a00 | 0048 8380 | 7001 0000 | 018b 9424 | a401 0000 | 488b f70f 
  0x0000775f10be4454: ;   {optimized virtual_call}
  0x0000775f10be4454: 1f40 00e8 

  0x0000775f10be4458: ; ImmutableOopMap {[224]=Oop [232]=Oop [240]=Oop [256]=Oop [280]=Oop [312]=Oop [344]=Oop [360]=Oop [368]=Oop [424]=Oop [432]=Oop [448]=Oop [504]=Oop }
                      ;*invokevirtual push {reexecute=0 rethrow=0 return_oop=0}
                      ; - org.apache.xalan.transformer.TransformerImpl::pushPairCurrentMatched@14 (line 2730)
                      ; - org.apache.xalan.templates.ElemApplyTemplates::transformSelectedNodes@553 (line 335)
  0x0000775f10be4458: 847c 8b07 

  0x0000775f10be445c: ;   {other}
  0x0000775f10be445c: 0f1f 8400 | 4c4b 001e | 448b 9c24 | 1401 0000 

  0x0000775f10be446c: ;   {metadata(method data for {method} {0x00006ab1e855b330} 'transformSelectedNodes' '(Lorg/apache/xalan/transformer/TransformerImpl;)V' in 'org/apache/xalan/templates/ElemApplyTemplates')}
  0x0000775f10be446c: 4585 db48 | bed8 9381 | e8b1 6a00 | 0048 c7c7 | 4810 0000 | 7507 48c7 | c738 1000 | 0048 8b1c 
  0x0000775f10be448c: 3e48 8d5b | 0148 891c | 3e0f 8515 | 0000 0048 | 8bb4 24f8 | 0100 0044 | 899c 2414 | 0100 00e9 
  0x0000775f10be44ac: 5400 0000 | 4489 9c24 | 1401 0000 | 4c8b 8c24 | 1801 0000 

  0x0000775f10be44c0: ;   {metadata(method data for {method} {0x00006ab1e855b330} 'transformSelectedNodes' '(Lorg/apache/xalan/transformer/TransformerImpl;)V' in 'org/apache/xalan/templates/ElemApplyTemplates')}
  0x0000775f10be44c0: 48be d893 | 81e8 b16a 

  0x0000775f10be44c8: ;   {metadata('org/apache/xalan/transformer/StackGuard')}
  0x0000775f10be44c8: 0000 49ba | b0e7 0ef4 | b16a 0000 | 4c89 9668 | 1000 0048 | 8386 7010 | 0000 0148 | 8bb4 2418 
  0x0000775f10be44e8: 0100 000f 

  0x0000775f10be44ec: ;   {optimized virtual_call}
  0x0000775f10be44ec: 1f40 00e8 

  0x0000775f10be44f0: ; ImmutableOopMap {[224]=Oop [232]=Oop [240]=Oop [256]=Oop [280]=Oop [312]=Oop [344]=Oop [360]=Oop [368]=Oop [424]=Oop [432]=Oop [448]=Oop [504]=Oop }
                      ;*invokevirtual checkForInfinateLoop {reexecute=0 rethrow=0 return_oop=0}
                      ; - org.apache.xalan.templates.ElemApplyTemplates::transformSelectedNodes@563 (line 337)
  0x0000775f10be44f0: 8c0b 0807 

  0x0000775f10be44f4: ;   {other}
  0x0000775f10be44f4: 0f1f 8400 | e44b 001f | 488b b424 | f801 0000 

  0x0000775f10be4504: ; implicit exception: dispatches to 0x0000775f10bec12c
  0x0000775f10be4504: 8b56 4c85 

  0x0000775f10be4508: ;   {metadata(method data for {method} {0x00006ab1e855b330} 'transformSelectedNodes' '(Lorg/apache/xalan/transformer/TransformerImpl;)V' in 'org/apache/xalan/templates/ElemApplyTemplates')}
  0x0000775f10be4508: d248 bad8 | 9381 e8b1 | 6a00 0048 | c7c7 9010 | 0000 7e07 | 48c7 c7a0 | 1000 0048 | 8b1c 3a48 
  0x0000775f10be4528: 8d5b 0148 | 891c 3a48 | 89b4 24f8 | 0100 000f | 8eec 0b00 | 0048 8bbc | 24e0 0000 | 0048 8bd7 
  0x0000775f10be4548: ;   {metadata(method data for {method} {0x00006ab1e855b330} 'transformSelectedNodes' '(Lorg/apache/xalan/transformer/TransformerImpl;)V' in 'org/apache/xalan/templates/ElemApplyTemplates')}
  0x0000775f10be4548: 48bb d893 | 81e8 b16a | 0000 4883 | 83c8 1000 

  0x0000775f10be4558: ;   {metadata(method data for {method} {0x00006ab1e86acc70} 'pushRTFContext' '()V' in 'org/apache/xpath/XPathContext')}
  0x0000775f10be4558: 0001 48ba | b06e 82e8 | b16a 0000 | 8b9a f400 | 0000 83c3 | 0289 9af4 | 0000 0081 | e3fe ff1f 
  0x0000775f10be4578: 0085 db0f | 84b0 7b00 | 008b 5f18 | 8b57 1448 | 3b03 488b 

  0x0000775f10be458c: ;   {metadata(method data for {method} {0x00006ab1e86acc70} 'pushRTFContext' '()V' in 'org/apache/xpath/XPathContext')}
  0x0000775f10be458c: c348 b9b0 | 6e82 e8b1 

  0x0000775f10be4594: ;   {metadata('org/apache/xml/utils/IntStack')}
  0x0000775f10be4594: 6a00 0049 | ba70 040c | f4b1 6a00 | 004c 8991 | 4801 0000 | 4883 8150 | 0100 0001 | 488b f30f 
  0x0000775f10be45b4: ;   {optimized virtual_call}
  0x0000775f10be45b4: 1f40 00e8 

  0x0000775f10be45b8: ; ImmutableOopMap {[224]=Oop [232]=Oop [240]=Oop [256]=Oop [280]=Oop [312]=Oop [344]=Oop [360]=Oop [368]=Oop [424]=Oop [432]=Oop [448]=Oop [504]=Oop }
                      ;*invokevirtual push {reexecute=0 rethrow=0 return_oop=0}
                      ; - org.apache.xpath.XPathContext::pushRTFContext@8 (line 1273)
                      ; - org.apache.xalan.templates.ElemApplyTemplates::transformSelectedNodes@575 (line 342)
  0x0000775f10be45b8: 0431 8807 

  0x0000775f10be45bc: ;   {other}
  0x0000775f10be45bc: 0f1f 8400 | ac4c 0020 | 488b bc24 | e000 0000 | 8b77 1c48 

  0x0000775f10be45d0: ;   {metadata(method data for {method} {0x00006ab1e86acc70} 'pushRTFContext' '()V' in 'org/apache/xpath/XPathContext')}
  0x0000775f10be45d0: 85f6 48be | b06e 82e8 | b16a 0000 | 48c7 c370 | 0100 0074 | 0748 c7c3 | 8001 0000 | 488b 041e 
  0x0000775f10be45f0: 488d 4001 | 4889 041e | 0f84 ce01 | 0000 488b 

  0x0000775f10be4600: ;   {metadata(method data for {method} {0x00006ab1e86acc70} 'pushRTFContext' '()V' in 'org/apache/xpath/XPathContext')}
  0x0000775f10be4600: f748 bbb0 | 6e82 e8b1 

  0x0000775f10be4608: ;   {metadata('org/apache/xpath/XPathContext')}
  0x0000775f10be4608: 6a00 0049 | baa8 170d | f4b1 6a00 | 004c 8993 | a001 0000 | 4883 83a8 | 0100 0001 

  0x0000775f10be4624: ;   {optimized virtual_call}
  0x0000775f10be4624: 488b f7e8 

  0x0000775f10be4628: ; ImmutableOopMap {[224]=Oop [232]=Oop [240]=Oop [256]=Oop [280]=Oop [312]=Oop [344]=Oop [360]=Oop [368]=Oop [424]=Oop [432]=Oop [448]=Oop [504]=Oop }
                      ;*invokevirtual getRTFDTM {reexecute=0 rethrow=0 return_oop=0}
                      ; - org.apache.xpath.XPathContext::pushRTFContext@21 (line 1275)
                      ; - org.apache.xalan.templates.ElemApplyTemplates::transformSelectedNodes@575 (line 342)
  0x0000775f10be4628: 540a 0807 

  0x0000775f10be462c: ;   {other}
  0x0000775f10be462c: 0f1f 8400 | 1c4d 0021 | 4885 c075 

  0x0000775f10be4638: ;   {metadata(method data for {method} {0x00006ab1e86acc70} 'pushRTFContext' '()V' in 'org/apache/xpath/XPathContext')}
  0x0000775f10be4638: 1648 bbb0 | 6e82 e8b1 | 6a00 0080 | 8bc1 0100 | 0001 e9cc 

  0x0000775f10be464c: ;   {metadata('org/apache/xml/dtm/ref/sax2dtm/SAX2RTFDTM')}
  0x0000775f10be464c: 0000 0048 | be58 c90e | f4b1 6a00 | 008b 7808 | 49ba 0000 | 00f3 b16a | 0000 4903 | fa48 3bf7 
  0x0000775f10be466c: 0f85 8d00 

  0x0000775f10be4670: ;   {metadata(method data for {method} {0x00006ab1e86acc70} 'pushRTFContext' '()V' in 'org/apache/xpath/XPathContext')}
  0x0000775f10be4670: 0000 48bb | b06e 82e8 | b16a 0000 | 8b70 0849 | ba00 0000 | f3b1 6a00 | 0049 03f2 | 483b b3d8 
  0x0000775f10be4690: 0100 0075 | 0d48 8383 | e001 0000 | 01e9 7900 | 0000 483b | b3e8 0100 | 0075 0d48 | 8383 f001 
  0x0000775f10be46b0: 0000 01e9 | 6300 0000 | 4883 bbd8 | 0100 0000 | 7517 4889 | b3d8 0100 | 0048 c783 | e001 0000 
  0x0000775f10be46d0: 0100 0000 | e942 0000 | 0048 83bb | e801 0000 | 0075 1748 | 89b3 e801 | 0000 48c7 | 83f0 0100 
  0x0000775f10be46f0: 0001 0000 | 00e9 2100 | 0000 e91c 

  0x0000775f10be46fc: ;   {metadata(method data for {method} {0x00006ab1e86acc70} 'pushRTFContext' '()V' in 'org/apache/xpath/XPathContext')}
  0x0000775f10be46fc: 0000 0048 | bbb0 6e82 | e8b1 6a00 | 0048 83ab | c801 0000 | 01e9 417a | 0000 e900 | 0000 0048 
  0x0000775f10be471c: 8bf0 483b | 0648 8bfe 

  0x0000775f10be4724: ;   {metadata(method data for {method} {0x00006ab1e86acc70} 'pushRTFContext' '()V' in 'org/apache/xpath/XPathContext')}
  0x0000775f10be4724: 48bb b06e | 82e8 b16a | 0000 8b7f | 0849 ba00 | 0000 f3b1 | 6a00 0049 | 03fa 483b | bb48 0200 
  0x0000775f10be4744: 0075 0d48 | 8383 5002 | 0000 01e9 | 6000 0000 | 483b bb58 | 0200 0075 | 0d48 8383 | 6002 0000 
  0x0000775f10be4764: 01e9 4a00 | 0000 4883 | bb48 0200 | 0000 7517 | 4889 bb48 | 0200 0048 | c783 5002 | 0000 0100 
  0x0000775f10be4784: 0000 e929 | 0000 0048 | 83bb 5802 | 0000 0075 | 1748 89bb | 5802 0000 | 48c7 8360 | 0200 0001 
  0x0000775f10be47a4: 0000 00e9 | 0800 0000 | 4883 8338 | 0200 0001 | 9048 b8ff | ffff ffff 

  0x0000775f10be47bc: ;   {virtual_call}
  0x0000775f10be47bc: ffff ffe8 

  0x0000775f10be47c0: ; ImmutableOopMap {[224]=Oop [232]=Oop [240]=Oop [256]=Oop [280]=Oop [312]=Oop [344]=Oop [360]=Oop [368]=Oop [424]=Oop [432]=Oop [448]=Oop [504]=Oop }
                      ;*invokevirtual pushRewindMark {reexecute=0 rethrow=0 return_oop=0}
                      ; - org.apache.xpath.XPathContext::pushRTFContext@30 (line 1275)
                      ; - org.apache.xalan.templates.ElemApplyTemplates::transformSelectedNodes@575 (line 342)
  0x0000775f10be47c0: bc0b 0807 

  0x0000775f10be47c4: ;   {other}
  0x0000775f10be47c4: 0f1f 8400 | b44e 0022 | 488b b424 | f801 0000 | 488b 9c24 | 0001 0000 

  0x0000775f10be47dc: ;   {metadata(method data for {method} {0x00006ab1e855b330} 'transformSelectedNodes' '(Lorg/apache/xalan/transformer/TransformerImpl;)V' in 'org/apache/xalan/templates/ElemApplyTemplates')}
  0x0000775f10be47dc: 488b d348 | bfd8 9381 | e8b1 6a00 | 0048 8387 | 0011 0000 | 018b 7b10 | 8b56 4c48 

  0x0000775f10be47f8: ;   {metadata(method data for {method} {0x00006ab1e855b330} 'transformSelectedNodes' '(Lorg/apache/xalan/transformer/TransformerImpl;)V' in 'org/apache/xalan/templates/ElemApplyTemplates')}
  0x0000775f10be47f8: 8bc3 48b9 | d893 81e8 | b16a 0000 | 4883 8138 | 1100 0001 | 4889 b424 | f801 0000 | 488b f389 
  0x0000775f10be4818: bc24 0802 

  0x0000775f10be481c: ;   {optimized virtual_call}
  0x0000775f10be481c: 0000 90e8 

  0x0000775f10be4820: ; ImmutableOopMap {[224]=Oop [232]=Oop [240]=Oop [256]=Oop [280]=Oop [312]=Oop [344]=Oop [360]=Oop [368]=Oop [424]=Oop [432]=Oop [448]=Oop [504]=Oop }
                      ;*invokevirtual link {reexecute=0 rethrow=0 return_oop=0}
                      ; - org.apache.xalan.templates.ElemApplyTemplates::transformSelectedNodes@592 (line 344)
  0x0000775f10be4820: dc5e 0b00 

  0x0000775f10be4824: ;   {other}
  0x0000775f10be4824: 0f1f 8400 | 144f 0023 | 488b b424 | f801 0000 | 8b7e 5885 

  0x0000775f10be4838: ;   {metadata(method data for {method} {0x00006ab1e855b330} 'transformSelectedNodes' '(Lorg/apache/xalan/transformer/TransformerImpl;)V' in 'org/apache/xalan/templates/ElemApplyTemplates')}
  0x0000775f10be4838: ff48 bfd8 | 9381 e8b1 | 6a00 0048 | c7c3 6811 | 0000 7f07 | 48c7 c358 | 1100 0048 | 8b04 1f48 
  0x0000775f10be4858: 8d40 0148 | 8904 1f0f | 8f2c 0000 | 008b bc24 | 0802 0000 | 4889 b424 | f801 0000 | 488b 8424 
  0x0000775f10be4878: 0001 0000 | 488b 9424 | f000 0000 | 488b 9c24 | e800 0000 | e9b5 0800 | 0048 8bfe 

  0x0000775f10be4894: ;   {metadata(method data for {method} {0x00006ab1e855b330} 'transformSelectedNodes' '(Lorg/apache/xalan/transformer/TransformerImpl;)V' in 'org/apache/xalan/templates/ElemApplyTemplates')}
  0x0000775f10be4894: 48bb d893 | 81e8 b16a | 0000 8b7f | 0849 ba00 | 0000 f3b1 | 6a00 0049 | 03fa 483b | bb88 1100 
  0x0000775f10be48b4: 0075 0d48 | 8383 9011 | 0000 01e9 | 6000 0000 | 483b bb98 | 1100 0075 | 0d48 8383 | a011 0000 
  0x0000775f10be48d4: 01e9 4a00 | 0000 4883 | bb88 1100 | 0000 7517 | 4889 bb88 | 1100 0048 | c783 9011 | 0000 0100 
  0x0000775f10be48f4: 0000 e929 | 0000 0048 | 83bb 9811 | 0000 0075 | 1748 89bb | 9811 0000 | 48c7 83a0 | 1100 0001 
  0x0000775f10be4914: 0000 00e9 | 0800 0000 | 4883 8378 | 1100 0001 | 8b7e 44bb | 0000 0000 | 899c 240c | 0200 0048 
  0x0000775f10be4934: 89b4 24f8 | 0100 000f | 1f44 0000 

  0x0000775f10be4940: ;   {metadata(method data for {method} {0x00006ab1e855b330} 'transformSelectedNodes' '(Lorg/apache/xalan/transformer/TransformerImpl;)V' in 'org/apache/xalan/templates/ElemApplyTemplates')}
  0x0000775f10be4940: 4885 ff49 | b8d8 9381 | e8b1 6a00 | 0049 c7c1 | b011 0000 | 7407 49c7 | c1c0 1100 | 004f 8b1c 
  0x0000775f10be4960: 084d 8d5b | 014f 891c | 080f 8486 | 0700 0048 | 3b07 4c8b 

  0x0000775f10be4974: ;   {metadata(method data for {method} {0x00006ab1e855b330} 'transformSelectedNodes' '(Lorg/apache/xalan/transformer/TransformerImpl;)V' in 'org/apache/xalan/templates/ElemApplyTemplates')}
  0x0000775f10be4974: c749 b9d8 | 9381 e8b1 | 6a00 0045 | 8b40 0849 | ba00 0000 | f3b1 6a00 | 004d 03c2 | 4d3b 81e0 
  0x0000775f10be4994: 1100 0075 | 0d49 8381 | e811 0000 | 01e9 6000 | 0000 4d3b | 81f0 1100 | 0075 0d49 | 8381 f811 
  0x0000775f10be49b4: 0000 01e9 | 4a00 0000 | 4983 b9e0 | 1100 0000 | 7517 4d89 | 81e0 1100 | 0049 c781 | e811 0000 
  0x0000775f10be49d4: 0100 0000 | e929 0000 | 0049 83b9 | f011 0000 | 0075 174d | 8981 f011 | 0000 49c7 | 81f8 1100 
  0x0000775f10be49f4: 0001 0000 | 00e9 0800 | 0000 4983 | 81d0 1100 | 0001 488b | f748 89bc | 2410 0200 | 000f 1f40 
  0x0000775f10be4a14: 0048 b8ff | ffff ffff 

  0x0000775f10be4a1c: ;   {virtual_call}
  0x0000775f10be4a1c: ffff ffe8 

  0x0000775f10be4a20: ; ImmutableOopMap {[224]=Oop [232]=Oop [240]=Oop [256]=Oop [280]=Oop [312]=Oop [344]=Oop [360]=Oop [368]=Oop [424]=Oop [432]=Oop [448]=Oop [504]=Oop [528]=Oop }
                      ;*invokevirtual getXSLToken {reexecute=0 rethrow=0 return_oop=0}
                      ; - org.apache.xalan.templates.ElemApplyTemplates::transformSelectedNodes@624 (line 353)
  0x0000775f10be4a20: 5c09 0807 

  0x0000775f10be4a24: ;   {other}
  0x0000775f10be4a24: 0f1f 8400 | 1451 0024 

  0x0000775f10be4a2c: ;   {metadata(method data for {method} {0x00006ab1e855b330} 'transformSelectedNodes' '(Lorg/apache/xalan/transformer/TransformerImpl;)V' in 'org/apache/xalan/templates/ElemApplyTemplates')}
  0x0000775f10be4a2c: 83f8 2948 | bad8 9381 | e8b1 6a00 | 0048 c7c6 | 0812 0000 | 7507 48c7 | c618 1200 | 0048 8b3c 
  0x0000775f10be4a4c: 3248 8d7f | 0148 893c | 320f 859a | 0600 0048 | 8bbc 2410 | 0200 0048 | 85ff 7516 

  0x0000775f10be4a68: ;   {metadata(method data for {method} {0x00006ab1e855b330} 'transformSelectedNodes' '(Lorg/apache/xalan/transformer/TransformerImpl;)V' in 'org/apache/xalan/templates/ElemApplyTemplates')}
  0x0000775f10be4a68: 48bb d893 | 81e8 b16a | 0000 808b | 2112 0000 | 01e9 cc00 

  0x0000775f10be4a7c: ;   {metadata('org/apache/xalan/templates/ElemParam')}
  0x0000775f10be4a7c: 0000 48b8 | 383f 09f4 | b16a 0000 | 8b77 0849 | ba00 0000 | f3b1 6a00 | 0049 03f2 | 483b c60f 
  0x0000775f10be4a9c: 858d 0000 

  0x0000775f10be4aa0: ;   {metadata(method data for {method} {0x00006ab1e855b330} 'transformSelectedNodes' '(Lorg/apache/xalan/transformer/TransformerImpl;)V' in 'org/apache/xalan/templates/ElemApplyTemplates')}
  0x0000775f10be4aa0: 0048 bbd8 | 9381 e8b1 | 6a00 008b | 4708 49ba | 0000 00f3 | b16a 0000 | 4903 c248 | 3b83 3812 
  0x0000775f10be4ac0: 0000 750d | 4883 8340 | 1200 0001 | e979 0000 | 0048 3b83 | 4812 0000 | 750d 4883 | 8350 1200 
  0x0000775f10be4ae0: 0001 e963 | 0000 0048 | 83bb 3812 | 0000 0075 | 1748 8983 | 3812 0000 | 48c7 8340 | 1200 0001 
  0x0000775f10be4b00: 0000 00e9 | 4200 0000 | 4883 bb48 | 1200 0000 | 7517 4889 | 8348 1200 | 0048 c783 | 5012 0000 
  0x0000775f10be4b20: 0100 0000 | e921 0000 | 00e9 1c00 

  0x0000775f10be4b2c: ;   {metadata(method data for {method} {0x00006ab1e855b330} 'transformSelectedNodes' '(Lorg/apache/xalan/transformer/TransformerImpl;)V' in 'org/apache/xalan/templates/ElemApplyTemplates')}
  0x0000775f10be4b2c: 0000 48bb | d893 81e8 | b16a 0000 | 4883 ab28 | 1200 0001 | e925 7600 | 00e9 0000 | 0000 488b 
  0x0000775f10be4b4c: d7be 0000 | 0000 488b | 9c24 e800 | 0000 e98b | 0000 0090 | 8b43 643b | 700c 0f83 | 1176 0000 
  0x0000775f10be4b6c: 4863 ce8b | 4488 108b | 4050 8b4a 

  0x0000775f10be4b78: ;   {metadata(method data for {method} {0x00006ab1e855b330} 'transformSelectedNodes' '(Lorg/apache/xalan/transformer/TransformerImpl;)V' in 'org/apache/xalan/templates/ElemApplyTemplates')}
  0x0000775f10be4b78: 603b c148 | b8d8 9381 | e8b1 6a00 | 0048 c7c1 | 9012 0000 | 7407 48c7 | c180 1200 | 004c 8b04 
  0x0000775f10be4b98: 084d 8d40 | 014c 8904 | 080f 8483 | 0000 00ff 

  0x0000775f10be4ba8: ;   {metadata(method data for {method} {0x00006ab1e855b330} 'transformSelectedNodes' '(Lorg/apache/xalan/transformer/TransformerImpl;)V' in 'org/apache/xalan/templates/ElemApplyTemplates')}
  0x0000775f10be4ba8: c648 b8d8 | 9381 e8b1 | 6a00 008b | 88f8 0000 | 0083 c102 | 8988 f800 | 0000 81e1 | fe3f 0000 
  0x0000775f10be4bc8: 85c9 0f84 | c575 0000 | 4d8b 9770 

  0x0000775f10be4bd4: ; ImmutableOopMap {rdi=Oop rdx=Oop rbx=Oop [224]=Oop [232]=Oop [240]=Oop [256]=Oop [280]=Oop [312]=Oop [344]=Oop [360]=Oop [368]=Oop [424]=Oop [432]=Oop [448]=Oop [504]=Oop }
                      ;*goto {reexecute=1 rethrow=0 return_oop=0}
                      ; - (reexecute) org.apache.xalan.templates.ElemApplyTemplates::transformSelectedNodes@695 (line 358)
                      ;   {poll}
  0x0000775f10be4bd4: 0700 0041 

  0x0000775f10be4bd8: ;   {metadata(method data for {method} {0x00006ab1e855b330} 'transformSelectedNodes' '(Lorg/apache/xalan/transformer/TransformerImpl;)V' in 'org/apache/xalan/templates/ElemApplyTemplates')}
  0x0000775f10be4bd8: 8502 48b8 | d893 81e8 | b16a 0000 | ff80 2813 | 0000 3bb4 | 24fc 0000 

  0x0000775f10be4bf0: ;   {metadata(method data for {method} {0x00006ab1e855b330} 'transformSelectedNodes' '(Lorg/apache/xalan/transformer/TransformerImpl;)V' in 'org/apache/xalan/templates/ElemApplyTemplates')}
  0x0000775f10be4bf0: 0048 b8d8 | 9381 e8b1 | 6a00 0048 | c7c1 7012 | 0000 7c07 | 48c7 c160 | 1200 004c | 8b04 084d 
  0x0000775f10be4c10: 8d40 014c | 8904 080f | 8c43 ffff | ff48 8b84 | 2400 0100 | 00e9 1302 | 0000 488b | 8424 0001 
  0x0000775f10be4c30: 0000 488b 

  0x0000775f10be4c34: ;   {metadata(method data for {method} {0x00006ab1e855b330} 'transformSelectedNodes' '(Lorg/apache/xalan/transformer/TransformerImpl;)V' in 'org/apache/xalan/templates/ElemApplyTemplates')}
  0x0000775f10be4c34: d048 b9d8 | 9381 e8b1 

  0x0000775f10be4c3c: ;   {metadata('org/apache/xpath/VariableStack')}
  0x0000775f10be4c3c: 6a00 0049 | baa8 de0e | f4b1 6a00 | 004c 8991 | b012 0000 | 4883 81b8 | 1200 0001 

  0x0000775f10be4c58: ;   {metadata(method data for {method} {0x00006ab1e8791eb0} 'getLocalVariable' '(II)Lorg/apache/xpath/objects/XObject;' in 'org/apache/xpath/VariableStack')}
  0x0000775f10be4c58: 48ba f0aa | 82e8 b16a | 0000 8b8a | f400 0000 | 83c1 0289 | 8af4 0000 | 0081 e1fe | ff1f 0085 
  0x0000775f10be4c78: c90f 8437 | 7500 008b | 5018 488b | ce03 8c24 | a001 0000 

  0x0000775f10be4c8c: ; implicit exception: dispatches to 0x0000775f10bec1d7
  0x0000775f10be4c8c: 3b4a 0c0f | 834c 7500 | 0048 63c9 | 8b4c 8a10 

  0x0000775f10be4c9c: ;   {metadata(method data for {method} {0x00006ab1e855b330} 'transformSelectedNodes' '(Lorg/apache/xalan/transformer/TransformerImpl;)V' in 'org/apache/xalan/templates/ElemApplyTemplates')}
  0x0000775f10be4c9c: 4c8b c049 | b9d8 9381 | e8b1 6a00 

  0x0000775f10be4ca8: ;   {metadata('org/apache/xpath/VariableStack')}
  0x0000775f10be4ca8: 0049 baa8 | de0e f4b1 | 6a00 004d | 8991 e812 | 0000 4983 | 81f0 1200 

  0x0000775f10be4cc0: ;   {metadata(method data for {method} {0x00006ab1e8791be8} 'setLocalVariable' '(ILorg/apache/xpath/objects/XObject;)V' in 'org/apache/xpath/VariableStack')}
  0x0000775f10be4cc0: 0001 49b8 | 68ac 82e8 | b16a 0000 | 458b 88f4 | 0000 0041 | 83c1 0245 | 8988 f400 | 0000 4181 
  0x0000775f10be4ce0: e1fe ff1f | 0045 85c9 | 0f84 0175 | 0000 448b | 4010 4403 | 8424 0c02 | 0000 443b | 420c 0f83 
  0x0000775f10be4d00: 0c75 0000 | 4885 c975 

  0x0000775f10be4d08: ;   {metadata(method data for {method} {0x00006ab1e8791be8} 'setLocalVariable' '(ILorg/apache/xpath/objects/XObject;)V' in 'org/apache/xpath/VariableStack')}
  0x0000775f10be4d08: 1749 bb68 | ac82 e8b1 | 6a00 0041 | 808b 3101 | 0000 01e9 | 0201 0000 

  0x0000775f10be4d20: ; implicit exception: dispatches to 0x0000775f10bec21e
  0x0000775f10be4d20: 448b 4a08 | 49ba 0000 | 00f3 b16a | 0000 4d03 | ca44 8b59 | 0849 ba00 | 0000 f3b1 | 6a00 004d 
  0x0000775f10be4d40: 03da 4d8b | 89e0 0000 | 004d 3bd9 | 0f84 2e00 | 0000 458b | 6914 4f3b | 0c2b 0f84 | 2000 0000 
  0x0000775f10be4d60: 4183 fd20 | 0f85 a100 | 0000 4153 

  0x0000775f10be4d6c: ;   {runtime_call slow_subtype_check Runtime1 stub}
  0x0000775f10be4d6c: 4151 e80d | f712 0741 | 5b41 5945 | 85c9 0f84 | 8b00 0000 

  0x0000775f10be4d80: ;   {metadata(method data for {method} {0x00006ab1e8791be8} 'setLocalVariable' '(ILorg/apache/xpath/objects/XObject;)V' in 'org/apache/xpath/VariableStack')}
  0x0000775f10be4d80: 49bb 68ac | 82e8 b16a | 0000 448b | 4908 49ba | 0000 00f3 | b16a 0000 | 4d03 ca4d | 3b8b 4801 
  0x0000775f10be4da0: 0000 750d | 4983 8350 | 0100 0001 | e971 0000 | 004d 3b8b | 5801 0000 | 750d 4983 | 8360 0100 
  0x0000775f10be4dc0: 0001 e95b | 0000 0049 | 83bb 4801 | 0000 0075 | 174d 898b | 4801 0000 | 49c7 8350 | 0100 0001 
  0x0000775f10be4de0: 0000 00e9 | 3a00 0000 | 4983 bb58 | 0100 0000 | 7517 4d89 | 8b58 0100 | 0049 c783 | 6001 0000 
  0x0000775f10be4e00: 0100 0000 | e919 0000 

  0x0000775f10be4e08: ;   {metadata(method data for {method} {0x00006ab1e8791be8} 'setLocalVariable' '(ILorg/apache/xpath/objects/XObject;)V' in 'org/apache/xpath/VariableStack')}
  0x0000775f10be4e08: 00eb 1749 | bb68 ac82 | e8b1 6a00 | 0049 83ab | 3801 0000 | 01e9 0174 | 0000 4d63 | c04c 8bd1 
  0x0000775f10be4e28: 4689 5482 

  0x0000775f10be4e2c: ;   {metadata(method data for {method} {0x00006ab1e855b330} 'transformSelectedNodes' '(Lorg/apache/xalan/transformer/TransformerImpl;)V' in 'org/apache/xalan/templates/ElemApplyTemplates')}
  0x0000775f10be4e2c: 1048 bad8 | 9381 e8b1 | 6a00 00ff | 8210 1300 | 003b b424 | fc00 0000 

  0x0000775f10be4e44: ;   {metadata(method data for {method} {0x00006ab1e855b330} 'transformSelectedNodes' '(Lorg/apache/xalan/transformer/TransformerImpl;)V' in 'org/apache/xalan/templates/ElemApplyTemplates')}
  0x0000775f10be4e44: 48ba d893 | 81e8 b16a | 0000 48c7 | c640 1300 | 0075 0748 | c7c6 5013 | 0000 488b | 0c32 488d 
  0x0000775f10be4e64: 4901 4889 | 0c32 0f85 | 9601 0000 

  0x0000775f10be4e70: ;   {metadata(method data for {method} {0x00006ab1e855b330} 'transformSelectedNodes' '(Lorg/apache/xalan/transformer/TransformerImpl;)V' in 'org/apache/xalan/templates/ElemApplyTemplates')}
  0x0000775f10be4e70: 488b d048 | bed8 9381 | e8b1 6a00 

  0x0000775f10be4e7c: ;   {metadata('org/apache/xpath/VariableStack')}
  0x0000775f10be4e7c: 0049 baa8 | de0e f4b1 | 6a00 004c | 8996 7013 | 0000 4883 | 8678 1300 

  0x0000775f10be4e94: ;   {metadata(method data for {method} {0x00006ab1e8791be8} 'setLocalVariable' '(ILorg/apache/xpath/objects/XObject;)V' in 'org/apache/xpath/VariableStack')}
  0x0000775f10be4e94: 0001 48ba | 68ac 82e8 | b16a 0000 | 8bb2 f400 | 0000 83c6 | 0289 b2f4 | 0000 0081 | e6fe ff1f 
  0x0000775f10be4eb4: 0085 f60f | 846f 7300 | 008b 5018 | 8b70 1003 | b424 0c02 

  0x0000775f10be4ec8: ;   {oop(nullptr)}
  0x0000775f10be4ec8: 0000 48b9 | 0000 0000 | 0000 0000 

  0x0000775f10be4ed4: ; implicit exception: dispatches to 0x0000775f10bec24d
  0x0000775f10be4ed4: 3b72 0c0f | 837a 7300 | 0048 85c9 

  0x0000775f10be4ee0: ;   {metadata(method data for {method} {0x00006ab1e8791be8} 'setLocalVariable' '(ILorg/apache/xpath/objects/XObject;)V' in 'org/apache/xpath/VariableStack')}
  0x0000775f10be4ee0: 7517 49b9 | 68ac 82e8 | b16a 0000 | 4180 8931 | 0100 0001 | e902 0100 | 0044 8b42 | 0849 ba00 
  0x0000775f10be4f00: 0000 f3b1 | 6a00 004d | 03c2 448b | 4908 49ba | 0000 00f3 | b16a 0000 | 4d03 ca4d | 8b80 e000 
  0x0000775f10be4f20: 0000 4d3b | c80f 842e | 0000 0045 | 8b58 144f | 3b04 190f | 8420 0000 | 0041 83fb | 200f 85a1 
  0x0000775f10be4f40: 0000 0041 

  0x0000775f10be4f44: ;   {runtime_call slow_subtype_check Runtime1 stub}
  0x0000775f10be4f44: 5141 50e8 | 34f5 1207 | 4159 4158 | 4585 c00f | 848b 0000 

  0x0000775f10be4f58: ;   {metadata(method data for {method} {0x00006ab1e8791be8} 'setLocalVariable' '(ILorg/apache/xpath/objects/XObject;)V' in 'org/apache/xpath/VariableStack')}
  0x0000775f10be4f58: 0049 b968 | ac82 e8b1 | 6a00 0044 | 8b41 0849 | ba00 0000 | f3b1 6a00 | 004d 03c2 | 4d3b 8148 
  0x0000775f10be4f78: 0100 0075 | 0d49 8381 | 5001 0000 | 01e9 7100 | 0000 4d3b | 8158 0100 | 0075 0d49 | 8381 6001 
  0x0000775f10be4f98: 0000 01e9 | 5b00 0000 | 4983 b948 | 0100 0000 | 7517 4d89 | 8148 0100 | 0049 c781 | 5001 0000 
  0x0000775f10be4fb8: 0100 0000 | e93a 0000 | 0049 83b9 | 5801 0000 | 0075 174d | 8981 5801 | 0000 49c7 | 8160 0100 
  0x0000775f10be4fd8: 0001 0000 | 00e9 1900 | 0000 eb17 

  0x0000775f10be4fe4: ;   {metadata(method data for {method} {0x00006ab1e8791be8} 'setLocalVariable' '(ILorg/apache/xpath/objects/XObject;)V' in 'org/apache/xpath/VariableStack')}
  0x0000775f10be4fe4: 49b9 68ac | 82e8 b16a | 0000 4983 | a938 0100 | 0001 e96f | 7200 0048 | 63f6 4c8b | d144 8954 
  0x0000775f10be5004: b210 8b94 | 240c 0200 | 00ff c248 

  0x0000775f10be5010: ;   {metadata(method data for {method} {0x00006ab1e855b330} 'transformSelectedNodes' '(Lorg/apache/xalan/transformer/TransformerImpl;)V' in 'org/apache/xalan/templates/ElemApplyTemplates')}
  0x0000775f10be5010: 8bf7 48b9 | d893 81e8 | b16a 0000 | 8b76 0849 | ba00 0000 | f3b1 6a00 | 0049 03f2 | 483b b1a8 
  0x0000775f10be5030: 1300 0075 | 0d48 8381 | b013 0000 | 01e9 6000 | 0000 483b | b1b8 1300 | 0075 0d48 | 8381 c013 
  0x0000775f10be5050: 0000 01e9 | 4a00 0000 | 4883 b9a8 | 1300 0000 | 7517 4889 | b1a8 1300 | 0048 c781 | b013 0000 
  0x0000775f10be5070: 0100 0000 | e929 0000 | 0048 83b9 | b813 0000 | 0075 1748 | 89b1 b813 | 0000 48c7 | 81c0 1300 
  0x0000775f10be5090: 0001 0000 | 00e9 0800 | 0000 4883 | 8198 1300 | 0001 8b77 

  0x0000775f10be50a4: ;   {metadata(method data for {method} {0x00006ab1e855b330} 'transformSelectedNodes' '(Lorg/apache/xalan/transformer/TransformerImpl;)V' in 'org/apache/xalan/templates/ElemApplyTemplates')}
  0x0000775f10be50a4: 4048 bfd8 | 9381 e8b1 | 6a00 008b | 8ff8 0000 | 0083 c102 | 898f f800 | 0000 81e1 | fe3f 0000 
  0x0000775f10be50c4: 85c9 0f84 | a771 0000 | 4d8b 9770 

  0x0000775f10be50d0: ; ImmutableOopMap {rbx=Oop rax=Oop rsi=Oop [224]=Oop [232]=Oop [240]=Oop [256]=Oop [280]=Oop [312]=Oop [344]=Oop [360]=Oop [368]=Oop [424]=Oop [432]=Oop [448]=Oop [504]=Oop }
                      ;*goto {reexecute=1 rethrow=0 return_oop=0}
                      ; - (reexecute) org.apache.xalan.templates.ElemApplyTemplates::transformSelectedNodes@723 (line 351)
                      ;   {poll}
  0x0000775f10be50d0: 0700 0041 

  0x0000775f10be50d4: ;   {metadata(method data for {method} {0x00006ab1e855b330} 'transformSelectedNodes' '(Lorg/apache/xalan/transformer/TransformerImpl;)V' in 'org/apache/xalan/templates/ElemApplyTemplates')}
  0x0000775f10be50d4: 8502 48bf | d893 81e8 | b16a 0000 | ff87 d013 | 0000 488b | fe89 9424 | 0c02 0000 | e94b f8ff 
  0x0000775f10be50f4: ff8b bc24 | 0802 0000 | 488b 8424 | 0001 0000 | 488b 9c24 | e800 0000 

  0x0000775f10be510c: ;   {metadata(method data for {method} {0x00006ab1e855b330} 'transformSelectedNodes' '(Lorg/apache/xalan/transformer/TransformerImpl;)V' in 'org/apache/xalan/templates/ElemApplyTemplates')}
  0x0000775f10be510c: 48ba d893 | 81e8 b16a | 0000 ff82 | e813 0000 | 488b 9424 | f000 0000 | e91d 0000 | 0048 8b84 
  0x0000775f10be512c: 2400 0100 | 0048 8b9c | 24e8 0000 | 00bf 0000 | 0000 488b | 9424 f000 | 0000 488b 

  0x0000775f10be5148: ;   {metadata(method data for {method} {0x00006ab1e855b330} 'transformSelectedNodes' '(Lorg/apache/xalan/transformer/TransformerImpl;)V' in 'org/apache/xalan/templates/ElemApplyTemplates')}
  0x0000775f10be5148: f248 b9d8 | 9381 e8b1 | 6a00 0048 | 8381 1814 | 0000 010f | be72 1583 | e601 85f6 

  0x0000775f10be5164: ;   {metadata(method data for {method} {0x00006ab1e855b330} 'transformSelectedNodes' '(Lorg/apache/xalan/transformer/TransformerImpl;)V' in 'org/apache/xalan/templates/ElemApplyTemplates')}
  0x0000775f10be5164: 48be d893 | 81e8 b16a | 0000 48c7 | c138 1400 | 0074 0748 | c7c1 4814 | 0000 4c8b | 040e 4d8d 
  0x0000775f10be5184: 4001 4c89 | 040e 89bc | 2418 0200 | 000f 846d | 0000 0048 

  0x0000775f10be5198: ;   {metadata(method data for {method} {0x00006ab1e855b330} 'transformSelectedNodes' '(Lorg/apache/xalan/transformer/TransformerImpl;)V' in 'org/apache/xalan/templates/ElemApplyTemplates')}
  0x0000775f10be5198: 8bc2 48b9 | d893 81e8 | b16a 0000 

  0x0000775f10be51a4: ;   {metadata('org/apache/xalan/transformer/TransformerImpl')}
  0x0000775f10be51a4: 49ba c80c | 0cf4 b16a | 0000 4c89 | 9168 1400 | 0048 8381 | 7014 0000 | 018b 8284 | 0000 0048 
  0x0000775f10be51c4: 3b00 488b 

  0x0000775f10be51c8: ;   {metadata(method data for {method} {0x00006ab1e855b330} 'transformSelectedNodes' '(Lorg/apache/xalan/transformer/TransformerImpl;)V' in 'org/apache/xalan/templates/ElemApplyTemplates')}
  0x0000775f10be51c8: c849 b8d8 | 9381 e8b1 

  0x0000775f10be51d0: ;   {metadata('org/apache/xalan/trace/TraceManager')}
  0x0000775f10be51d0: 6a00 0049 | ba78 840e | f4b1 6a00 | 004d 8990 | a014 0000 | 4983 80a8 | 1400 0001 | 488b 9424 
  0x0000775f10be51f0: f801 0000 

  0x0000775f10be51f4: ;   {optimized virtual_call}
  0x0000775f10be51f4: 488b f0e8 

  0x0000775f10be51f8: ; ImmutableOopMap {[224]=Oop [232]=Oop [240]=Oop [256]=Oop [280]=Oop [312]=Oop [344]=Oop [360]=Oop [368]=Oop [424]=Oop [432]=Oop [448]=Oop [504]=Oop }
                      ;*invokevirtual fireTraceEvent {reexecute=0 rethrow=0 return_oop=0}
                      ; - org.apache.xalan.templates.ElemApplyTemplates::transformSelectedNodes@745 (line 383)
  0x0000775f10be51f8: 84fe 0707 

  0x0000775f10be51fc: ;   {other}
  0x0000775f10be51fc: 0f1f 8400 | ec58 0027 | 488b b424 | f801 0000 | 8b56 4448 | 89b4 24f8 | 0100 0090 | 488b bc24 
  0x0000775f10be521c: e000 0000 | 488b 9c24 | f000 0000 

  0x0000775f10be5228: ;   {metadata(method data for {method} {0x00006ab1e855b330} 'transformSelectedNodes' '(Lorg/apache/xalan/transformer/TransformerImpl;)V' in 'org/apache/xalan/templates/ElemApplyTemplates')}
  0x0000775f10be5228: 4885 d248 | b8d8 9381 | e8b1 6a00 | 0048 c7c1 | c814 0000 | 7407 48c7 | c1d8 1400 | 004c 8b04 
  0x0000775f10be5248: 084d 8d40 | 014c 8904 | 080f 84e6 | 0300 0048 

  0x0000775f10be5258: ;   {metadata(method data for {method} {0x00006ab1e855b330} 'transformSelectedNodes' '(Lorg/apache/xalan/transformer/TransformerImpl;)V' in 'org/apache/xalan/templates/ElemApplyTemplates')}
  0x0000775f10be5258: 8bc7 48b9 | d893 81e8 | b16a 0000 | 4883 8100 | 1500 0001 

  0x0000775f10be526c: ;   {metadata(method data for {method} {0x00006ab1e86aa048} 'setSAXLocator' '(Ljavax/xml/transform/SourceLocator;)V' in 'org/apache/xpath/XPathContext')}
  0x0000775f10be526c: 48b8 d0a1 | 80e8 b16a | 0000 8b88 | f400 0000 | 83c1 0289 | 88f4 0000 | 0081 e1fe | ff1f 0085 
  0x0000775f10be528c: c90f 8406 | 7000 008b | 472c 483b | 0048 8bc8 

  0x0000775f10be529c: ;   {metadata(method data for {method} {0x00006ab1e86aa048} 'setSAXLocator' '(Ljavax/xml/transform/SourceLocator;)V' in 'org/apache/xpath/XPathContext')}
  0x0000775f10be529c: 49b8 d0a1 | 80e8 b16a | 0000 4983 | 8050 0100 

  0x0000775f10be52ac: ;   {metadata(method data for {method} {0x00006ab1e876b190} 'setTop' '(Ljava/lang/Object;)V' in 'org/apache/xml/utils/ObjectStack')}
  0x0000775f10be52ac: 0001 48b9 | 08fd 7de8 | b16a 0000 | 448b 81f4 | 0000 0041 | 83c0 0244 | 8981 f400 | 0000 4181 
  0x0000775f10be52cc: e0fe ff1f | 0045 85c0 | 0f84 e56f | 0000 8b48 | 188b 4010 | ffc8 3b41 | 0c0f 83ff | 6f00 0048 
  0x0000775f10be52ec: 85d2 7517 

  0x0000775f10be52f0: ;   {metadata(method data for {method} {0x00006ab1e876b190} 'setTop' '(Ljava/lang/Object;)V' in 'org/apache/xml/utils/ObjectStack')}
  0x0000775f10be52f0: 49b9 08fd | 7de8 b16a | 0000 4180 | 8931 0100 | 0001 e902 | 0100 0044 | 8b41 0849 | ba00 0000 
  0x0000775f10be5310: f3b1 6a00 | 004d 03c2 | 448b 4a08 | 49ba 0000 | 00f3 b16a | 0000 4d03 | ca4d 8b80 | e000 0000 
  0x0000775f10be5330: 4d3b c80f | 842e 0000 | 0045 8b58 | 144f 3b04 | 190f 8420 | 0000 0041 | 83fb 200f | 85a1 0000 
  0x0000775f10be5350: 0041 5141 

  0x0000775f10be5354: ;   {runtime_call slow_subtype_check Runtime1 stub}
  0x0000775f10be5354: 50e8 26f1 | 1207 4159 | 4158 4585 | c00f 848b 

  0x0000775f10be5364: ;   {metadata(method data for {method} {0x00006ab1e876b190} 'setTop' '(Ljava/lang/Object;)V' in 'org/apache/xml/utils/ObjectStack')}
  0x0000775f10be5364: 0000 0049 | b908 fd7d | e8b1 6a00 | 0044 8b42 | 0849 ba00 | 0000 f3b1 | 6a00 004d | 03c2 4d3b 
  0x0000775f10be5384: 8148 0100 | 0075 0d49 | 8381 5001 | 0000 01e9 | 7100 0000 | 4d3b 8158 | 0100 0075 | 0d49 8381 
  0x0000775f10be53a4: 6001 0000 | 01e9 5b00 | 0000 4983 | b948 0100 | 0000 7517 | 4d89 8148 | 0100 0049 | c781 5001 
  0x0000775f10be53c4: 0000 0100 | 0000 e93a | 0000 0049 | 83b9 5801 | 0000 0075 | 174d 8981 | 5801 0000 | 49c7 8160 
  0x0000775f10be53e4: 0100 0001 | 0000 00e9 | 1900 0000 

  0x0000775f10be53f0: ;   {metadata(method data for {method} {0x00006ab1e876b190} 'setTop' '(Ljava/lang/Object;)V' in 'org/apache/xml/utils/ObjectStack')}
  0x0000775f10be53f0: eb17 49b9 | 08fd 7de8 | b16a 0000 | 4983 a938 | 0100 0001 | e9f4 6e00 | 0048 63c0 | 4c8b d244 
  0x0000775f10be5410: 8954 8110 

  0x0000775f10be5414: ;   {metadata(method data for {method} {0x00006ab1e876b190} 'setTop' '(Ljava/lang/Object;)V' in 'org/apache/xml/utils/ObjectStack')}
  0x0000775f10be5414: 48b8 08fd | 7de8 b16a | 0000 ff80 | 7001 0000 

  0x0000775f10be5424: ;   {metadata(method data for {method} {0x00006ab1e855b330} 'transformSelectedNodes' '(Lorg/apache/xalan/transformer/TransformerImpl;)V' in 'org/apache/xalan/templates/ElemApplyTemplates')}
  0x0000775f10be5424: 488b c348 | b9d8 9381 | e8b1 6a00 | 0048 8381 | 3815 0000 

  0x0000775f10be5438: ;   {metadata(method data for {method} {0x00006ab1e8655c10} 'pushElemTemplateElement' '(Lorg/apache/xalan/templates/ElemTemplateElement;)V' in 'org/apache/xalan/transformer/TransformerImpl')}
  0x0000775f10be5438: 0148 b838 | d380 e8b1 | 6a00 008b | 88f4 0000 | 0083 c102 | 8988 f400 | 0000 81e1 | feff 1f00 
  0x0000775f10be5458: 85c9 0f84 | a66e 0000 | 8b43 4c48 | 3b00 488b 

  0x0000775f10be5468: ;   {metadata(method data for {method} {0x00006ab1e8655c10} 'pushElemTemplateElement' '(Lorg/apache/xalan/templates/ElemTemplateElement;)V' in 'org/apache/xalan/transformer/TransformerImpl')}
  0x0000775f10be5468: c849 b838 | d380 e8b1 | 6a00 0049 | 8380 5001 | 0000 0148 | 8bca 488b | d148 8bf0 | 4889 8c24 
  0x0000775f10be5488: 2002 0000 

  0x0000775f10be548c: ;   {optimized virtual_call}
  0x0000775f10be548c: 6666 90e8 

  0x0000775f10be5490: ; ImmutableOopMap {[224]=Oop [232]=Oop [240]=Oop [256]=Oop [280]=Oop [312]=Oop [344]=Oop [360]=Oop [368]=Oop [424]=Oop [432]=Oop [448]=Oop [504]=Oop [544]=Oop }
                      ;*invokevirtual push {reexecute=0 rethrow=0 return_oop=0}
                      ; - org.apache.xalan.transformer.TransformerImpl::pushElemTemplateElement@5 (line 2624)
                      ; - org.apache.xalan.templates.ElemApplyTemplates::transformSelectedNodes@769 (line 394)
  0x0000775f10be5490: acd3 8807 

  0x0000775f10be5494: ;   {other}
  0x0000775f10be5494: 0f1f 8400 | 845b 0028 | 488b 9424 | 2002 0000 

  0x0000775f10be54a4: ; implicit exception: dispatches to 0x0000775f10bec32c
  0x0000775f10be54a4: 483b 0248 

  0x0000775f10be54a8: ;   {metadata(method data for {method} {0x00006ab1e855b330} 'transformSelectedNodes' '(Lorg/apache/xalan/transformer/TransformerImpl;)V' in 'org/apache/xalan/templates/ElemApplyTemplates')}
  0x0000775f10be54a8: 8bf2 48bf | d893 81e8 | b16a 0000 | 8b76 0849 | ba00 0000 | f3b1 6a00 | 0049 03f2 | 483b b768 
  0x0000775f10be54c8: 1500 0075 | 0d48 8387 | 7015 0000 | 01e9 6000 | 0000 483b | b778 1500 | 0075 0d48 | 8387 8015 
  0x0000775f10be54e8: 0000 01e9 | 4a00 0000 | 4883 bf68 | 1500 0000 | 7517 4889 | b768 1500 | 0048 c787 | 7015 0000 
  0x0000775f10be5508: 0100 0000 | e929 0000 | 0048 83bf | 7815 0000 | 0075 1748 | 89b7 7815 | 0000 48c7 | 8780 1500 
  0x0000775f10be5528: 0001 0000 | 00e9 0800 | 0000 4883 | 8758 1500 | 0001 488b | fa48 8b94 | 24f0 0000 | 0048 8bf7 
  0x0000775f10be5548: 4889 bc24 | 2002 0000 | 0f1f 4400 | 0048 b8ff | ffff ffff 

  0x0000775f10be555c: ;   {virtual_call}
  0x0000775f10be555c: ffff ffe8 

  0x0000775f10be5560: ; ImmutableOopMap {[224]=Oop [232]=Oop [240]=Oop [256]=Oop [280]=Oop [312]=Oop [344]=Oop [360]=Oop [368]=Oop [424]=Oop [432]=Oop [448]=Oop [504]=Oop [544]=Oop }
                      ;*invokevirtual execute {reexecute=0 rethrow=0 return_oop=0}
                      ; - org.apache.xalan.templates.ElemApplyTemplates::transformSelectedNodes@775 (line 395)
  0x0000775f10be5560: bcc9 0707 

  0x0000775f10be5564: ;   {other}
  0x0000775f10be5564: 0f1f 8400 | 545c 0029 | 488b 9424 | f000 0000 

  0x0000775f10be5574: ;   {metadata(method data for {method} {0x00006ab1e855b330} 'transformSelectedNodes' '(Lorg/apache/xalan/transformer/TransformerImpl;)V' in 'org/apache/xalan/templates/ElemApplyTemplates')}
  0x0000775f10be5574: 488b f248 | bfd8 9381 | e8b1 6a00 | 0048 8387 | f015 0000 

  0x0000775f10be5588: ;   {metadata(method data for {method} {0x00006ab1e8655cc0} 'popElemTemplateElement' '()V' in 'org/apache/xalan/transformer/TransformerImpl')}
  0x0000775f10be5588: 0148 bec8 | 0981 e8b1 | 6a00 008b | bef4 0000 | 0083 c702 | 89be f400 | 0000 81e7 | feff 1f00 
  0x0000775f10be55a8: 85ff 0f84 | 816d 0000 | 8b72 4c48 | 3b06 488b 

  0x0000775f10be55b8: ;   {metadata(method data for {method} {0x00006ab1e8655cc0} 'popElemTemplateElement' '()V' in 'org/apache/xalan/transformer/TransformerImpl')}
  0x0000775f10be55b8: fe48 bbc8 | 0981 e8b1 | 6a00 0048 | 8383 5001 | 0000 010f 

  0x0000775f10be55cc: ;   {optimized virtual_call}
  0x0000775f10be55cc: 1f40 00e8 

  0x0000775f10be55d0: ; ImmutableOopMap {[224]=Oop [232]=Oop [240]=Oop [256]=Oop [280]=Oop [312]=Oop [344]=Oop [360]=Oop [368]=Oop [424]=Oop [432]=Oop [448]=Oop [504]=Oop [544]=Oop }
                      ;*invokevirtual pop {reexecute=0 rethrow=0 return_oop=0}
                      ; - org.apache.xalan.transformer.TransformerImpl::popElemTemplateElement@4 (line 2632)
                      ; - org.apache.xalan.templates.ElemApplyTemplates::transformSelectedNodes@795 (line 399)
  0x0000775f10be55d0: ecfc 8807 

  0x0000775f10be55d4: ;   {other}
  0x0000775f10be55d4: 0f1f 8400 | c45c 002a 

  0x0000775f10be55dc: ;   {metadata(method data for {method} {0x00006ab1e855b330} 'transformSelectedNodes' '(Lorg/apache/xalan/transformer/TransformerImpl;)V' in 'org/apache/xalan/templates/ElemApplyTemplates')}
  0x0000775f10be55dc: 48ba d893 | 81e8 b16a | 0000 ff82 | a815 0000 | 488b 9424 | 2002 0000 

  0x0000775f10be55f4: ;   {metadata(method data for {method} {0x00006ab1e855b330} 'transformSelectedNodes' '(Lorg/apache/xalan/transformer/TransformerImpl;)V' in 'org/apache/xalan/templates/ElemApplyTemplates')}
  0x0000775f10be55f4: 8b52 4048 | bed8 9381 | e8b1 6a00 | 008b bef8 | 0000 0083 | c702 89be | f800 0000 | 81e7 fe3f 
  0x0000775f10be5614: 0000 85ff | 0f84 396d | 0000 4d8b | 9770 0700 

  0x0000775f10be5624: ; ImmutableOopMap {rdx=Oop [224]=Oop [232]=Oop [240]=Oop [256]=Oop [280]=Oop [312]=Oop [344]=Oop [360]=Oop [368]=Oop [424]=Oop [432]=Oop [448]=Oop [504]=Oop }
                      ;*goto {reexecute=1 rethrow=0 return_oop=0}
                      ; - (reexecute) org.apache.xalan.templates.ElemApplyTemplates::transformSelectedNodes@807 (line 389)
                      ;   {poll}
  0x0000775f10be5624: 0041 8502 

  0x0000775f10be5628: ;   {metadata(method data for {method} {0x00006ab1e855b330} 'transformSelectedNodes' '(Lorg/apache/xalan/transformer/TransformerImpl;)V' in 'org/apache/xalan/templates/ElemApplyTemplates')}
  0x0000775f10be5628: 48be d893 | 81e8 b16a | 0000 ff86 | 5016 0000 | e9db fbff | ff48 8bfb 

  0x0000775f10be5640: ;   {metadata(method data for {method} {0x00006ab1e855b330} 'transformSelectedNodes' '(Lorg/apache/xalan/transformer/TransformerImpl;)V' in 'org/apache/xalan/templates/ElemApplyTemplates')}
  0x0000775f10be5640: 488b f748 | bbd8 9381 | e8b1 6a00 | 0048 8383 | 8016 0000 | 010f be77 | 1583 e601 

  0x0000775f10be565c: ;   {metadata(method data for {method} {0x00006ab1e855b330} 'transformSelectedNodes' '(Lorg/apache/xalan/transformer/TransformerImpl;)V' in 'org/apache/xalan/templates/ElemApplyTemplates')}
  0x0000775f10be565c: 85f6 48be | d893 81e8 | b16a 0000 | 48c7 c3a0 | 1600 0074 | 0748 c7c3 | b016 0000 | 488b 041e 
  0x0000775f10be567c: 488d 4001 | 4889 041e | 4889 9424 | 2002 0000 | 0f84 6a00 | 0000 488b 

  0x0000775f10be5694: ;   {metadata(method data for {method} {0x00006ab1e855b330} 'transformSelectedNodes' '(Lorg/apache/xalan/transformer/TransformerImpl;)V' in 'org/apache/xalan/templates/ElemApplyTemplates')}
  0x0000775f10be5694: f748 bbd8 | 9381 e8b1 

  0x0000775f10be569c: ;   {metadata('org/apache/xalan/transformer/TransformerImpl')}
  0x0000775f10be569c: 6a00 0049 | bac8 0c0c | f4b1 6a00 | 004c 8993 | d016 0000 | 4883 83d8 | 1600 0001 | 8bb7 8400 
  0x0000775f10be56bc: 0000 483b | 0648 8bde 

  0x0000775f10be56c4: ;   {metadata(method data for {method} {0x00006ab1e855b330} 'transformSelectedNodes' '(Lorg/apache/xalan/transformer/TransformerImpl;)V' in 'org/apache/xalan/templates/ElemApplyTemplates')}
  0x0000775f10be56c4: 48b8 d893 | 81e8 b16a 

  0x0000775f10be56cc: ;   {metadata('org/apache/xalan/trace/TraceManager')}
  0x0000775f10be56cc: 0000 49ba | 7884 0ef4 | b16a 0000 | 4c89 9008 | 1700 0048 | 8380 1017 | 0000 0148 | 8b94 24f8 
  0x0000775f10be56ec: ;   {optimized virtual_call}
  0x0000775f10be56ec: 0100 00e8 

  0x0000775f10be56f0: ; ImmutableOopMap {[224]=Oop [232]=Oop [240]=Oop [256]=Oop [280]=Oop [312]=Oop [344]=Oop [360]=Oop [368]=Oop [424]=Oop [432]=Oop [448]=Oop [504]=Oop [544]=Oop }
                      ;*invokevirtual fireTraceEndEvent {reexecute=0 rethrow=0 return_oop=0}
                      ; - org.apache.xalan.templates.ElemApplyTemplates::transformSelectedNodes@823 (line 404)
  0x0000775f10be56f0: 8cf9 0707 

  0x0000775f10be56f4: ;   {other}
  0x0000775f10be56f4: 0f1f 8400 | e45d 002c | 488b b424 | f801 0000 | 8b56 4c85 

  0x0000775f10be5708: ;   {metadata(method data for {method} {0x00006ab1e855b330} 'transformSelectedNodes' '(Lorg/apache/xalan/transformer/TransformerImpl;)V' in 'org/apache/xalan/templates/ElemApplyTemplates')}
  0x0000775f10be5708: d248 bad8 | 9381 e8b1 | 6a00 0048 | c7c7 3017 | 0000 7e07 | 48c7 c740 | 1700 0048 | 8b1c 3a48 
  0x0000775f10be5728: 8d5b 0148 | 891c 3a48 | 89b4 24f8 | 0100 000f | 8e87 0000 | 0048 8b9c | 2400 0100 

  0x0000775f10be5744: ;   {metadata(method data for {method} {0x00006ab1e855b330} 'transformSelectedNodes' '(Lorg/apache/xalan/transformer/TransformerImpl;)V' in 'org/apache/xalan/templates/ElemApplyTemplates')}
  0x0000775f10be5744: 0048 bad8 | 9381 e8b1 

  0x0000775f10be574c: ;   {metadata('org/apache/xpath/VariableStack')}
  0x0000775f10be574c: 6a00 0049 | baa8 de0e | f4b1 6a00 | 004c 8992 | 6017 0000 | 4883 8268 | 1700 0001 | 8b94 2418 
  0x0000775f10be576c: 0200 0048 | 8bb4 2400 

  0x0000775f10be5774: ;   {optimized virtual_call}
  0x0000775f10be5774: 0100 00e8 

  0x0000775f10be5778: ; ImmutableOopMap {[224]=Oop [232]=Oop [240]=Oop [256]=Oop [280]=Oop [312]=Oop [344]=Oop [360]=Oop [368]=Oop [424]=Oop [432]=Oop [448]=Oop [504]=Oop [544]=Oop }
                      ;*invokevirtual unlink {reexecute=0 rethrow=0 return_oop=0}
                      ; - org.apache.xalan.templates.ElemApplyTemplates::transformSelectedNodes@838 (line 423)
  0x0000775f10be5778: 445b 8f07 

  0x0000775f10be577c: ;   {other}
  0x0000775f10be577c: 0f1f 8400 | 6c5e 002d | 488b bc24 | e000 0000 

  0x0000775f10be578c: ;   {metadata(method data for {method} {0x00006ab1e855b330} 'transformSelectedNodes' '(Lorg/apache/xalan/transformer/TransformerImpl;)V' in 'org/apache/xalan/templates/ElemApplyTemplates')}
  0x0000775f10be578c: 48be d893 | 81e8 b16a 

  0x0000775f10be5794: ;   {metadata('org/apache/xpath/XPathContext')}
  0x0000775f10be5794: 0000 49ba | a817 0df4 | b16a 0000 | 4c89 9698 | 1700 0048 | 8386 a017 | 0000 0148 | 8bb4 24e0 
  0x0000775f10be57b4: ;   {optimized virtual_call}
  0x0000775f10be57b4: 0000 00e8 

  0x0000775f10be57b8: ; ImmutableOopMap {[224]=Oop [232]=Oop [240]=Oop [256]=Oop [280]=Oop [312]=Oop [344]=Oop [360]=Oop [368]=Oop [424]=Oop [432]=Oop [448]=Oop [504]=Oop [544]=Oop }
                      ;*invokevirtual popRTFContext {reexecute=0 rethrow=0 return_oop=0}
                      ; - org.apache.xalan.templates.ElemApplyTemplates::transformSelectedNodes@842 (line 424)
  0x0000775f10be57b8: 04ce 0c00 

  0x0000775f10be57bc: ;   {other}
  0x0000775f10be57bc: 0f1f 8400 | ac5e 002e | 488b 9424 | f000 0000 

  0x0000775f10be57cc: ;   {metadata(method data for {method} {0x00006ab1e855b330} 'transformSelectedNodes' '(Lorg/apache/xalan/transformer/TransformerImpl;)V' in 'org/apache/xalan/templates/ElemApplyTemplates')}
  0x0000775f10be57cc: 488b f248 | bfd8 9381 | e8b1 6a00 | 0048 8387 | d817 0000 

  0x0000775f10be57e0: ;   {metadata(method data for {method} {0x00006ab1e8656270} 'popCurrentMatched' '()V' in 'org/apache/xalan/transformer/TransformerImpl')}
  0x0000775f10be57e0: 0148 bec8 | 1281 e8b1 | 6a00 008b | bef4 0000 | 0083 c702 | 89be f400 | 0000 81e7 | feff 1f00 
  0x0000775f10be5800: 85ff 0f84 | 756b 0000 | 8b72 5048 | 3b06 488b 

  0x0000775f10be5810: ;   {metadata(method data for {method} {0x00006ab1e8656270} 'popCurrentMatched' '()V' in 'org/apache/xalan/transformer/TransformerImpl')}
  0x0000775f10be5810: fe48 bbc8 | 1281 e8b1 | 6a00 0048 | 8383 5001 | 0000 010f 

  0x0000775f10be5824: ;   {optimized virtual_call}
  0x0000775f10be5824: 1f40 00e8 

  0x0000775f10be5828: ; ImmutableOopMap {[224]=Oop [232]=Oop [240]=Oop [256]=Oop [280]=Oop [312]=Oop [344]=Oop [360]=Oop [368]=Oop [424]=Oop [432]=Oop [448]=Oop [504]=Oop [544]=Oop }
                      ;*invokevirtual pop {reexecute=0 rethrow=0 return_oop=0}
                      ; - org.apache.xalan.transformer.TransformerImpl::popCurrentMatched@4 (line 2738)
                      ; - org.apache.xalan.templates.ElemApplyTemplates::transformSelectedNodes@846 (line 427)
  0x0000775f10be5828: 1451 8907 

  0x0000775f10be582c: ;   {other}
  0x0000775f10be582c: 0f1f 8400 | 1c5f 002f | 488b 9424 | f000 0000 | 8b72 5448 | 3b06 488b 

  0x0000775f10be5844: ;   {metadata(method data for {method} {0x00006ab1e8656270} 'popCurrentMatched' '()V' in 'org/apache/xalan/transformer/TransformerImpl')}
  0x0000775f10be5844: fe48 bbc8 | 1281 e8b1 | 6a00 0048 | 8383 7001 

  0x0000775f10be5854: ;   {optimized virtual_call}
  0x0000775f10be5854: 0000 01e8 

  0x0000775f10be5858: ; ImmutableOopMap {[224]=Oop [232]=Oop [240]=Oop [256]=Oop [280]=Oop [312]=Oop [344]=Oop [360]=Oop [368]=Oop [424]=Oop [432]=Oop [448]=Oop [504]=Oop [544]=Oop }
                      ;*invokevirtual pop {reexecute=0 rethrow=0 return_oop=0}
                      ; - org.apache.xalan.transformer.TransformerImpl::popCurrentMatched@12 (line 2739)
                      ; - org.apache.xalan.templates.ElemApplyTemplates::transformSelectedNodes@846 (line 427)
  0x0000775f10be5858: e43a 8b07 

  0x0000775f10be585c: ;   {other}
  0x0000775f10be585c: 0f1f 8400 | 4c5f 0030 

  0x0000775f10be5864: ;   {metadata(method data for {method} {0x00006ab1e855b330} 'transformSelectedNodes' '(Lorg/apache/xalan/transformer/TransformerImpl;)V' in 'org/apache/xalan/templates/ElemApplyTemplates')}
  0x0000775f10be5864: 48ba d893 | 81e8 b16a | 0000 8b8a | f800 0000 | 83c1 0289 | 8af8 0000 | 0081 e1fe | 3f00 0085 
  0x0000775f10be5884: c90f 841d | 6b00 004d | 8b97 7007 

  0x0000775f10be5890: ; ImmutableOopMap {[224]=Oop [232]=Oop [240]=Oop [256]=Oop [280]=Oop [312]=Oop [344]=Oop [360]=Oop [368]=Oop [424]=Oop [432]=Oop [448]=Oop [504]=Oop [544]=Oop }
                      ;*goto {reexecute=1 rethrow=0 return_oop=0}
                      ; - (reexecute) org.apache.xalan.templates.ElemApplyTemplates::transformSelectedNodes@849 (line 429)
                      ;   {poll}
  0x0000775f10be5890: 0000 4185 

  0x0000775f10be5894: ;   {metadata(method data for {method} {0x00006ab1e855b330} 'transformSelectedNodes' '(Lorg/apache/xalan/transformer/TransformerImpl;)V' in 'org/apache/xalan/templates/ElemApplyTemplates')}
  0x0000775f10be5894: 0248 bad8 | 9381 e8b1 | 6a00 00ff | 82f8 1700 | 0048 8b8c | 24c0 0100 | 0048 898c | 24b8 0100 
  0x0000775f10be58b4: 0048 8bbc | 2438 0100 | 00e9 6ece | ffff 4885 | c90f 8429 

  0x0000775f10be58c8: ;   {metadata('org/apache/xml/dtm/ref/sax2dtm/SAX2DTM')}
  0x0000775f10be58c8: 0000 0048 | bb48 bf0e | f4b1 6a00 | 008b 7908 | 49ba 0000 | 00f3 b16a | 0000 4903 | fa48 3b5f 
  0x0000775f10be58e8: 500f 85da | 6a00 00e9 | 0000 0000 | 4c8b c14c 

  0x0000775f10be58f8: ;   {metadata(method data for {method} {0x00006ab1e855b330} 'transformSelectedNodes' '(Lorg/apache/xalan/transformer/TransformerImpl;)V' in 'org/apache/xalan/templates/ElemApplyTemplates')}
  0x0000775f10be58f8: 8bc1 48be | d893 81e8 | b16a 0000 | 458b 4008 | 49ba 0000 | 00f3 b16a | 0000 4d03 | c24c 3b86 
  0x0000775f10be5918: e80e 0000 | 750d 4883 | 86f0 0e00 | 0001 e960 | 0000 004c | 3b86 f80e | 0000 750d | 4883 8600 
  0x0000775f10be5938: 0f00 0001 | e94a 0000 | 0048 83be | e80e 0000 | 0075 174c | 8986 e80e | 0000 48c7 | 86f0 0e00 
  0x0000775f10be5958: 0001 0000 | 00e9 2900 | 0000 4883 | bef8 0e00 | 0000 7517 | 4c89 86f8 | 0e00 0048 | c786 000f 
  0x0000775f10be5978: 0000 0100 | 0000 e908 | 0000 0048 | 8386 d80e | 0000 018b | 9424 a401 | 0000 488b | d948 8b8c 
  0x0000775f10be5998: 2470 0100 | 0041 b800 | 0000 0048 | 8bf3 4889 | 9c24 c001 

  0x0000775f10be59ac: ;   {optimized virtual_call}
  0x0000775f10be59ac: 0000 90e8 

  0x0000775f10be59b0: ; ImmutableOopMap {[224]=Oop [232]=Oop [240]=Oop [256]=Oop [280]=Oop [312]=Oop [344]=Oop [360]=Oop [368]=Oop [424]=Oop [432]=Oop [448]=Oop [496]=Oop }
                      ;*invokeinterface dispatchCharactersEvents {reexecute=0 rethrow=0 return_oop=0}
                      ; - org.apache.xalan.templates.ElemApplyTemplates::transformSelectedNodes@517 (line 318)
  0x0000775f10be59b0: ac45 9207 

  0x0000775f10be59b4: ;   {other}
  0x0000775f10be59b4: 0f1f 8400 | a460 0032 | 488b 9424 | f000 0000 

  0x0000775f10be59c4: ;   {metadata(method data for {method} {0x00006ab1e855b330} 'transformSelectedNodes' '(Lorg/apache/xalan/transformer/TransformerImpl;)V' in 'org/apache/xalan/templates/ElemApplyTemplates')}
  0x0000775f10be59c4: 48be d893 | 81e8 b16a | 0000 4883 | 8628 0f00 

  0x0000775f10be59d4: ;   {metadata(method data for {method} {0x00006ab1e8656270} 'popCurrentMatched' '()V' in 'org/apache/xalan/transformer/TransformerImpl')}
  0x0000775f10be59d4: 0001 48be | c812 81e8 | b16a 0000 | 8bbe f400 | 0000 83c7 | 0289 bef4 | 0000 0081 | e7fe ff1f 
  0x0000775f10be59f4: 0085 ff0f | 84d1 6900 | 0048 8b94 | 24f0 0000 | 008b 7250 

  0x0000775f10be5a08: ; implicit exception: dispatches to 0x0000775f10bec3ef
  0x0000775f10be5a08: 483b 0648 

  0x0000775f10be5a0c: ;   {metadata(method data for {method} {0x00006ab1e8656270} 'popCurrentMatched' '()V' in 'org/apache/xalan/transformer/TransformerImpl')}
  0x0000775f10be5a0c: 8bfe 48bb | c812 81e8 | b16a 0000 | 4883 8350 | 0100 0001 | 0f1f 8000 

  0x0000775f10be5a24: ;   {optimized virtual_call}
  0x0000775f10be5a24: 0000 00e8 

  0x0000775f10be5a28: ; ImmutableOopMap {[224]=Oop [232]=Oop [240]=Oop [256]=Oop [280]=Oop [312]=Oop [344]=Oop [360]=Oop [368]=Oop [424]=Oop [432]=Oop [448]=Oop [496]=Oop }
                      ;*invokevirtual pop {reexecute=0 rethrow=0 return_oop=0}
                      ; - org.apache.xalan.transformer.TransformerImpl::popCurrentMatched@4 (line 2738)
                      ; - org.apache.xalan.templates.ElemApplyTemplates::transformSelectedNodes@523 (line 319)
  0x0000775f10be5a28: 144f 8907 

  0x0000775f10be5a2c: ;   {other}
  0x0000775f10be5a2c: 0f1f 8400 | 1c61 0033 | 488b 9424 | f000 0000 | 8b72 5448 | 3b06 488b 

  0x0000775f10be5a44: ;   {metadata(method data for {method} {0x00006ab1e8656270} 'popCurrentMatched' '()V' in 'org/apache/xalan/transformer/TransformerImpl')}
  0x0000775f10be5a44: fe48 bbc8 | 1281 e8b1 | 6a00 0048 | 8383 7001 

  0x0000775f10be5a54: ;   {optimized virtual_call}
  0x0000775f10be5a54: 0000 01e8 

  0x0000775f10be5a58: ; ImmutableOopMap {[224]=Oop [232]=Oop [240]=Oop [256]=Oop [280]=Oop [312]=Oop [344]=Oop [360]=Oop [368]=Oop [424]=Oop [432]=Oop [448]=Oop [496]=Oop }
                      ;*invokevirtual pop {reexecute=0 rethrow=0 return_oop=0}
                      ; - org.apache.xalan.transformer.TransformerImpl::popCurrentMatched@12 (line 2739)
                      ; - org.apache.xalan.templates.ElemApplyTemplates::transformSelectedNodes@523 (line 319)
  0x0000775f10be5a58: e438 8b07 

  0x0000775f10be5a5c: ;   {other}
  0x0000775f10be5a5c: 0f1f 8400 | 4c61 0034 

  0x0000775f10be5a64: ;   {metadata(method data for {method} {0x00006ab1e855b330} 'transformSelectedNodes' '(Lorg/apache/xalan/transformer/TransformerImpl;)V' in 'org/apache/xalan/templates/ElemApplyTemplates')}
  0x0000775f10be5a64: 48ba d893 | 81e8 b16a | 0000 8bb2 | f800 0000 | 83c6 0289 | b2f8 0000 | 0081 e6fe | 3f00 0085 
  0x0000775f10be5a84: f60f 846e | 6900 004d | 8b97 7007 

  0x0000775f10be5a90: ; ImmutableOopMap {[224]=Oop [232]=Oop [240]=Oop [256]=Oop [280]=Oop [312]=Oop [344]=Oop [360]=Oop [368]=Oop [424]=Oop [432]=Oop [448]=Oop [496]=Oop }
                      ;*goto {reexecute=1 rethrow=0 return_oop=0}
                      ; - (reexecute) org.apache.xalan.templates.ElemApplyTemplates::transformSelectedNodes@526 (line 320)
                      ;   {poll}
  0x0000775f10be5a90: 0000 4185 

  0x0000775f10be5a94: ;   {metadata(method data for {method} {0x00006ab1e855b330} 'transformSelectedNodes' '(Lorg/apache/xalan/transformer/TransformerImpl;)V' in 'org/apache/xalan/templates/ElemApplyTemplates')}
  0x0000775f10be5a94: 0248 bad8 | 9381 e8b1 | 6a00 00ff | 8248 0f00 | 0048 8b8c | 24c0 0100 | 0048 898c | 24b8 0100 
  0x0000775f10be5ab4: 0048 8bbc | 2438 0100 | 00e9 6ecc 

  0x0000775f10be5ac0: ;   {metadata(method data for {method} {0x00006ab1e855b330} 'transformSelectedNodes' '(Lorg/apache/xalan/transformer/TransformerImpl;)V' in 'org/apache/xalan/templates/ElemApplyTemplates')}
  0x0000775f10be5ac0: ffff 48ba | d893 81e8 | b16a 0000 | 8bb2 f800 | 0000 83c6 | 0289 b2f8 | 0000 0081 | e6fe 3f00 
  0x0000775f10be5ae0: 0085 f60f | 8431 6900 | 004d 8b97 

  0x0000775f10be5aec: ; ImmutableOopMap {[224]=Oop [232]=Oop [240]=Oop [256]=Oop [280]=Oop [312]=Oop [344]=Oop [360]=Oop [368]=Oop [424]=Oop [432]=Oop [448]=Oop [496]=Oop }
                      ;*goto {reexecute=1 rethrow=0 return_oop=0}
                      ; - (reexecute) org.apache.xalan.templates.ElemApplyTemplates::transformSelectedNodes@539 (line 327)
  0x0000775f10be5aec: 7007 0000 

  0x0000775f10be5af0: ;   {poll}
  0x0000775f10be5af0: 4185 0248 | bad8 9381 | e8b1 6a00 | 00ff 82b0 | 0f00 0048 | 8b8c 24c0 | 0100 0048 | 898c 24b8 
  0x0000775f10be5b10: 0100 0048 | 8bbc 2438 | 0100 00e9 | 10cc ffff | 488b 8c24 | b801 0000 | 488b 9424 | f000 0000 
  0x0000775f10be5b30: ;   {metadata(method data for {method} {0x00006ab1e855b330} 'transformSelectedNodes' '(Lorg/apache/xalan/transformer/TransformerImpl;)V' in 'org/apache/xalan/templates/ElemApplyTemplates')}
  0x0000775f10be5b30: 488b f248 | bfd8 9381 | e8b1 6a00 | 0048 8387 | 2019 0000 | 010f be72 | 1583 e601 

  0x0000775f10be5b4c: ;   {metadata(method data for {method} {0x00006ab1e855b330} 'transformSelectedNodes' '(Lorg/apache/xalan/transformer/TransformerImpl;)V' in 'org/apache/xalan/templates/ElemApplyTemplates')}
  0x0000775f10be5b4c: 85f6 48be | d893 81e8 | b16a 0000 | 48c7 c740 | 1900 0074 | 0748 c7c7 | 5019 0000 | 488b 043e 
  0x0000775f10be5b6c: 488d 4001 | 4889 043e | 4889 8c24 | b801 0000 | 0f84 0a07 | 0000 488b | b424 e800 | 0000 488b 
  0x0000775f10be5b8c: ;   {metadata(method data for {method} {0x00006ab1e855b330} 'transformSelectedNodes' '(Lorg/apache/xalan/transformer/TransformerImpl;)V' in 'org/apache/xalan/templates/ElemApplyTemplates')}
  0x0000775f10be5b8c: fa48 b8d8 | 9381 e8b1 

  0x0000775f10be5b94: ;   {metadata('org/apache/xalan/transformer/TransformerImpl')}
  0x0000775f10be5b94: 6a00 0049 | bac8 0c0c | f4b1 6a00 | 004c 8990 | 7019 0000 | 4883 8078 | 1900 0001 | 8b9a 8400 
  0x0000775f10be5bb4: 0000 4889 | 9c24 4002 | 0000 6690 

  0x0000775f10be5bc0: ;   {no_reloc}
  0x0000775f10be5bc0: e985 6800 | 0000 0000 | 0000 4c8b | ce49 8b87 | b804 0000 | 488d 4818 | 483b c80f | 8273 6800 
  0x0000775f10be5be0: 0049 3b8f | c004 0000 | 0f87 6668 | 0000 4989 | 8fb8 0400 | 0048 8bf8 | 48c1 ef06 | 49ba 0000 
  0x0000775f10be5c00: 406c b26a | 0000 458a | 143a 488b | c848 c1e9 | 0348 83e1 | 0748 c7c7 | 0100 0000 | 48d3 e74c 
  0x0000775f10be5c20: 0bd7 488b | f848 c1ef | 0648 b900 | 0040 6cb2 | 6a00 0044 | 8814 3949 | 8387 2802 | 0000 1849 
  0x0000775f10be5c40: 8387 2802 | 0000 0048 | c700 0100 | 0000 488b | ca49 ba00 | 0000 f3b1 | 6a00 0049 | 2bca 8948 
  0x0000775f10be5c60: 0848 33c9 | 8948 0c48 | 33c9 4889 | 4810 4889 | 8424 3802 | 0000 418b | 7950 488b 

  0x0000775f10be5c7c: ;   {metadata(method data for {method} {0x00006ab1e855b330} 'transformSelectedNodes' '(Lorg/apache/xalan/transformer/TransformerImpl;)V' in 'org/apache/xalan/templates/ElemApplyTemplates')}
  0x0000775f10be5c7c: d048 b9d8 | 9381 e8b1 | 6a00 0048 | 8381 9819 

  0x0000775f10be5c8c: ;   {metadata(method data for {method} {0x00006ab1e865bd78} '<init>' '(Lorg/apache/xpath/Expression;)V' in 'org/apache/xpath/XPath')}
  0x0000775f10be5c8c: 0000 0148 | ba78 2b82 | e8b1 6a00 | 008b 8af4 | 0000 0083 | c102 898a | f400 0000 | 81e1 feff 
  0x0000775f10be5cac: 1f00 85c9 | 0f84 ab67 | 0000 488b 

  0x0000775f10be5cb8: ;   {metadata(method data for {method} {0x00006ab1e865bd78} '<init>' '(Lorg/apache/xpath/Expression;)V' in 'org/apache/xpath/XPath')}
  0x0000775f10be5cb8: d048 b978 | 2b82 e8b1 | 6a00 0048 | 8381 3801 

  0x0000775f10be5cc8: ;   {metadata(method data for {method} {0x00006ab1f34791f0} '<init>' '()V' in 'java/lang/Object')}
  0x0000775f10be5cc8: 0000 0148 | ba20 7100 | e8b1 6a00 | 008b 8af4 | 0000 0083 | c102 898a | f400 0000 | 81e1 feff 
  0x0000775f10be5ce8: 1f00 85c9 | 0f84 9067 | 0000 488b 

  0x0000775f10be5cf4: ;   {metadata(method data for {method} {0x00006ab1e865bd78} '<init>' '(Lorg/apache/xpath/Expression;)V' in 'org/apache/xpath/XPath')}
  0x0000775f10be5cf4: d048 b978 | 2b82 e8b1 

  0x0000775f10be5cfc: ;   {metadata('org/apache/xpath/XPath')}
  0x0000775f10be5cfc: 6a00 0049 | ba88 130c | f4b1 6a00 | 004c 8991 | 5801 0000 | 4883 8160 | 0100 0001 

  0x0000775f10be5d18: ;   {metadata(method data for {method} {0x00006ab1e865b6e0} 'setExpression' '(Lorg/apache/xpath/Expression;)V' in 'org/apache/xpath/XPath')}
  0x0000775f10be5d18: 48ba 2093 | 70e8 b16a | 0000 8b8a | f400 0000 | 83c1 0289 | 8af4 0000 | 0081 e1fe | ff1f 0085 
  0x0000775f10be5d38: c90f 8464 | 6700 008b | 500c 4885 

  0x0000775f10be5d44: ;   {metadata(method data for {method} {0x00006ab1e865b6e0} 'setExpression' '(Lorg/apache/xpath/Expression;)V' in 'org/apache/xpath/XPath')}
  0x0000775f10be5d44: d248 b920 | 9370 e8b1 | 6a00 0048 | c7c6 3801 | 0000 7407 | 48c7 c648 | 0100 004c | 8b2c 314d 
  0x0000775f10be5d64: 8d6d 014c | 892c 310f | 8482 0200 | 0048 3b02 

  0x0000775f10be5d74: ;   {metadata(method data for {method} {0x00006ab1e865b6e0} 'setExpression' '(Lorg/apache/xpath/Expression;)V' in 'org/apache/xpath/XPath')}
  0x0000775f10be5d74: 488b ca48 | be20 9370 | e8b1 6a00 | 008b 4908 | 49ba 0000 | 00f3 b16a | 0000 4903 | ca48 3b8e 
  0x0000775f10be5d94: 6801 0000 | 750d 4883 | 8670 0100 | 0001 e960 | 0000 0048 | 3b8e 7801 | 0000 750d | 4883 8680 
  0x0000775f10be5db4: 0100 0001 | e94a 0000 | 0048 83be | 6801 0000 | 0075 1748 | 898e 6801 | 0000 48c7 | 8670 0100 
  0x0000775f10be5dd4: 0001 0000 | 00e9 2900 | 0000 4883 | be78 0100 | 0000 7517 | 4889 8e78 | 0100 0048 | c786 8001 
  0x0000775f10be5df4: 0000 0100 | 0000 e908 | 0000 0048 | 8386 5801 | 0000 0144 | 8b6a 0c48 | 3b07 488b 

  0x0000775f10be5e10: ;   {metadata(method data for {method} {0x00006ab1e865b6e0} 'setExpression' '(Lorg/apache/xpath/Expression;)V' in 'org/apache/xpath/XPath')}
  0x0000775f10be5e10: d748 b920 | 9370 e8b1 | 6a00 008b | 5208 49ba | 0000 00f3 | b16a 0000 | 4903 d248 | 3b91 a001 
  0x0000775f10be5e30: 0000 750d | 4883 81a8 | 0100 0001 | e960 0000 | 0048 3b91 | b001 0000 | 750d 4883 | 81b8 0100 
  0x0000775f10be5e50: 0001 e94a | 0000 0048 | 83b9 a001 | 0000 0075 | 1748 8991 | a001 0000 | 48c7 81a8 | 0100 0001 
  0x0000775f10be5e70: 0000 00e9 | 2900 0000 | 4883 b9b0 | 0100 0000 | 7517 4889 | 91b0 0100 | 0048 c781 | b801 0000 
  0x0000775f10be5e90: 0100 0000 | e908 0000 | 0048 8381 | 9001 0000 

  0x0000775f10be5ea0: ;   {metadata(method data for {method} {0x00006ab1e84cf1c8} 'exprSetParent' '(Lorg/apache/xpath/ExpressionNode;)V' in 'org/apache/xpath/Expression')}
  0x0000775f10be5ea0: 0148 ba88 | e76f e8b1 | 6a00 008b | 8af4 0000 | 0083 c102 | 898a f400 | 0000 81e1 | feff 1f00 
  0x0000775f10be5ec0: 85c9 0f84 | 0666 0000 

  0x0000775f10be5ec8: ;   {metadata(method data for {method} {0x00006ab1e84cf1c8} 'exprSetParent' '(Lorg/apache/xpath/ExpressionNode;)V' in 'org/apache/xpath/Expression')}
  0x0000775f10be5ec8: 4c3b ef48 | ba88 e76f | e8b1 6a00 | 0048 c7c1 | 3801 0000 | 7407 48c7 | c148 0100 | 0048 8b34 
  0x0000775f10be5ee8: 0a48 8d76 | 0148 8934 | 0a0f 841a 

  0x0000775f10be5ef4: ;   {metadata(method data for {method} {0x00006ab1e84cf1c8} 'exprSetParent' '(Lorg/apache/xpath/ExpressionNode;)V' in 'org/apache/xpath/Expression')}
  0x0000775f10be5ef4: 0000 0048 | ba88 e76f | e8b1 6a00 | 00ff 8258 | 0100 00ba | 0100 0000 | e905 0000 | 00ba 0000 
  0x0000775f10be5f14: 0000 4c89 | ac24 2802 | 0000 4c8b 

  0x0000775f10be5f20: ;   {metadata(method data for {method} {0x00006ab1e84cf1c8} 'exprSetParent' '(Lorg/apache/xpath/ExpressionNode;)V' in 'org/apache/xpath/Expression')}
  0x0000775f10be5f20: cf49 bb88 | e76f e8b1 | 6a00 0045 | 8b49 0849 | ba00 0000 | f3b1 6a00 | 004d 03ca | 4d3b 8b80 
  0x0000775f10be5f40: 0100 0075 | 0d49 8383 | 8801 0000 | 01e9 6000 | 0000 4d3b | 8b90 0100 | 0075 0d49 | 8383 9801 
  0x0000775f10be5f60: 0000 01e9 | 4a00 0000 | 4983 bb80 | 0100 0000 | 7517 4d89 | 8b80 0100 | 0049 c783 | 8801 0000 
  0x0000775f10be5f80: 0100 0000 | e929 0000 | 0049 83bb | 9001 0000 | 0075 174d | 898b 9001 | 0000 49c7 | 8398 0100 
  0x0000775f10be5fa0: 0001 0000 | 00e9 0800 | 0000 4983 | 8370 0100 

  0x0000775f10be5fb0: ;   {oop("Can not parent an expression to itself!"{0x0000000040f2e3b0})}
  0x0000775f10be5fb0: 0001 48b9 | b0e3 f240 | 0000 0000 | 488b f748 | 89bc 2430 

  0x0000775f10be5fc4: ;   {optimized virtual_call}
  0x0000775f10be5fc4: 0200 00e8 

  0x0000775f10be5fc8: ; ImmutableOopMap {[224]=Oop [232]=Oop [240]=Oop [256]=Oop [280]=Oop [312]=Oop [344]=Oop [360]=Oop [368]=Oop [424]=Oop [432]=Oop [440]=Oop [552]=Oop [560]=Oop [568]=Oop [576]=Oop }
                      ;*invokevirtual assertion {reexecute=0 rethrow=0 return_oop=0}
                      ; - org.apache.xpath.Expression::exprSetParent@13 (line 476)
                      ; - org.apache.xpath.XPath::setExpression@16 (line 100)
                      ; - org.apache.xpath.XPath::<init>@11 (line 278)
                      ; - org.apache.xalan.templates.ElemApplyTemplates::transformSelectedNodes@917 (line 438)
  0x0000775f10be5fc8: b4f0 0707 

  0x0000775f10be5fcc: ;   {other}
  0x0000775f10be5fcc: 0f1f 8400 | bc66 0037 | 4c8b ac24 | 2802 0000 | 488b bc24 | 3002 0000 | 4d8b d544 | 8957 0c48 
  0x0000775f10be5fec: 8b84 2438 | 0200 004c | 8bd7 4489 | 500c 488b 

  0x0000775f10be5ffc: ;   {metadata(method data for {method} {0x00006ab1e865bd78} '<init>' '(Lorg/apache/xpath/Expression;)V' in 'org/apache/xpath/XPath')}
  0x0000775f10be5ffc: d048 be78 | 2b82 e8b1 | 6a00 0048 | 8386 8001 

  0x0000775f10be600c: ;   {metadata(method data for {method} {0x00006ab1e865b4a0} 'initFunctionTable' '()V' in 'org/apache/xpath/XPath')}
  0x0000775f10be600c: 0000 0148 | bad8 3e82 | e8b1 6a00 | 008b b2f4 | 0000 0083 | c602 89b2 | f400 0000 | 81e6 feff 
  0x0000775f10be602c: 1f00 85f6 | 0f84 b964 

  0x0000775f10be6034: ;   {metadata('org/apache/xpath/compiler/FunctionTable')}
  0x0000775f10be6034: 0000 48ba | 58d2 01f4 | b16a 0000 | 498b 87b8 | 0400 0048 | 8d48 1848 | 3bc8 0f82 | bc64 0000 
  0x0000775f10be6054: 493b 8fc0 | 0400 000f | 87af 6400 | 0049 898f | b804 0000 | 488b f848 | c1ef 0649 | ba00 0040 
  0x0000775f10be6074: 6cb2 6a00 | 0045 8a14 | 3a48 8bc8 | 48c1 e903 | 4883 e107 | 48c7 c701 | 0000 0048 | d3e7 4c0b 
  0x0000775f10be6094: d748 8bf8 | 48c1 ef06 | 48b9 0000 | 406c b26a | 0000 4488 | 1439 4983 | 8728 0200 | 0018 4983 
  0x0000775f10be60b4: 8728 0200 | 0000 48c7 | 0001 0000 | 0048 8bca | 49ba 0000 | 00f3 b16a | 0000 492b | ca89 4808 
  0x0000775f10be60d4: 4833 c989 | 480c 4833 | c948 8948 | 1048 8bf0 

  0x0000775f10be60e4: ;   {metadata(method data for {method} {0x00006ab1e865b4a0} 'initFunctionTable' '()V' in 'org/apache/xpath/XPath')}
  0x0000775f10be60e4: 48bf d83e | 82e8 b16a | 0000 4883 | 8738 0100 | 0001 488b | f048 8984 | 2448 0200 | 0066 0f1f 
  0x0000775f10be6104: ;   {optimized virtual_call}
  0x0000775f10be6104: 4400 00e8 

  0x0000775f10be6108: ; ImmutableOopMap {[224]=Oop [232]=Oop [240]=Oop [256]=Oop [280]=Oop [312]=Oop [344]=Oop [360]=Oop [368]=Oop [424]=Oop [432]=Oop [440]=Oop [568]=Oop [576]=Oop [584]=Oop }
                      ;*invokespecial <init> {reexecute=0 rethrow=0 return_oop=0}
                      ; - org.apache.xpath.XPath::initFunctionTable@5 (line 62)
                      ; - org.apache.xpath.XPath::<init>@15 (line 279)
                      ; - org.apache.xalan.templates.ElemApplyTemplates::transformSelectedNodes@917 (line 438)
  0x0000775f10be6108: 74ef 0707 

  0x0000775f10be610c: ;   {other}
  0x0000775f10be610c: 0f1f 8400 | fc67 0038 | 488b 9424 | 4802 0000 | 488b 8424 | 3802 0000 | 4c8b d244 | 8950 100f 
  0x0000775f10be612c: 1f44 0000 

  0x0000775f10be6130: ;   {no_reloc}
  0x0000775f10be6130: e9f7 6300 | 0000 0000 | 0000 498b | 87b8 0400 | 0048 8d48 | 2848 3bc8 | 0f82 e863 | 0000 493b 
  0x0000775f10be6150: 8fc0 0400 | 000f 87db | 6300 0049 | 898f b804 | 0000 488b | f848 c1ef | 0649 ba00 | 0040 6cb2 
  0x0000775f10be6170: 6a00 0045 | 8a14 3a48 | 8bc8 48c1 | e903 4883 | e107 48c7 | c701 0000 | 0048 d3e7 | 4c0b d748 
  0x0000775f10be6190: 8bf8 48c1 | ef06 48b9 | 0000 406c | b26a 0000 | 4488 1439 | 4983 8728 | 0200 0028 | 4983 8728 
  0x0000775f10be61b0: 0200 0000 | 48c7 0001 | 0000 0048 | 8bca 49ba | 0000 00f3 | b16a 0000 | 492b ca89 | 4808 4833 
  0x0000775f10be61d0: c989 480c | 4833 c948 | 8948 1048 | 8948 1848 | 8948 2048 

  0x0000775f10be61e4: ;   {metadata(method data for {method} {0x00006ab1e855b330} 'transformSelectedNodes' '(Lorg/apache/xalan/transformer/TransformerImpl;)V' in 'org/apache/xalan/templates/ElemApplyTemplates')}
  0x0000775f10be61e4: 8bd0 48be | d893 81e8 | b16a 0000 | 4883 86a8 | 1900 0001 | 488b 9424 | 3801 0000 | 488b f048 
  0x0000775f10be6204: 8984 2450 | 0200 000f 

  0x0000775f10be620c: ;   {optimized virtual_call}
  0x0000775f10be620c: 1f40 00e8 

  0x0000775f10be6210: ; ImmutableOopMap {[224]=Oop [232]=Oop [240]=Oop [256]=Oop [280]=Oop [312]=Oop [344]=Oop [360]=Oop [368]=Oop [424]=Oop [432]=Oop [440]=Oop [568]=Oop [576]=Oop [592]=Oop }
                      ;*invokespecial <init> {reexecute=0 rethrow=0 return_oop=0}
                      ; - org.apache.xalan.templates.ElemApplyTemplates::transformSelectedNodes@926 (line 438)
  0x0000775f10be6210: 6cee 0707 

  0x0000775f10be6214: ;   {other}
  0x0000775f10be6214: 0f1f 8400 | 0469 0039 | 488b 9c24 | 4002 0000 

  0x0000775f10be6224: ; implicit exception: dispatches to 0x0000775f10bec543
  0x0000775f10be6224: 483b 0348 

  0x0000775f10be6228: ;   {metadata(method data for {method} {0x00006ab1e855b330} 'transformSelectedNodes' '(Lorg/apache/xalan/transformer/TransformerImpl;)V' in 'org/apache/xalan/templates/ElemApplyTemplates')}
  0x0000775f10be6228: 8bd3 48b9 | d893 81e8 | b16a 0000 

  0x0000775f10be6234: ;   {metadata('org/apache/xalan/trace/TraceManager')}
  0x0000775f10be6234: 49ba 7884 | 0ef4 b16a | 0000 4c89 | 91c8 1900 | 0048 8381 | d019 0000 

  0x0000775f10be624c: ;   {oop("select"{0x0000000040ab07b8})}
  0x0000775f10be624c: 0149 b8b8 | 07ab 4000 | 0000 008b | 9424 f800 | 0000 488b | 8c24 e800 | 0000 4c8b | 8c24 3802 
  0x0000775f10be626c: 0000 488b | bc24 5002 | 0000 488b | f366 0f1f 

  0x0000775f10be627c: ;   {optimized virtual_call}
  0x0000775f10be627c: 4400 00e8 

  0x0000775f10be6280: ; ImmutableOopMap {[224]=Oop [232]=Oop [240]=Oop [256]=Oop [280]=Oop [312]=Oop [344]=Oop [360]=Oop [368]=Oop [424]=Oop [432]=Oop [440]=Oop }
                      ;*invokevirtual fireSelectedEndEvent {reexecute=0 rethrow=0 return_oop=0}
                      ; - org.apache.xalan.templates.ElemApplyTemplates::transformSelectedNodes@929 (line 438)
  0x0000775f10be6280: fced 0707 

  0x0000775f10be6284: ;   {other}
  0x0000775f10be6284: 0f1f 8400 | 7469 003a | 8b8c 24fc | 0000 0085 

  0x0000775f10be6294: ;   {metadata(method data for {method} {0x00006ab1e855b330} 'transformSelectedNodes' '(Lorg/apache/xalan/transformer/TransformerImpl;)V' in 'org/apache/xalan/templates/ElemApplyTemplates')}
  0x0000775f10be6294: c948 bad8 | 9381 e8b1 | 6a00 0048 | c7c6 f019 | 0000 7e07 | 48c7 c600 | 1a00 0048 | 8b3c 3248 
  0x0000775f10be62b4: 8d7f 0148 | 893c 3289 | 8c24 fc00 | 0000 0f8e | 4c00 0000 | 488b 9c24 | 0001 0000 

  0x0000775f10be62d0: ;   {metadata(method data for {method} {0x00006ab1e855b330} 'transformSelectedNodes' '(Lorg/apache/xalan/transformer/TransformerImpl;)V' in 'org/apache/xalan/templates/ElemApplyTemplates')}
  0x0000775f10be62d0: 48ba d893 | 81e8 b16a 

  0x0000775f10be62d8: ;   {metadata('org/apache/xpath/VariableStack')}
  0x0000775f10be62d8: 0000 49ba | a8de 0ef4 | b16a 0000 | 4c89 9220 | 1a00 0048 | 8382 281a | 0000 018b | 9424 1001 
  0x0000775f10be62f8: 0000 488b | b424 0001 | 0000 0f1f 

  0x0000775f10be6304: ;   {optimized virtual_call}
  0x0000775f10be6304: 4400 00e8 

  0x0000775f10be6308: ; ImmutableOopMap {[224]=Oop [232]=Oop [240]=Oop [256]=Oop [280]=Oop [312]=Oop [344]=Oop [360]=Oop [368]=Oop [424]=Oop [432]=Oop [440]=Oop }
                      ;*invokevirtual unlink {reexecute=0 rethrow=0 return_oop=0}
                      ; - org.apache.xalan.templates.ElemApplyTemplates::transformSelectedNodes@941 (line 444)
  0x0000775f10be6308: 74ed 0707 

  0x0000775f10be630c: ;   {other}
  0x0000775f10be630c: 0f1f 8400 | fc69 003b | 488b bc24 | e000 0000 

  0x0000775f10be631c: ;   {metadata(method data for {method} {0x00006ab1e855b330} 'transformSelectedNodes' '(Lorg/apache/xalan/transformer/TransformerImpl;)V' in 'org/apache/xalan/templates/ElemApplyTemplates')}
  0x0000775f10be631c: 488b f748 | bbd8 9381 | e8b1 6a00 | 0048 8383 | 601a 0000 

  0x0000775f10be6330: ;   {metadata(method data for {method} {0x00006ab1e86aa268} 'popSAXLocator' '()V' in 'org/apache/xpath/XPathContext')}
  0x0000775f10be6330: 0148 be58 | 0281 e8b1 | 6a00 008b | 9ef4 0000 | 0083 c302 | 899e f400 | 0000 81e3 | feff 1f00 
  0x0000775f10be6350: 85db 0f84 | f061 0000 | 8b77 2c48 | 3b06 488b 

  0x0000775f10be6360: ;   {metadata(method data for {method} {0x00006ab1e86aa268} 'popSAXLocator' '()V' in 'org/apache/xpath/XPathContext')}
  0x0000775f10be6360: de48 b858 | 0281 e8b1 | 6a00 0048 | 8380 5001 | 0000 010f 

  0x0000775f10be6374: ;   {optimized virtual_call}
  0x0000775f10be6374: 1f40 00e8 

  0x0000775f10be6378: ; ImmutableOopMap {[224]=Oop [232]=Oop [240]=Oop [256]=Oop [280]=Oop [312]=Oop [344]=Oop [360]=Oop [368]=Oop [424]=Oop [432]=Oop [440]=Oop }
                      ;*invokevirtual pop {reexecute=0 rethrow=0 return_oop=0}
                      ; - org.apache.xpath.XPathContext::popSAXLocator@4 (line 434)
                      ; - org.apache.xalan.templates.ElemApplyTemplates::transformSelectedNodes@945 (line 445)
  0x0000775f10be6378: 44ef 8807 

  0x0000775f10be637c: ;   {other}
  0x0000775f10be637c: 0f1f 8400 | 6c6a 003c 

  0x0000775f10be6384: ;   {metadata(method data for {method} {0x00006ab1e855b330} 'transformSelectedNodes' '(Lorg/apache/xalan/transformer/TransformerImpl;)V' in 'org/apache/xalan/templates/ElemApplyTemplates')}
  0x0000775f10be6384: 48b8 d893 | 81e8 b16a | 0000 ff80 | 901a 0000 | 488b bc24 | e000 0000 

  0x0000775f10be639c: ;   {metadata(method data for {method} {0x00006ab1e855b330} 'transformSelectedNodes' '(Lorg/apache/xalan/transformer/TransformerImpl;)V' in 'org/apache/xalan/templates/ElemApplyTemplates')}
  0x0000775f10be639c: 488b c748 | bad8 9381 | e8b1 6a00 | 0048 8382 | a01a 0000 

  0x0000775f10be63b0: ;   {metadata(method data for {method} {0x00006ab1e86aafd0} 'popContextNodeList' '()V' in 'org/apache/xpath/XPathContext')}
  0x0000775f10be63b0: 0148 b848 | f481 e8b1 | 6a00 008b | 90f4 0000 | 0083 c202 | 8990 f400 | 0000 81e2 | feff 1f00 
  0x0000775f10be63d0: 85d2 0f84 | 9661 0000 | 8b57 5048 | 3b02 488b 

  0x0000775f10be63e0: ;   {metadata(method data for {method} {0x00006ab1e86aafd0} 'popContextNodeList' '()V' in 'org/apache/xpath/XPathContext')}
  0x0000775f10be63e0: c248 be48 | f481 e8b1 | 6a00 008b | 4008 49ba | 0000 00f3 | b16a 0000 | 4903 c248 | 3b86 4801 
  0x0000775f10be6400: 0000 750d | 4883 8650 | 0100 0001 | e960 0000 | 0048 3b86 | 5801 0000 | 750d 4883 | 8660 0100 
  0x0000775f10be6420: 0001 e94a | 0000 0048 | 83be 4801 | 0000 0075 | 1748 8986 | 4801 0000 | 48c7 8650 | 0100 0001 
  0x0000775f10be6440: 0000 00e9 | 2900 0000 | 4883 be58 | 0100 0000 | 7517 4889 | 8658 0100 | 0048 c786 | 6001 0000 
  0x0000775f10be6460: 0100 0000 | e908 0000 | 0048 8386 | 3801 0000 | 0148 8db4 | 24d8 0300 | 0048 8956 | 0848 8b02 
  0x0000775f10be6480: 4883 c801 | 4889 06f0 | 480f b132 | 0f84 1200 | 0000 482b | c448 2507 | f0ff ff48 | 8906 0f85 
  0x0000775f10be64a0: f060 0000 | 49ff 8768 

  0x0000775f10be64a8: ;   {metadata(method data for {method} {0x00006ab1e80ff0b0} 'isEmpty' '()Z' in 'java/util/Vector')}
  0x0000775f10be64a8: 0800 0048 | b8b8 001f | e8b1 6a00 | 008b b0f4 | 0000 0083 | c602 89b0 | f400 0000 | 81e6 feff 
  0x0000775f10be64c8: 1f00 85f6 | 0f84 d560 | 0000 8b42 

  0x0000775f10be64d4: ;   {metadata(method data for {method} {0x00006ab1e80ff0b0} 'isEmpty' '()Z' in 'java/util/Vector')}
  0x0000775f10be64d4: 1085 c048 | b8b8 001f | e8b1 6a00 | 0048 c7c2 | 3801 0000 | 7507 48c7 | c248 0100 | 0048 8b34 
  0x0000775f10be64f4: 1048 8d76 | 0148 8934 | 100f 851a 

  0x0000775f10be6500: ;   {metadata(method data for {method} {0x00006ab1e80ff0b0} 'isEmpty' '()Z' in 'java/util/Vector')}
  0x0000775f10be6500: 0000 0048 | b8b8 001f | e8b1 6a00 | 00ff 8058 | 0100 00b8 | 0100 0000 | e905 0000 | 00b8 0000 
  0x0000775f10be6520: 0000 488b | d083 e201 | 488d 8424 | d803 0000 | 488b 3048 | 85f6 0f84 | 0f00 0000 | 488b 5808 
  0x0000775f10be6540: f048 0fb1 | 330f 857d | 6000 0049 | ff8f 6808 | 0000 85d2 

  0x0000775f10be6554: ;   {metadata(method data for {method} {0x00006ab1e86aafd0} 'popContextNodeList' '()V' in 'org/apache/xpath/XPathContext')}
  0x0000775f10be6554: 48ba 48f4 | 81e8 b16a | 0000 48c7 | c670 0100 | 0074 0748 | c7c6 8001 | 0000 488b | 1c32 488d 
  0x0000775f10be6574: 5b01 4889 | 1c32 0f84 | d100 0000 

  0x0000775f10be6580: ;   {oop(a 'java/lang/Class'{0x0000000040001608} = 'java/lang/System')}
  0x0000775f10be6580: 48ba 0816 | 0040 0000 | 0000 8b72 | 7848 3b06 

  0x0000775f10be6590: ;   {metadata(method data for {method} {0x00006ab1e86aafd0} 'popContextNodeList' '()V' in 'org/apache/xpath/XPathContext')}
  0x0000775f10be6590: 488b d648 | bb48 f481 | e8b1 6a00 | 008b 5208 | 49ba 0000 | 00f3 b16a | 0000 4903 | d248 3b93 
  0x0000775f10be65b0: a001 0000 | 750d 4883 | 83a8 0100 | 0001 e960 | 0000 0048 | 3b93 b001 | 0000 750d | 4883 83b8 
  0x0000775f10be65d0: 0100 0001 | e94a 0000 | 0048 83bb | a001 0000 | 0075 1748 | 8993 a001 | 0000 48c7 | 83a8 0100 
  0x0000775f10be65f0: 0001 0000 | 00e9 2900 | 0000 4883 | bbb0 0100 | 0000 7517 | 4889 93b0 | 0100 0048 | c783 b801 
  0x0000775f10be6610: 0000 0100 | 0000 e908 | 0000 0048 | 8383 9001 

  0x0000775f10be6620: ;   {oop("Warning: popContextNodeList when stack is empty!"{0x00000000400cd7b8})}
  0x0000775f10be6620: 0000 0148 | bab8 d70c | 4000 0000 

  0x0000775f10be662c: ;   {optimized virtual_call}
  0x0000775f10be662c: 0066 90e8 

  0x0000775f10be6630: ; ImmutableOopMap {[224]=Oop [232]=Oop [240]=Oop [256]=Oop [280]=Oop [312]=Oop [344]=Oop [360]=Oop [368]=Oop [424]=Oop [432]=Oop [440]=Oop }
                      ;*invokevirtual println {reexecute=0 rethrow=0 return_oop=0}
                      ; - org.apache.xpath.XPathContext::popContextNodeList@15 (line 707)
                      ; - org.apache.xalan.templates.ElemApplyTemplates::transformSelectedNodes@954 (line 446)
  0x0000775f10be6630: 4cea 0707 

  0x0000775f10be6634: ;   {other}
  0x0000775f10be6634: 0f1f 8400 | 246d 003d 

  0x0000775f10be663c: ;   {metadata(method data for {method} {0x00006ab1e86aafd0} 'popContextNodeList' '()V' in 'org/apache/xpath/XPathContext')}
  0x0000775f10be663c: 48be 48f4 | 81e8 b16a | 0000 ff86 | c801 0000 | e92b 0000 | 008b 7750 

  0x0000775f10be6654: ; implicit exception: dispatches to 0x0000775f10bec5e3
  0x0000775f10be6654: 483b 0648 

  0x0000775f10be6658: ;   {metadata(method data for {method} {0x00006ab1e86aafd0} 'popContextNodeList' '()V' in 'org/apache/xpath/XPathContext')}
  0x0000775f10be6658: 8bde 48b8 | 48f4 81e8 | b16a 0000 | 4883 80f8 | 0100 0001 

  0x0000775f10be666c: ;   {optimized virtual_call}
  0x0000775f10be666c: 6666 90e8 

  0x0000775f10be6670: ; ImmutableOopMap {[224]=Oop [232]=Oop [240]=Oop [256]=Oop [280]=Oop [312]=Oop [344]=Oop [360]=Oop [368]=Oop [424]=Oop [432]=Oop [440]=Oop }
                      ;*invokevirtual pop {reexecute=0 rethrow=0 return_oop=0}
                      ; - org.apache.xpath.XPathContext::popContextNodeList@25 (line 709)
                      ; - org.apache.xalan.templates.ElemApplyTemplates::transformSelectedNodes@954 (line 446)
  0x0000775f10be6670: cc42 8907 

  0x0000775f10be6674: ;   {other}
  0x0000775f10be6674: 0f1f 8400 | 646d 003e | 488b 9424 | f000 0000 

  0x0000775f10be6684: ;   {metadata(method data for {method} {0x00006ab1e855b330} 'transformSelectedNodes' '(Lorg/apache/xalan/transformer/TransformerImpl;)V' in 'org/apache/xalan/templates/ElemApplyTemplates')}
  0x0000775f10be6684: 488b f248 | bbd8 9381 | e8b1 6a00 | 0048 8383 | f01a 0000 

  0x0000775f10be6698: ;   {metadata(method data for {method} {0x00006ab1e8655cc0} 'popElemTemplateElement' '()V' in 'org/apache/xalan/transformer/TransformerImpl')}
  0x0000775f10be6698: 0148 bec8 | 0981 e8b1 | 6a00 008b | 9ef4 0000 | 0083 c302 | 899e f400 | 0000 81e3 | feff 1f00 
  0x0000775f10be66b8: 85db 0f84 | 285f 0000 | 8b72 4c48 | 3b06 488b 

  0x0000775f10be66c8: ;   {metadata(method data for {method} {0x00006ab1e8655cc0} 'popElemTemplateElement' '()V' in 'org/apache/xalan/transformer/TransformerImpl')}
  0x0000775f10be66c8: de48 b8c8 | 0981 e8b1 | 6a00 0048 | 8380 5001 | 0000 010f 

  0x0000775f10be66dc: ;   {optimized virtual_call}
  0x0000775f10be66dc: 1f40 00e8 

  0x0000775f10be66e0: ; ImmutableOopMap {[224]=Oop [232]=Oop [240]=Oop [256]=Oop [280]=Oop [312]=Oop [344]=Oop [360]=Oop [368]=Oop [424]=Oop [432]=Oop [440]=Oop }
                      ;*invokevirtual pop {reexecute=0 rethrow=0 return_oop=0}
                      ; - org.apache.xalan.transformer.TransformerImpl::popElemTemplateElement@4 (line 2632)
                      ; - org.apache.xalan.templates.ElemApplyTemplates::transformSelectedNodes@958 (line 447)
  0x0000775f10be66e0: dceb 8807 

  0x0000775f10be66e4: ;   {other}
  0x0000775f10be66e4: 0f1f 8400 | d46d 003f | 488b bc24 | e000 0000 

  0x0000775f10be66f4: ;   {metadata(method data for {method} {0x00006ab1e855b330} 'transformSelectedNodes' '(Lorg/apache/xalan/transformer/TransformerImpl;)V' in 'org/apache/xalan/templates/ElemApplyTemplates')}
  0x0000775f10be66f4: 48be d893 | 81e8 b16a | 0000 4883 | 8610 1b00 

  0x0000775f10be6704: ;   {metadata(method data for {method} {0x00006ab1e86ac060} 'popCurrentExpressionNode' '()V' in 'org/apache/xpath/XPathContext')}
  0x0000775f10be6704: 0001 48be | f82f 81e8 | b16a 0000 | 8bbe f400 | 0000 83c7 | 0289 bef4 | 0000 0081 | e7fe ff1f 
  0x0000775f10be6724: 0085 ff0f | 84e1 5e00 | 0048 8bbc | 24e0 0000 | 008b 7760 

  0x0000775f10be6738: ; implicit exception: dispatches to 0x0000775f10bec62f
  0x0000775f10be6738: 483b 0648 

  0x0000775f10be673c: ;   {metadata(method data for {method} {0x00006ab1e86ac060} 'popCurrentExpressionNode' '()V' in 'org/apache/xpath/XPathContext')}
  0x0000775f10be673c: 8bde 48b8 | f82f 81e8 | b16a 0000 | 4883 8038 | 0100 0001 

  0x0000775f10be6750: ;   {metadata(method data for {method} {0x00006ab1e8648728} 'quickPop' '(I)V' in 'org/apache/xml/utils/IntStack')}
  0x0000775f10be6750: 48bb 9012 | 7ee8 b16a | 0000 8b83 | f400 0000 | 83c0 0289 | 83f4 0000 | 0025 feff | 1f00 85c0 
  0x0000775f10be6770: 0f84 be5e | 0000 8b5e | 10ff cb89 | 5e10 488b 

  0x0000775f10be6780: ;   {metadata(method data for {method} {0x00006ab1e855b330} 'transformSelectedNodes' '(Lorg/apache/xalan/transformer/TransformerImpl;)V' in 'org/apache/xalan/templates/ElemApplyTemplates')}
  0x0000775f10be6780: f748 bbd8 | 9381 e8b1 | 6a00 0048 | 8383 481b 

  0x0000775f10be6790: ;   {metadata(method data for {method} {0x00006ab1e86ab680} 'popCurrentNode' '()V' in 'org/apache/xpath/XPathContext')}
  0x0000775f10be6790: 0000 0148 | be10 5280 | e8b1 6a00 | 008b 9ef4 | 0000 0083 | c302 899e | f400 0000 | 81e3 feff 
  0x0000775f10be67b0: 1f00 85db | 0f84 9b5e | 0000 8b77 | 5448 3b06 

  0x0000775f10be67c0: ;   {metadata(method data for {method} {0x00006ab1e86ab680} 'popCurrentNode' '()V' in 'org/apache/xpath/XPathContext')}
  0x0000775f10be67c0: 488b de48 | b810 5280 | e8b1 6a00 | 0048 8380 | 3801 0000 

  0x0000775f10be67d4: ;   {metadata(method data for {method} {0x00006ab1e8648728} 'quickPop' '(I)V' in 'org/apache/xml/utils/IntStack')}
  0x0000775f10be67d4: 0148 bb90 | 127e e8b1 | 6a00 008b | 83f4 0000 | 0083 c002 | 8983 f400 | 0000 25fe | ff1f 0085 
  0x0000775f10be67f4: c00f 8480 | 5e00 008b | 5e10 ffcb | 895e 1048 | 8b84 2438 

  0x0000775f10be6808: ;   {metadata(method data for {method} {0x00006ab1e855b330} 'transformSelectedNodes' '(Lorg/apache/xalan/transformer/TransformerImpl;)V' in 'org/apache/xalan/templates/ElemApplyTemplates')}
  0x0000775f10be6808: 0100 0048 | bed8 9381 | e8b1 6a00 | 008b 4008 | 49ba 0000 | 00f3 b16a | 0000 4903 | c248 3b86 
  0x0000775f10be6828: 901b 0000 | 750d 4883 | 8698 1b00 | 0001 e960 | 0000 0048 | 3b86 a01b | 0000 750d | 4883 86a8 
  0x0000775f10be6848: 1b00 0001 | e94a 0000 | 0048 83be | 901b 0000 | 0075 1748 | 8986 901b | 0000 48c7 | 8698 1b00 
  0x0000775f10be6868: 0001 0000 | 00e9 2900 | 0000 4883 | bea0 1b00 | 0000 7517 | 4889 86a0 | 1b00 0048 | c786 a81b 
  0x0000775f10be6888: 0000 0100 | 0000 e908 | 0000 0048 | 8386 801b | 0000 0148 | 8bb4 2438 | 0100 0066 | 9048 b808 
  0x0000775f10be68a8: f501 f4b1 

  0x0000775f10be68ac: ;   {virtual_call}
  0x0000775f10be68ac: 6a00 00e8 

  0x0000775f10be68b0: ; ImmutableOopMap {[224]=Oop [232]=Oop [240]=Oop [256]=Oop [280]=Oop [312]=Oop [344]=Oop [360]=Oop [368]=Oop [424]=Oop [432]=Oop [440]=Oop }
                      ;*invokeinterface detach {reexecute=0 rethrow=0 return_oop=0}
                      ; - org.apache.xalan.templates.ElemApplyTemplates::transformSelectedNodes@971 (line 450)
  0x0000775f10be68b0: 2ce0 9307 

  0x0000775f10be68b4: ;   {other}
  0x0000775f10be68b4: 0f1f 8400 | a46f 0040 | e96e 1000 | 0048 8b94 | 24f0 0000 | 0049 8b87 | 1808 0000 | 4d33 d24d 
  0x0000775f10be68d4: 8997 1808 | 0000 4d33 | d24d 8997 | 2008 0000 | 488b d848 

  0x0000775f10be68e8: ;   {metadata(method data for {method} {0x00006ab1e855b330} 'transformSelectedNodes' '(Lorg/apache/xalan/transformer/TransformerImpl;)V' in 'org/apache/xalan/templates/ElemApplyTemplates')}
  0x0000775f10be68e8: 8bf2 48bf | d893 81e8 | b16a 0000 

  0x0000775f10be68f4: ;   {metadata('org/apache/xalan/transformer/TransformerImpl')}
  0x0000775f10be68f4: 49ba c80c | 0cf4 b16a | 0000 4c89 | 9750 1800 | 0048 8387 | 5818 0000 | 0144 8b82 | 8000 0000 
  0x0000775f10be6914: ;   {metadata('javax/xml/transform/TransformerException')}
  0x0000775f10be6914: 48ba 9030 | 01f4 b16a | 0000 498b | 87b8 0400 | 0048 8d48 | 3048 3bc8 | 0f82 6a5d | 0000 493b 
  0x0000775f10be6934: 8fc0 0400 | 000f 875d | 5d00 0049 | 898f b804 | 0000 488b | f848 c1ef | 0649 ba00 | 0040 6cb2 
  0x0000775f10be6954: 6a00 0045 | 8a14 3a48 | 8bc8 48c1 | e903 4883 | e107 48c7 | c701 0000 | 0048 d3e7 | 4c0b d748 
  0x0000775f10be6974: 8bf8 48c1 | ef06 48b9 | 0000 406c | b26a 0000 | 4488 1439 | 4983 8728 | 0200 0030 | 4983 8728 
  0x0000775f10be6994: 0200 0000 | 48c7 0001 | 0000 0048 | 8bca 49ba | 0000 00f3 | b16a 0000 | 492b ca89 | 4808 4833 
  0x0000775f10be69b4: c989 480c | 4833 c948 | 8948 1048 | 8948 1848 | 8948 2048 | 8948 2848 

  0x0000775f10be69cc: ;   {metadata(method data for {method} {0x00006ab1e855b330} 'transformSelectedNodes' '(Lorg/apache/xalan/transformer/TransformerImpl;)V' in 'org/apache/xalan/templates/ElemApplyTemplates')}
  0x0000775f10be69cc: 8bd0 48be | d893 81e8 | b16a 0000 | 4883 8678 | 1800 0001 | 488b d348 | 8bf0 4889 | 8424 6002 
  0x0000775f10be69ec: 0000 4c89 | 8424 5802 

  0x0000775f10be69f4: ;   {optimized virtual_call}
  0x0000775f10be69f4: 0000 90e8 

  0x0000775f10be69f8: ; ImmutableOopMap {[224]=Oop [232]=Oop [240]=Oop [256]=Oop [280]=Oop [312]=Oop [344]=Oop [360]=Oop [368]=Oop [424]=Oop [432]=Oop [448]=Oop [504]=Oop [544]=Oop [600]=Oop [608]=Oop }
                      ;*invokespecial <init> {reexecute=0 rethrow=0 return_oop=0}
                      ; - org.apache.xalan.templates.ElemApplyTemplates::transformSelectedNodes@870 (line 433)
  0x0000775f10be69f8: 84e6 0707 

  0x0000775f10be69fc: ;   {other}
  0x0000775f10be69fc: 0f1f 8400 | ec70 0041 | 4c8b 8424 | 5802 0000 

  0x0000775f10be6a0c: ; implicit exception: dispatches to 0x0000775f10bec6a9
  0x0000775f10be6a0c: 493b 0049 

  0x0000775f10be6a10: ;   {metadata(method data for {method} {0x00006ab1e855b330} 'transformSelectedNodes' '(Lorg/apache/xalan/transformer/TransformerImpl;)V' in 'org/apache/xalan/templates/ElemApplyTemplates')}
  0x0000775f10be6a10: 8bd0 48be | d893 81e8 | b16a 0000 | 8b52 0849 | ba00 0000 | f3b1 6a00 | 0049 03d2 | 483b 9698 
  0x0000775f10be6a30: 1800 0075 | 0d48 8386 | a018 0000 | 01e9 6000 | 0000 483b | 96a8 1800 | 0075 0d48 | 8386 b018 
  0x0000775f10be6a50: 0000 01e9 | 4a00 0000 | 4883 be98 | 1800 0000 | 7517 4889 | 9698 1800 | 0048 c786 | a018 0000 
  0x0000775f10be6a70: 0100 0000 | e929 0000 | 0048 83be | a818 0000 | 0075 1748 | 8996 a818 | 0000 48c7 | 86b0 1800 
  0x0000775f10be6a90: 0001 0000 | 00e9 0800 | 0000 4883 | 8688 1800 | 0001 488b | 9424 6002 | 0000 498b | f048 b8ff 
  0x0000775f10be6ab0: ffff ffff 

  0x0000775f10be6ab4: ;   {virtual_call}
  0x0000775f10be6ab4: ffff ffe8 

  0x0000775f10be6ab8: ; ImmutableOopMap {[224]=Oop [232]=Oop [240]=Oop [256]=Oop [280]=Oop [312]=Oop [344]=Oop [360]=Oop [368]=Oop [424]=Oop [432]=Oop [448]=Oop [504]=Oop [544]=Oop }
                      ;*invokeinterface fatalError {reexecute=0 rethrow=0 return_oop=0}
                      ; - org.apache.xalan.templates.ElemApplyTemplates::transformSelectedNodes@873 (line 433)
  0x0000775f10be6ab8: c4e8 0707 

  0x0000775f10be6abc: ;   {other}
  0x0000775f10be6abc: 0f1f 8400 | ac71 0042 | 488b 9424 | f000 0000 

  0x0000775f10be6acc: ;   {metadata(method data for {method} {0x00006ab1e855b330} 'transformSelectedNodes' '(Lorg/apache/xalan/transformer/TransformerImpl;)V' in 'org/apache/xalan/templates/ElemApplyTemplates')}
  0x0000775f10be6acc: 488b f248 | bfd8 9381 | e8b1 6a00 | 0048 8387 | 2019 0000 | 010f be72 | 1583 e601 

  0x0000775f10be6ae8: ;   {metadata(method data for {method} {0x00006ab1e855b330} 'transformSelectedNodes' '(Lorg/apache/xalan/transformer/TransformerImpl;)V' in 'org/apache/xalan/templates/ElemApplyTemplates')}
  0x0000775f10be6ae8: 85f6 48be | d893 81e8 | b16a 0000 | 48c7 c740 | 1900 0074 | 0748 c7c7 | 5019 0000 | 488b 043e 
  0x0000775f10be6b08: 488d 4001 | 4889 043e | 0f84 4604 | 0000 488b | b424 e800 | 0000 488b 

  0x0000775f10be6b20: ;   {metadata(method data for {method} {0x00006ab1e855b330} 'transformSelectedNodes' '(Lorg/apache/xalan/transformer/TransformerImpl;)V' in 'org/apache/xalan/templates/ElemApplyTemplates')}
  0x0000775f10be6b20: fa48 b8d8 | 9381 e8b1 

  0x0000775f10be6b28: ;   {metadata('org/apache/xalan/transformer/TransformerImpl')}
  0x0000775f10be6b28: 6a00 0049 | bac8 0c0c | f4b1 6a00 | 004c 8990 | 7019 0000 | 4883 8078 | 1900 0001 | 8b9a 8400 
  0x0000775f10be6b48: 0000 660f | 1f44 0000 

  0x0000775f10be6b50: ;   {no_reloc}
  0x0000775f10be6b50: e968 5b00 | 0000 0000 | 0000 4c8b | ce49 8b87 | b804 0000 | 488d 4818 | 483b c80f | 8256 5b00 
  0x0000775f10be6b70: 0049 3b8f | c004 0000 | 0f87 495b | 0000 4989 | 8fb8 0400 | 0048 8bf8 | 48c1 ef06 | 49ba 0000 
  0x0000775f10be6b90: 406c b26a | 0000 458a | 143a 488b | c848 c1e9 | 0348 83e1 | 0748 c7c7 | 0100 0000 | 48d3 e74c 
  0x0000775f10be6bb0: 0bd7 488b | f848 c1ef | 0648 b900 | 0040 6cb2 | 6a00 0044 | 8814 3949 | 8387 2802 | 0000 1849 
  0x0000775f10be6bd0: 8387 2802 | 0000 0048 | c700 0100 | 0000 488b | ca49 ba00 | 0000 f3b1 | 6a00 0049 | 2bca 8948 
  0x0000775f10be6bf0: 0848 33c9 | 8948 0c48 | 33c9 4889 | 4810 4889 | 8424 6802 | 0000 418b | 5150 488b 

  0x0000775f10be6c0c: ;   {metadata(method data for {method} {0x00006ab1e855b330} 'transformSelectedNodes' '(Lorg/apache/xalan/transformer/TransformerImpl;)V' in 'org/apache/xalan/templates/ElemApplyTemplates')}
  0x0000775f10be6c0c: f048 bfd8 | 9381 e8b1 | 6a00 0048 | 8387 9819 

  0x0000775f10be6c1c: ;   {metadata(method data for {method} {0x00006ab1e865bd78} '<init>' '(Lorg/apache/xpath/Expression;)V' in 'org/apache/xpath/XPath')}
  0x0000775f10be6c1c: 0000 0148 | be78 2b82 | e8b1 6a00 | 008b bef4 | 0000 0083 | c702 89be | f400 0000 | 81e7 feff 
  0x0000775f10be6c3c: 1f00 85ff | 0f84 8e5a | 0000 488b 

  0x0000775f10be6c48: ;   {metadata(method data for {method} {0x00006ab1e865bd78} '<init>' '(Lorg/apache/xpath/Expression;)V' in 'org/apache/xpath/XPath')}
  0x0000775f10be6c48: f048 bf78 | 2b82 e8b1 | 6a00 0048 | 8387 3801 

  0x0000775f10be6c58: ;   {metadata(method data for {method} {0x00006ab1f34791f0} '<init>' '()V' in 'java/lang/Object')}
  0x0000775f10be6c58: 0000 0148 | be20 7100 | e8b1 6a00 | 008b bef4 | 0000 0083 | c702 89be | f400 0000 | 81e7 feff 
  0x0000775f10be6c78: 1f00 85ff | 0f84 735a | 0000 488b 

  0x0000775f10be6c84: ;   {metadata(method data for {method} {0x00006ab1e865bd78} '<init>' '(Lorg/apache/xpath/Expression;)V' in 'org/apache/xpath/XPath')}
  0x0000775f10be6c84: f048 bf78 | 2b82 e8b1 

  0x0000775f10be6c8c: ;   {metadata('org/apache/xpath/XPath')}
  0x0000775f10be6c8c: 6a00 0049 | ba88 130c | f4b1 6a00 | 004c 8997 | 5801 0000 | 4883 8760 | 0100 0001 | 488b f048 
  0x0000775f10be6cac: 899c 2470 | 0200 000f 

  0x0000775f10be6cb4: ;   {optimized virtual_call}
  0x0000775f10be6cb4: 1f40 00e8 

  0x0000775f10be6cb8: ; ImmutableOopMap {[224]=Oop [232]=Oop [240]=Oop [256]=Oop [280]=Oop [312]=Oop [344]=Oop [360]=Oop [368]=Oop [424]=Oop [432]=Oop [448]=Oop [504]=Oop [544]=Oop [616]=Oop [624]=Oop }
                      ;*invokevirtual setExpression {reexecute=0 rethrow=0 return_oop=0}
                      ; - org.apache.xpath.XPath::<init>@11 (line 278)
                      ; - org.apache.xalan.templates.ElemApplyTemplates::transformSelectedNodes@917 (line 438)
  0x0000775f10be6cb8: c4e3 0707 

  0x0000775f10be6cbc: ;   {other}
  0x0000775f10be6cbc: 0f1f 8400 | ac73 0043 | 488b 8424 | 6802 0000 

  0x0000775f10be6ccc: ;   {metadata(method data for {method} {0x00006ab1e865bd78} '<init>' '(Lorg/apache/xpath/Expression;)V' in 'org/apache/xpath/XPath')}
  0x0000775f10be6ccc: 48ba 782b | 82e8 b16a | 0000 4883 | 8280 0100 

  0x0000775f10be6cdc: ;   {metadata(method data for {method} {0x00006ab1e865b4a0} 'initFunctionTable' '()V' in 'org/apache/xpath/XPath')}
  0x0000775f10be6cdc: 0001 48ba | d83e 82e8 | b16a 0000 | 8bb2 f400 | 0000 83c6 | 0289 b2f4 | 0000 0081 | e6fe ff1f 
  0x0000775f10be6cfc: 0085 f60f | 8411 5a00 

  0x0000775f10be6d04: ;   {metadata('org/apache/xpath/compiler/FunctionTable')}
  0x0000775f10be6d04: 0048 ba58 | d201 f4b1 | 6a00 0049 | 8b87 b804 | 0000 488d | 4818 483b | c80f 8214 | 5a00 0049 
  0x0000775f10be6d24: 3b8f c004 | 0000 0f87 | 075a 0000 | 4989 8fb8 | 0400 0048 | 8bf8 48c1 | ef06 49ba | 0000 406c 
  0x0000775f10be6d44: b26a 0000 | 458a 143a | 488b c848 | c1e9 0348 | 83e1 0748 | c7c7 0100 | 0000 48d3 | e74c 0bd7 
  0x0000775f10be6d64: 488b f848 | c1ef 0648 | b900 0040 | 6cb2 6a00 | 0044 8814 | 3949 8387 | 2802 0000 | 1849 8387 
  0x0000775f10be6d84: 2802 0000 | 0048 c700 | 0100 0000 | 488b ca49 | ba00 0000 | f3b1 6a00 | 0049 2bca | 8948 0848 
  0x0000775f10be6da4: 33c9 8948 | 0c48 33c9 | 4889 4810 

  0x0000775f10be6db0: ;   {metadata(method data for {method} {0x00006ab1e865b4a0} 'initFunctionTable' '()V' in 'org/apache/xpath/XPath')}
  0x0000775f10be6db0: 488b f048 | bfd8 3e82 | e8b1 6a00 | 0048 8387 | 3801 0000 | 0148 8bf0 | 4889 8424 | 7802 0000 
  0x0000775f10be6dd0: 0f1f 8000 

  0x0000775f10be6dd4: ;   {optimized virtual_call}
  0x0000775f10be6dd4: 0000 00e8 

  0x0000775f10be6dd8: ; ImmutableOopMap {[224]=Oop [232]=Oop [240]=Oop [256]=Oop [280]=Oop [312]=Oop [344]=Oop [360]=Oop [368]=Oop [424]=Oop [432]=Oop [448]=Oop [504]=Oop [544]=Oop [616]=Oop [624]=Oop [632]=Oop }
                      ;*invokespecial <init> {reexecute=0 rethrow=0 return_oop=0}
                      ; - org.apache.xpath.XPath::initFunctionTable@5 (line 62)
                      ; - org.apache.xpath.XPath::<init>@15 (line 279)
                      ; - org.apache.xalan.templates.ElemApplyTemplates::transformSelectedNodes@917 (line 438)
  0x0000775f10be6dd8: a4e2 0707 

  0x0000775f10be6ddc: ;   {other}
  0x0000775f10be6ddc: 0f1f 8400 | cc74 0044 | 488b 9c24 | 6802 0000 | 488b 8424 | 7802 0000 | 4c8b d044 | 8953 100f 
  0x0000775f10be6dfc: 1f44 0000 

  0x0000775f10be6e00: ;   {no_reloc}
  0x0000775f10be6e00: e94e 5900 | 0000 0000 | 0000 498b | 87b8 0400 | 0048 8d48 | 2848 3bc8 | 0f82 3f59 | 0000 493b 
  0x0000775f10be6e20: 8fc0 0400 | 000f 8732 | 5900 0049 | 898f b804 | 0000 488b | f848 c1ef | 0649 ba00 | 0040 6cb2 
  0x0000775f10be6e40: 6a00 0045 | 8a14 3a48 | 8bc8 48c1 | e903 4883 | e107 48c7 | c701 0000 | 0048 d3e7 | 4c0b d748 
  0x0000775f10be6e60: 8bf8 48c1 | ef06 48b9 | 0000 406c | b26a 0000 | 4488 1439 | 4983 8728 | 0200 0028 | 4983 8728 
  0x0000775f10be6e80: 0200 0000 | 48c7 0001 | 0000 0048 | 8bca 49ba | 0000 00f3 | b16a 0000 | 492b ca89 | 4808 4833 
  0x0000775f10be6ea0: c989 480c | 4833 c948 | 8948 1048 | 8948 1848 | 8948 2048 

  0x0000775f10be6eb4: ;   {metadata(method data for {method} {0x00006ab1e855b330} 'transformSelectedNodes' '(Lorg/apache/xalan/transformer/TransformerImpl;)V' in 'org/apache/xalan/templates/ElemApplyTemplates')}
  0x0000775f10be6eb4: 8bd0 48be | d893 81e8 | b16a 0000 | 4883 86a8 | 1900 0001 | 488b 9424 | 3801 0000 | 488b f048 
  0x0000775f10be6ed4: 8984 2480 | 0200 000f 

  0x0000775f10be6edc: ;   {optimized virtual_call}
  0x0000775f10be6edc: 1f40 00e8 

  0x0000775f10be6ee0: ; ImmutableOopMap {[224]=Oop [232]=Oop [240]=Oop [256]=Oop [280]=Oop [312]=Oop [344]=Oop [360]=Oop [368]=Oop [424]=Oop [432]=Oop [448]=Oop [504]=Oop [544]=Oop [616]=Oop [624]=Oop [640]=Oop }
                      ;*invokespecial <init> {reexecute=0 rethrow=0 return_oop=0}
                      ; - org.apache.xalan.templates.ElemApplyTemplates::transformSelectedNodes@926 (line 438)
  0x0000775f10be6ee0: 9ce1 0707 

  0x0000775f10be6ee4: ;   {other}
  0x0000775f10be6ee4: 0f1f 8400 | d475 0045 | 488b 9c24 | 7002 0000 

  0x0000775f10be6ef4: ; implicit exception: dispatches to 0x0000775f10bec76a
  0x0000775f10be6ef4: 483b 0348 

  0x0000775f10be6ef8: ;   {metadata(method data for {method} {0x00006ab1e855b330} 'transformSelectedNodes' '(Lorg/apache/xalan/transformer/TransformerImpl;)V' in 'org/apache/xalan/templates/ElemApplyTemplates')}
  0x0000775f10be6ef8: 8bd3 48b9 | d893 81e8 | b16a 0000 

  0x0000775f10be6f04: ;   {metadata('org/apache/xalan/trace/TraceManager')}
  0x0000775f10be6f04: 49ba 7884 | 0ef4 b16a | 0000 4c89 | 91c8 1900 | 0048 8381 | d019 0000 | 018b 9424 | f800 0000 
  0x0000775f10be6f24: 488b 8c24 | e800 0000 

  0x0000775f10be6f2c: ;   {oop("select"{0x0000000040ab07b8})}
  0x0000775f10be6f2c: 49b8 b807 | ab40 0000 | 0000 4c8b | 8c24 6802 | 0000 488b | bc24 8002 | 0000 488b | f366 0f1f 
  0x0000775f10be6f4c: ;   {optimized virtual_call}
  0x0000775f10be6f4c: 4400 00e8 

  0x0000775f10be6f50: ; ImmutableOopMap {[224]=Oop [232]=Oop [240]=Oop [256]=Oop [280]=Oop [312]=Oop [344]=Oop [360]=Oop [368]=Oop [424]=Oop [432]=Oop [448]=Oop [504]=Oop [544]=Oop }
                      ;*invokevirtual fireSelectedEndEvent {reexecute=0 rethrow=0 return_oop=0}
                      ; - org.apache.xalan.templates.ElemApplyTemplates::transformSelectedNodes@929 (line 438)
  0x0000775f10be6f50: 2ce1 0707 

  0x0000775f10be6f54: ;   {other}
  0x0000775f10be6f54: 0f1f 8400 | 4476 0046 | 8b8c 24fc | 0000 0085 

  0x0000775f10be6f64: ;   {metadata(method data for {method} {0x00006ab1e855b330} 'transformSelectedNodes' '(Lorg/apache/xalan/transformer/TransformerImpl;)V' in 'org/apache/xalan/templates/ElemApplyTemplates')}
  0x0000775f10be6f64: c948 bad8 | 9381 e8b1 | 6a00 0048 | c7c6 f019 | 0000 7e07 | 48c7 c600 | 1a00 0048 | 8b3c 3248 
  0x0000775f10be6f84: 8d7f 0148 | 893c 3289 | 8c24 fc00 | 0000 0f8e | 4c00 0000 | 488b 9c24 | 0001 0000 

  0x0000775f10be6fa0: ;   {metadata(method data for {method} {0x00006ab1e855b330} 'transformSelectedNodes' '(Lorg/apache/xalan/transformer/TransformerImpl;)V' in 'org/apache/xalan/templates/ElemApplyTemplates')}
  0x0000775f10be6fa0: 48ba d893 | 81e8 b16a 

  0x0000775f10be6fa8: ;   {metadata('org/apache/xpath/VariableStack')}
  0x0000775f10be6fa8: 0000 49ba | a8de 0ef4 | b16a 0000 | 4c89 9220 | 1a00 0048 | 8382 281a | 0000 018b | 9424 1001 
  0x0000775f10be6fc8: 0000 488b | b424 0001 | 0000 0f1f 

  0x0000775f10be6fd4: ;   {optimized virtual_call}
  0x0000775f10be6fd4: 4400 00e8 

  0x0000775f10be6fd8: ; ImmutableOopMap {[224]=Oop [232]=Oop [240]=Oop [256]=Oop [280]=Oop [312]=Oop [344]=Oop [360]=Oop [368]=Oop [424]=Oop [432]=Oop [448]=Oop [504]=Oop [544]=Oop }
                      ;*invokevirtual unlink {reexecute=0 rethrow=0 return_oop=0}
                      ; - org.apache.xalan.templates.ElemApplyTemplates::transformSelectedNodes@941 (line 444)
  0x0000775f10be6fd8: a4e0 0707 

  0x0000775f10be6fdc: ;   {other}
  0x0000775f10be6fdc: 0f1f 8400 | cc76 0047 | 488b bc24 | e000 0000 

  0x0000775f10be6fec: ;   {metadata(method data for {method} {0x00006ab1e855b330} 'transformSelectedNodes' '(Lorg/apache/xalan/transformer/TransformerImpl;)V' in 'org/apache/xalan/templates/ElemApplyTemplates')}
  0x0000775f10be6fec: 488b f748 | bbd8 9381 | e8b1 6a00 | 0048 8383 | 601a 0000 

  0x0000775f10be7000: ;   {metadata(method data for {method} {0x00006ab1e86aa268} 'popSAXLocator' '()V' in 'org/apache/xpath/XPathContext')}
  0x0000775f10be7000: 0148 be58 | 0281 e8b1 | 6a00 008b | 9ef4 0000 | 0083 c302 | 899e f400 | 0000 81e3 | feff 1f00 
  0x0000775f10be7020: 85db 0f84 | 4757 0000 | 8b77 2c48 | 3b06 488b 

  0x0000775f10be7030: ;   {metadata(method data for {method} {0x00006ab1e86aa268} 'popSAXLocator' '()V' in 'org/apache/xpath/XPathContext')}
  0x0000775f10be7030: de48 b858 | 0281 e8b1 | 6a00 0048 | 8380 5001 | 0000 010f 

  0x0000775f10be7044: ;   {optimized virtual_call}
  0x0000775f10be7044: 1f40 00e8 

  0x0000775f10be7048: ; ImmutableOopMap {[224]=Oop [232]=Oop [240]=Oop [256]=Oop [280]=Oop [312]=Oop [344]=Oop [360]=Oop [368]=Oop [424]=Oop [432]=Oop [448]=Oop [504]=Oop [544]=Oop }
                      ;*invokevirtual pop {reexecute=0 rethrow=0 return_oop=0}
                      ; - org.apache.xpath.XPathContext::popSAXLocator@4 (line 434)
                      ; - org.apache.xalan.templates.ElemApplyTemplates::transformSelectedNodes@945 (line 445)
  0x0000775f10be7048: 34e0 0707 

  0x0000775f10be704c: ;   {other}
  0x0000775f10be704c: 0f1f 8400 | 3c77 0048 

  0x0000775f10be7054: ;   {metadata(method data for {method} {0x00006ab1e855b330} 'transformSelectedNodes' '(Lorg/apache/xalan/transformer/TransformerImpl;)V' in 'org/apache/xalan/templates/ElemApplyTemplates')}
  0x0000775f10be7054: 48be d893 | 81e8 b16a | 0000 ff86 | 901a 0000 | 488b bc24 | e000 0000 

  0x0000775f10be706c: ;   {metadata(method data for {method} {0x00006ab1e855b330} 'transformSelectedNodes' '(Lorg/apache/xalan/transformer/TransformerImpl;)V' in 'org/apache/xalan/templates/ElemApplyTemplates')}
  0x0000775f10be706c: 48be d893 | 81e8 b16a | 0000 4883 | 86a0 1a00 | 0001 488b | b424 e000 

  0x0000775f10be7084: ;   {optimized virtual_call}
  0x0000775f10be7084: 0000 90e8 

  0x0000775f10be7088: ; ImmutableOopMap {[224]=Oop [232]=Oop [240]=Oop [256]=Oop [280]=Oop [312]=Oop [344]=Oop [360]=Oop [368]=Oop [424]=Oop [432]=Oop [448]=Oop [504]=Oop [544]=Oop }
                      ;*invokevirtual popContextNodeList {reexecute=0 rethrow=0 return_oop=0}
                      ; - org.apache.xalan.templates.ElemApplyTemplates::transformSelectedNodes@954 (line 446)
  0x0000775f10be7088: f4df 0707 

  0x0000775f10be708c: ;   {other}
  0x0000775f10be708c: 0f1f 8400 | 7c77 0049 | 488b 9424 | f000 0000 

  0x0000775f10be709c: ;   {metadata(method data for {method} {0x00006ab1e855b330} 'transformSelectedNodes' '(Lorg/apache/xalan/transformer/TransformerImpl;)V' in 'org/apache/xalan/templates/ElemApplyTemplates')}
  0x0000775f10be709c: 488b f248 | bbd8 9381 | e8b1 6a00 | 0048 8383 | f01a 0000 

  0x0000775f10be70b0: ;   {metadata(method data for {method} {0x00006ab1e8655cc0} 'popElemTemplateElement' '()V' in 'org/apache/xalan/transformer/TransformerImpl')}
  0x0000775f10be70b0: 0148 bec8 | 0981 e8b1 | 6a00 008b | 9ef4 0000 | 0083 c302 | 899e f400 | 0000 81e3 | feff 1f00 
  0x0000775f10be70d0: 85db 0f84 | bd56 0000 | 8b72 4c48 | 3b06 488b 

  0x0000775f10be70e0: ;   {metadata(method data for {method} {0x00006ab1e8655cc0} 'popElemTemplateElement' '()V' in 'org/apache/xalan/transformer/TransformerImpl')}
  0x0000775f10be70e0: de48 b8c8 | 0981 e8b1 | 6a00 0048 | 8380 5001 | 0000 010f 

  0x0000775f10be70f4: ;   {optimized virtual_call}
  0x0000775f10be70f4: 1f40 00e8 

  0x0000775f10be70f8: ; ImmutableOopMap {[224]=Oop [232]=Oop [240]=Oop [256]=Oop [280]=Oop [312]=Oop [344]=Oop [360]=Oop [368]=Oop [424]=Oop [432]=Oop [448]=Oop [504]=Oop [544]=Oop }
                      ;*invokevirtual pop {reexecute=0 rethrow=0 return_oop=0}
                      ; - org.apache.xalan.transformer.TransformerImpl::popElemTemplateElement@4 (line 2632)
                      ; - org.apache.xalan.templates.ElemApplyTemplates::transformSelectedNodes@958 (line 447)
  0x0000775f10be70f8: 84df 0707 

  0x0000775f10be70fc: ;   {other}
  0x0000775f10be70fc: 0f1f 8400 | ec77 004a | 488b bc24 | e000 0000 

  0x0000775f10be710c: ;   {metadata(method data for {method} {0x00006ab1e855b330} 'transformSelectedNodes' '(Lorg/apache/xalan/transformer/TransformerImpl;)V' in 'org/apache/xalan/templates/ElemApplyTemplates')}
  0x0000775f10be710c: 48be d893 | 81e8 b16a | 0000 4883 | 8610 1b00 

  0x0000775f10be711c: ;   {metadata(method data for {method} {0x00006ab1e86ac060} 'popCurrentExpressionNode' '()V' in 'org/apache/xpath/XPathContext')}
  0x0000775f10be711c: 0001 48be | f82f 81e8 | b16a 0000 | 8bbe f400 | 0000 83c7 | 0289 bef4 | 0000 0081 | e7fe ff1f 
  0x0000775f10be713c: 0085 ff0f | 8476 5600 | 0048 8bbc | 24e0 0000 | 008b 7760 

  0x0000775f10be7150: ; implicit exception: dispatches to 0x0000775f10bec7dc
  0x0000775f10be7150: 483b 0648 

  0x0000775f10be7154: ;   {metadata(method data for {method} {0x00006ab1e86ac060} 'popCurrentExpressionNode' '()V' in 'org/apache/xpath/XPathContext')}
  0x0000775f10be7154: 8bde 48b8 | f82f 81e8 | b16a 0000 | 4883 8038 | 0100 0001 

  0x0000775f10be7168: ;   {metadata(method data for {method} {0x00006ab1e8648728} 'quickPop' '(I)V' in 'org/apache/xml/utils/IntStack')}
  0x0000775f10be7168: 48bb 9012 | 7ee8 b16a | 0000 8b83 | f400 0000 | 83c0 0289 | 83f4 0000 | 0025 feff | 1f00 85c0 
  0x0000775f10be7188: 0f84 5356 | 0000 8b5e | 10ff cb89 | 5e10 488b 

  0x0000775f10be7198: ;   {metadata(method data for {method} {0x00006ab1e855b330} 'transformSelectedNodes' '(Lorg/apache/xalan/transformer/TransformerImpl;)V' in 'org/apache/xalan/templates/ElemApplyTemplates')}
  0x0000775f10be7198: f748 bbd8 | 9381 e8b1 | 6a00 0048 | 8383 481b 

  0x0000775f10be71a8: ;   {metadata(method data for {method} {0x00006ab1e86ab680} 'popCurrentNode' '()V' in 'org/apache/xpath/XPathContext')}
  0x0000775f10be71a8: 0000 0148 | be10 5280 | e8b1 6a00 | 008b 9ef4 | 0000 0083 | c302 899e | f400 0000 | 81e3 feff 
  0x0000775f10be71c8: 1f00 85db | 0f84 3056 | 0000 8b77 | 5448 3b06 

  0x0000775f10be71d8: ;   {metadata(method data for {method} {0x00006ab1e86ab680} 'popCurrentNode' '()V' in 'org/apache/xpath/XPathContext')}
  0x0000775f10be71d8: 488b de48 | b810 5280 | e8b1 6a00 | 0048 8380 | 3801 0000 

  0x0000775f10be71ec: ;   {metadata(method data for {method} {0x00006ab1e8648728} 'quickPop' '(I)V' in 'org/apache/xml/utils/IntStack')}
  0x0000775f10be71ec: 0148 bb90 | 127e e8b1 | 6a00 008b | 83f4 0000 | 0083 c002 | 8983 f400 | 0000 25fe | ff1f 0085 
  0x0000775f10be720c: c00f 8415 | 5600 008b | 5e10 ffcb | 895e 1048 | 8b84 2438 

  0x0000775f10be7220: ;   {metadata(method data for {method} {0x00006ab1e855b330} 'transformSelectedNodes' '(Lorg/apache/xalan/transformer/TransformerImpl;)V' in 'org/apache/xalan/templates/ElemApplyTemplates')}
  0x0000775f10be7220: 0100 0048 | bed8 9381 | e8b1 6a00 | 008b 4008 | 49ba 0000 | 00f3 b16a | 0000 4903 | c248 3b86 
  0x0000775f10be7240: 901b 0000 | 750d 4883 | 8698 1b00 | 0001 e960 | 0000 0048 | 3b86 a01b | 0000 750d | 4883 86a8 
  0x0000775f10be7260: 1b00 0001 | e94a 0000 | 0048 83be | 901b 0000 | 0075 1748 | 8986 901b | 0000 48c7 | 8698 1b00 
  0x0000775f10be7280: 0001 0000 | 00e9 2900 | 0000 4883 | bea0 1b00 | 0000 7517 | 4889 86a0 | 1b00 0048 | c786 a81b 
  0x0000775f10be72a0: 0000 0100 | 0000 e908 | 0000 0048 | 8386 801b | 0000 0148 | 8bb4 2438 | 0100 0066 | 9048 b8ff 
  0x0000775f10be72c0: ffff ffff 

  0x0000775f10be72c4: ;   {virtual_call}
  0x0000775f10be72c4: ffff ffe8 

  0x0000775f10be72c8: ; ImmutableOopMap {[224]=Oop [232]=Oop [240]=Oop [256]=Oop [280]=Oop [312]=Oop [344]=Oop [360]=Oop [368]=Oop [424]=Oop [432]=Oop [448]=Oop [504]=Oop [544]=Oop }
                      ;*invokeinterface detach {reexecute=0 rethrow=0 return_oop=0}
                      ; - org.apache.xalan.templates.ElemApplyTemplates::transformSelectedNodes@971 (line 450)
  0x0000775f10be72c8: b4e0 0707 

  0x0000775f10be72cc: ;   {other}
  0x0000775f10be72cc: 0f1f 8400 | bc79 004b | e930 0600 | 0049 8b87 | 1808 0000 | 4d33 d24d | 8997 1808 | 0000 4d33 
  0x0000775f10be72ec: d24d 8997 | 2008 0000 | 488b 9424 | f000 0000 

  0x0000775f10be72fc: ;   {metadata(method data for {method} {0x00006ab1e855b330} 'transformSelectedNodes' '(Lorg/apache/xalan/transformer/TransformerImpl;)V' in 'org/apache/xalan/templates/ElemApplyTemplates')}
  0x0000775f10be72fc: 488b f248 | bfd8 9381 | e8b1 6a00 | 0048 8387 | 2019 0000 | 010f be72 | 1583 e601 

  0x0000775f10be7318: ;   {metadata(method data for {method} {0x00006ab1e855b330} 'transformSelectedNodes' '(Lorg/apache/xalan/transformer/TransformerImpl;)V' in 'org/apache/xalan/templates/ElemApplyTemplates')}
  0x0000775f10be7318: 85f6 48be | d893 81e8 | b16a 0000 | 48c7 c740 | 1900 0074 | 0748 c7c7 | 5019 0000 | 488b 0c3e 
  0x0000775f10be7338: 488d 4901 | 4889 0c3e | 4889 8424 | 9802 0000 | 0f84 4604 | 0000 488b | b424 e800 | 0000 488b 
  0x0000775f10be7358: ;   {metadata(method data for {method} {0x00006ab1e855b330} 'transformSelectedNodes' '(Lorg/apache/xalan/transformer/TransformerImpl;)V' in 'org/apache/xalan/templates/ElemApplyTemplates')}
  0x0000775f10be7358: fa48 b9d8 | 9381 e8b1 

  0x0000775f10be7360: ;   {metadata('org/apache/xalan/transformer/TransformerImpl')}
  0x0000775f10be7360: 6a00 0049 | bac8 0c0c | f4b1 6a00 | 004c 8991 | 7019 0000 | 4883 8178 | 1900 0001 | 8b9a 8400 
  0x0000775f10be7380: 0000 660f | 1f44 0000 

  0x0000775f10be7388: ;   {no_reloc}
  0x0000775f10be7388: e9cb 5400 | 0000 0000 | 0000 4c8b | ce49 8b87 | b804 0000 | 488d 4818 | 483b c80f | 82b9 5400 
  0x0000775f10be73a8: 0049 3b8f | c004 0000 | 0f87 ac54 | 0000 4989 | 8fb8 0400 | 0048 8bf8 | 48c1 ef06 | 49ba 0000 
  0x0000775f10be73c8: 406c b26a | 0000 458a | 143a 488b | c848 c1e9 | 0348 83e1 | 0748 c7c7 | 0100 0000 | 48d3 e74c 
  0x0000775f10be73e8: 0bd7 488b | f848 c1ef | 0648 b900 | 0040 6cb2 | 6a00 0044 | 8814 3949 | 8387 2802 | 0000 1849 
  0x0000775f10be7408: 8387 2802 | 0000 0048 | c700 0100 | 0000 488b | ca49 ba00 | 0000 f3b1 | 6a00 0049 | 2bca 8948 
  0x0000775f10be7428: 0848 33c9 | 8948 0c48 | 33c9 4889 | 4810 4889 | 8424 8802 | 0000 418b | 5150 488b 

  0x0000775f10be7444: ;   {metadata(method data for {method} {0x00006ab1e855b330} 'transformSelectedNodes' '(Lorg/apache/xalan/transformer/TransformerImpl;)V' in 'org/apache/xalan/templates/ElemApplyTemplates')}
  0x0000775f10be7444: f048 bfd8 | 9381 e8b1 | 6a00 0048 | 8387 9819 

  0x0000775f10be7454: ;   {metadata(method data for {method} {0x00006ab1e865bd78} '<init>' '(Lorg/apache/xpath/Expression;)V' in 'org/apache/xpath/XPath')}
  0x0000775f10be7454: 0000 0148 | be78 2b82 | e8b1 6a00 | 008b bef4 | 0000 0083 | c702 89be | f400 0000 | 81e7 feff 
  0x0000775f10be7474: 1f00 85ff | 0f84 f153 | 0000 488b 

  0x0000775f10be7480: ;   {metadata(method data for {method} {0x00006ab1e865bd78} '<init>' '(Lorg/apache/xpath/Expression;)V' in 'org/apache/xpath/XPath')}
  0x0000775f10be7480: f048 bf78 | 2b82 e8b1 | 6a00 0048 | 8387 3801 

  0x0000775f10be7490: ;   {metadata(method data for {method} {0x00006ab1f34791f0} '<init>' '()V' in 'java/lang/Object')}
  0x0000775f10be7490: 0000 0148 | be20 7100 | e8b1 6a00 | 008b bef4 | 0000 0083 | c702 89be | f400 0000 | 81e7 feff 
  0x0000775f10be74b0: 1f00 85ff | 0f84 d653 | 0000 488b 

  0x0000775f10be74bc: ;   {metadata(method data for {method} {0x00006ab1e865bd78} '<init>' '(Lorg/apache/xpath/Expression;)V' in 'org/apache/xpath/XPath')}
  0x0000775f10be74bc: f048 bf78 | 2b82 e8b1 

  0x0000775f10be74c4: ;   {metadata('org/apache/xpath/XPath')}
  0x0000775f10be74c4: 6a00 0049 | ba88 130c | f4b1 6a00 | 004c 8997 | 5801 0000 | 4883 8760 | 0100 0001 | 488b f048 
  0x0000775f10be74e4: 899c 2490 | 0200 000f 

  0x0000775f10be74ec: ;   {optimized virtual_call}
  0x0000775f10be74ec: 1f40 00e8 

  0x0000775f10be74f0: ; ImmutableOopMap {[224]=Oop [232]=Oop [240]=Oop [256]=Oop [280]=Oop [312]=Oop [344]=Oop [360]=Oop [368]=Oop [424]=Oop [432]=Oop [448]=Oop [504]=Oop [544]=Oop [648]=Oop [656]=Oop [664]=Oop }
                      ;*invokevirtual setExpression {reexecute=0 rethrow=0 return_oop=0}
                      ; - org.apache.xpath.XPath::<init>@11 (line 278)
                      ; - org.apache.xalan.templates.ElemApplyTemplates::transformSelectedNodes@917 (line 438)
  0x0000775f10be74f0: 8cdb 0707 

  0x0000775f10be74f4: ;   {other}
  0x0000775f10be74f4: 0f1f 8400 | e47b 004c | 488b 8424 | 8802 0000 

  0x0000775f10be7504: ;   {metadata(method data for {method} {0x00006ab1e865bd78} '<init>' '(Lorg/apache/xpath/Expression;)V' in 'org/apache/xpath/XPath')}
  0x0000775f10be7504: 48ba 782b | 82e8 b16a | 0000 4883 | 8280 0100 

  0x0000775f10be7514: ;   {metadata(method data for {method} {0x00006ab1e865b4a0} 'initFunctionTable' '()V' in 'org/apache/xpath/XPath')}
  0x0000775f10be7514: 0001 48ba | d83e 82e8 | b16a 0000 | 8bb2 f400 | 0000 83c6 | 0289 b2f4 | 0000 0081 | e6fe ff1f 
  0x0000775f10be7534: 0085 f60f | 8474 5300 

  0x0000775f10be753c: ;   {metadata('org/apache/xpath/compiler/FunctionTable')}
  0x0000775f10be753c: 0048 ba58 | d201 f4b1 | 6a00 0049 | 8b87 b804 | 0000 488d | 4818 483b | c80f 8277 | 5300 0049 
  0x0000775f10be755c: 3b8f c004 | 0000 0f87 | 6a53 0000 | 4989 8fb8 | 0400 0048 | 8bf8 48c1 | ef06 49ba | 0000 406c 
  0x0000775f10be757c: b26a 0000 | 458a 143a | 488b c848 | c1e9 0348 | 83e1 0748 | c7c7 0100 | 0000 48d3 | e74c 0bd7 
  0x0000775f10be759c: 488b f848 | c1ef 0648 | b900 0040 | 6cb2 6a00 | 0044 8814 | 3949 8387 | 2802 0000 | 1849 8387 
  0x0000775f10be75bc: 2802 0000 | 0048 c700 | 0100 0000 | 488b ca49 | ba00 0000 | f3b1 6a00 | 0049 2bca | 8948 0848 
  0x0000775f10be75dc: 33c9 8948 | 0c48 33c9 | 4889 4810 

  0x0000775f10be75e8: ;   {metadata(method data for {method} {0x00006ab1e865b4a0} 'initFunctionTable' '()V' in 'org/apache/xpath/XPath')}
  0x0000775f10be75e8: 488b f048 | bfd8 3e82 | e8b1 6a00 | 0048 8387 | 3801 0000 | 0148 8bf0 | 4889 8424 | a002 0000 
  0x0000775f10be7608: 0f1f 8000 

  0x0000775f10be760c: ;   {optimized virtual_call}
  0x0000775f10be760c: 0000 00e8 

  0x0000775f10be7610: ; ImmutableOopMap {[224]=Oop [232]=Oop [240]=Oop [256]=Oop [280]=Oop [312]=Oop [344]=Oop [360]=Oop [368]=Oop [424]=Oop [432]=Oop [448]=Oop [504]=Oop [544]=Oop [648]=Oop [656]=Oop [664]=Oop [672]=Oop }
                      ;*invokespecial <init> {reexecute=0 rethrow=0 return_oop=0}
                      ; - org.apache.xpath.XPath::initFunctionTable@5 (line 62)
                      ; - org.apache.xpath.XPath::<init>@15 (line 279)
                      ; - org.apache.xalan.templates.ElemApplyTemplates::transformSelectedNodes@917 (line 438)
  0x0000775f10be7610: 6cda 0707 

  0x0000775f10be7614: ;   {other}
  0x0000775f10be7614: 0f1f 8400 | 047d 004d | 488b 9c24 | 8802 0000 | 488b 8424 | a002 0000 | 4c8b d044 | 8953 100f 
  0x0000775f10be7634: 1f44 0000 

  0x0000775f10be7638: ;   {no_reloc}
  0x0000775f10be7638: e9b1 5200 | 0000 0000 | 0000 498b | 87b8 0400 | 0048 8d48 | 2848 3bc8 | 0f82 a252 | 0000 493b 
  0x0000775f10be7658: 8fc0 0400 | 000f 8795 | 5200 0049 | 898f b804 | 0000 488b | f848 c1ef | 0649 ba00 | 0040 6cb2 
  0x0000775f10be7678: 6a00 0045 | 8a14 3a48 | 8bc8 48c1 | e903 4883 | e107 48c7 | c701 0000 | 0048 d3e7 | 4c0b d748 
  0x0000775f10be7698: 8bf8 48c1 | ef06 48b9 | 0000 406c | b26a 0000 | 4488 1439 | 4983 8728 | 0200 0028 | 4983 8728 
  0x0000775f10be76b8: 0200 0000 | 48c7 0001 | 0000 0048 | 8bca 49ba | 0000 00f3 | b16a 0000 | 492b ca89 | 4808 4833 
  0x0000775f10be76d8: c989 480c | 4833 c948 | 8948 1048 | 8948 1848 | 8948 2048 

  0x0000775f10be76ec: ;   {metadata(method data for {method} {0x00006ab1e855b330} 'transformSelectedNodes' '(Lorg/apache/xalan/transformer/TransformerImpl;)V' in 'org/apache/xalan/templates/ElemApplyTemplates')}
  0x0000775f10be76ec: 8bd0 48be | d893 81e8 | b16a 0000 | 4883 86a8 | 1900 0001 | 488b 9424 | 3801 0000 | 488b f048 
  0x0000775f10be770c: 8984 24a8 | 0200 000f 

  0x0000775f10be7714: ;   {optimized virtual_call}
  0x0000775f10be7714: 1f40 00e8 

  0x0000775f10be7718: ; ImmutableOopMap {[224]=Oop [232]=Oop [240]=Oop [256]=Oop [280]=Oop [312]=Oop [344]=Oop [360]=Oop [368]=Oop [424]=Oop [432]=Oop [448]=Oop [504]=Oop [544]=Oop [648]=Oop [656]=Oop [664]=Oop [680]=Oop }
                      ;*invokespecial <init> {reexecute=0 rethrow=0 return_oop=0}
                      ; - org.apache.xalan.templates.ElemApplyTemplates::transformSelectedNodes@926 (line 438)
  0x0000775f10be7718: 64d9 0707 

  0x0000775f10be771c: ;   {other}
  0x0000775f10be771c: 0f1f 8400 | 0c7e 004e | 488b 9c24 | 9002 0000 

  0x0000775f10be772c: ; implicit exception: dispatches to 0x0000775f10bec905
  0x0000775f10be772c: 483b 0348 

  0x0000775f10be7730: ;   {metadata(method data for {method} {0x00006ab1e855b330} 'transformSelectedNodes' '(Lorg/apache/xalan/transformer/TransformerImpl;)V' in 'org/apache/xalan/templates/ElemApplyTemplates')}
  0x0000775f10be7730: 8bd3 48b9 | d893 81e8 | b16a 0000 

  0x0000775f10be773c: ;   {metadata('org/apache/xalan/trace/TraceManager')}
  0x0000775f10be773c: 49ba 7884 | 0ef4 b16a | 0000 4c89 | 91c8 1900 | 0048 8381 | d019 0000 | 018b 9424 | f800 0000 
  0x0000775f10be775c: 488b 8c24 | e800 0000 

  0x0000775f10be7764: ;   {oop("select"{0x0000000040ab07b8})}
  0x0000775f10be7764: 49b8 b807 | ab40 0000 | 0000 4c8b | 8c24 8802 | 0000 488b | bc24 a802 | 0000 488b | f366 0f1f 
  0x0000775f10be7784: ;   {optimized virtual_call}
  0x0000775f10be7784: 4400 00e8 

  0x0000775f10be7788: ; ImmutableOopMap {[224]=Oop [232]=Oop [240]=Oop [256]=Oop [280]=Oop [312]=Oop [344]=Oop [360]=Oop [368]=Oop [424]=Oop [432]=Oop [448]=Oop [504]=Oop [544]=Oop [664]=Oop }
                      ;*invokevirtual fireSelectedEndEvent {reexecute=0 rethrow=0 return_oop=0}
                      ; - org.apache.xalan.templates.ElemApplyTemplates::transformSelectedNodes@929 (line 438)
  0x0000775f10be7788: f4d8 0707 

  0x0000775f10be778c: ;   {other}
  0x0000775f10be778c: 0f1f 8400 | 7c7e 004f | 8b8c 24fc | 0000 0085 

  0x0000775f10be779c: ;   {metadata(method data for {method} {0x00006ab1e855b330} 'transformSelectedNodes' '(Lorg/apache/xalan/transformer/TransformerImpl;)V' in 'org/apache/xalan/templates/ElemApplyTemplates')}
  0x0000775f10be779c: c948 bad8 | 9381 e8b1 | 6a00 0048 | c7c6 f019 | 0000 7e07 | 48c7 c600 | 1a00 0048 | 8b3c 3248 
  0x0000775f10be77bc: 8d7f 0148 | 893c 3289 | 8c24 fc00 | 0000 0f8e | 4c00 0000 | 488b 9c24 | 0001 0000 

  0x0000775f10be77d8: ;   {metadata(method data for {method} {0x00006ab1e855b330} 'transformSelectedNodes' '(Lorg/apache/xalan/transformer/TransformerImpl;)V' in 'org/apache/xalan/templates/ElemApplyTemplates')}
  0x0000775f10be77d8: 48ba d893 | 81e8 b16a 

  0x0000775f10be77e0: ;   {metadata('org/apache/xpath/VariableStack')}
  0x0000775f10be77e0: 0000 49ba | a8de 0ef4 | b16a 0000 | 4c89 9220 | 1a00 0048 | 8382 281a | 0000 018b | 9424 1001 
  0x0000775f10be7800: 0000 488b | b424 0001 | 0000 0f1f 

  0x0000775f10be780c: ;   {optimized virtual_call}
  0x0000775f10be780c: 4400 00e8 

  0x0000775f10be7810: ; ImmutableOopMap {[224]=Oop [232]=Oop [240]=Oop [256]=Oop [280]=Oop [312]=Oop [344]=Oop [360]=Oop [368]=Oop [424]=Oop [432]=Oop [448]=Oop [504]=Oop [544]=Oop [664]=Oop }
                      ;*invokevirtual unlink {reexecute=0 rethrow=0 return_oop=0}
                      ; - org.apache.xalan.templates.ElemApplyTemplates::transformSelectedNodes@941 (line 444)
  0x0000775f10be7810: 6cd8 0707 

  0x0000775f10be7814: ;   {other}
  0x0000775f10be7814: 0f1f 8400 | 047f 0050 | 488b bc24 | e000 0000 

  0x0000775f10be7824: ;   {metadata(method data for {method} {0x00006ab1e855b330} 'transformSelectedNodes' '(Lorg/apache/xalan/transformer/TransformerImpl;)V' in 'org/apache/xalan/templates/ElemApplyTemplates')}
  0x0000775f10be7824: 488b f748 | bbd8 9381 | e8b1 6a00 | 0048 8383 | 601a 0000 

  0x0000775f10be7838: ;   {metadata(method data for {method} {0x00006ab1e86aa268} 'popSAXLocator' '()V' in 'org/apache/xpath/XPathContext')}
  0x0000775f10be7838: 0148 be58 | 0281 e8b1 | 6a00 008b | 9ef4 0000 | 0083 c302 | 899e f400 | 0000 81e3 | feff 1f00 
  0x0000775f10be7858: 85db 0f84 | aa50 0000 | 8b77 2c48 | 3b06 488b 

  0x0000775f10be7868: ;   {metadata(method data for {method} {0x00006ab1e86aa268} 'popSAXLocator' '()V' in 'org/apache/xpath/XPathContext')}
  0x0000775f10be7868: de48 b858 | 0281 e8b1 | 6a00 0048 | 8380 5001 | 0000 010f 

  0x0000775f10be787c: ;   {optimized virtual_call}
  0x0000775f10be787c: 1f40 00e8 

  0x0000775f10be7880: ; ImmutableOopMap {[224]=Oop [232]=Oop [240]=Oop [256]=Oop [280]=Oop [312]=Oop [344]=Oop [360]=Oop [368]=Oop [424]=Oop [432]=Oop [448]=Oop [504]=Oop [544]=Oop [664]=Oop }
                      ;*invokevirtual pop {reexecute=0 rethrow=0 return_oop=0}
                      ; - org.apache.xpath.XPathContext::popSAXLocator@4 (line 434)
                      ; - org.apache.xalan.templates.ElemApplyTemplates::transformSelectedNodes@945 (line 445)
  0x0000775f10be7880: fcd7 0707 

  0x0000775f10be7884: ;   {other}
  0x0000775f10be7884: 0f1f 8400 | 747f 0051 

  0x0000775f10be788c: ;   {metadata(method data for {method} {0x00006ab1e855b330} 'transformSelectedNodes' '(Lorg/apache/xalan/transformer/TransformerImpl;)V' in 'org/apache/xalan/templates/ElemApplyTemplates')}
  0x0000775f10be788c: 48be d893 | 81e8 b16a | 0000 ff86 | 901a 0000 | 488b bc24 | e000 0000 

  0x0000775f10be78a4: ;   {metadata(method data for {method} {0x00006ab1e855b330} 'transformSelectedNodes' '(Lorg/apache/xalan/transformer/TransformerImpl;)V' in 'org/apache/xalan/templates/ElemApplyTemplates')}
  0x0000775f10be78a4: 48be d893 | 81e8 b16a | 0000 4883 | 86a0 1a00 | 0001 488b | b424 e000 

  0x0000775f10be78bc: ;   {optimized virtual_call}
  0x0000775f10be78bc: 0000 90e8 

  0x0000775f10be78c0: ; ImmutableOopMap {[224]=Oop [232]=Oop [240]=Oop [256]=Oop [280]=Oop [312]=Oop [344]=Oop [360]=Oop [368]=Oop [424]=Oop [432]=Oop [448]=Oop [504]=Oop [544]=Oop [664]=Oop }
                      ;*invokevirtual popContextNodeList {reexecute=0 rethrow=0 return_oop=0}
                      ; - org.apache.xalan.templates.ElemApplyTemplates::transformSelectedNodes@954 (line 446)
  0x0000775f10be78c0: bcd7 0707 

  0x0000775f10be78c4: ;   {other}
  0x0000775f10be78c4: 0f1f 8400 | b47f 0052 | 488b 9424 | f000 0000 | e983 1300 | 0049 8b87 | 1808 0000 | 4d33 d24d 
  0x0000775f10be78e4: 8997 1808 | 0000 4d33 | d24d 8997 | 2008 0000 | 4889 8424 | b002 0000 | 488b 9424 | f000 0000 
  0x0000775f10be7904: e94c 0000 

  0x0000775f10be7908: ;   {metadata(method data for {method} {0x00006ab1e855b330} 'transformSelectedNodes' '(Lorg/apache/xalan/transformer/TransformerImpl;)V' in 'org/apache/xalan/templates/ElemApplyTemplates')}
  0x0000775f10be7908: 0048 bed8 | 9381 e8b1 | 6a00 00ff | 86d8 1800 | 0048 81c4 | 0004 0000 

  0x0000775f10be7920: ;   {poll_return}
  0x0000775f10be7920: 5d49 3ba7 | 6807 0000 | 0f87 0250 

  0x0000775f10be792c: ;   {metadata(method data for {method} {0x00006ab1e855b330} 'transformSelectedNodes' '(Lorg/apache/xalan/transformer/TransformerImpl;)V' in 'org/apache/xalan/templates/ElemApplyTemplates')}
  0x0000775f10be792c: 0000 c348 | bed8 9381 | e8b1 6a00 | 00ff 8628 | 1800 0048 | 81c4 0004 

  0x0000775f10be7944: ;   {poll_return}
  0x0000775f10be7944: 0000 5d49 | 3ba7 6807 | 0000 0f87 | f24f 0000 | c348 8bf2 

  0x0000775f10be7958: ;   {metadata(method data for {method} {0x00006ab1e855b330} 'transformSelectedNodes' '(Lorg/apache/xalan/transformer/TransformerImpl;)V' in 'org/apache/xalan/templates/ElemApplyTemplates')}
  0x0000775f10be7958: 48bf d893 | 81e8 b16a | 0000 4883 | 87f0 1500 

  0x0000775f10be7968: ;   {metadata(method data for {method} {0x00006ab1e8655cc0} 'popElemTemplateElement' '()V' in 'org/apache/xalan/transformer/TransformerImpl')}
  0x0000775f10be7968: 0001 48be | c809 81e8 | b16a 0000 | 8bbe f400 | 0000 83c7 | 0289 bef4 | 0000 0081 | e7fe ff1f 
  0x0000775f10be7988: 0085 ff0f | 84cb 4f00 | 008b 724c 

  0x0000775f10be7994: ; implicit exception: dispatches to 0x0000775f10bec97d
  0x0000775f10be7994: 483b 0648 

  0x0000775f10be7998: ;   {metadata(method data for {method} {0x00006ab1e8655cc0} 'popElemTemplateElement' '()V' in 'org/apache/xalan/transformer/TransformerImpl')}
  0x0000775f10be7998: 8bfe 48bb | c809 81e8 | b16a 0000 | 4883 8350 | 0100 0001 

  0x0000775f10be79ac: ;   {optimized virtual_call}
  0x0000775f10be79ac: 6666 90e8 

  0x0000775f10be79b0: ; ImmutableOopMap {[224]=Oop [232]=Oop [240]=Oop [256]=Oop [280]=Oop [312]=Oop [344]=Oop [360]=Oop [368]=Oop [424]=Oop [432]=Oop [448]=Oop [504]=Oop [544]=Oop [688]=Oop }
                      ;*invokevirtual pop {reexecute=0 rethrow=0 return_oop=0}
                      ; - org.apache.xalan.transformer.TransformerImpl::popElemTemplateElement@4 (line 2632)
                      ; - org.apache.xalan.templates.ElemApplyTemplates::transformSelectedNodes@795 (line 399)
  0x0000775f10be79b0: ccd6 0707 

  0x0000775f10be79b4: ;   {other}
  0x0000775f10be79b4: 0f1f 8400 | a480 0053 | 488b b424 | b002 0000 | e980 1200 | 0048 8b94 | 24f0 0000 | 0049 8b87 
  0x0000775f10be79d4: 1808 0000 | 4d33 d24d | 8997 1808 | 0000 4d33 | d24d 8997 | 2008 0000 | 488b d848 

  0x0000775f10be79f0: ;   {metadata(method data for {method} {0x00006ab1e855b330} 'transformSelectedNodes' '(Lorg/apache/xalan/transformer/TransformerImpl;)V' in 'org/apache/xalan/templates/ElemApplyTemplates')}
  0x0000775f10be79f0: 8bf2 48bf | d893 81e8 | b16a 0000 

  0x0000775f10be79fc: ;   {metadata('org/apache/xalan/transformer/TransformerImpl')}
  0x0000775f10be79fc: 49ba c80c | 0cf4 b16a | 0000 4c89 | 9750 1800 | 0048 8387 | 5818 0000 | 0144 8b82 | 8000 0000 
  0x0000775f10be7a1c: ;   {metadata('javax/xml/transform/TransformerException')}
  0x0000775f10be7a1c: 48ba 9030 | 01f4 b16a | 0000 498b | 87b8 0400 | 0048 8d48 | 3048 3bc8 | 0f82 484f | 0000 493b 
  0x0000775f10be7a3c: 8fc0 0400 | 000f 873b | 4f00 0049 | 898f b804 | 0000 488b | f848 c1ef | 0649 ba00 | 0040 6cb2 
  0x0000775f10be7a5c: 6a00 0045 | 8a14 3a48 | 8bc8 48c1 | e903 4883 | e107 48c7 | c701 0000 | 0048 d3e7 | 4c0b d748 
  0x0000775f10be7a7c: 8bf8 48c1 | ef06 48b9 | 0000 406c | b26a 0000 | 4488 1439 | 4983 8728 | 0200 0030 | 4983 8728 
  0x0000775f10be7a9c: 0200 0000 | 48c7 0001 | 0000 0048 | 8bca 49ba | 0000 00f3 | b16a 0000 | 492b ca89 | 4808 4833 
  0x0000775f10be7abc: c989 480c | 4833 c948 | 8948 1048 | 8948 1848 | 8948 2048 | 8948 2848 

  0x0000775f10be7ad4: ;   {metadata(method data for {method} {0x00006ab1e855b330} 'transformSelectedNodes' '(Lorg/apache/xalan/transformer/TransformerImpl;)V' in 'org/apache/xalan/templates/ElemApplyTemplates')}
  0x0000775f10be7ad4: 8bd0 48be | d893 81e8 | b16a 0000 | 4883 8678 | 1800 0001 | 488b d348 | 8bf0 4889 | 8424 c002 
  0x0000775f10be7af4: 0000 4c89 | 8424 b802 

  0x0000775f10be7afc: ;   {optimized virtual_call}
  0x0000775f10be7afc: 0000 90e8 

  0x0000775f10be7b00: ; ImmutableOopMap {[224]=Oop [232]=Oop [240]=Oop [256]=Oop [280]=Oop [312]=Oop [344]=Oop [360]=Oop [368]=Oop [424]=Oop [432]=Oop [448]=Oop [504]=Oop [544]=Oop [688]=Oop [696]=Oop [704]=Oop }
                      ;*invokespecial <init> {reexecute=0 rethrow=0 return_oop=0}
                      ; - org.apache.xalan.templates.ElemApplyTemplates::transformSelectedNodes@870 (line 433)
  0x0000775f10be7b00: 7cd5 0707 

  0x0000775f10be7b04: ;   {other}
  0x0000775f10be7b04: 0f1f 8400 | f481 0054 | 4c8b 8424 | b802 0000 

  0x0000775f10be7b14: ; implicit exception: dispatches to 0x0000775f10bec98f
  0x0000775f10be7b14: 493b 0049 

  0x0000775f10be7b18: ;   {metadata(method data for {method} {0x00006ab1e855b330} 'transformSelectedNodes' '(Lorg/apache/xalan/transformer/TransformerImpl;)V' in 'org/apache/xalan/templates/ElemApplyTemplates')}
  0x0000775f10be7b18: 8bd0 48be | d893 81e8 | b16a 0000 | 8b52 0849 | ba00 0000 | f3b1 6a00 | 0049 03d2 | 483b 9698 
  0x0000775f10be7b38: 1800 0075 | 0d48 8386 | a018 0000 | 01e9 6000 | 0000 483b | 96a8 1800 | 0075 0d48 | 8386 b018 
  0x0000775f10be7b58: 0000 01e9 | 4a00 0000 | 4883 be98 | 1800 0000 | 7517 4889 | 9698 1800 | 0048 c786 | a018 0000 
  0x0000775f10be7b78: 0100 0000 | e929 0000 | 0048 83be | a818 0000 | 0075 1748 | 8996 a818 | 0000 48c7 | 86b0 1800 
  0x0000775f10be7b98: 0001 0000 | 00e9 0800 | 0000 4883 | 8688 1800 | 0001 488b | 9424 c002 | 0000 498b | f048 b8ff 
  0x0000775f10be7bb8: ffff ffff 

  0x0000775f10be7bbc: ;   {virtual_call}
  0x0000775f10be7bbc: ffff ffe8 

  0x0000775f10be7bc0: ; ImmutableOopMap {[224]=Oop [232]=Oop [240]=Oop [256]=Oop [280]=Oop [312]=Oop [344]=Oop [360]=Oop [368]=Oop [424]=Oop [432]=Oop [448]=Oop [504]=Oop [544]=Oop [688]=Oop }
                      ;*invokeinterface fatalError {reexecute=0 rethrow=0 return_oop=0}
                      ; - org.apache.xalan.templates.ElemApplyTemplates::transformSelectedNodes@873 (line 433)
  0x0000775f10be7bc0: bcd7 0707 

  0x0000775f10be7bc4: ;   {other}
  0x0000775f10be7bc4: 0f1f 8400 | b482 0055 | 488b 9424 | f000 0000 

  0x0000775f10be7bd4: ;   {metadata(method data for {method} {0x00006ab1e855b330} 'transformSelectedNodes' '(Lorg/apache/xalan/transformer/TransformerImpl;)V' in 'org/apache/xalan/templates/ElemApplyTemplates')}
  0x0000775f10be7bd4: 488b f248 | bfd8 9381 | e8b1 6a00 | 0048 8387 | 2019 0000 | 010f be72 | 1583 e601 

  0x0000775f10be7bf0: ;   {metadata(method data for {method} {0x00006ab1e855b330} 'transformSelectedNodes' '(Lorg/apache/xalan/transformer/TransformerImpl;)V' in 'org/apache/xalan/templates/ElemApplyTemplates')}
  0x0000775f10be7bf0: 85f6 48be | d893 81e8 | b16a 0000 | 48c7 c740 | 1900 0074 | 0748 c7c7 | 5019 0000 | 488b 043e 
  0x0000775f10be7c10: 488d 4001 | 4889 043e | 0f84 4604 | 0000 488b | b424 e800 | 0000 488b 

  0x0000775f10be7c28: ;   {metadata(method data for {method} {0x00006ab1e855b330} 'transformSelectedNodes' '(Lorg/apache/xalan/transformer/TransformerImpl;)V' in 'org/apache/xalan/templates/ElemApplyTemplates')}
  0x0000775f10be7c28: fa48 b8d8 | 9381 e8b1 

  0x0000775f10be7c30: ;   {metadata('org/apache/xalan/transformer/TransformerImpl')}
  0x0000775f10be7c30: 6a00 0049 | bac8 0c0c | f4b1 6a00 | 004c 8990 | 7019 0000 | 4883 8078 | 1900 0001 | 8b9a 8400 
  0x0000775f10be7c50: 0000 660f | 1f44 0000 

  0x0000775f10be7c58: ;   {no_reloc}
  0x0000775f10be7c58: e946 4d00 | 0000 0000 | 0000 4c8b | ce49 8b87 | b804 0000 | 488d 4818 | 483b c80f | 8234 4d00 
  0x0000775f10be7c78: 0049 3b8f | c004 0000 | 0f87 274d | 0000 4989 | 8fb8 0400 | 0048 8bf8 | 48c1 ef06 | 49ba 0000 
  0x0000775f10be7c98: 406c b26a | 0000 458a | 143a 488b | c848 c1e9 | 0348 83e1 | 0748 c7c7 | 0100 0000 | 48d3 e74c 
  0x0000775f10be7cb8: 0bd7 488b | f848 c1ef | 0648 b900 | 0040 6cb2 | 6a00 0044 | 8814 3949 | 8387 2802 | 0000 1849 
  0x0000775f10be7cd8: 8387 2802 | 0000 0048 | c700 0100 | 0000 488b | ca49 ba00 | 0000 f3b1 | 6a00 0049 | 2bca 8948 
  0x0000775f10be7cf8: 0848 33c9 | 8948 0c48 | 33c9 4889 | 4810 4889 | 8424 c802 | 0000 418b | 5150 488b 

  0x0000775f10be7d14: ;   {metadata(method data for {method} {0x00006ab1e855b330} 'transformSelectedNodes' '(Lorg/apache/xalan/transformer/TransformerImpl;)V' in 'org/apache/xalan/templates/ElemApplyTemplates')}
  0x0000775f10be7d14: f048 bfd8 | 9381 e8b1 | 6a00 0048 | 8387 9819 

  0x0000775f10be7d24: ;   {metadata(method data for {method} {0x00006ab1e865bd78} '<init>' '(Lorg/apache/xpath/Expression;)V' in 'org/apache/xpath/XPath')}
  0x0000775f10be7d24: 0000 0148 | be78 2b82 | e8b1 6a00 | 008b bef4 | 0000 0083 | c702 89be | f400 0000 | 81e7 feff 
  0x0000775f10be7d44: 1f00 85ff | 0f84 6c4c | 0000 488b 

  0x0000775f10be7d50: ;   {metadata(method data for {method} {0x00006ab1e865bd78} '<init>' '(Lorg/apache/xpath/Expression;)V' in 'org/apache/xpath/XPath')}
  0x0000775f10be7d50: f048 bf78 | 2b82 e8b1 | 6a00 0048 | 8387 3801 

  0x0000775f10be7d60: ;   {metadata(method data for {method} {0x00006ab1f34791f0} '<init>' '()V' in 'java/lang/Object')}
  0x0000775f10be7d60: 0000 0148 | be20 7100 | e8b1 6a00 | 008b bef4 | 0000 0083 | c702 89be | f400 0000 | 81e7 feff 
  0x0000775f10be7d80: 1f00 85ff | 0f84 514c | 0000 488b 

  0x0000775f10be7d8c: ;   {metadata(method data for {method} {0x00006ab1e865bd78} '<init>' '(Lorg/apache/xpath/Expression;)V' in 'org/apache/xpath/XPath')}
  0x0000775f10be7d8c: f048 bf78 | 2b82 e8b1 

  0x0000775f10be7d94: ;   {metadata('org/apache/xpath/XPath')}
  0x0000775f10be7d94: 6a00 0049 | ba88 130c | f4b1 6a00 | 004c 8997 | 5801 0000 | 4883 8760 | 0100 0001 | 488b f048 
  0x0000775f10be7db4: 899c 24d0 | 0200 000f 

  0x0000775f10be7dbc: ;   {optimized virtual_call}
  0x0000775f10be7dbc: 1f40 00e8 

  0x0000775f10be7dc0: ; ImmutableOopMap {[224]=Oop [232]=Oop [240]=Oop [256]=Oop [280]=Oop [312]=Oop [344]=Oop [360]=Oop [368]=Oop [424]=Oop [432]=Oop [448]=Oop [504]=Oop [544]=Oop [688]=Oop [712]=Oop [720]=Oop }
                      ;*invokevirtual setExpression {reexecute=0 rethrow=0 return_oop=0}
                      ; - org.apache.xpath.XPath::<init>@11 (line 278)
                      ; - org.apache.xalan.templates.ElemApplyTemplates::transformSelectedNodes@917 (line 438)
  0x0000775f10be7dc0: bcd2 0707 

  0x0000775f10be7dc4: ;   {other}
  0x0000775f10be7dc4: 0f1f 8400 | b484 0056 | 488b 8424 | c802 0000 

  0x0000775f10be7dd4: ;   {metadata(method data for {method} {0x00006ab1e865bd78} '<init>' '(Lorg/apache/xpath/Expression;)V' in 'org/apache/xpath/XPath')}
  0x0000775f10be7dd4: 48ba 782b | 82e8 b16a | 0000 4883 | 8280 0100 

  0x0000775f10be7de4: ;   {metadata(method data for {method} {0x00006ab1e865b4a0} 'initFunctionTable' '()V' in 'org/apache/xpath/XPath')}
  0x0000775f10be7de4: 0001 48ba | d83e 82e8 | b16a 0000 | 8bb2 f400 | 0000 83c6 | 0289 b2f4 | 0000 0081 | e6fe ff1f 
  0x0000775f10be7e04: 0085 f60f | 84ef 4b00 

  0x0000775f10be7e0c: ;   {metadata('org/apache/xpath/compiler/FunctionTable')}
  0x0000775f10be7e0c: 0048 ba58 | d201 f4b1 | 6a00 0049 | 8b87 b804 | 0000 488d | 4818 483b | c80f 82f2 | 4b00 0049 
  0x0000775f10be7e2c: 3b8f c004 | 0000 0f87 | e54b 0000 | 4989 8fb8 | 0400 0048 | 8bf8 48c1 | ef06 49ba | 0000 406c 
  0x0000775f10be7e4c: b26a 0000 | 458a 143a | 488b c848 | c1e9 0348 | 83e1 0748 | c7c7 0100 | 0000 48d3 | e74c 0bd7 
  0x0000775f10be7e6c: 488b f848 | c1ef 0648 | b900 0040 | 6cb2 6a00 | 0044 8814 | 3949 8387 | 2802 0000 | 1849 8387 
  0x0000775f10be7e8c: 2802 0000 | 0048 c700 | 0100 0000 | 488b ca49 | ba00 0000 | f3b1 6a00 | 0049 2bca | 8948 0848 
  0x0000775f10be7eac: 33c9 8948 | 0c48 33c9 | 4889 4810 

  0x0000775f10be7eb8: ;   {metadata(method data for {method} {0x00006ab1e865b4a0} 'initFunctionTable' '()V' in 'org/apache/xpath/XPath')}
  0x0000775f10be7eb8: 488b f048 | bfd8 3e82 | e8b1 6a00 | 0048 8387 | 3801 0000 | 0148 8bf0 | 4889 8424 | d802 0000 
  0x0000775f10be7ed8: 0f1f 8000 

  0x0000775f10be7edc: ;   {optimized virtual_call}
  0x0000775f10be7edc: 0000 00e8 

  0x0000775f10be7ee0: ; ImmutableOopMap {[224]=Oop [232]=Oop [240]=Oop [256]=Oop [280]=Oop [312]=Oop [344]=Oop [360]=Oop [368]=Oop [424]=Oop [432]=Oop [448]=Oop [504]=Oop [544]=Oop [688]=Oop [712]=Oop [720]=Oop [728]=Oop }
                      ;*invokespecial <init> {reexecute=0 rethrow=0 return_oop=0}
                      ; - org.apache.xpath.XPath::initFunctionTable@5 (line 62)
                      ; - org.apache.xpath.XPath::<init>@15 (line 279)
                      ; - org.apache.xalan.templates.ElemApplyTemplates::transformSelectedNodes@917 (line 438)
  0x0000775f10be7ee0: 9cd1 0707 

  0x0000775f10be7ee4: ;   {other}
  0x0000775f10be7ee4: 0f1f 8400 | d485 0057 | 488b 9c24 | c802 0000 | 488b 8424 | d802 0000 | 4c8b d044 | 8953 100f 
  0x0000775f10be7f04: 1f44 0000 

  0x0000775f10be7f08: ;   {no_reloc}
  0x0000775f10be7f08: e92c 4b00 | 0000 0000 | 0000 498b | 87b8 0400 | 0048 8d48 | 2848 3bc8 | 0f82 1d4b | 0000 493b 
  0x0000775f10be7f28: 8fc0 0400 | 000f 8710 | 4b00 0049 | 898f b804 | 0000 488b | f848 c1ef | 0649 ba00 | 0040 6cb2 
  0x0000775f10be7f48: 6a00 0045 | 8a14 3a48 | 8bc8 48c1 | e903 4883 | e107 48c7 | c701 0000 | 0048 d3e7 | 4c0b d748 
  0x0000775f10be7f68: 8bf8 48c1 | ef06 48b9 | 0000 406c | b26a 0000 | 4488 1439 | 4983 8728 | 0200 0028 | 4983 8728 
  0x0000775f10be7f88: 0200 0000 | 48c7 0001 | 0000 0048 | 8bca 49ba | 0000 00f3 | b16a 0000 | 492b ca89 | 4808 4833 
  0x0000775f10be7fa8: c989 480c | 4833 c948 | 8948 1048 | 8948 1848 | 8948 2048 

  0x0000775f10be7fbc: ;   {metadata(method data for {method} {0x00006ab1e855b330} 'transformSelectedNodes' '(Lorg/apache/xalan/transformer/TransformerImpl;)V' in 'org/apache/xalan/templates/ElemApplyTemplates')}
  0x0000775f10be7fbc: 8bd0 48be | d893 81e8 | b16a 0000 | 4883 86a8 | 1900 0001 | 488b 9424 | 3801 0000 | 488b f048 
  0x0000775f10be7fdc: 8984 24e0 | 0200 000f 

  0x0000775f10be7fe4: ;   {optimized virtual_call}
  0x0000775f10be7fe4: 1f40 00e8 

  0x0000775f10be7fe8: ; ImmutableOopMap {[224]=Oop [232]=Oop [240]=Oop [256]=Oop [280]=Oop [312]=Oop [344]=Oop [360]=Oop [368]=Oop [424]=Oop [432]=Oop [448]=Oop [504]=Oop [544]=Oop [688]=Oop [712]=Oop [720]=Oop [736]=Oop }
                      ;*invokespecial <init> {reexecute=0 rethrow=0 return_oop=0}
                      ; - org.apache.xalan.templates.ElemApplyTemplates::transformSelectedNodes@926 (line 438)
  0x0000775f10be7fe8: 94d0 0707 

  0x0000775f10be7fec: ;   {other}
  0x0000775f10be7fec: 0f1f 8400 | dc86 0058 | 488b 9c24 | d002 0000 

  0x0000775f10be7ffc: ; implicit exception: dispatches to 0x0000775f10beca50
  0x0000775f10be7ffc: 483b 0348 

  0x0000775f10be8000: ;   {metadata(method data for {method} {0x00006ab1e855b330} 'transformSelectedNodes' '(Lorg/apache/xalan/transformer/TransformerImpl;)V' in 'org/apache/xalan/templates/ElemApplyTemplates')}
  0x0000775f10be8000: 8bd3 48b9 | d893 81e8 | b16a 0000 

  0x0000775f10be800c: ;   {metadata('org/apache/xalan/trace/TraceManager')}
  0x0000775f10be800c: 49ba 7884 | 0ef4 b16a | 0000 4c89 | 91c8 1900 | 0048 8381 | d019 0000 | 018b 9424 | f800 0000 
  0x0000775f10be802c: 488b 8c24 | e800 0000 

  0x0000775f10be8034: ;   {oop("select"{0x0000000040ab07b8})}
  0x0000775f10be8034: 49b8 b807 | ab40 0000 | 0000 4c8b | 8c24 c802 | 0000 488b | bc24 e002 | 0000 488b | f366 0f1f 
  0x0000775f10be8054: ;   {optimized virtual_call}
  0x0000775f10be8054: 4400 00e8 

  0x0000775f10be8058: ; ImmutableOopMap {[224]=Oop [232]=Oop [240]=Oop [256]=Oop [280]=Oop [312]=Oop [344]=Oop [360]=Oop [368]=Oop [424]=Oop [432]=Oop [448]=Oop [504]=Oop [544]=Oop [688]=Oop }
                      ;*invokevirtual fireSelectedEndEvent {reexecute=0 rethrow=0 return_oop=0}
                      ; - org.apache.xalan.templates.ElemApplyTemplates::transformSelectedNodes@929 (line 438)
  0x0000775f10be8058: 24d0 0707 

  0x0000775f10be805c: ;   {other}
  0x0000775f10be805c: 0f1f 8400 | 4c87 0059 | 8b8c 24fc | 0000 0085 

  0x0000775f10be806c: ;   {metadata(method data for {method} {0x00006ab1e855b330} 'transformSelectedNodes' '(Lorg/apache/xalan/transformer/TransformerImpl;)V' in 'org/apache/xalan/templates/ElemApplyTemplates')}
  0x0000775f10be806c: c948 bad8 | 9381 e8b1 | 6a00 0048 | c7c6 f019 | 0000 7e07 | 48c7 c600 | 1a00 0048 | 8b3c 3248 
  0x0000775f10be808c: 8d7f 0148 | 893c 3289 | 8c24 fc00 | 0000 0f8e | 4c00 0000 | 488b 9c24 | 0001 0000 

  0x0000775f10be80a8: ;   {metadata(method data for {method} {0x00006ab1e855b330} 'transformSelectedNodes' '(Lorg/apache/xalan/transformer/TransformerImpl;)V' in 'org/apache/xalan/templates/ElemApplyTemplates')}
  0x0000775f10be80a8: 48ba d893 | 81e8 b16a 

  0x0000775f10be80b0: ;   {metadata('org/apache/xpath/VariableStack')}
  0x0000775f10be80b0: 0000 49ba | a8de 0ef4 | b16a 0000 | 4c89 9220 | 1a00 0048 | 8382 281a | 0000 018b | 9424 1001 
  0x0000775f10be80d0: 0000 488b | b424 0001 | 0000 0f1f 

  0x0000775f10be80dc: ;   {optimized virtual_call}
  0x0000775f10be80dc: 4400 00e8 

  0x0000775f10be80e0: ; ImmutableOopMap {[224]=Oop [232]=Oop [240]=Oop [256]=Oop [280]=Oop [312]=Oop [344]=Oop [360]=Oop [368]=Oop [424]=Oop [432]=Oop [448]=Oop [504]=Oop [544]=Oop [688]=Oop }
                      ;*invokevirtual unlink {reexecute=0 rethrow=0 return_oop=0}
                      ; - org.apache.xalan.templates.ElemApplyTemplates::transformSelectedNodes@941 (line 444)
  0x0000775f10be80e0: 9ccf 0707 

  0x0000775f10be80e4: ;   {other}
  0x0000775f10be80e4: 0f1f 8400 | d487 005a | 488b bc24 | e000 0000 

  0x0000775f10be80f4: ;   {metadata(method data for {method} {0x00006ab1e855b330} 'transformSelectedNodes' '(Lorg/apache/xalan/transformer/TransformerImpl;)V' in 'org/apache/xalan/templates/ElemApplyTemplates')}
  0x0000775f10be80f4: 488b f748 | bbd8 9381 | e8b1 6a00 | 0048 8383 | 601a 0000 

  0x0000775f10be8108: ;   {metadata(method data for {method} {0x00006ab1e86aa268} 'popSAXLocator' '()V' in 'org/apache/xpath/XPathContext')}
  0x0000775f10be8108: 0148 be58 | 0281 e8b1 | 6a00 008b | 9ef4 0000 | 0083 c302 | 899e f400 | 0000 81e3 | feff 1f00 
  0x0000775f10be8128: 85db 0f84 | 2549 0000 | 8b77 2c48 | 3b06 488b 

  0x0000775f10be8138: ;   {metadata(method data for {method} {0x00006ab1e86aa268} 'popSAXLocator' '()V' in 'org/apache/xpath/XPathContext')}
  0x0000775f10be8138: de48 b858 | 0281 e8b1 | 6a00 0048 | 8380 5001 | 0000 010f 

  0x0000775f10be814c: ;   {optimized virtual_call}
  0x0000775f10be814c: 1f40 00e8 

  0x0000775f10be8150: ; ImmutableOopMap {[224]=Oop [232]=Oop [240]=Oop [256]=Oop [280]=Oop [312]=Oop [344]=Oop [360]=Oop [368]=Oop [424]=Oop [432]=Oop [448]=Oop [504]=Oop [544]=Oop [688]=Oop }
                      ;*invokevirtual pop {reexecute=0 rethrow=0 return_oop=0}
                      ; - org.apache.xpath.XPathContext::popSAXLocator@4 (line 434)
                      ; - org.apache.xalan.templates.ElemApplyTemplates::transformSelectedNodes@945 (line 445)
  0x0000775f10be8150: 2ccf 0707 

  0x0000775f10be8154: ;   {other}
  0x0000775f10be8154: 0f1f 8400 | 4488 005b 

  0x0000775f10be815c: ;   {metadata(method data for {method} {0x00006ab1e855b330} 'transformSelectedNodes' '(Lorg/apache/xalan/transformer/TransformerImpl;)V' in 'org/apache/xalan/templates/ElemApplyTemplates')}
  0x0000775f10be815c: 48be d893 | 81e8 b16a | 0000 ff86 | 901a 0000 | 488b bc24 | e000 0000 

  0x0000775f10be8174: ;   {metadata(method data for {method} {0x00006ab1e855b330} 'transformSelectedNodes' '(Lorg/apache/xalan/transformer/TransformerImpl;)V' in 'org/apache/xalan/templates/ElemApplyTemplates')}
  0x0000775f10be8174: 48be d893 | 81e8 b16a | 0000 4883 | 86a0 1a00 | 0001 488b | b424 e000 

  0x0000775f10be818c: ;   {optimized virtual_call}
  0x0000775f10be818c: 0000 90e8 

  0x0000775f10be8190: ; ImmutableOopMap {[224]=Oop [232]=Oop [240]=Oop [256]=Oop [280]=Oop [312]=Oop [344]=Oop [360]=Oop [368]=Oop [424]=Oop [432]=Oop [448]=Oop [504]=Oop [544]=Oop [688]=Oop }
                      ;*invokevirtual popContextNodeList {reexecute=0 rethrow=0 return_oop=0}
                      ; - org.apache.xalan.templates.ElemApplyTemplates::transformSelectedNodes@954 (line 446)
  0x0000775f10be8190: ecce 0707 

  0x0000775f10be8194: ;   {other}
  0x0000775f10be8194: 0f1f 8400 | 8488 005c | 488b 9424 | f000 0000 

  0x0000775f10be81a4: ;   {metadata(method data for {method} {0x00006ab1e855b330} 'transformSelectedNodes' '(Lorg/apache/xalan/transformer/TransformerImpl;)V' in 'org/apache/xalan/templates/ElemApplyTemplates')}
  0x0000775f10be81a4: 488b f248 | bbd8 9381 | e8b1 6a00 | 0048 8383 | f01a 0000 

  0x0000775f10be81b8: ;   {metadata(method data for {method} {0x00006ab1e8655cc0} 'popElemTemplateElement' '()V' in 'org/apache/xalan/transformer/TransformerImpl')}
  0x0000775f10be81b8: 0148 bec8 | 0981 e8b1 | 6a00 008b | 9ef4 0000 | 0083 c302 | 899e f400 | 0000 81e3 | feff 1f00 
  0x0000775f10be81d8: 85db 0f84 | 9b48 0000 | 8b72 4c48 | 3b06 488b 

  0x0000775f10be81e8: ;   {metadata(method data for {method} {0x00006ab1e8655cc0} 'popElemTemplateElement' '()V' in 'org/apache/xalan/transformer/TransformerImpl')}
  0x0000775f10be81e8: de48 b8c8 | 0981 e8b1 | 6a00 0048 | 8380 5001 | 0000 010f 

  0x0000775f10be81fc: ;   {optimized virtual_call}
  0x0000775f10be81fc: 1f40 00e8 

  0x0000775f10be8200: ; ImmutableOopMap {[224]=Oop [232]=Oop [240]=Oop [256]=Oop [280]=Oop [312]=Oop [344]=Oop [360]=Oop [368]=Oop [424]=Oop [432]=Oop [448]=Oop [504]=Oop [544]=Oop [688]=Oop }
                      ;*invokevirtual pop {reexecute=0 rethrow=0 return_oop=0}
                      ; - org.apache.xalan.transformer.TransformerImpl::popElemTemplateElement@4 (line 2632)
                      ; - org.apache.xalan.templates.ElemApplyTemplates::transformSelectedNodes@958 (line 447)
  0x0000775f10be8200: 7cce 0707 

  0x0000775f10be8204: ;   {other}
  0x0000775f10be8204: 0f1f 8400 | f488 005d | 488b bc24 | e000 0000 

  0x0000775f10be8214: ;   {metadata(method data for {method} {0x00006ab1e855b330} 'transformSelectedNodes' '(Lorg/apache/xalan/transformer/TransformerImpl;)V' in 'org/apache/xalan/templates/ElemApplyTemplates')}
  0x0000775f10be8214: 48be d893 | 81e8 b16a | 0000 4883 | 8610 1b00 

  0x0000775f10be8224: ;   {metadata(method data for {method} {0x00006ab1e86ac060} 'popCurrentExpressionNode' '()V' in 'org/apache/xpath/XPathContext')}
  0x0000775f10be8224: 0001 48be | f82f 81e8 | b16a 0000 | 8bbe f400 | 0000 83c7 | 0289 bef4 | 0000 0081 | e7fe ff1f 
  0x0000775f10be8244: 0085 ff0f | 8454 4800 | 0048 8bbc | 24e0 0000 | 008b 7760 

  0x0000775f10be8258: ; implicit exception: dispatches to 0x0000775f10becac2
  0x0000775f10be8258: 483b 0648 

  0x0000775f10be825c: ;   {metadata(method data for {method} {0x00006ab1e86ac060} 'popCurrentExpressionNode' '()V' in 'org/apache/xpath/XPathContext')}
  0x0000775f10be825c: 8bde 48b8 | f82f 81e8 | b16a 0000 | 4883 8038 | 0100 0001 

  0x0000775f10be8270: ;   {metadata(method data for {method} {0x00006ab1e8648728} 'quickPop' '(I)V' in 'org/apache/xml/utils/IntStack')}
  0x0000775f10be8270: 48bb 9012 | 7ee8 b16a | 0000 8b83 | f400 0000 | 83c0 0289 | 83f4 0000 | 0025 feff | 1f00 85c0 
  0x0000775f10be8290: 0f84 3148 | 0000 8b5e | 10ff cb89 | 5e10 488b 

  0x0000775f10be82a0: ;   {metadata(method data for {method} {0x00006ab1e855b330} 'transformSelectedNodes' '(Lorg/apache/xalan/transformer/TransformerImpl;)V' in 'org/apache/xalan/templates/ElemApplyTemplates')}
  0x0000775f10be82a0: f748 bbd8 | 9381 e8b1 | 6a00 0048 | 8383 481b 

  0x0000775f10be82b0: ;   {metadata(method data for {method} {0x00006ab1e86ab680} 'popCurrentNode' '()V' in 'org/apache/xpath/XPathContext')}
  0x0000775f10be82b0: 0000 0148 | be10 5280 | e8b1 6a00 | 008b 9ef4 | 0000 0083 | c302 899e | f400 0000 | 81e3 feff 
  0x0000775f10be82d0: 1f00 85db | 0f84 0e48 | 0000 8b77 | 5448 3b06 

  0x0000775f10be82e0: ;   {metadata(method data for {method} {0x00006ab1e86ab680} 'popCurrentNode' '()V' in 'org/apache/xpath/XPathContext')}
  0x0000775f10be82e0: 488b de48 | b810 5280 | e8b1 6a00 | 0048 8380 | 3801 0000 

  0x0000775f10be82f4: ;   {metadata(method data for {method} {0x00006ab1e8648728} 'quickPop' '(I)V' in 'org/apache/xml/utils/IntStack')}
  0x0000775f10be82f4: 0148 bb90 | 127e e8b1 | 6a00 008b | 83f4 0000 | 0083 c002 | 8983 f400 | 0000 25fe | ff1f 0085 
  0x0000775f10be8314: c00f 84f3 | 4700 008b | 5e10 ffcb | 895e 1048 | 8b84 2438 

  0x0000775f10be8328: ;   {metadata(method data for {method} {0x00006ab1e855b330} 'transformSelectedNodes' '(Lorg/apache/xalan/transformer/TransformerImpl;)V' in 'org/apache/xalan/templates/ElemApplyTemplates')}
  0x0000775f10be8328: 0100 0048 | bed8 9381 | e8b1 6a00 | 008b 4008 | 49ba 0000 | 00f3 b16a | 0000 4903 | c248 3b86 
  0x0000775f10be8348: 901b 0000 | 750d 4883 | 8698 1b00 | 0001 e960 | 0000 0048 | 3b86 a01b | 0000 750d | 4883 86a8 
  0x0000775f10be8368: 1b00 0001 | e94a 0000 | 0048 83be | 901b 0000 | 0075 1748 | 8986 901b | 0000 48c7 | 8698 1b00 
  0x0000775f10be8388: 0001 0000 | 00e9 2900 | 0000 4883 | bea0 1b00 | 0000 7517 | 4889 86a0 | 1b00 0048 | c786 a81b 
  0x0000775f10be83a8: 0000 0100 | 0000 e908 | 0000 0048 | 8386 801b | 0000 0148 | 8bb4 2438 | 0100 0066 | 9048 b8ff 
  0x0000775f10be83c8: ffff ffff 

  0x0000775f10be83cc: ;   {virtual_call}
  0x0000775f10be83cc: ffff ffe8 

  0x0000775f10be83d0: ; ImmutableOopMap {[224]=Oop [232]=Oop [240]=Oop [256]=Oop [280]=Oop [312]=Oop [344]=Oop [360]=Oop [368]=Oop [424]=Oop [432]=Oop [448]=Oop [504]=Oop [544]=Oop [688]=Oop }
                      ;*invokeinterface detach {reexecute=0 rethrow=0 return_oop=0}
                      ; - org.apache.xalan.templates.ElemApplyTemplates::transformSelectedNodes@971 (line 450)
  0x0000775f10be83d0: accf 0707 

  0x0000775f10be83d4: ;   {other}
  0x0000775f10be83d4: 0f1f 8400 | c48a 005e | e900 0600 | 0049 8b87 | 1808 0000 | 4d33 d24d | 8997 1808 | 0000 4d33 
  0x0000775f10be83f4: d24d 8997 | 2008 0000 | 488b 9424 | f000 0000 

  0x0000775f10be8404: ;   {metadata(method data for {method} {0x00006ab1e855b330} 'transformSelectedNodes' '(Lorg/apache/xalan/transformer/TransformerImpl;)V' in 'org/apache/xalan/templates/ElemApplyTemplates')}
  0x0000775f10be8404: 488b f248 | bfd8 9381 | e8b1 6a00 | 0048 8387 | 2019 0000 | 010f be72 | 1583 e601 

  0x0000775f10be8420: ;   {metadata(method data for {method} {0x00006ab1e855b330} 'transformSelectedNodes' '(Lorg/apache/xalan/transformer/TransformerImpl;)V' in 'org/apache/xalan/templates/ElemApplyTemplates')}
  0x0000775f10be8420: 85f6 48be | d893 81e8 | b16a 0000 | 48c7 c740 | 1900 0074 | 0748 c7c7 | 5019 0000 | 488b 0c3e 
  0x0000775f10be8440: 488d 4901 | 4889 0c3e | 4889 8424 | f802 0000 | 0f84 4604 | 0000 488b | b424 e800 | 0000 488b 
  0x0000775f10be8460: ;   {metadata(method data for {method} {0x00006ab1e855b330} 'transformSelectedNodes' '(Lorg/apache/xalan/transformer/TransformerImpl;)V' in 'org/apache/xalan/templates/ElemApplyTemplates')}
  0x0000775f10be8460: fa48 b9d8 | 9381 e8b1 

  0x0000775f10be8468: ;   {metadata('org/apache/xalan/transformer/TransformerImpl')}
  0x0000775f10be8468: 6a00 0049 | bac8 0c0c | f4b1 6a00 | 004c 8991 | 7019 0000 | 4883 8178 | 1900 0001 | 8b9a 8400 
  0x0000775f10be8488: 0000 660f | 1f44 0000 

  0x0000775f10be8490: ;   {no_reloc}
  0x0000775f10be8490: e9a9 4600 | 0000 0000 | 0000 4c8b | ce49 8b87 | b804 0000 | 488d 4818 | 483b c80f | 8297 4600 
  0x0000775f10be84b0: 0049 3b8f | c004 0000 | 0f87 8a46 | 0000 4989 | 8fb8 0400 | 0048 8bf8 | 48c1 ef06 | 49ba 0000 
  0x0000775f10be84d0: 406c b26a | 0000 458a | 143a 488b | c848 c1e9 | 0348 83e1 | 0748 c7c7 | 0100 0000 | 48d3 e74c 
  0x0000775f10be84f0: 0bd7 488b | f848 c1ef | 0648 b900 | 0040 6cb2 | 6a00 0044 | 8814 3949 | 8387 2802 | 0000 1849 
  0x0000775f10be8510: 8387 2802 | 0000 0048 | c700 0100 | 0000 488b | ca49 ba00 | 0000 f3b1 | 6a00 0049 | 2bca 8948 
  0x0000775f10be8530: 0848 33c9 | 8948 0c48 | 33c9 4889 | 4810 4889 | 8424 e802 | 0000 418b | 5150 488b 

  0x0000775f10be854c: ;   {metadata(method data for {method} {0x00006ab1e855b330} 'transformSelectedNodes' '(Lorg/apache/xalan/transformer/TransformerImpl;)V' in 'org/apache/xalan/templates/ElemApplyTemplates')}
  0x0000775f10be854c: f048 bfd8 | 9381 e8b1 | 6a00 0048 | 8387 9819 

  0x0000775f10be855c: ;   {metadata(method data for {method} {0x00006ab1e865bd78} '<init>' '(Lorg/apache/xpath/Expression;)V' in 'org/apache/xpath/XPath')}
  0x0000775f10be855c: 0000 0148 | be78 2b82 | e8b1 6a00 | 008b bef4 | 0000 0083 | c702 89be | f400 0000 | 81e7 feff 
  0x0000775f10be857c: 1f00 85ff | 0f84 cf45 | 0000 488b 

  0x0000775f10be8588: ;   {metadata(method data for {method} {0x00006ab1e865bd78} '<init>' '(Lorg/apache/xpath/Expression;)V' in 'org/apache/xpath/XPath')}
  0x0000775f10be8588: f048 bf78 | 2b82 e8b1 | 6a00 0048 | 8387 3801 

  0x0000775f10be8598: ;   {metadata(method data for {method} {0x00006ab1f34791f0} '<init>' '()V' in 'java/lang/Object')}
  0x0000775f10be8598: 0000 0148 | be20 7100 | e8b1 6a00 | 008b bef4 | 0000 0083 | c702 89be | f400 0000 | 81e7 feff 
  0x0000775f10be85b8: 1f00 85ff | 0f84 b445 | 0000 488b 

  0x0000775f10be85c4: ;   {metadata(method data for {method} {0x00006ab1e865bd78} '<init>' '(Lorg/apache/xpath/Expression;)V' in 'org/apache/xpath/XPath')}
  0x0000775f10be85c4: f048 bf78 | 2b82 e8b1 

  0x0000775f10be85cc: ;   {metadata('org/apache/xpath/XPath')}
  0x0000775f10be85cc: 6a00 0049 | ba88 130c | f4b1 6a00 | 004c 8997 | 5801 0000 | 4883 8760 | 0100 0001 | 488b f048 
  0x0000775f10be85ec: 899c 24f0 | 0200 000f 

  0x0000775f10be85f4: ;   {optimized virtual_call}
  0x0000775f10be85f4: 1f40 00e8 

  0x0000775f10be85f8: ; ImmutableOopMap {[224]=Oop [232]=Oop [240]=Oop [256]=Oop [280]=Oop [312]=Oop [344]=Oop [360]=Oop [368]=Oop [424]=Oop [432]=Oop [448]=Oop [504]=Oop [544]=Oop [688]=Oop [744]=Oop [752]=Oop [760]=Oop }
                      ;*invokevirtual setExpression {reexecute=0 rethrow=0 return_oop=0}
                      ; - org.apache.xpath.XPath::<init>@11 (line 278)
                      ; - org.apache.xalan.templates.ElemApplyTemplates::transformSelectedNodes@917 (line 438)
  0x0000775f10be85f8: 84ca 0707 

  0x0000775f10be85fc: ;   {other}
  0x0000775f10be85fc: 0f1f 8400 | ec8c 005f | 488b 8424 | e802 0000 

  0x0000775f10be860c: ;   {metadata(method data for {method} {0x00006ab1e865bd78} '<init>' '(Lorg/apache/xpath/Expression;)V' in 'org/apache/xpath/XPath')}
  0x0000775f10be860c: 48ba 782b | 82e8 b16a | 0000 4883 | 8280 0100 

  0x0000775f10be861c: ;   {metadata(method data for {method} {0x00006ab1e865b4a0} 'initFunctionTable' '()V' in 'org/apache/xpath/XPath')}
  0x0000775f10be861c: 0001 48ba | d83e 82e8 | b16a 0000 | 8bb2 f400 | 0000 83c6 | 0289 b2f4 | 0000 0081 | e6fe ff1f 
  0x0000775f10be863c: 0085 f60f | 8452 4500 

  0x0000775f10be8644: ;   {metadata('org/apache/xpath/compiler/FunctionTable')}
  0x0000775f10be8644: 0048 ba58 | d201 f4b1 | 6a00 0049 | 8b87 b804 | 0000 488d | 4818 483b | c80f 8255 | 4500 0049 
  0x0000775f10be8664: 3b8f c004 | 0000 0f87 | 4845 0000 | 4989 8fb8 | 0400 0048 | 8bf8 48c1 | ef06 49ba | 0000 406c 
  0x0000775f10be8684: b26a 0000 | 458a 143a | 488b c848 | c1e9 0348 | 83e1 0748 | c7c7 0100 | 0000 48d3 | e74c 0bd7 
  0x0000775f10be86a4: 488b f848 | c1ef 0648 | b900 0040 | 6cb2 6a00 | 0044 8814 | 3949 8387 | 2802 0000 | 1849 8387 
  0x0000775f10be86c4: 2802 0000 | 0048 c700 | 0100 0000 | 488b ca49 | ba00 0000 | f3b1 6a00 | 0049 2bca | 8948 0848 
  0x0000775f10be86e4: 33c9 8948 | 0c48 33c9 | 4889 4810 

  0x0000775f10be86f0: ;   {metadata(method data for {method} {0x00006ab1e865b4a0} 'initFunctionTable' '()V' in 'org/apache/xpath/XPath')}
  0x0000775f10be86f0: 488b f048 | bfd8 3e82 | e8b1 6a00 | 0048 8387 | 3801 0000 | 0148 8bf0 | 4889 8424 | 0003 0000 
  0x0000775f10be8710: 0f1f 8000 

  0x0000775f10be8714: ;   {optimized virtual_call}
  0x0000775f10be8714: 0000 00e8 

  0x0000775f10be8718: ; ImmutableOopMap {[224]=Oop [232]=Oop [240]=Oop [256]=Oop [280]=Oop [312]=Oop [344]=Oop [360]=Oop [368]=Oop [424]=Oop [432]=Oop [448]=Oop [504]=Oop [544]=Oop [688]=Oop [744]=Oop [752]=Oop [760]=Oop [768]=Oop }
                      ;*invokespecial <init> {reexecute=0 rethrow=0 return_oop=0}
                      ; - org.apache.xpath.XPath::initFunctionTable@5 (line 62)
                      ; - org.apache.xpath.XPath::<init>@15 (line 279)
                      ; - org.apache.xalan.templates.ElemApplyTemplates::transformSelectedNodes@917 (line 438)
  0x0000775f10be8718: 64c9 0707 

  0x0000775f10be871c: ;   {other}
  0x0000775f10be871c: 0f1f 8400 | 0c8e 0060 | 488b 9c24 | e802 0000 | 488b 8424 | 0003 0000 | 4c8b d044 | 8953 100f 
  0x0000775f10be873c: 1f44 0000 

  0x0000775f10be8740: ;   {no_reloc}
  0x0000775f10be8740: e98f 4400 | 0000 0000 | 0000 498b | 87b8 0400 | 0048 8d48 | 2848 3bc8 | 0f82 8044 | 0000 493b 
  0x0000775f10be8760: 8fc0 0400 | 000f 8773 | 4400 0049 | 898f b804 | 0000 488b | f848 c1ef | 0649 ba00 | 0040 6cb2 
  0x0000775f10be8780: 6a00 0045 | 8a14 3a48 | 8bc8 48c1 | e903 4883 | e107 48c7 | c701 0000 | 0048 d3e7 | 4c0b d748 
  0x0000775f10be87a0: 8bf8 48c1 | ef06 48b9 | 0000 406c | b26a 0000 | 4488 1439 | 4983 8728 | 0200 0028 | 4983 8728 
  0x0000775f10be87c0: 0200 0000 | 48c7 0001 | 0000 0048 | 8bca 49ba | 0000 00f3 | b16a 0000 | 492b ca89 | 4808 4833 
  0x0000775f10be87e0: c989 480c | 4833 c948 | 8948 1048 | 8948 1848 | 8948 2048 

  0x0000775f10be87f4: ;   {metadata(method data for {method} {0x00006ab1e855b330} 'transformSelectedNodes' '(Lorg/apache/xalan/transformer/TransformerImpl;)V' in 'org/apache/xalan/templates/ElemApplyTemplates')}
  0x0000775f10be87f4: 8bd0 48be | d893 81e8 | b16a 0000 | 4883 86a8 | 1900 0001 | 488b 9424 | 3801 0000 | 488b f048 
  0x0000775f10be8814: 8984 2408 | 0300 000f 

  0x0000775f10be881c: ;   {optimized virtual_call}
  0x0000775f10be881c: 1f40 00e8 

  0x0000775f10be8820: ; ImmutableOopMap {[224]=Oop [232]=Oop [240]=Oop [256]=Oop [280]=Oop [312]=Oop [344]=Oop [360]=Oop [368]=Oop [424]=Oop [432]=Oop [448]=Oop [504]=Oop [544]=Oop [688]=Oop [744]=Oop [752]=Oop [760]=Oop [776]=Oop }
                      ;*invokespecial <init> {reexecute=0 rethrow=0 return_oop=0}
                      ; - org.apache.xalan.templates.ElemApplyTemplates::transformSelectedNodes@926 (line 438)
  0x0000775f10be8820: 5cc8 0707 

  0x0000775f10be8824: ;   {other}
  0x0000775f10be8824: 0f1f 8400 | 148f 0061 | 488b 9c24 | f002 0000 

  0x0000775f10be8834: ; implicit exception: dispatches to 0x0000775f10becbeb
  0x0000775f10be8834: 483b 0348 

  0x0000775f10be8838: ;   {metadata(method data for {method} {0x00006ab1e855b330} 'transformSelectedNodes' '(Lorg/apache/xalan/transformer/TransformerImpl;)V' in 'org/apache/xalan/templates/ElemApplyTemplates')}
  0x0000775f10be8838: 8bd3 48b9 | d893 81e8 | b16a 0000 

  0x0000775f10be8844: ;   {metadata('org/apache/xalan/trace/TraceManager')}
  0x0000775f10be8844: 49ba 7884 | 0ef4 b16a | 0000 4c89 | 91c8 1900 | 0048 8381 | d019 0000 | 018b 9424 | f800 0000 
  0x0000775f10be8864: 488b 8c24 | e800 0000 

  0x0000775f10be886c: ;   {oop("select"{0x0000000040ab07b8})}
  0x0000775f10be886c: 49b8 b807 | ab40 0000 | 0000 4c8b | 8c24 e802 | 0000 488b | bc24 0803 | 0000 488b | f366 0f1f 
  0x0000775f10be888c: ;   {optimized virtual_call}
  0x0000775f10be888c: 4400 00e8 

  0x0000775f10be8890: ; ImmutableOopMap {[224]=Oop [232]=Oop [240]=Oop [256]=Oop [280]=Oop [312]=Oop [344]=Oop [360]=Oop [368]=Oop [424]=Oop [432]=Oop [448]=Oop [504]=Oop [544]=Oop [688]=Oop [760]=Oop }
                      ;*invokevirtual fireSelectedEndEvent {reexecute=0 rethrow=0 return_oop=0}
                      ; - org.apache.xalan.templates.ElemApplyTemplates::transformSelectedNodes@929 (line 438)
  0x0000775f10be8890: ecc7 0707 

  0x0000775f10be8894: ;   {other}
  0x0000775f10be8894: 0f1f 8400 | 848f 0062 | 8b8c 24fc | 0000 0085 

  0x0000775f10be88a4: ;   {metadata(method data for {method} {0x00006ab1e855b330} 'transformSelectedNodes' '(Lorg/apache/xalan/transformer/TransformerImpl;)V' in 'org/apache/xalan/templates/ElemApplyTemplates')}
  0x0000775f10be88a4: c948 bad8 | 9381 e8b1 | 6a00 0048 | c7c6 f019 | 0000 7e07 | 48c7 c600 | 1a00 0048 | 8b3c 3248 
  0x0000775f10be88c4: 8d7f 0148 | 893c 3289 | 8c24 fc00 | 0000 0f8e | 4c00 0000 | 488b 9c24 | 0001 0000 

  0x0000775f10be88e0: ;   {metadata(method data for {method} {0x00006ab1e855b330} 'transformSelectedNodes' '(Lorg/apache/xalan/transformer/TransformerImpl;)V' in 'org/apache/xalan/templates/ElemApplyTemplates')}
  0x0000775f10be88e0: 48ba d893 | 81e8 b16a 

  0x0000775f10be88e8: ;   {metadata('org/apache/xpath/VariableStack')}
  0x0000775f10be88e8: 0000 49ba | a8de 0ef4 | b16a 0000 | 4c89 9220 | 1a00 0048 | 8382 281a | 0000 018b | 9424 1001 
  0x0000775f10be8908: 0000 488b | b424 0001 | 0000 0f1f 

  0x0000775f10be8914: ;   {optimized virtual_call}
  0x0000775f10be8914: 4400 00e8 

  0x0000775f10be8918: ; ImmutableOopMap {[224]=Oop [232]=Oop [240]=Oop [256]=Oop [280]=Oop [312]=Oop [344]=Oop [360]=Oop [368]=Oop [424]=Oop [432]=Oop [448]=Oop [504]=Oop [544]=Oop [688]=Oop [760]=Oop }
                      ;*invokevirtual unlink {reexecute=0 rethrow=0 return_oop=0}
                      ; - org.apache.xalan.templates.ElemApplyTemplates::transformSelectedNodes@941 (line 444)
  0x0000775f10be8918: 64c7 0707 

  0x0000775f10be891c: ;   {other}
  0x0000775f10be891c: 0f1f 8400 | 0c90 0063 | 488b bc24 | e000 0000 

  0x0000775f10be892c: ;   {metadata(method data for {method} {0x00006ab1e855b330} 'transformSelectedNodes' '(Lorg/apache/xalan/transformer/TransformerImpl;)V' in 'org/apache/xalan/templates/ElemApplyTemplates')}
  0x0000775f10be892c: 488b f748 | bbd8 9381 | e8b1 6a00 | 0048 8383 | 601a 0000 

  0x0000775f10be8940: ;   {metadata(method data for {method} {0x00006ab1e86aa268} 'popSAXLocator' '()V' in 'org/apache/xpath/XPathContext')}
  0x0000775f10be8940: 0148 be58 | 0281 e8b1 | 6a00 008b | 9ef4 0000 | 0083 c302 | 899e f400 | 0000 81e3 | feff 1f00 
  0x0000775f10be8960: 85db 0f84 | 8842 0000 | 8b77 2c48 | 3b06 488b 

  0x0000775f10be8970: ;   {metadata(method data for {method} {0x00006ab1e86aa268} 'popSAXLocator' '()V' in 'org/apache/xpath/XPathContext')}
  0x0000775f10be8970: de48 b858 | 0281 e8b1 | 6a00 0048 | 8380 5001 | 0000 010f 

  0x0000775f10be8984: ;   {optimized virtual_call}
  0x0000775f10be8984: 1f40 00e8 

  0x0000775f10be8988: ; ImmutableOopMap {[224]=Oop [232]=Oop [240]=Oop [256]=Oop [280]=Oop [312]=Oop [344]=Oop [360]=Oop [368]=Oop [424]=Oop [432]=Oop [448]=Oop [504]=Oop [544]=Oop [688]=Oop [760]=Oop }
                      ;*invokevirtual pop {reexecute=0 rethrow=0 return_oop=0}
                      ; - org.apache.xpath.XPathContext::popSAXLocator@4 (line 434)
                      ; - org.apache.xalan.templates.ElemApplyTemplates::transformSelectedNodes@945 (line 445)
  0x0000775f10be8988: f4c6 0707 

  0x0000775f10be898c: ;   {other}
  0x0000775f10be898c: 0f1f 8400 | 7c90 0064 

  0x0000775f10be8994: ;   {metadata(method data for {method} {0x00006ab1e855b330} 'transformSelectedNodes' '(Lorg/apache/xalan/transformer/TransformerImpl;)V' in 'org/apache/xalan/templates/ElemApplyTemplates')}
  0x0000775f10be8994: 48be d893 | 81e8 b16a | 0000 ff86 | 901a 0000 | 488b bc24 | e000 0000 

  0x0000775f10be89ac: ;   {metadata(method data for {method} {0x00006ab1e855b330} 'transformSelectedNodes' '(Lorg/apache/xalan/transformer/TransformerImpl;)V' in 'org/apache/xalan/templates/ElemApplyTemplates')}
  0x0000775f10be89ac: 48be d893 | 81e8 b16a | 0000 4883 | 86a0 1a00 | 0001 488b | b424 e000 

  0x0000775f10be89c4: ;   {optimized virtual_call}
  0x0000775f10be89c4: 0000 90e8 

  0x0000775f10be89c8: ; ImmutableOopMap {[224]=Oop [232]=Oop [240]=Oop [256]=Oop [280]=Oop [312]=Oop [344]=Oop [360]=Oop [368]=Oop [424]=Oop [432]=Oop [448]=Oop [504]=Oop [544]=Oop [688]=Oop [760]=Oop }
                      ;*invokevirtual popContextNodeList {reexecute=0 rethrow=0 return_oop=0}
                      ; - org.apache.xalan.templates.ElemApplyTemplates::transformSelectedNodes@954 (line 446)
  0x0000775f10be89c8: b4c6 0707 

  0x0000775f10be89cc: ;   {other}
  0x0000775f10be89cc: 0f1f 8400 | bc90 0065 | 488b 9424 | f000 0000 | e926 0000 

  0x0000775f10be89e0: ;   {metadata(method data for {method} {0x00006ab1e855b330} 'transformSelectedNodes' '(Lorg/apache/xalan/transformer/TransformerImpl;)V' in 'org/apache/xalan/templates/ElemApplyTemplates')}
  0x0000775f10be89e0: 0048 bed8 | 9381 e8b1 | 6a00 00ff | 86d8 1800 | 0048 81c4 | 0004 0000 

  0x0000775f10be89f8: ;   {poll_return}
  0x0000775f10be89f8: 5d49 3ba7 | 6807 0000 | 0f87 1042 | 0000 c348 

  0x0000775f10be8a08: ;   {metadata(method data for {method} {0x00006ab1e855b330} 'transformSelectedNodes' '(Lorg/apache/xalan/transformer/TransformerImpl;)V' in 'org/apache/xalan/templates/ElemApplyTemplates')}
  0x0000775f10be8a08: 8bf2 48bb | d893 81e8 | b16a 0000 | 4883 83f0 | 1a00 0001 

  0x0000775f10be8a1c: ;   {metadata(method data for {method} {0x00006ab1e8655cc0} 'popElemTemplateElement' '()V' in 'org/apache/xalan/transformer/TransformerImpl')}
  0x0000775f10be8a1c: 48be c809 | 81e8 b16a | 0000 8b9e | f400 0000 | 83c3 0289 | 9ef4 0000 | 0081 e3fe | ff1f 0085 
  0x0000775f10be8a3c: db0f 84e9 | 4100 008b | 724c 483b | 0648 8bde 

  0x0000775f10be8a4c: ;   {metadata(method data for {method} {0x00006ab1e8655cc0} 'popElemTemplateElement' '()V' in 'org/apache/xalan/transformer/TransformerImpl')}
  0x0000775f10be8a4c: 48b8 c809 | 81e8 b16a | 0000 4883 | 8050 0100 

  0x0000775f10be8a5c: ;   {optimized virtual_call}
  0x0000775f10be8a5c: 0001 90e8 

  0x0000775f10be8a60: ; ImmutableOopMap {[224]=Oop [232]=Oop [240]=Oop [256]=Oop [280]=Oop [312]=Oop [344]=Oop [360]=Oop [368]=Oop [424]=Oop [432]=Oop [448]=Oop [504]=Oop [544]=Oop [688]=Oop [760]=Oop }
                      ;*invokevirtual pop {reexecute=0 rethrow=0 return_oop=0}
                      ; - org.apache.xalan.transformer.TransformerImpl::popElemTemplateElement@4 (line 2632)
                      ; - org.apache.xalan.templates.ElemApplyTemplates::transformSelectedNodes@958 (line 447)
  0x0000775f10be8a60: 1cc6 0707 

  0x0000775f10be8a64: ;   {other}
  0x0000775f10be8a64: 0f1f 8400 | 5491 0066 | 488b bc24 | e000 0000 

  0x0000775f10be8a74: ;   {metadata(method data for {method} {0x00006ab1e855b330} 'transformSelectedNodes' '(Lorg/apache/xalan/transformer/TransformerImpl;)V' in 'org/apache/xalan/templates/ElemApplyTemplates')}
  0x0000775f10be8a74: 48be d893 | 81e8 b16a | 0000 4883 | 8610 1b00 

  0x0000775f10be8a84: ;   {metadata(method data for {method} {0x00006ab1e86ac060} 'popCurrentExpressionNode' '()V' in 'org/apache/xpath/XPathContext')}
  0x0000775f10be8a84: 0001 48be | f82f 81e8 | b16a 0000 | 8bbe f400 | 0000 83c7 | 0289 bef4 | 0000 0081 | e7fe ff1f 
  0x0000775f10be8aa4: 0085 ff0f | 84a5 4100 | 0048 8bbc | 24e0 0000 | 008b 7760 

  0x0000775f10be8ab8: ; implicit exception: dispatches to 0x0000775f10becc73
  0x0000775f10be8ab8: 483b 0648 

  0x0000775f10be8abc: ;   {metadata(method data for {method} {0x00006ab1e86ac060} 'popCurrentExpressionNode' '()V' in 'org/apache/xpath/XPathContext')}
  0x0000775f10be8abc: 8bde 48b8 | f82f 81e8 | b16a 0000 | 4883 8038 | 0100 0001 

  0x0000775f10be8ad0: ;   {metadata(method data for {method} {0x00006ab1e8648728} 'quickPop' '(I)V' in 'org/apache/xml/utils/IntStack')}
  0x0000775f10be8ad0: 48bb 9012 | 7ee8 b16a | 0000 8b83 | f400 0000 | 83c0 0289 | 83f4 0000 | 0025 feff | 1f00 85c0 
  0x0000775f10be8af0: 0f84 8241 | 0000 8b5e | 10ff cb89 | 5e10 488b 

  0x0000775f10be8b00: ;   {metadata(method data for {method} {0x00006ab1e855b330} 'transformSelectedNodes' '(Lorg/apache/xalan/transformer/TransformerImpl;)V' in 'org/apache/xalan/templates/ElemApplyTemplates')}
  0x0000775f10be8b00: f748 bbd8 | 9381 e8b1 | 6a00 0048 | 8383 481b 

  0x0000775f10be8b10: ;   {metadata(method data for {method} {0x00006ab1e86ab680} 'popCurrentNode' '()V' in 'org/apache/xpath/XPathContext')}
  0x0000775f10be8b10: 0000 0148 | be10 5280 | e8b1 6a00 | 008b 9ef4 | 0000 0083 | c302 899e | f400 0000 | 81e3 feff 
  0x0000775f10be8b30: 1f00 85db | 0f84 5f41 | 0000 8b77 | 5448 3b06 

  0x0000775f10be8b40: ;   {metadata(method data for {method} {0x00006ab1e86ab680} 'popCurrentNode' '()V' in 'org/apache/xpath/XPathContext')}
  0x0000775f10be8b40: 488b de48 | b810 5280 | e8b1 6a00 | 0048 8380 | 3801 0000 

  0x0000775f10be8b54: ;   {metadata(method data for {method} {0x00006ab1e8648728} 'quickPop' '(I)V' in 'org/apache/xml/utils/IntStack')}
  0x0000775f10be8b54: 0148 bb90 | 127e e8b1 | 6a00 008b | 83f4 0000 | 0083 c002 | 8983 f400 | 0000 25fe | ff1f 0085 
  0x0000775f10be8b74: c00f 8444 | 4100 008b | 5e10 ffcb | 895e 1048 | 8b84 2438 

  0x0000775f10be8b88: ;   {metadata(method data for {method} {0x00006ab1e855b330} 'transformSelectedNodes' '(Lorg/apache/xalan/transformer/TransformerImpl;)V' in 'org/apache/xalan/templates/ElemApplyTemplates')}
  0x0000775f10be8b88: 0100 0048 | bed8 9381 | e8b1 6a00 | 008b 4008 | 49ba 0000 | 00f3 b16a | 0000 4903 | c248 3b86 
  0x0000775f10be8ba8: 901b 0000 | 750d 4883 | 8698 1b00 | 0001 e960 | 0000 0048 | 3b86 a01b | 0000 750d | 4883 86a8 
  0x0000775f10be8bc8: 1b00 0001 | e94a 0000 | 0048 83be | 901b 0000 | 0075 1748 | 8986 901b | 0000 48c7 | 8698 1b00 
  0x0000775f10be8be8: 0001 0000 | 00e9 2900 | 0000 4883 | bea0 1b00 | 0000 7517 | 4889 86a0 | 1b00 0048 | c786 a81b 
  0x0000775f10be8c08: 0000 0100 | 0000 e908 | 0000 0048 | 8386 801b | 0000 0148 | 8bb4 2438 | 0100 0066 | 9048 b8ff 
  0x0000775f10be8c28: ffff ffff 

  0x0000775f10be8c2c: ;   {virtual_call}
  0x0000775f10be8c2c: ffff ffe8 

  0x0000775f10be8c30: ; ImmutableOopMap {[224]=Oop [232]=Oop [240]=Oop [256]=Oop [280]=Oop [312]=Oop [344]=Oop [360]=Oop [368]=Oop [424]=Oop [432]=Oop [448]=Oop [504]=Oop [544]=Oop [688]=Oop [760]=Oop }
                      ;*invokeinterface detach {reexecute=0 rethrow=0 return_oop=0}
                      ; - org.apache.xalan.templates.ElemApplyTemplates::transformSelectedNodes@971 (line 450)
  0x0000775f10be8c30: 4cc7 0707 

  0x0000775f10be8c34: ;   {other}
  0x0000775f10be8c34: 0f1f 8400 | 2493 0067 | 488b 8424 | f802 0000 | e9f0 6e00 

  0x0000775f10be8c48: ; ImmutableOopMap {rsi=Oop rax=Oop [224]=Oop [232]=Oop [240]=Oop [256]=Oop [280]=Oop [312]=Oop [344]=Oop [360]=Oop [368]=Oop [424]=Oop [432]=Oop [448]=Oop [504]=Oop [544]=Oop }
                      ;*athrow {reexecute=1 rethrow=0 return_oop=0}
                      ; - (reexecute) org.apache.xalan.templates.ElemApplyTemplates::transformSelectedNodes@791 (line 400)
  0x0000775f10be8c48: 0048 8bc6 

  0x0000775f10be8c4c: ;   {section_word}
  0x0000775f10be8c4c: 48ba 4c8c | be10 5f77 

  0x0000775f10be8c54: ;   {runtime_call handle_exception_nofpu Runtime1 stub}
  0x0000775f10be8c54: 0000 e825 | a012 0790 

  0x0000775f10be8c5c: ;   {metadata(method data for {method} {0x00006ab1e855b330} 'transformSelectedNodes' '(Lorg/apache/xalan/transformer/TransformerImpl;)V' in 'org/apache/xalan/templates/ElemApplyTemplates')}
  0x0000775f10be8c5c: 488b f248 | bbd8 9381 | e8b1 6a00 | 0048 8383 | f01a 0000 

  0x0000775f10be8c70: ;   {metadata(method data for {method} {0x00006ab1e8655cc0} 'popElemTemplateElement' '()V' in 'org/apache/xalan/transformer/TransformerImpl')}
  0x0000775f10be8c70: 0148 bec8 | 0981 e8b1 | 6a00 008b | 9ef4 0000 | 0083 c302 | 899e f400 | 0000 81e3 | feff 1f00 
  0x0000775f10be8c90: 85db 0f84 | 4840 0000 | 8b72 4c48 | 3b06 488b 

  0x0000775f10be8ca0: ;   {metadata(method data for {method} {0x00006ab1e8655cc0} 'popElemTemplateElement' '()V' in 'org/apache/xalan/transformer/TransformerImpl')}
  0x0000775f10be8ca0: de48 b8c8 | 0981 e8b1 | 6a00 0048 | 8380 5001 | 0000 010f 

  0x0000775f10be8cb4: ;   {optimized virtual_call}
  0x0000775f10be8cb4: 1f40 00e8 

  0x0000775f10be8cb8: ; ImmutableOopMap {[224]=Oop [232]=Oop [240]=Oop [256]=Oop [280]=Oop [312]=Oop [344]=Oop [360]=Oop [368]=Oop [424]=Oop [432]=Oop [448]=Oop [504]=Oop [544]=Oop [664]=Oop }
                      ;*invokevirtual pop {reexecute=0 rethrow=0 return_oop=0}
                      ; - org.apache.xalan.transformer.TransformerImpl::popElemTemplateElement@4 (line 2632)
                      ; - org.apache.xalan.templates.ElemApplyTemplates::transformSelectedNodes@958 (line 447)
  0x0000775f10be8cb8: c4c3 0707 

  0x0000775f10be8cbc: ;   {other}
  0x0000775f10be8cbc: 0f1f 8400 | ac93 0069 | 488b bc24 | e000 0000 

  0x0000775f10be8ccc: ;   {metadata(method data for {method} {0x00006ab1e855b330} 'transformSelectedNodes' '(Lorg/apache/xalan/transformer/TransformerImpl;)V' in 'org/apache/xalan/templates/ElemApplyTemplates')}
  0x0000775f10be8ccc: 48be d893 | 81e8 b16a | 0000 4883 | 8610 1b00 

  0x0000775f10be8cdc: ;   {metadata(method data for {method} {0x00006ab1e86ac060} 'popCurrentExpressionNode' '()V' in 'org/apache/xpath/XPathContext')}
  0x0000775f10be8cdc: 0001 48be | f82f 81e8 | b16a 0000 | 8bbe f400 | 0000 83c7 | 0289 bef4 | 0000 0081 | e7fe ff1f 
  0x0000775f10be8cfc: 0085 ff0f | 8401 4000 | 0048 8bbc | 24e0 0000 | 008b 7760 

  0x0000775f10be8d10: ; implicit exception: dispatches to 0x0000775f10becd27
  0x0000775f10be8d10: 483b 0648 

  0x0000775f10be8d14: ;   {metadata(method data for {method} {0x00006ab1e86ac060} 'popCurrentExpressionNode' '()V' in 'org/apache/xpath/XPathContext')}
  0x0000775f10be8d14: 8bde 48b8 | f82f 81e8 | b16a 0000 | 4883 8038 | 0100 0001 

  0x0000775f10be8d28: ;   {metadata(method data for {method} {0x00006ab1e8648728} 'quickPop' '(I)V' in 'org/apache/xml/utils/IntStack')}
  0x0000775f10be8d28: 48bb 9012 | 7ee8 b16a | 0000 8b83 | f400 0000 | 83c0 0289 | 83f4 0000 | 0025 feff | 1f00 85c0 
  0x0000775f10be8d48: 0f84 de3f | 0000 8b5e | 10ff cb89 | 5e10 488b 

  0x0000775f10be8d58: ;   {metadata(method data for {method} {0x00006ab1e855b330} 'transformSelectedNodes' '(Lorg/apache/xalan/transformer/TransformerImpl;)V' in 'org/apache/xalan/templates/ElemApplyTemplates')}
  0x0000775f10be8d58: f748 bbd8 | 9381 e8b1 | 6a00 0048 | 8383 481b 

  0x0000775f10be8d68: ;   {metadata(method data for {method} {0x00006ab1e86ab680} 'popCurrentNode' '()V' in 'org/apache/xpath/XPathContext')}
  0x0000775f10be8d68: 0000 0148 | be10 5280 | e8b1 6a00 | 008b 9ef4 | 0000 0083 | c302 899e | f400 0000 | 81e3 feff 
  0x0000775f10be8d88: 1f00 85db | 0f84 bb3f | 0000 8b77 | 5448 3b06 

  0x0000775f10be8d98: ;   {metadata(method data for {method} {0x00006ab1e86ab680} 'popCurrentNode' '()V' in 'org/apache/xpath/XPathContext')}
  0x0000775f10be8d98: 488b de48 | b810 5280 | e8b1 6a00 | 0048 8380 | 3801 0000 

  0x0000775f10be8dac: ;   {metadata(method data for {method} {0x00006ab1e8648728} 'quickPop' '(I)V' in 'org/apache/xml/utils/IntStack')}
  0x0000775f10be8dac: 0148 bb90 | 127e e8b1 | 6a00 008b | 83f4 0000 | 0083 c002 | 8983 f400 | 0000 25fe | ff1f 0085 
  0x0000775f10be8dcc: c00f 84a0 | 3f00 008b | 5e10 ffcb | 895e 1048 | 8b84 2438 

  0x0000775f10be8de0: ;   {metadata(method data for {method} {0x00006ab1e855b330} 'transformSelectedNodes' '(Lorg/apache/xalan/transformer/TransformerImpl;)V' in 'org/apache/xalan/templates/ElemApplyTemplates')}
  0x0000775f10be8de0: 0100 0048 | bed8 9381 | e8b1 6a00 | 008b 4008 | 49ba 0000 | 00f3 b16a | 0000 4903 | c248 3b86 
  0x0000775f10be8e00: 901b 0000 | 750d 4883 | 8698 1b00 | 0001 e960 | 0000 0048 | 3b86 a01b | 0000 750d | 4883 86a8 
  0x0000775f10be8e20: 1b00 0001 | e94a 0000 | 0048 83be | 901b 0000 | 0075 1748 | 8986 901b | 0000 48c7 | 8698 1b00 
  0x0000775f10be8e40: 0001 0000 | 00e9 2900 | 0000 4883 | bea0 1b00 | 0000 7517 | 4889 86a0 | 1b00 0048 | c786 a81b 
  0x0000775f10be8e60: 0000 0100 | 0000 e908 | 0000 0048 | 8386 801b | 0000 0148 | 8bb4 2438 | 0100 0066 | 9048 b8ff 
  0x0000775f10be8e80: ffff ffff 

  0x0000775f10be8e84: ;   {virtual_call}
  0x0000775f10be8e84: ffff ffe8 

  0x0000775f10be8e88: ; ImmutableOopMap {[224]=Oop [232]=Oop [240]=Oop [256]=Oop [280]=Oop [312]=Oop [344]=Oop [360]=Oop [368]=Oop [424]=Oop [432]=Oop [448]=Oop [504]=Oop [544]=Oop [664]=Oop }
                      ;*invokeinterface detach {reexecute=0 rethrow=0 return_oop=0}
                      ; - org.apache.xalan.templates.ElemApplyTemplates::transformSelectedNodes@971 (line 450)
  0x0000775f10be8e88: f4c4 0707 

  0x0000775f10be8e8c: ;   {other}
  0x0000775f10be8e8c: 0f1f 8400 | 7c95 006a | 488b 8424 | 9802 0000 | e998 6c00 | 000f 1f80 | 0000 0000 

  0x0000775f10be8ea8: ;   {no_reloc}
  0x0000775f10be8ea8: e9f6 3e00 | 0000 0000 | 0000 80ba | 3901 0000 | 040f 85f3 | 3e00 0049 | 8b87 b804 | 0000 488d 
  0x0000775f10be8ec8: 4828 483b | c80f 82df | 3e00 0049 | 3b8f c004 | 0000 0f87 | d23e 0000 | 4989 8fb8 | 0400 0048 
  0x0000775f10be8ee8: 8bf8 48c1 | ef06 49ba | 0000 406c | b26a 0000 | 458a 143a | 488b c848 | c1e9 0348 | 83e1 0748 
  0x0000775f10be8f08: c7c7 0100 | 0000 48d3 | e74c 0bd7 | 488b f848 | c1ef 0648 | b900 0040 | 6cb2 6a00 | 0044 8814 
  0x0000775f10be8f28: 3949 8387 | 2802 0000 | 2849 8387 | 2802 0000 | 0048 c700 | 0100 0000 | 488b ca49 | ba00 0000 
  0x0000775f10be8f48: f3b1 6a00 | 0049 2bca | 8948 0848 | 33c9 8948 | 0c48 33c9 | 4889 4810 | 4889 4818 | 4889 4820 
  0x0000775f10be8f68: ;   {metadata(method data for {method} {0x00006ab1e81abdf0} 'peek' '()Ljava/lang/Object;' in 'java/util/Stack')}
  0x0000775f10be8f68: 488b f048 | bf60 be1e | e8b1 6a00 | 0048 8387 | 9001 0000 | 0148 8bf0 | 4889 8424 | 1003 0000 
  0x0000775f10be8f88: 0f1f 8000 

  0x0000775f10be8f8c: ;   {optimized virtual_call}
  0x0000775f10be8f8c: 0000 00e8 

  0x0000775f10be8f90: ; ImmutableOopMap {[224]=Oop [232]=Oop [240]=Oop [256]=Oop [280]=Oop [312]=Oop [344]=Oop [360]=Oop [368]=Oop [424]=Oop [432]=Oop [448]=Oop [784]=Oop [992]=Oop }
                      ;*invokespecial <init> {reexecute=0 rethrow=0 return_oop=0}
                      ; - java.util.Stack::peek@13 (line 103)
                      ; - org.apache.xalan.transformer.TransformerImpl::getMode@18 (line 3195)
                      ; - org.apache.xalan.templates.ElemApplyTemplates::transformSelectedNodes@389 (line 294)
  0x0000775f10be8f90: ecc0 0707 

  0x0000775f10be8f94: ;   {other}
  0x0000775f10be8f94: 0f1f 8400 | 8496 006b | 488b 8424 

  0x0000775f10be8fa0: ; ImmutableOopMap {rax=Oop [224]=Oop [232]=Oop [240]=Oop [256]=Oop [280]=Oop [312]=Oop [344]=Oop [360]=Oop [368]=Oop [424]=Oop [432]=Oop [448]=Oop [992]=Oop }
                      ;*athrow {reexecute=1 rethrow=0 return_oop=0}
                      ; - (reexecute) java.util.Stack::peek@16 (line 103)
                      ; - org.apache.xalan.transformer.TransformerImpl::getMode@18 (line 3195)
                      ; - org.apache.xalan.templates.ElemApplyTemplates::transformSelectedNodes@389 (line 294)
  0x0000775f10be8fa0: 1003 0000 

  0x0000775f10be8fa4: ;   {section_word}
  0x0000775f10be8fa4: 48ba a48f | be10 5f77 

  0x0000775f10be8fac: ;   {runtime_call handle_exception_nofpu Runtime1 stub}
  0x0000775f10be8fac: 0000 e8cd | 9c12 0790 | 498b 8718 | 0800 004d | 33d2 4d89 | 9718 0800 | 004d 33d2 | 4d89 9720 
  0x0000775f10be8fcc: 0800 0048 | 8bd0 488d | 8424 d803 | 0000 488b | 3048 85f6 | 0f84 0f00 | 0000 488b | 7808 f048 
  0x0000775f10be8fec: 0fb1 370f | 85ca 3d00 | 0049 ff8f | 6808 0000 | 488b c2e9 | 356b 0000 | 498b 8718 | 0800 004d 
  0x0000775f10be900c: 33d2 4d89 | 9718 0800 | 004d 33d2 | 4d89 9720 | 0800 0090 

  0x0000775f10be9020: ;   {no_reloc}
  0x0000775f10be9020: e9bf 3d00 | 0000 0000 | 0000 80ba | 3901 0000 | 040f 85bc | 3d00 0049 | 8b87 b804 | 0000 488d 
  0x0000775f10be9040: 4828 483b | c80f 82a8 | 3d00 0049 | 3b8f c004 | 0000 0f87 | 9b3d 0000 | 4989 8fb8 | 0400 0048 
  0x0000775f10be9060: 8bf8 48c1 | ef06 49ba | 0000 406c | b26a 0000 | 458a 143a | 488b c848 | c1e9 0348 | 83e1 0748 
  0x0000775f10be9080: c7c7 0100 | 0000 48d3 | e74c 0bd7 | 488b f848 | c1ef 0648 | b900 0040 | 6cb2 6a00 | 0044 8814 
  0x0000775f10be90a0: 3949 8387 | 2802 0000 | 2849 8387 | 2802 0000 | 0048 c700 | 0100 0000 | 488b ca49 | ba00 0000 
  0x0000775f10be90c0: f3b1 6a00 | 0049 2bca | 8948 0848 | 33c9 8948 | 0c48 33c9 | 4889 4810 | 4889 4818 | 4889 4820 
  0x0000775f10be90e0: ;   {metadata(method data for {method} {0x00006ab1e876b190} 'setTop' '(Ljava/lang/Object;)V' in 'org/apache/xml/utils/ObjectStack')}
  0x0000775f10be90e0: 488b f048 | bf08 fd7d | e8b1 6a00 | 0048 8387 | 8801 0000 | 0148 8bf0 | 4889 8424 | 1803 0000 
  0x0000775f10be9100: 0f1f 8000 

  0x0000775f10be9104: ;   {optimized virtual_call}
  0x0000775f10be9104: 0000 00e8 

  0x0000775f10be9108: ; ImmutableOopMap {[224]=Oop [232]=Oop [240]=Oop [256]=Oop [280]=Oop [312]=Oop [344]=Oop [360]=Oop [368]=Oop [424]=Oop [432]=Oop [448]=Oop [504]=Oop [544]=Oop [792]=Oop }
                      ;*invokespecial <init> {reexecute=0 rethrow=0 return_oop=0}
                      ; - org.apache.xml.utils.ObjectStack::setTop@20 (line 166)
                      ; - org.apache.xpath.XPathContext::setSAXLocator@5 (line 405)
                      ; - org.apache.xalan.templates.ElemApplyTemplates::transformSelectedNodes@763 (line 391)
  0x0000775f10be9108: 74bf 0707 

  0x0000775f10be910c: ;   {other}
  0x0000775f10be910c: 0f1f 8400 | fc97 006d | 488b 8424 

  0x0000775f10be9118: ; ImmutableOopMap {rax=Oop [224]=Oop [232]=Oop [240]=Oop [256]=Oop [280]=Oop [312]=Oop [344]=Oop [360]=Oop [368]=Oop [424]=Oop [432]=Oop [448]=Oop [504]=Oop [544]=Oop }
                      ;*athrow {reexecute=1 rethrow=0 return_oop=0}
                      ; - (reexecute) org.apache.xml.utils.ObjectStack::setTop@23 (line 166)
                      ; - org.apache.xpath.XPathContext::setSAXLocator@5 (line 405)
                      ; - org.apache.xalan.templates.ElemApplyTemplates::transformSelectedNodes@763 (line 391)
  0x0000775f10be9118: 1803 0000 

  0x0000775f10be911c: ;   {section_word}
  0x0000775f10be911c: 48ba 1c91 | be10 5f77 

  0x0000775f10be9124: ;   {runtime_call handle_exception_nofpu Runtime1 stub}
  0x0000775f10be9124: 0000 e855 | 9b12 0790 | 498b 8718 | 0800 004d | 33d2 4d89 | 9718 0800 | 004d 33d2 | 4d89 9720 
  0x0000775f10be9144: 0800 0048 | 8bd0 488d | 8424 d803 | 0000 488b | 3848 85ff | 0f84 0f00 | 0000 488b | 4808 f048 
  0x0000775f10be9164: 0fb1 390f | 8593 3c00 | 0049 ff8f | 6808 0000 

  0x0000775f10be9174: ; ImmutableOopMap {rsi=Oop rax=Oop [224]=Oop [232]=Oop [240]=Oop [256]=Oop [280]=Oop [312]=Oop [344]=Oop [360]=Oop [368]=Oop [424]=Oop [432]=Oop [448]=Oop }
                      ;*invokevirtual addElement {reexecute=0 rethrow=0 return_oop=0}
                      ; - java.util.Stack::push@2 (line 68)
                      ; - org.apache.xalan.transformer.TransformerImpl::pushPairCurrentMatched@5 (line 2729)
                      ; - org.apache.xalan.templates.ElemApplyTemplates::transformSelectedNodes@553 (line 335)
                      ;   {section_word}
  0x0000775f10be9174: 488b c248 | ba77 91be | 105f 7700 

  0x0000775f10be9180: ;   {runtime_call handle_exception_nofpu Runtime1 stub}
  0x0000775f10be9180: 00e8 fa9a | 1207 9049 | 8b87 1808 | 0000 4d33 | d24d 8997 | 1808 0000 | 4d33 d24d | 8997 2008 
  0x0000775f10be91a0: 0000 660f | 1f44 0000 

  0x0000775f10be91a8: ;   {no_reloc}
  0x0000775f10be91a8: e978 3c00 | 0000 0000 | 0000 80ba | 3901 0000 | 040f 8575 | 3c00 0049 | 8b87 b804 | 0000 488d 
  0x0000775f10be91c8: 4828 483b | c80f 8261 | 3c00 0049 | 3b8f c004 | 0000 0f87 | 543c 0000 | 4989 8fb8 | 0400 0048 
  0x0000775f10be91e8: 8bf8 48c1 | ef06 49ba | 0000 406c | b26a 0000 | 458a 143a | 488b c848 | c1e9 0348 | 83e1 0748 
  0x0000775f10be9208: c7c7 0100 | 0000 48d3 | e74c 0bd7 | 488b f848 | c1ef 0648 | b900 0040 | 6cb2 6a00 | 0044 8814 
  0x0000775f10be9228: 3949 8387 | 2802 0000 | 2849 8387 | 2802 0000 | 0048 c700 | 0100 0000 | 488b ca49 | ba00 0000 
  0x0000775f10be9248: f3b1 6a00 | 0049 2bca | 8948 0848 | 33c9 8948 | 0c48 33c9 | 4889 4810 | 4889 4818 | 4889 4820 
  0x0000775f10be9268: ;   {metadata(method data for {method} {0x00006ab1e876b190} 'setTop' '(Ljava/lang/Object;)V' in 'org/apache/xml/utils/ObjectStack')}
  0x0000775f10be9268: 488b f048 | bf08 fd7d | e8b1 6a00 | 0048 8387 | 8801 0000 | 0148 8bf0 | 4889 8424 | 2003 0000 
  0x0000775f10be9288: 0f1f 8000 

  0x0000775f10be928c: ;   {optimized virtual_call}
  0x0000775f10be928c: 0000 00e8 

  0x0000775f10be9290: ; ImmutableOopMap {[224]=Oop [232]=Oop [240]=Oop [256]=Oop [280]=Oop [312]=Oop [344]=Oop [360]=Oop [368]=Oop [424]=Oop [432]=Oop [448]=Oop [496]=Oop [800]=Oop }
                      ;*invokespecial <init> {reexecute=0 rethrow=0 return_oop=0}
                      ; - org.apache.xml.utils.ObjectStack::setTop@20 (line 166)
                      ; - org.apache.xalan.transformer.TransformerImpl::setCurrentElement@5 (line 2644)
                      ; - org.apache.xalan.templates.ElemApplyTemplates::transformSelectedNodes@545 (line 332)
  0x0000775f10be9290: ecbd 0707 

  0x0000775f10be9294: ;   {other}
  0x0000775f10be9294: 0f1f 8400 | 8499 0070 | 488b 8424 

  0x0000775f10be92a0: ; ImmutableOopMap {rax=Oop [224]=Oop [232]=Oop [240]=Oop [256]=Oop [280]=Oop [312]=Oop [344]=Oop [360]=Oop [368]=Oop [424]=Oop [432]=Oop [448]=Oop [496]=Oop }
                      ;*athrow {reexecute=1 rethrow=0 return_oop=0}
                      ; - (reexecute) org.apache.xml.utils.ObjectStack::setTop@23 (line 166)
                      ; - org.apache.xalan.transformer.TransformerImpl::setCurrentElement@5 (line 2644)
                      ; - org.apache.xalan.templates.ElemApplyTemplates::transformSelectedNodes@545 (line 332)
  0x0000775f10be92a0: 2003 0000 

  0x0000775f10be92a4: ;   {section_word}
  0x0000775f10be92a4: 48ba a492 | be10 5f77 

  0x0000775f10be92ac: ;   {runtime_call handle_exception_nofpu Runtime1 stub}
  0x0000775f10be92ac: 0000 e8cd | 9912 0790 | 498b 8718 | 0800 004d | 33d2 4d89 | 9718 0800 | 004d 33d2 | 4d89 9720 
  0x0000775f10be92cc: 0800 0090 

  0x0000775f10be92d0: ;   {no_reloc}
  0x0000775f10be92d0: e97b 3b00 | 0000 0000 | 0000 80ba | 3901 0000 | 040f 8578 | 3b00 0049 | 8b87 b804 | 0000 488d 
  0x0000775f10be92f0: 4828 483b | c80f 8264 | 3b00 0049 | 3b8f c004 | 0000 0f87 | 573b 0000 | 4989 8fb8 | 0400 0048 
  0x0000775f10be9310: 8bf8 48c1 | ef06 49ba | 0000 406c | b26a 0000 | 458a 143a | 488b c848 | c1e9 0348 | 83e1 0748 
  0x0000775f10be9330: c7c7 0100 | 0000 48d3 | e74c 0bd7 | 488b f848 | c1ef 0648 | b900 0040 | 6cb2 6a00 | 0044 8814 
  0x0000775f10be9350: 3949 8387 | 2802 0000 | 2849 8387 | 2802 0000 | 0048 c700 | 0100 0000 | 488b ca49 | ba00 0000 
  0x0000775f10be9370: f3b1 6a00 | 0049 2bca | 8948 0848 | 33c9 8948 | 0c48 33c9 | 4889 4810 | 4889 4818 | 4889 4820 
  0x0000775f10be9390: ;   {metadata(method data for {method} {0x00006ab1e876b190} 'setTop' '(Ljava/lang/Object;)V' in 'org/apache/xml/utils/ObjectStack')}
  0x0000775f10be9390: 488b f048 | bf08 fd7d | e8b1 6a00 | 0048 8387 | 8801 0000 | 0148 8bf0 | 4889 8424 | 2803 0000 
  0x0000775f10be93b0: 0f1f 8000 

  0x0000775f10be93b4: ;   {optimized virtual_call}
  0x0000775f10be93b4: 0000 00e8 

  0x0000775f10be93b8: ; ImmutableOopMap {[224]=Oop [232]=Oop [240]=Oop [256]=Oop [280]=Oop [312]=Oop [344]=Oop [360]=Oop [368]=Oop [424]=Oop [432]=Oop [448]=Oop [496]=Oop [808]=Oop }
                      ;*invokespecial <init> {reexecute=0 rethrow=0 return_oop=0}
                      ; - org.apache.xml.utils.ObjectStack::setTop@20 (line 166)
                      ; - org.apache.xalan.transformer.TransformerImpl::setCurrentElement@5 (line 2644)
                      ; - org.apache.xalan.templates.ElemApplyTemplates::transformSelectedNodes@507 (line 316)
  0x0000775f10be93b8: c4bc 0707 

  0x0000775f10be93bc: ;   {other}
  0x0000775f10be93bc: 0f1f 8400 | ac9a 0072 | 488b 8424 

  0x0000775f10be93c8: ; ImmutableOopMap {rax=Oop [224]=Oop [232]=Oop [240]=Oop [256]=Oop [280]=Oop [312]=Oop [344]=Oop [360]=Oop [368]=Oop [424]=Oop [432]=Oop [448]=Oop [496]=Oop }
                      ;*athrow {reexecute=1 rethrow=0 return_oop=0}
                      ; - (reexecute) org.apache.xml.utils.ObjectStack::setTop@23 (line 166)
                      ; - org.apache.xalan.transformer.TransformerImpl::setCurrentElement@5 (line 2644)
                      ; - org.apache.xalan.templates.ElemApplyTemplates::transformSelectedNodes@507 (line 316)
  0x0000775f10be93c8: 2803 0000 

  0x0000775f10be93cc: ;   {section_word}
  0x0000775f10be93cc: 48ba cc93 | be10 5f77 

  0x0000775f10be93d4: ;   {runtime_call handle_exception_nofpu Runtime1 stub}
  0x0000775f10be93d4: 0000 e8a5 | 9812 0790 | 488b b424 | f001 0000 | 498b 8718 | 0800 004d | 33d2 4d89 | 9718 0800 
  0x0000775f10be93f4: 004d 33d2 | 4d89 9720 | 0800 0048 | 8bd0 488d | 8424 d803 | 0000 488b | 3848 85ff | 0f84 0f00 
  0x0000775f10be9414: 0000 488b | 4808 f048 | 0fb1 390f | 8547 3a00 | 0049 ff8f | 6808 0000 

  0x0000775f10be942c: ; ImmutableOopMap {rbx=Oop rsi=Oop rax=Oop [224]=Oop [232]=Oop [240]=Oop [256]=Oop [280]=Oop [312]=Oop [344]=Oop [360]=Oop [368]=Oop [424]=Oop [432]=Oop [448]=Oop [496]=Oop }
                      ;*invokevirtual addElement {reexecute=0 rethrow=0 return_oop=0}
                      ; - java.util.Stack::push@2 (line 68)
                      ; - org.apache.xalan.transformer.TransformerImpl::pushPairCurrentMatched@5 (line 2729)
                      ; - org.apache.xalan.templates.ElemApplyTemplates::transformSelectedNodes@498 (line 315)
                      ;   {section_word}
  0x0000775f10be942c: 488b c248 | ba2f 94be | 105f 7700 

  0x0000775f10be9438: ;   {runtime_call handle_exception_nofpu Runtime1 stub}
  0x0000775f10be9438: 00e8 4298 | 1207 9049 | 8b87 1808 | 0000 4d33 | d24d 8997 | 1808 0000 | 4d33 d24d | 8997 2008 
  0x0000775f10be9458: 0000 488b | d048 8d84 | 24e8 0300 | 0048 8b38 | 4885 ff0f | 840f 0000 | 0048 8b48 | 08f0 480f 
  0x0000775f10be9478: b139 0f85 | 023a 0000 | 49ff 8f68 | 0800 0048 

  0x0000775f10be9488: ; ImmutableOopMap {rsi=Oop rax=Oop [224]=Oop [232]=Oop [240]=Oop [256]=Oop [280]=Oop [312]=Oop [344]=Oop [360]=Oop [368]=Oop [424]=Oop [432]=Oop [448]=Oop [992]=Oop }
                      ;*invokevirtual size {reexecute=0 rethrow=0 return_oop=0}
                      ; - java.util.Stack::peek@1 (line 100)
                      ; - org.apache.xalan.transformer.TransformerImpl::getMode@18 (line 3195)
                      ; - org.apache.xalan.templates.ElemApplyTemplates::transformSelectedNodes@389 (line 294)
                      ;   {section_word}
  0x0000775f10be9488: 8bc2 48ba | 8a94 be10 | 5f77 0000 

  0x0000775f10be9494: ;   {runtime_call handle_exception_nofpu Runtime1 stub}
  0x0000775f10be9494: e8e7 9712 | 0790 498b | 8718 0800 | 004d 33d2 | 4d89 9718 | 0800 004d | 33d2 4d89 | 9720 0800 
  0x0000775f10be94b4: 0048 8bd0 | 488d 8424 | d803 0000 | 488b 3048 | 85f6 0f84 | 0f00 0000 | 488b 7808 | f048 0fb1 
  0x0000775f10be94d4: 370f 85bd | 3900 0049 | ff8f 6808 | 0000 488b 

  0x0000775f10be94e4: ; ImmutableOopMap {rax=Oop [224]=Oop [232]=Oop [240]=Oop [256]=Oop [280]=Oop [312]=Oop [344]=Oop [360]=Oop [368]=Oop [424]=Oop [432]=Oop [448]=Oop }
                      ;*invokevirtual peek {reexecute=0 rethrow=0 return_oop=0}
                      ; - org.apache.xalan.transformer.TransformerImpl::getMode@18 (line 3195)
                      ; - org.apache.xalan.templates.ElemApplyTemplates::transformSelectedNodes@389 (line 294)
                      ;   {section_word}
  0x0000775f10be94e4: c248 bae5 | 94be 105f 

  0x0000775f10be94ec: ;   {runtime_call handle_exception_nofpu Runtime1 stub}
  0x0000775f10be94ec: 7700 00e8 | 8c97 1207 | 9049 8b87 | 1808 0000 | 4d33 d24d | 8997 1808 | 0000 4d33 | d24d 8997 
  0x0000775f10be950c: 2008 0000 | 488b d048 | 8d84 24d8 | 0300 0048 | 8b30 4885 | f60f 840f | 0000 004c | 8b40 08f0 
  0x0000775f10be952c: 490f b130 | 0f85 7839 | 0000 49ff | 8f68 0800 

  0x0000775f10be953c: ; ImmutableOopMap {rcx=Oop rax=Oop [224]=Oop [232]=Oop [240]=Oop [256]=Oop [280]=Oop [312]=Oop [344]=Oop [360]=Oop [368]=Oop [424]=Oop [432]=Oop }
                      ;*invokevirtual isEmpty {reexecute=0 rethrow=0 return_oop=0}
                      ; - org.apache.xalan.transformer.TransformerImpl::getMode@4 (line 3195)
                      ; - org.apache.xalan.templates.ElemApplyTemplates::transformSelectedNodes@389 (line 294)
  0x0000775f10be953c: 0048 8bc2 

  0x0000775f10be9540: ;   {section_word}
  0x0000775f10be9540: 48ba 4095 | be10 5f77 

  0x0000775f10be9548: ;   {runtime_call handle_exception_nofpu Runtime1 stub}
  0x0000775f10be9548: 0000 e831 | 9712 0790 | 498b 8718 | 0800 004d | 33d2 4d89 | 9718 0800 | 004d 33d2 | 4d89 9720 
  0x0000775f10be9568: 0800 000f | 1f44 0000 

  0x0000775f10be9570: ;   {no_reloc}
  0x0000775f10be9570: e95e 3900 | 0000 0000 | 0000 80ba | 3901 0000 | 040f 855b | 3900 0049 | 8b87 b804 | 0000 488d 
  0x0000775f10be9590: 4828 483b | c80f 8247 | 3900 0049 | 3b8f c004 | 0000 0f87 | 3a39 0000 | 4989 8fb8 | 0400 0048 
  0x0000775f10be95b0: 8bf8 48c1 | ef06 49ba | 0000 406c | b26a 0000 | 458a 143a | 488b c848 | c1e9 0348 | 83e1 0748 
  0x0000775f10be95d0: c7c7 0100 | 0000 48d3 | e74c 0bd7 | 488b f848 | c1ef 0648 | b900 0040 | 6cb2 6a00 | 0044 8814 
  0x0000775f10be95f0: 3949 8387 | 2802 0000 | 2849 8387 | 2802 0000 | 0048 c700 | 0100 0000 | 488b ca49 | ba00 0000 
  0x0000775f10be9610: f3b1 6a00 | 0049 2bca | 8948 0848 | 33c9 8948 | 0c48 33c9 | 4889 4810 | 4889 4818 | 4889 4820 
  0x0000775f10be9630: ;   {metadata(method data for {method} {0x00006ab1e86489c0} 'setTop' '(I)V' in 'org/apache/xml/utils/IntStack')}
  0x0000775f10be9630: 488b f048 | bf00 8880 | e8b1 6a00 | 0048 8387 | 5001 0000 | 0148 8bf0 | 4889 8424 | 3003 0000 
  0x0000775f10be9650: 0f1f 8000 

  0x0000775f10be9654: ;   {optimized virtual_call}
  0x0000775f10be9654: 0000 00e8 

  0x0000775f10be9658: ; ImmutableOopMap {[224]=Oop [232]=Oop [240]=Oop [256]=Oop [280]=Oop [312]=Oop [344]=Oop [360]=Oop [368]=Oop [424]=Oop [432]=Oop [440]=Oop [816]=Oop }
                      ;*invokespecial <init> {reexecute=0 rethrow=0 return_oop=0}
                      ; - org.apache.xml.utils.IntStack::setTop@20 (line 163)
                      ; - org.apache.xalan.templates.ElemApplyTemplates::transformSelectedNodes@344 (line 283)
  0x0000775f10be9658: 24ba 0707 

  0x0000775f10be965c: ;   {other}
  0x0000775f10be965c: 0f1f 8400 | 4c9d 0078 | 488b 8424 

  0x0000775f10be9668: ; ImmutableOopMap {rax=Oop [224]=Oop [232]=Oop [240]=Oop [256]=Oop [280]=Oop [312]=Oop [344]=Oop [360]=Oop [368]=Oop [424]=Oop [432]=Oop [440]=Oop }
                      ;*athrow {reexecute=1 rethrow=0 return_oop=0}
                      ; - (reexecute) org.apache.xml.utils.IntStack::setTop@23 (line 163)
                      ; - org.apache.xalan.templates.ElemApplyTemplates::transformSelectedNodes@344 (line 283)
  0x0000775f10be9668: 3003 0000 

  0x0000775f10be966c: ;   {section_word}
  0x0000775f10be966c: 48ba 6c96 | be10 5f77 

  0x0000775f10be9674: ;   {runtime_call handle_exception_nofpu Runtime1 stub}
  0x0000775f10be9674: 0000 e805 | 9612 0790 | 498b 8718 | 0800 004d | 33d2 4d89 | 9718 0800 | 004d 33d2 | 4d89 9720 
  0x0000775f10be9694: 0800 0090 

  0x0000775f10be9698: ;   {no_reloc}
  0x0000775f10be9698: e961 3800 | 0000 0000 | 0000 80ba | 3901 0000 | 040f 855e | 3800 0049 | 8b87 b804 | 0000 488d 
  0x0000775f10be96b8: 4828 483b | c80f 824a | 3800 0049 | 3b8f c004 | 0000 0f87 | 3d38 0000 | 4989 8fb8 | 0400 0048 
  0x0000775f10be96d8: 8bf8 48c1 | ef06 49ba | 0000 406c | b26a 0000 | 458a 143a | 488b c848 | c1e9 0348 | 83e1 0748 
  0x0000775f10be96f8: c7c7 0100 | 0000 48d3 | e74c 0bd7 | 488b f848 | c1ef 0648 | b900 0040 | 6cb2 6a00 | 0044 8814 
  0x0000775f10be9718: 3949 8387 | 2802 0000 | 2849 8387 | 2802 0000 | 0048 c700 | 0100 0000 | 488b ca49 | ba00 0000 
  0x0000775f10be9738: f3b1 6a00 | 0049 2bca | 8948 0848 | 33c9 8948 | 0c48 33c9 | 4889 4810 | 4889 4818 | 4889 4820 
  0x0000775f10be9758: ;   {metadata(method data for {method} {0x00006ab1e86489c0} 'setTop' '(I)V' in 'org/apache/xml/utils/IntStack')}
  0x0000775f10be9758: 488b f048 | bf00 8880 | e8b1 6a00 | 0048 8387 | 5001 0000 | 0148 8bf0 | 4889 8424 | 3803 0000 
  0x0000775f10be9778: 0f1f 8000 

  0x0000775f10be977c: ;   {optimized virtual_call}
  0x0000775f10be977c: 0000 00e8 

  0x0000775f10be9780: ; ImmutableOopMap {[224]=Oop [232]=Oop [240]=Oop [256]=Oop [280]=Oop [312]=Oop [344]=Oop [360]=Oop [368]=Oop [424]=Oop [432]=Oop [440]=Oop [824]=Oop }
                      ;*invokespecial <init> {reexecute=0 rethrow=0 return_oop=0}
                      ; - org.apache.xml.utils.IntStack::setTop@20 (line 163)
                      ; - org.apache.xalan.templates.ElemApplyTemplates::transformSelectedNodes@337 (line 282)
  0x0000775f10be9780: fcb8 0707 

  0x0000775f10be9784: ;   {other}
  0x0000775f10be9784: 0f1f 8400 | 749e 007a | 488b 8424 

  0x0000775f10be9790: ; ImmutableOopMap {rax=Oop [224]=Oop [232]=Oop [240]=Oop [256]=Oop [280]=Oop [312]=Oop [344]=Oop [360]=Oop [368]=Oop [424]=Oop [432]=Oop [440]=Oop }
                      ;*athrow {reexecute=1 rethrow=0 return_oop=0}
                      ; - (reexecute) org.apache.xml.utils.IntStack::setTop@23 (line 163)
                      ; - org.apache.xalan.templates.ElemApplyTemplates::transformSelectedNodes@337 (line 282)
  0x0000775f10be9790: 3803 0000 

  0x0000775f10be9794: ;   {section_word}
  0x0000775f10be9794: 48ba 9497 | be10 5f77 

  0x0000775f10be979c: ;   {runtime_call handle_exception_nofpu Runtime1 stub}
  0x0000775f10be979c: 0000 e8dd | 9412 0790 | 8b8c 2460 | 0100 004c | 8b84 2458 | 0100 0048 | 8bb4 2468 | 0100 004c 
  0x0000775f10be97bc: 8b8c 2470 | 0100 0049 | 8b87 1808 | 0000 4d33 | d24d 8997 | 1808 0000 | 4d33 d24d | 8997 2008 
  0x0000775f10be97dc: 0000 488b | d048 8d84 | 24d8 0300 | 004c 8b28 | 4d85 ed0f | 840f 0000 | 004c 8b70 | 08f0 4d0f 
  0x0000775f10be97fc: b12e 0f85 | 1637 0000 | 49ff 8f68 | 0800 0048 

  0x0000775f10be980c: ; ImmutableOopMap {rbx=Oop r11=Oop rsi=Oop r8=Oop r9=Oop rax=Oop [224]=Oop [232]=Oop [240]=Oop [256]=Oop [280]=Oop [344]=Oop [360]=Oop [368]=Oop }
                      ;*invokevirtual addElement {reexecute=0 rethrow=0 return_oop=0}
                      ; - java.util.Stack::push@2 (line 68)
                      ; - org.apache.xpath.XPathContext::pushContextNodeList@5 (line 697)
                      ; - org.apache.xalan.templates.ElemApplyTemplates::transformSelectedNodes@301 (line 270)
                      ;   {section_word}
  0x0000775f10be980c: 8bc2 48ba | 0e98 be10 | 5f77 0000 

  0x0000775f10be9818: ;   {runtime_call handle_exception_nofpu Runtime1 stub}
  0x0000775f10be9818: e863 9412 | 0790 488b | 9424 f000 | 0000 498b | 8718 0800 | 004d 33d2 | 4d89 9718 | 0800 004d 
  0x0000775f10be9838: 33d2 4d89 | 9720 0800 | 004c 8bc8 

  0x0000775f10be9844: ;   {metadata(method data for {method} {0x00006ab1e855b330} 'transformSelectedNodes' '(Lorg/apache/xalan/transformer/TransformerImpl;)V' in 'org/apache/xalan/templates/ElemApplyTemplates')}
  0x0000775f10be9844: 488b f248 | bfd8 9381 | e8b1 6a00 

  0x0000775f10be9850: ;   {metadata('org/apache/xalan/transformer/TransformerImpl')}
  0x0000775f10be9850: 0049 bac8 | 0c0c f4b1 | 6a00 004c | 8997 5018 | 0000 4883 | 8758 1800 | 0001 448b | 9a80 0000 
  0x0000775f10be9870: ;   {metadata('javax/xml/transform/TransformerException')}
  0x0000775f10be9870: 0048 ba90 | 3001 f4b1 | 6a00 0049 | 8b87 b804 | 0000 488d | 4830 483b | c80f 82a1 | 3600 0049 
  0x0000775f10be9890: 3b8f c004 | 0000 0f87 | 9436 0000 | 4989 8fb8 | 0400 0048 | 8bf8 48c1 | ef06 49ba | 0000 406c 
  0x0000775f10be98b0: b26a 0000 | 458a 143a | 488b c848 | c1e9 0348 | 83e1 0748 | c7c7 0100 | 0000 48d3 | e74c 0bd7 
  0x0000775f10be98d0: 488b f848 | c1ef 0648 | b900 0040 | 6cb2 6a00 | 0044 8814 | 3949 8387 | 2802 0000 | 3049 8387 
  0x0000775f10be98f0: 2802 0000 | 0048 c700 | 0100 0000 | 488b ca49 | ba00 0000 | f3b1 6a00 | 0049 2bca | 8948 0848 
  0x0000775f10be9910: 33c9 8948 | 0c48 33c9 | 4889 4810 | 4889 4818 | 4889 4820 | 4889 4828 

  0x0000775f10be9928: ;   {metadata(method data for {method} {0x00006ab1e855b330} 'transformSelectedNodes' '(Lorg/apache/xalan/transformer/TransformerImpl;)V' in 'org/apache/xalan/templates/ElemApplyTemplates')}
  0x0000775f10be9928: 488b d048 | bed8 9381 | e8b1 6a00 | 0048 8386 | 7818 0000 | 0149 8bd1 | 488b f048 | 8984 2448 
  0x0000775f10be9948: 0300 004c | 899c 2440 | 0300 000f 

  0x0000775f10be9954: ;   {optimized virtual_call}
  0x0000775f10be9954: 1f40 00e8 

  0x0000775f10be9958: ; ImmutableOopMap {[224]=Oop [232]=Oop [240]=Oop [256]=Oop [280]=Oop [832]=Oop [840]=Oop [848]=Oop }
                      ;*invokespecial <init> {reexecute=0 rethrow=0 return_oop=0}
                      ; - org.apache.xalan.templates.ElemApplyTemplates::transformSelectedNodes@870 (line 433)
  0x0000775f10be9958: 24b7 0707 

  0x0000775f10be995c: ;   {other}
  0x0000775f10be995c: 0f1f 8400 | 4ca0 007d | 4c8b 9c24 | 4003 0000 

  0x0000775f10be996c: ; implicit exception: dispatches to 0x0000775f10becf3d
  0x0000775f10be996c: 493b 0349 

  0x0000775f10be9970: ;   {metadata(method data for {method} {0x00006ab1e855b330} 'transformSelectedNodes' '(Lorg/apache/xalan/transformer/TransformerImpl;)V' in 'org/apache/xalan/templates/ElemApplyTemplates')}
  0x0000775f10be9970: 8bd3 48be | d893 81e8 | b16a 0000 | 8b52 0849 | ba00 0000 | f3b1 6a00 | 0049 03d2 | 483b 9698 
  0x0000775f10be9990: 1800 0075 | 0d48 8386 | a018 0000 | 01e9 6000 | 0000 483b | 96a8 1800 | 0075 0d48 | 8386 b018 
  0x0000775f10be99b0: 0000 01e9 | 4a00 0000 | 4883 be98 | 1800 0000 | 7517 4889 | 9698 1800 | 0048 c786 | a018 0000 
  0x0000775f10be99d0: 0100 0000 | e929 0000 | 0048 83be | a818 0000 | 0075 1748 | 8996 a818 | 0000 48c7 | 86b0 1800 
  0x0000775f10be99f0: 0001 0000 | 00e9 0800 | 0000 4883 | 8688 1800 | 0001 488b | 9424 4803 | 0000 498b | f348 b8ff 
  0x0000775f10be9a10: ffff ffff 

  0x0000775f10be9a14: ;   {virtual_call}
  0x0000775f10be9a14: ffff ffe8 

  0x0000775f10be9a18: ; ImmutableOopMap {[224]=Oop [232]=Oop [240]=Oop [256]=Oop [280]=Oop [848]=Oop }
                      ;*invokeinterface fatalError {reexecute=0 rethrow=0 return_oop=0}
                      ; - org.apache.xalan.templates.ElemApplyTemplates::transformSelectedNodes@873 (line 433)
  0x0000775f10be9a18: 64b9 0707 

  0x0000775f10be9a1c: ;   {other}
  0x0000775f10be9a1c: 0f1f 8400 | 0ca1 007e | 488b 9424 | f000 0000 

  0x0000775f10be9a2c: ;   {metadata(method data for {method} {0x00006ab1e855b330} 'transformSelectedNodes' '(Lorg/apache/xalan/transformer/TransformerImpl;)V' in 'org/apache/xalan/templates/ElemApplyTemplates')}
  0x0000775f10be9a2c: 488b f248 | bfd8 9381 | e8b1 6a00 | 0048 8387 | 2019 0000 | 010f be72 | 1583 e601 

  0x0000775f10be9a48: ;   {metadata(method data for {method} {0x00006ab1e855b330} 'transformSelectedNodes' '(Lorg/apache/xalan/transformer/TransformerImpl;)V' in 'org/apache/xalan/templates/ElemApplyTemplates')}
  0x0000775f10be9a48: 85f6 48be | d893 81e8 | b16a 0000 | 48c7 c740 | 1900 0074 | 0748 c7c7 | 5019 0000 | 488b 043e 
  0x0000775f10be9a68: 488d 4001 | 4889 043e | 0f84 0e07 | 0000 488b | b424 e800 | 0000 488b 

  0x0000775f10be9a80: ;   {metadata(method data for {method} {0x00006ab1e855b330} 'transformSelectedNodes' '(Lorg/apache/xalan/transformer/TransformerImpl;)V' in 'org/apache/xalan/templates/ElemApplyTemplates')}
  0x0000775f10be9a80: fa48 b8d8 | 9381 e8b1 

  0x0000775f10be9a88: ;   {metadata('org/apache/xalan/transformer/TransformerImpl')}
  0x0000775f10be9a88: 6a00 0049 | bac8 0c0c | f4b1 6a00 | 004c 8990 | 7019 0000 | 4883 8078 | 1900 0001 | 8b9a 8400 
  0x0000775f10be9aa8: 0000 4889 | 9c24 7003 | 0000 660f | 1f44 0000 

  0x0000775f10be9ab8: ;   {no_reloc}
  0x0000775f10be9ab8: e994 3400 | 0000 0000 | 0000 4c8b | ce49 8b87 | b804 0000 | 488d 4818 | 483b c80f | 8282 3400 
  0x0000775f10be9ad8: 0049 3b8f | c004 0000 | 0f87 7534 | 0000 4989 | 8fb8 0400 | 0048 8bf8 | 48c1 ef06 | 49ba 0000 
  0x0000775f10be9af8: 406c b26a | 0000 458a | 143a 488b | c848 c1e9 | 0348 83e1 | 0748 c7c7 | 0100 0000 | 48d3 e74c 
  0x0000775f10be9b18: 0bd7 488b | f848 c1ef | 0648 b900 | 0040 6cb2 | 6a00 0044 | 8814 3949 | 8387 2802 | 0000 1849 
  0x0000775f10be9b38: 8387 2802 | 0000 0048 | c700 0100 | 0000 488b | ca49 ba00 | 0000 f3b1 | 6a00 0049 | 2bca 8948 
  0x0000775f10be9b58: 0848 33c9 | 8948 0c48 | 33c9 4889 | 4810 4889 | 8424 6803 | 0000 418b | 7950 488b 

  0x0000775f10be9b74: ;   {metadata(method data for {method} {0x00006ab1e855b330} 'transformSelectedNodes' '(Lorg/apache/xalan/transformer/TransformerImpl;)V' in 'org/apache/xalan/templates/ElemApplyTemplates')}
  0x0000775f10be9b74: d048 b9d8 | 9381 e8b1 | 6a00 0048 | 8381 9819 

  0x0000775f10be9b84: ;   {metadata(method data for {method} {0x00006ab1e865bd78} '<init>' '(Lorg/apache/xpath/Expression;)V' in 'org/apache/xpath/XPath')}
  0x0000775f10be9b84: 0000 0148 | ba78 2b82 | e8b1 6a00 | 008b 8af4 | 0000 0083 | c102 898a | f400 0000 | 81e1 feff 
  0x0000775f10be9ba4: 1f00 85c9 | 0f84 ba33 | 0000 488b 

  0x0000775f10be9bb0: ;   {metadata(method data for {method} {0x00006ab1e865bd78} '<init>' '(Lorg/apache/xpath/Expression;)V' in 'org/apache/xpath/XPath')}
  0x0000775f10be9bb0: d048 b978 | 2b82 e8b1 | 6a00 0048 | 8381 3801 

  0x0000775f10be9bc0: ;   {metadata(method data for {method} {0x00006ab1f34791f0} '<init>' '()V' in 'java/lang/Object')}
  0x0000775f10be9bc0: 0000 0148 | ba20 7100 | e8b1 6a00 | 008b 8af4 | 0000 0083 | c102 898a | f400 0000 | 81e1 feff 
  0x0000775f10be9be0: 1f00 85c9 | 0f84 9f33 | 0000 488b 

  0x0000775f10be9bec: ;   {metadata(method data for {method} {0x00006ab1e865bd78} '<init>' '(Lorg/apache/xpath/Expression;)V' in 'org/apache/xpath/XPath')}
  0x0000775f10be9bec: d048 b978 | 2b82 e8b1 

  0x0000775f10be9bf4: ;   {metadata('org/apache/xpath/XPath')}
  0x0000775f10be9bf4: 6a00 0049 | ba88 130c | f4b1 6a00 | 004c 8991 | 5801 0000 | 4883 8160 | 0100 0001 

  0x0000775f10be9c10: ;   {metadata(method data for {method} {0x00006ab1e865b6e0} 'setExpression' '(Lorg/apache/xpath/Expression;)V' in 'org/apache/xpath/XPath')}
  0x0000775f10be9c10: 48ba 2093 | 70e8 b16a | 0000 8b8a | f400 0000 | 83c1 0289 | 8af4 0000 | 0081 e1fe | ff1f 0085 
  0x0000775f10be9c30: c90f 8473 | 3300 008b | 500c 4885 

  0x0000775f10be9c3c: ;   {metadata(method data for {method} {0x00006ab1e865b6e0} 'setExpression' '(Lorg/apache/xpath/Expression;)V' in 'org/apache/xpath/XPath')}
  0x0000775f10be9c3c: d248 b920 | 9370 e8b1 | 6a00 0048 | c7c6 3801 | 0000 7407 | 48c7 c648 | 0100 004c | 8b1c 314d 
  0x0000775f10be9c5c: 8d5b 014c | 891c 310f | 8482 0200 | 0048 3b02 

  0x0000775f10be9c6c: ;   {metadata(method data for {method} {0x00006ab1e865b6e0} 'setExpression' '(Lorg/apache/xpath/Expression;)V' in 'org/apache/xpath/XPath')}
  0x0000775f10be9c6c: 488b ca48 | be20 9370 | e8b1 6a00 | 008b 4908 | 49ba 0000 | 00f3 b16a | 0000 4903 | ca48 3b8e 
  0x0000775f10be9c8c: 6801 0000 | 750d 4883 | 8670 0100 | 0001 e960 | 0000 0048 | 3b8e 7801 | 0000 750d | 4883 8680 
  0x0000775f10be9cac: 0100 0001 | e94a 0000 | 0048 83be | 6801 0000 | 0075 1748 | 898e 6801 | 0000 48c7 | 8670 0100 
  0x0000775f10be9ccc: 0001 0000 | 00e9 2900 | 0000 4883 | be78 0100 | 0000 7517 | 4889 8e78 | 0100 0048 | c786 8001 
  0x0000775f10be9cec: 0000 0100 | 0000 e908 | 0000 0048 | 8386 5801 | 0000 0144 | 8b5a 0c48 | 3b07 488b 

  0x0000775f10be9d08: ;   {metadata(method data for {method} {0x00006ab1e865b6e0} 'setExpression' '(Lorg/apache/xpath/Expression;)V' in 'org/apache/xpath/XPath')}
  0x0000775f10be9d08: d748 b920 | 9370 e8b1 | 6a00 008b | 5208 49ba | 0000 00f3 | b16a 0000 | 4903 d248 | 3b91 a001 
  0x0000775f10be9d28: 0000 750d | 4883 81a8 | 0100 0001 | e960 0000 | 0048 3b91 | b001 0000 | 750d 4883 | 81b8 0100 
  0x0000775f10be9d48: 0001 e94a | 0000 0048 | 83b9 a001 | 0000 0075 | 1748 8991 | a001 0000 | 48c7 81a8 | 0100 0001 
  0x0000775f10be9d68: 0000 00e9 | 2900 0000 | 4883 b9b0 | 0100 0000 | 7517 4889 | 91b0 0100 | 0048 c781 | b801 0000 
  0x0000775f10be9d88: 0100 0000 | e908 0000 | 0048 8381 | 9001 0000 

  0x0000775f10be9d98: ;   {metadata(method data for {method} {0x00006ab1e84cf1c8} 'exprSetParent' '(Lorg/apache/xpath/ExpressionNode;)V' in 'org/apache/xpath/Expression')}
  0x0000775f10be9d98: 0148 ba88 | e76f e8b1 | 6a00 008b | 8af4 0000 | 0083 c102 | 898a f400 | 0000 81e1 | feff 1f00 
  0x0000775f10be9db8: 85c9 0f84 | 1532 0000 

  0x0000775f10be9dc0: ;   {metadata(method data for {method} {0x00006ab1e84cf1c8} 'exprSetParent' '(Lorg/apache/xpath/ExpressionNode;)V' in 'org/apache/xpath/Expression')}
  0x0000775f10be9dc0: 4c3b df48 | ba88 e76f | e8b1 6a00 | 0048 c7c1 | 3801 0000 | 7407 48c7 | c148 0100 | 0048 8b34 
  0x0000775f10be9de0: 0a48 8d76 | 0148 8934 | 0a0f 841a 

  0x0000775f10be9dec: ;   {metadata(method data for {method} {0x00006ab1e84cf1c8} 'exprSetParent' '(Lorg/apache/xpath/ExpressionNode;)V' in 'org/apache/xpath/Expression')}
  0x0000775f10be9dec: 0000 0048 | ba88 e76f | e8b1 6a00 | 00ff 8258 | 0100 00ba | 0100 0000 | e905 0000 | 00ba 0000 
  0x0000775f10be9e0c: 0000 4c89 | 9c24 5803 | 0000 488b 

  0x0000775f10be9e18: ;   {metadata(method data for {method} {0x00006ab1e84cf1c8} 'exprSetParent' '(Lorg/apache/xpath/ExpressionNode;)V' in 'org/apache/xpath/Expression')}
  0x0000775f10be9e18: cf49 b988 | e76f e8b1 | 6a00 008b | 4908 49ba | 0000 00f3 | b16a 0000 | 4903 ca49 | 3b89 8001 
  0x0000775f10be9e38: 0000 750d | 4983 8188 | 0100 0001 | e960 0000 | 0049 3b89 | 9001 0000 | 750d 4983 | 8198 0100 
  0x0000775f10be9e58: 0001 e94a | 0000 0049 | 83b9 8001 | 0000 0075 | 1749 8989 | 8001 0000 | 49c7 8188 | 0100 0001 
  0x0000775f10be9e78: 0000 00e9 | 2900 0000 | 4983 b990 | 0100 0000 | 7517 4989 | 8990 0100 | 0049 c781 | 9801 0000 
  0x0000775f10be9e98: 0100 0000 | e908 0000 | 0049 8381 | 7001 0000 

  0x0000775f10be9ea8: ;   {oop("Can not parent an expression to itself!"{0x0000000040f2e3b0})}
  0x0000775f10be9ea8: 0148 b9b0 | e3f2 4000 | 0000 0048 | 8bf7 4889 | bc24 6003 

  0x0000775f10be9ebc: ;   {optimized virtual_call}
  0x0000775f10be9ebc: 0000 90e8 

  0x0000775f10be9ec0: ; ImmutableOopMap {[224]=Oop [232]=Oop [240]=Oop [256]=Oop [280]=Oop [848]=Oop [856]=Oop [864]=Oop [872]=Oop [880]=Oop }
                      ;*invokevirtual assertion {reexecute=0 rethrow=0 return_oop=0}
                      ; - org.apache.xpath.Expression::exprSetParent@13 (line 476)
                      ; - org.apache.xpath.XPath::setExpression@16 (line 100)
                      ; - org.apache.xpath.XPath::<init>@11 (line 278)
                      ; - org.apache.xalan.templates.ElemApplyTemplates::transformSelectedNodes@917 (line 438)
  0x0000775f10be9ec0: bcb1 0707 

  0x0000775f10be9ec4: ;   {other}
  0x0000775f10be9ec4: 0f1f 8400 | b4a5 007f | 4c8b 9c24 | 5803 0000 | 488b bc24 | 6003 0000 | 4d8b d344 | 8957 0c48 
  0x0000775f10be9ee4: 8b84 2468 | 0300 004c | 8bd7 4489 | 500c 488b 

  0x0000775f10be9ef4: ;   {metadata(method data for {method} {0x00006ab1e865bd78} '<init>' '(Lorg/apache/xpath/Expression;)V' in 'org/apache/xpath/XPath')}
  0x0000775f10be9ef4: d048 be78 | 2b82 e8b1 | 6a00 0048 | 8386 8001 

  0x0000775f10be9f04: ;   {metadata(method data for {method} {0x00006ab1e865b4a0} 'initFunctionTable' '()V' in 'org/apache/xpath/XPath')}
  0x0000775f10be9f04: 0000 0148 | bad8 3e82 | e8b1 6a00 | 008b b2f4 | 0000 0083 | c602 89b2 | f400 0000 | 81e6 feff 
  0x0000775f10be9f24: 1f00 85f6 | 0f84 c830 

  0x0000775f10be9f2c: ;   {metadata('org/apache/xpath/compiler/FunctionTable')}
  0x0000775f10be9f2c: 0000 48ba | 58d2 01f4 | b16a 0000 | 498b 87b8 | 0400 0048 | 8d48 1848 | 3bc8 0f82 | cb30 0000 
  0x0000775f10be9f4c: 493b 8fc0 | 0400 000f | 87be 3000 | 0049 898f | b804 0000 | 488b f848 | c1ef 0649 | ba00 0040 
  0x0000775f10be9f6c: 6cb2 6a00 | 0045 8a14 | 3a48 8bc8 | 48c1 e903 | 4883 e107 | 48c7 c701 | 0000 0048 | d3e7 4c0b 
  0x0000775f10be9f8c: d748 8bf8 | 48c1 ef06 | 48b9 0000 | 406c b26a | 0000 4488 | 1439 4983 | 8728 0200 | 0018 4983 
  0x0000775f10be9fac: 8728 0200 | 0000 48c7 | 0001 0000 | 0048 8bca | 49ba 0000 | 00f3 b16a | 0000 492b | ca89 4808 
  0x0000775f10be9fcc: 4833 c989 | 480c 4833 | c948 8948 | 1048 8bf0 

  0x0000775f10be9fdc: ;   {metadata(method data for {method} {0x00006ab1e865b4a0} 'initFunctionTable' '()V' in 'org/apache/xpath/XPath')}
  0x0000775f10be9fdc: 48bf d83e | 82e8 b16a | 0000 4883 | 8738 0100 | 0001 488b | f048 8984 | 2478 0300 | 0066 0f1f 
  0x0000775f10be9ffc: ;   {optimized virtual_call}
  0x0000775f10be9ffc: 4400 00e8 

  0x0000775f10bea000: ; ImmutableOopMap {[224]=Oop [232]=Oop [240]=Oop [256]=Oop [280]=Oop [848]=Oop [872]=Oop [880]=Oop [888]=Oop }
                      ;*invokespecial <init> {reexecute=0 rethrow=0 return_oop=0}
                      ; - org.apache.xpath.XPath::initFunctionTable@5 (line 62)
                      ; - org.apache.xpath.XPath::<init>@15 (line 279)
                      ; - org.apache.xalan.templates.ElemApplyTemplates::transformSelectedNodes@917 (line 438)
  0x0000775f10bea000: 7cb0 0707 

  0x0000775f10bea004: ;   {other}
  0x0000775f10bea004: 0f1f 8400 | f4a6 0080 | 488b 9424 | 7803 0000 | 488b 8424 | 6803 0000 | 4c8b d244 | 8950 100f 
  0x0000775f10bea024: 1f44 0000 

  0x0000775f10bea028: ;   {no_reloc}
  0x0000775f10bea028: e906 3000 | 0000 0000 | 0000 498b | 87b8 0400 | 0048 8d48 | 2848 3bc8 | 0f82 f72f | 0000 493b 
  0x0000775f10bea048: 8fc0 0400 | 000f 87ea | 2f00 0049 | 898f b804 | 0000 488b | f848 c1ef | 0649 ba00 | 0040 6cb2 
  0x0000775f10bea068: 6a00 0045 | 8a14 3a48 | 8bc8 48c1 | e903 4883 | e107 48c7 | c701 0000 | 0048 d3e7 | 4c0b d748 
  0x0000775f10bea088: 8bf8 48c1 | ef06 48b9 | 0000 406c | b26a 0000 | 4488 1439 | 4983 8728 | 0200 0028 | 4983 8728 
  0x0000775f10bea0a8: 0200 0000 | 48c7 0001 | 0000 0048 | 8bca 49ba | 0000 00f3 | b16a 0000 | 492b ca89 | 4808 4833 
  0x0000775f10bea0c8: c989 480c | 4833 c948 | 8948 1048 | 8948 1848 | 8948 2048 

  0x0000775f10bea0dc: ;   {metadata(method data for {method} {0x00006ab1e855b330} 'transformSelectedNodes' '(Lorg/apache/xalan/transformer/TransformerImpl;)V' in 'org/apache/xalan/templates/ElemApplyTemplates')}
  0x0000775f10bea0dc: 8bd0 48be | d893 81e8 | b16a 0000 | 4883 86a8 | 1900 0001 | 488b 9424 | 5003 0000 | 488b f048 
  0x0000775f10bea0fc: 8984 2480 | 0300 000f 

  0x0000775f10bea104: ;   {optimized virtual_call}
  0x0000775f10bea104: 1f40 00e8 

  0x0000775f10bea108: ; ImmutableOopMap {[224]=Oop [232]=Oop [240]=Oop [256]=Oop [280]=Oop [848]=Oop [872]=Oop [880]=Oop [896]=Oop }
                      ;*invokespecial <init> {reexecute=0 rethrow=0 return_oop=0}
                      ; - org.apache.xalan.templates.ElemApplyTemplates::transformSelectedNodes@926 (line 438)
  0x0000775f10bea108: 74af 0707 

  0x0000775f10bea10c: ;   {other}
  0x0000775f10bea10c: 0f1f 8400 | fca7 0081 | 488b 9c24 | 7003 0000 

  0x0000775f10bea11c: ; implicit exception: dispatches to 0x0000775f10bed04a
  0x0000775f10bea11c: 483b 0348 

  0x0000775f10bea120: ;   {metadata(method data for {method} {0x00006ab1e855b330} 'transformSelectedNodes' '(Lorg/apache/xalan/transformer/TransformerImpl;)V' in 'org/apache/xalan/templates/ElemApplyTemplates')}
  0x0000775f10bea120: 8bd3 48b9 | d893 81e8 | b16a 0000 

  0x0000775f10bea12c: ;   {metadata('org/apache/xalan/trace/TraceManager')}
  0x0000775f10bea12c: 49ba 7884 | 0ef4 b16a | 0000 4c89 | 91c8 1900 | 0048 8381 | d019 0000 

  0x0000775f10bea144: ;   {oop("select"{0x0000000040ab07b8})}
  0x0000775f10bea144: 0149 b8b8 | 07ab 4000 | 0000 008b | 9424 f800 | 0000 488b | 8c24 e800 | 0000 4c8b | 8c24 6803 
  0x0000775f10bea164: 0000 488b | bc24 8003 | 0000 488b | f366 0f1f 

  0x0000775f10bea174: ;   {optimized virtual_call}
  0x0000775f10bea174: 4400 00e8 

  0x0000775f10bea178: ; ImmutableOopMap {[224]=Oop [232]=Oop [240]=Oop [256]=Oop [280]=Oop [848]=Oop }
                      ;*invokevirtual fireSelectedEndEvent {reexecute=0 rethrow=0 return_oop=0}
                      ; - org.apache.xalan.templates.ElemApplyTemplates::transformSelectedNodes@929 (line 438)
  0x0000775f10bea178: 04af 0707 

  0x0000775f10bea17c: ;   {other}
  0x0000775f10bea17c: 0f1f 8400 | 6ca8 0082 | 8b8c 24fc | 0000 0085 

  0x0000775f10bea18c: ;   {metadata(method data for {method} {0x00006ab1e855b330} 'transformSelectedNodes' '(Lorg/apache/xalan/transformer/TransformerImpl;)V' in 'org/apache/xalan/templates/ElemApplyTemplates')}
  0x0000775f10bea18c: c948 bad8 | 9381 e8b1 | 6a00 0048 | c7c6 f019 | 0000 7e07 | 48c7 c600 | 1a00 0048 | 8b3c 3248 
  0x0000775f10bea1ac: 8d7f 0148 | 893c 3289 | 8c24 fc00 | 0000 0f8e | 4c00 0000 | 488b 9c24 | 0001 0000 

  0x0000775f10bea1c8: ;   {metadata(method data for {method} {0x00006ab1e855b330} 'transformSelectedNodes' '(Lorg/apache/xalan/transformer/TransformerImpl;)V' in 'org/apache/xalan/templates/ElemApplyTemplates')}
  0x0000775f10bea1c8: 48ba d893 | 81e8 b16a 

  0x0000775f10bea1d0: ;   {metadata('org/apache/xpath/VariableStack')}
  0x0000775f10bea1d0: 0000 49ba | a8de 0ef4 | b16a 0000 | 4c89 9220 | 1a00 0048 | 8382 281a | 0000 018b | 9424 1001 
  0x0000775f10bea1f0: 0000 488b | b424 0001 | 0000 0f1f 

  0x0000775f10bea1fc: ;   {optimized virtual_call}
  0x0000775f10bea1fc: 4400 00e8 

  0x0000775f10bea200: ; ImmutableOopMap {[224]=Oop [232]=Oop [240]=Oop [256]=Oop [280]=Oop [848]=Oop }
                      ;*invokevirtual unlink {reexecute=0 rethrow=0 return_oop=0}
                      ; - org.apache.xalan.templates.ElemApplyTemplates::transformSelectedNodes@941 (line 444)
  0x0000775f10bea200: 7cae 0707 

  0x0000775f10bea204: ;   {other}
  0x0000775f10bea204: 0f1f 8400 | f4a8 0083 | 488b bc24 | e000 0000 

  0x0000775f10bea214: ;   {metadata(method data for {method} {0x00006ab1e855b330} 'transformSelectedNodes' '(Lorg/apache/xalan/transformer/TransformerImpl;)V' in 'org/apache/xalan/templates/ElemApplyTemplates')}
  0x0000775f10bea214: 488b f748 | b8d8 9381 | e8b1 6a00 | 0048 8380 | 601a 0000 

  0x0000775f10bea228: ;   {metadata(method data for {method} {0x00006ab1e86aa268} 'popSAXLocator' '()V' in 'org/apache/xpath/XPathContext')}
  0x0000775f10bea228: 0148 be58 | 0281 e8b1 | 6a00 008b | 86f4 0000 | 0083 c002 | 8986 f400 | 0000 25fe | ff1f 0085 
  0x0000775f10bea248: c00f 8400 | 2e00 008b | 772c 483b | 0648 8bc6 

  0x0000775f10bea258: ;   {metadata(method data for {method} {0x00006ab1e86aa268} 'popSAXLocator' '()V' in 'org/apache/xpath/XPathContext')}
  0x0000775f10bea258: 48ba 5802 | 81e8 b16a | 0000 4883 | 8250 0100 | 0001 0f1f 

  0x0000775f10bea26c: ;   {optimized virtual_call}
  0x0000775f10bea26c: 4400 00e8 

  0x0000775f10bea270: ; ImmutableOopMap {[224]=Oop [232]=Oop [240]=Oop [256]=Oop [280]=Oop [848]=Oop }
                      ;*invokevirtual pop {reexecute=0 rethrow=0 return_oop=0}
                      ; - org.apache.xpath.XPathContext::popSAXLocator@4 (line 434)
                      ; - org.apache.xalan.templates.ElemApplyTemplates::transformSelectedNodes@945 (line 445)
  0x0000775f10bea270: 0cae 0707 

  0x0000775f10bea274: ;   {other}
  0x0000775f10bea274: 0f1f 8400 | 64a9 0084 | 8bbc 241c | 0200 0085 

  0x0000775f10bea284: ;   {metadata(method data for {method} {0x00006ab1e855b330} 'transformSelectedNodes' '(Lorg/apache/xalan/transformer/TransformerImpl;)V' in 'org/apache/xalan/templates/ElemApplyTemplates')}
  0x0000775f10bea284: ff48 b8d8 | 9381 e8b1 | 6a00 0048 | c7c2 901a | 0000 7507 | 48c7 c280 | 1a00 0048 | 8b34 1048 
  0x0000775f10bea2a4: 8d76 0148 | 8934 100f | 850c 0000 | 0089 bc24 | 1c02 0000 | e9ef 0200 | 0048 8b9c | 24e0 0000 
  0x0000775f10bea2c4: 0048 8bc3 

  0x0000775f10bea2c8: ;   {metadata(method data for {method} {0x00006ab1e855b330} 'transformSelectedNodes' '(Lorg/apache/xalan/transformer/TransformerImpl;)V' in 'org/apache/xalan/templates/ElemApplyTemplates')}
  0x0000775f10bea2c8: 48ba d893 | 81e8 b16a | 0000 4883 | 82a0 1a00 

  0x0000775f10bea2d8: ;   {metadata(method data for {method} {0x00006ab1e86aafd0} 'popContextNodeList' '()V' in 'org/apache/xpath/XPathContext')}
  0x0000775f10bea2d8: 0001 48b8 | 48f4 81e8 | b16a 0000 | 8b90 f400 | 0000 83c2 | 0289 90f4 | 0000 0081 | e2fe ff1f 
  0x0000775f10bea2f8: 0085 d20f | 8474 2d00 | 008b 5350 

  0x0000775f10bea304: ; implicit exception: dispatches to 0x0000775f10bed096
  0x0000775f10bea304: 483b 0248 

  0x0000775f10bea308: ;   {metadata(method data for {method} {0x00006ab1e86aafd0} 'popContextNodeList' '()V' in 'org/apache/xpath/XPathContext')}
  0x0000775f10bea308: 8bc2 48be | 48f4 81e8 | b16a 0000 | 8b40 0849 | ba00 0000 | f3b1 6a00 | 0049 03c2 | 483b 8648 
  0x0000775f10bea328: 0100 0075 | 0d48 8386 | 5001 0000 | 01e9 6000 | 0000 483b | 8658 0100 | 0075 0d48 | 8386 6001 
  0x0000775f10bea348: 0000 01e9 | 4a00 0000 | 4883 be48 | 0100 0000 | 7517 4889 | 8648 0100 | 0048 c786 | 5001 0000 
  0x0000775f10bea368: 0100 0000 | e929 0000 | 0048 83be | 5801 0000 | 0075 1748 | 8986 5801 | 0000 48c7 | 8660 0100 
  0x0000775f10bea388: 0001 0000 | 00e9 0800 | 0000 4883 | 8638 0100 | 0001 488d | b424 d803 | 0000 4889 | 5608 488b 
  0x0000775f10bea3a8: 0248 83c8 | 0148 8906 | f048 0fb1 | 320f 8412 | 0000 0048 | 2bc4 4825 | 07f0 ffff | 4889 060f 
  0x0000775f10bea3c8: 85ce 2c00 | 0049 ff87 | 6808 0000 

  0x0000775f10bea3d4: ;   {metadata(method data for {method} {0x00006ab1e80ff0b0} 'isEmpty' '()Z' in 'java/util/Vector')}
  0x0000775f10bea3d4: 48b8 b800 | 1fe8 b16a | 0000 8bb0 | f400 0000 | 83c6 0289 | b0f4 0000 | 0081 e6fe | ff1f 0085 
  0x0000775f10bea3f4: f60f 84b3 | 2c00 008b | 4210 85c0 

  0x0000775f10bea400: ;   {metadata(method data for {method} {0x00006ab1e80ff0b0} 'isEmpty' '()Z' in 'java/util/Vector')}
  0x0000775f10bea400: 48b8 b800 | 1fe8 b16a | 0000 48c7 | c238 0100 | 0075 0748 | c7c2 4801 | 0000 488b | 3410 488d 
  0x0000775f10bea420: 7601 4889 | 3410 0f85 | 1a00 0000 

  0x0000775f10bea42c: ;   {metadata(method data for {method} {0x00006ab1e80ff0b0} 'isEmpty' '()Z' in 'java/util/Vector')}
  0x0000775f10bea42c: 48b8 b800 | 1fe8 b16a | 0000 ff80 | 5801 0000 | b801 0000 | 00e9 0500 | 0000 b800 | 0000 0048 
  0x0000775f10bea44c: 8bd0 83e2 | 0148 8d84 | 24d8 0300 | 0048 8b30 | 4885 f60f | 840f 0000 | 0048 8b48 | 08f0 480f 
  0x0000775f10bea46c: b131 0f85 | 5b2c 0000 | 49ff 8f68 | 0800 0085 

  0x0000775f10bea47c: ;   {metadata(method data for {method} {0x00006ab1e86aafd0} 'popContextNodeList' '()V' in 'org/apache/xpath/XPathContext')}
  0x0000775f10bea47c: d248 ba48 | f481 e8b1 | 6a00 0048 | c7c6 7001 | 0000 7407 | 48c7 c680 | 0100 0048 | 8b04 3248 
  0x0000775f10bea49c: 8d40 0148 | 8904 3289 | bc24 1c02 | 0000 0f84 | d100 0000 

  0x0000775f10bea4b0: ;   {oop(a 'java/lang/Class'{0x0000000040001608} = 'java/lang/System')}
  0x0000775f10bea4b0: 48ba 0816 | 0040 0000 | 0000 8b72 | 7848 3b06 

  0x0000775f10bea4c0: ;   {metadata(method data for {method} {0x00006ab1e86aafd0} 'popContextNodeList' '()V' in 'org/apache/xpath/XPathContext')}
  0x0000775f10bea4c0: 488b d648 | b848 f481 | e8b1 6a00 | 008b 5208 | 49ba 0000 | 00f3 b16a | 0000 4903 | d248 3b90 
  0x0000775f10bea4e0: a001 0000 | 750d 4883 | 80a8 0100 | 0001 e960 | 0000 0048 | 3b90 b001 | 0000 750d | 4883 80b8 
  0x0000775f10bea500: 0100 0001 | e94a 0000 | 0048 83b8 | a001 0000 | 0075 1748 | 8990 a001 | 0000 48c7 | 80a8 0100 
  0x0000775f10bea520: 0001 0000 | 00e9 2900 | 0000 4883 | b8b0 0100 | 0000 7517 | 4889 90b0 | 0100 0048 | c780 b801 
  0x0000775f10bea540: 0000 0100 | 0000 e908 | 0000 0048 | 8380 9001 

  0x0000775f10bea550: ;   {oop("Warning: popContextNodeList when stack is empty!"{0x00000000400cd7b8})}
  0x0000775f10bea550: 0000 0148 | bab8 d70c | 4000 0000 

  0x0000775f10bea55c: ;   {optimized virtual_call}
  0x0000775f10bea55c: 0066 90e8 

  0x0000775f10bea560: ; ImmutableOopMap {[224]=Oop [232]=Oop [240]=Oop [256]=Oop [280]=Oop [848]=Oop }
                      ;*invokevirtual println {reexecute=0 rethrow=0 return_oop=0}
                      ; - org.apache.xpath.XPathContext::popContextNodeList@15 (line 707)
                      ; - org.apache.xalan.templates.ElemApplyTemplates::transformSelectedNodes@954 (line 446)
  0x0000775f10bea560: 1cab 0707 

  0x0000775f10bea564: ;   {other}
  0x0000775f10bea564: 0f1f 8400 | 54ac 0085 

  0x0000775f10bea56c: ;   {metadata(method data for {method} {0x00006ab1e86aafd0} 'popContextNodeList' '()V' in 'org/apache/xpath/XPathContext')}
  0x0000775f10bea56c: 48be 48f4 | 81e8 b16a | 0000 ff86 | c801 0000 | e92b 0000 | 0048 8bfb | 8b77 5048 | 3b06 488b 
  0x0000775f10bea58c: ;   {metadata(method data for {method} {0x00006ab1e86aafd0} 'popContextNodeList' '()V' in 'org/apache/xpath/XPathContext')}
  0x0000775f10bea58c: de48 b848 | f481 e8b1 | 6a00 0048 | 8380 f801 

  0x0000775f10bea59c: ;   {optimized virtual_call}
  0x0000775f10bea59c: 0000 01e8 

  0x0000775f10bea5a0: ; ImmutableOopMap {[224]=Oop [232]=Oop [240]=Oop [256]=Oop [280]=Oop [848]=Oop }
                      ;*invokevirtual pop {reexecute=0 rethrow=0 return_oop=0}
                      ; - org.apache.xpath.XPathContext::popContextNodeList@25 (line 709)
                      ; - org.apache.xalan.templates.ElemApplyTemplates::transformSelectedNodes@954 (line 446)
  0x0000775f10bea5a0: dcaa 0707 

  0x0000775f10bea5a4: ;   {other}
  0x0000775f10bea5a4: 0f1f 8400 | 94ac 0086 | 488b 9424 | f000 0000 

  0x0000775f10bea5b4: ;   {metadata(method data for {method} {0x00006ab1e855b330} 'transformSelectedNodes' '(Lorg/apache/xalan/transformer/TransformerImpl;)V' in 'org/apache/xalan/templates/ElemApplyTemplates')}
  0x0000775f10bea5b4: 488b f248 | b9d8 9381 | e8b1 6a00 | 0048 8381 | f01a 0000 

  0x0000775f10bea5c8: ;   {metadata(method data for {method} {0x00006ab1e8655cc0} 'popElemTemplateElement' '()V' in 'org/apache/xalan/transformer/TransformerImpl')}
  0x0000775f10bea5c8: 0148 bec8 | 0981 e8b1 | 6a00 008b | 8ef4 0000 | 0083 c102 | 898e f400 | 0000 81e1 | feff 1f00 
  0x0000775f10bea5e8: 85c9 0f84 | ff2a 0000 | 8b72 4c48 | 3b06 488b 

  0x0000775f10bea5f8: ;   {metadata(method data for {method} {0x00006ab1e8655cc0} 'popElemTemplateElement' '()V' in 'org/apache/xalan/transformer/TransformerImpl')}
  0x0000775f10bea5f8: ce49 b8c8 | 0981 e8b1 | 6a00 0049 | 8380 5001 | 0000 010f 

  0x0000775f10bea60c: ;   {optimized virtual_call}
  0x0000775f10bea60c: 1f40 00e8 

  0x0000775f10bea610: ; ImmutableOopMap {[224]=Oop [232]=Oop [240]=Oop [256]=Oop [280]=Oop [848]=Oop }
                      ;*invokevirtual pop {reexecute=0 rethrow=0 return_oop=0}
                      ; - org.apache.xalan.transformer.TransformerImpl::popElemTemplateElement@4 (line 2632)
                      ; - org.apache.xalan.templates.ElemApplyTemplates::transformSelectedNodes@958 (line 447)
  0x0000775f10bea610: 6caa 0707 

  0x0000775f10bea614: ;   {other}
  0x0000775f10bea614: 0f1f 8400 | 04ad 0087 | 488b bc24 | e000 0000 

  0x0000775f10bea624: ;   {metadata(method data for {method} {0x00006ab1e855b330} 'transformSelectedNodes' '(Lorg/apache/xalan/transformer/TransformerImpl;)V' in 'org/apache/xalan/templates/ElemApplyTemplates')}
  0x0000775f10bea624: 48be d893 | 81e8 b16a | 0000 4883 | 8610 1b00 

  0x0000775f10bea634: ;   {metadata(method data for {method} {0x00006ab1e86ac060} 'popCurrentExpressionNode' '()V' in 'org/apache/xpath/XPathContext')}
  0x0000775f10bea634: 0001 48be | f82f 81e8 | b16a 0000 | 8bbe f400 | 0000 83c7 | 0289 bef4 | 0000 0081 | e7fe ff1f 
  0x0000775f10bea654: 0085 ff0f | 84b8 2a00 | 0048 8bbc | 24e0 0000 | 008b 7760 

  0x0000775f10bea668: ; implicit exception: dispatches to 0x0000775f10bed136
  0x0000775f10bea668: 483b 0648 

  0x0000775f10bea66c: ;   {metadata(method data for {method} {0x00006ab1e86ac060} 'popCurrentExpressionNode' '()V' in 'org/apache/xpath/XPathContext')}
  0x0000775f10bea66c: 8bde 48b8 | f82f 81e8 | b16a 0000 | 4883 8038 | 0100 0001 

  0x0000775f10bea680: ;   {metadata(method data for {method} {0x00006ab1e8648728} 'quickPop' '(I)V' in 'org/apache/xml/utils/IntStack')}
  0x0000775f10bea680: 48bb 9012 | 7ee8 b16a | 0000 8b83 | f400 0000 | 83c0 0289 | 83f4 0000 | 0025 feff | 1f00 85c0 
  0x0000775f10bea6a0: 0f84 952a | 0000 8b5e | 10ff cb89 | 5e10 488b 

  0x0000775f10bea6b0: ;   {metadata(method data for {method} {0x00006ab1e855b330} 'transformSelectedNodes' '(Lorg/apache/xalan/transformer/TransformerImpl;)V' in 'org/apache/xalan/templates/ElemApplyTemplates')}
  0x0000775f10bea6b0: f748 bbd8 | 9381 e8b1 | 6a00 0048 | 8383 481b 

  0x0000775f10bea6c0: ;   {metadata(method data for {method} {0x00006ab1e86ab680} 'popCurrentNode' '()V' in 'org/apache/xpath/XPathContext')}
  0x0000775f10bea6c0: 0000 0148 | be10 5280 | e8b1 6a00 | 008b 9ef4 | 0000 0083 | c302 899e | f400 0000 | 81e3 feff 
  0x0000775f10bea6e0: 1f00 85db | 0f84 722a | 0000 8b77 | 5448 3b06 

  0x0000775f10bea6f0: ;   {metadata(method data for {method} {0x00006ab1e86ab680} 'popCurrentNode' '()V' in 'org/apache/xpath/XPathContext')}
  0x0000775f10bea6f0: 488b de48 | b810 5280 | e8b1 6a00 | 0048 8380 | 3801 0000 

  0x0000775f10bea704: ;   {metadata(method data for {method} {0x00006ab1e8648728} 'quickPop' '(I)V' in 'org/apache/xml/utils/IntStack')}
  0x0000775f10bea704: 0148 bb90 | 127e e8b1 | 6a00 008b | 83f4 0000 | 0083 c002 | 8983 f400 | 0000 25fe | ff1f 0085 
  0x0000775f10bea724: c00f 8457 | 2a00 008b | 5e10 ffcb | 895e 1048 | 8b9c 2450 | 0300 0048 | 3b03 488b 

  0x0000775f10bea740: ;   {metadata(method data for {method} {0x00006ab1e855b330} 'transformSelectedNodes' '(Lorg/apache/xalan/transformer/TransformerImpl;)V' in 'org/apache/xalan/templates/ElemApplyTemplates')}
  0x0000775f10bea740: f348 b8d8 | 9381 e8b1 | 6a00 008b | 7608 49ba | 0000 00f3 | b16a 0000 | 4903 f248 | 3bb0 901b 
  0x0000775f10bea760: 0000 750d | 4883 8098 | 1b00 0001 | e960 0000 | 0048 3bb0 | a01b 0000 | 750d 4883 | 80a8 1b00 
  0x0000775f10bea780: 0001 e94a | 0000 0048 | 83b8 901b | 0000 0075 | 1748 89b0 | 901b 0000 | 48c7 8098 | 1b00 0001 
  0x0000775f10bea7a0: 0000 00e9 | 2900 0000 | 4883 b8a0 | 1b00 0000 | 7517 4889 | b0a0 1b00 | 0048 c780 | a81b 0000 
  0x0000775f10bea7c0: 0100 0000 | e908 0000 | 0048 8380 | 801b 0000 | 0148 8bf3 | 4889 9c24 | 5003 0000 | 9048 b8ff 
  0x0000775f10bea7e0: ffff ffff 

  0x0000775f10bea7e4: ;   {virtual_call}
  0x0000775f10bea7e4: ffff ffe8 

  0x0000775f10bea7e8: ; ImmutableOopMap {[224]=Oop [232]=Oop [240]=Oop [256]=Oop [280]=Oop [848]=Oop }
                      ;*invokeinterface detach {reexecute=0 rethrow=0 return_oop=0}
                      ; - org.apache.xalan.templates.ElemApplyTemplates::transformSelectedNodes@971 (line 450)
  0x0000775f10bea7e8: 94ab 0707 

  0x0000775f10bea7ec: ;   {other}
  0x0000775f10bea7ec: 0f1f 8400 | dcae 0088 | e9a8 0b00 | 0049 8b87 | 1808 0000 | 4d33 d24d | 8997 1808 | 0000 4d33 
  0x0000775f10bea80c: d24d 8997 | 2008 0000 | 488b 9424 | f000 0000 

  0x0000775f10bea81c: ;   {metadata(method data for {method} {0x00006ab1e855b330} 'transformSelectedNodes' '(Lorg/apache/xalan/transformer/TransformerImpl;)V' in 'org/apache/xalan/templates/ElemApplyTemplates')}
  0x0000775f10bea81c: 488b f248 | bfd8 9381 | e8b1 6a00 | 0048 8387 | 2019 0000 | 010f be72 | 1583 e601 

  0x0000775f10bea838: ;   {metadata(method data for {method} {0x00006ab1e855b330} 'transformSelectedNodes' '(Lorg/apache/xalan/transformer/TransformerImpl;)V' in 'org/apache/xalan/templates/ElemApplyTemplates')}
  0x0000775f10bea838: 85f6 48be | d893 81e8 | b16a 0000 | 48c7 c740 | 1900 0074 | 0748 c7c7 | 5019 0000 | 488b 0c3e 
  0x0000775f10bea858: 488d 4901 | 4889 0c3e | 4889 8424 | b803 0000 | 0f84 0607 | 0000 488b | b424 e800 | 0000 488b 
  0x0000775f10bea878: ;   {metadata(method data for {method} {0x00006ab1e855b330} 'transformSelectedNodes' '(Lorg/apache/xalan/transformer/TransformerImpl;)V' in 'org/apache/xalan/templates/ElemApplyTemplates')}
  0x0000775f10bea878: fa48 b9d8 | 9381 e8b1 

  0x0000775f10bea880: ;   {metadata('org/apache/xalan/transformer/TransformerImpl')}
  0x0000775f10bea880: 6a00 0049 | bac8 0c0c | f4b1 6a00 | 004c 8991 | 7019 0000 | 4883 8178 | 1900 0001 | 448b 8a84 
  0x0000775f10bea8a0: 0000 004c | 898c 24a8 | 0300 000f | 1f44 0000 

  0x0000775f10bea8b0: ;   {no_reloc}
  0x0000775f10bea8b0: e902 2900 | 0000 0000 | 0000 4c8b | ee49 8b87 | b804 0000 | 488d 4818 | 483b c80f | 82f0 2800 
  0x0000775f10bea8d0: 0049 3b8f | c004 0000 | 0f87 e328 | 0000 4989 | 8fb8 0400 | 0048 8bf8 | 48c1 ef06 | 49ba 0000 
  0x0000775f10bea8f0: 406c b26a | 0000 458a | 143a 488b | c848 c1e9 | 0348 83e1 | 0748 c7c7 | 0100 0000 | 48d3 e74c 
  0x0000775f10bea910: 0bd7 488b | f848 c1ef | 0648 b900 | 0040 6cb2 | 6a00 0044 | 8814 3949 | 8387 2802 | 0000 1849 
  0x0000775f10bea930: 8387 2802 | 0000 0048 | c700 0100 | 0000 488b | ca49 ba00 | 0000 f3b1 | 6a00 0049 | 2bca 8948 
  0x0000775f10bea950: 0848 33c9 | 8948 0c48 | 33c9 4889 | 4810 4889 | 8424 9803 | 0000 418b | 7d50 488b 

  0x0000775f10bea96c: ;   {metadata(method data for {method} {0x00006ab1e855b330} 'transformSelectedNodes' '(Lorg/apache/xalan/transformer/TransformerImpl;)V' in 'org/apache/xalan/templates/ElemApplyTemplates')}
  0x0000775f10bea96c: d048 b9d8 | 9381 e8b1 | 6a00 0048 | 8381 9819 

  0x0000775f10bea97c: ;   {metadata(method data for {method} {0x00006ab1e865bd78} '<init>' '(Lorg/apache/xpath/Expression;)V' in 'org/apache/xpath/XPath')}
  0x0000775f10bea97c: 0000 0148 | ba78 2b82 | e8b1 6a00 | 008b 8af4 | 0000 0083 | c102 898a | f400 0000 | 81e1 feff 
  0x0000775f10bea99c: 1f00 85c9 | 0f84 2828 | 0000 488b 

  0x0000775f10bea9a8: ;   {metadata(method data for {method} {0x00006ab1e865bd78} '<init>' '(Lorg/apache/xpath/Expression;)V' in 'org/apache/xpath/XPath')}
  0x0000775f10bea9a8: d048 b978 | 2b82 e8b1 | 6a00 0048 | 8381 3801 

  0x0000775f10bea9b8: ;   {metadata(method data for {method} {0x00006ab1f34791f0} '<init>' '()V' in 'java/lang/Object')}
  0x0000775f10bea9b8: 0000 0148 | ba20 7100 | e8b1 6a00 | 008b 8af4 | 0000 0083 | c102 898a | f400 0000 | 81e1 feff 
  0x0000775f10bea9d8: 1f00 85c9 | 0f84 0d28 | 0000 488b 

  0x0000775f10bea9e4: ;   {metadata(method data for {method} {0x00006ab1e865bd78} '<init>' '(Lorg/apache/xpath/Expression;)V' in 'org/apache/xpath/XPath')}
  0x0000775f10bea9e4: d048 b978 | 2b82 e8b1 

  0x0000775f10bea9ec: ;   {metadata('org/apache/xpath/XPath')}
  0x0000775f10bea9ec: 6a00 0049 | ba88 130c | f4b1 6a00 | 004c 8991 | 5801 0000 | 4883 8160 | 0100 0001 

  0x0000775f10beaa08: ;   {metadata(method data for {method} {0x00006ab1e865b6e0} 'setExpression' '(Lorg/apache/xpath/Expression;)V' in 'org/apache/xpath/XPath')}
  0x0000775f10beaa08: 48ba 2093 | 70e8 b16a | 0000 8b8a | f400 0000 | 83c1 0289 | 8af4 0000 | 0081 e1fe | ff1f 0085 
  0x0000775f10beaa28: c90f 84e1 | 2700 008b | 500c 4885 

  0x0000775f10beaa34: ;   {metadata(method data for {method} {0x00006ab1e865b6e0} 'setExpression' '(Lorg/apache/xpath/Expression;)V' in 'org/apache/xpath/XPath')}
  0x0000775f10beaa34: d248 b920 | 9370 e8b1 | 6a00 0048 | c7c6 3801 | 0000 7407 | 48c7 c648 | 0100 0048 | 8b1c 3148 
  0x0000775f10beaa54: 8d5b 0148 | 891c 310f | 8482 0200 | 0048 3b02 

  0x0000775f10beaa64: ;   {metadata(method data for {method} {0x00006ab1e865b6e0} 'setExpression' '(Lorg/apache/xpath/Expression;)V' in 'org/apache/xpath/XPath')}
  0x0000775f10beaa64: 488b ca48 | be20 9370 | e8b1 6a00 | 008b 4908 | 49ba 0000 | 00f3 b16a | 0000 4903 | ca48 3b8e 
  0x0000775f10beaa84: 6801 0000 | 750d 4883 | 8670 0100 | 0001 e960 | 0000 0048 | 3b8e 7801 | 0000 750d | 4883 8680 
  0x0000775f10beaaa4: 0100 0001 | e94a 0000 | 0048 83be | 6801 0000 | 0075 1748 | 898e 6801 | 0000 48c7 | 8670 0100 
  0x0000775f10beaac4: 0001 0000 | 00e9 2900 | 0000 4883 | be78 0100 | 0000 7517 | 4889 8e78 | 0100 0048 | c786 8001 
  0x0000775f10beaae4: 0000 0100 | 0000 e908 | 0000 0048 | 8386 5801 | 0000 018b | 5a0c 4889 | 9c24 9003 | 0000 483b 
  0x0000775f10beab04: 0748 8bd7 

  0x0000775f10beab08: ;   {metadata(method data for {method} {0x00006ab1e865b6e0} 'setExpression' '(Lorg/apache/xpath/Expression;)V' in 'org/apache/xpath/XPath')}
  0x0000775f10beab08: 48b9 2093 | 70e8 b16a | 0000 8b52 | 0849 ba00 | 0000 f3b1 | 6a00 0049 | 03d2 483b | 91a0 0100 
  0x0000775f10beab28: 0075 0d48 | 8381 a801 | 0000 01e9 | 6000 0000 | 483b 91b0 | 0100 0075 | 0d48 8381 | b801 0000 
  0x0000775f10beab48: 01e9 4a00 | 0000 4883 | b9a0 0100 | 0000 7517 | 4889 91a0 | 0100 0048 | c781 a801 | 0000 0100 
  0x0000775f10beab68: 0000 e929 | 0000 0048 | 83b9 b001 | 0000 0075 | 1748 8991 | b001 0000 | 48c7 81b8 | 0100 0001 
  0x0000775f10beab88: 0000 00e9 | 0800 0000 | 4883 8190 | 0100 0001 

  0x0000775f10beab98: ;   {metadata(method data for {method} {0x00006ab1e84cf1c8} 'exprSetParent' '(Lorg/apache/xpath/ExpressionNode;)V' in 'org/apache/xpath/Expression')}
  0x0000775f10beab98: 48ba 88e7 | 6fe8 b16a | 0000 8b8a | f400 0000 | 83c1 0289 | 8af4 0000 | 0081 e1fe | ff1f 0085 
  0x0000775f10beabb8: c90f 847c | 2600 0048 

  0x0000775f10beabc0: ;   {metadata(method data for {method} {0x00006ab1e84cf1c8} 'exprSetParent' '(Lorg/apache/xpath/ExpressionNode;)V' in 'org/apache/xpath/Expression')}
  0x0000775f10beabc0: 3bdf 48ba | 88e7 6fe8 | b16a 0000 | 48c7 c138 | 0100 0074 | 0748 c7c1 | 4801 0000 | 488b 340a 
  0x0000775f10beabe0: 488d 7601 | 4889 340a | 0f84 1a00 

  0x0000775f10beabec: ;   {metadata(method data for {method} {0x00006ab1e84cf1c8} 'exprSetParent' '(Lorg/apache/xpath/ExpressionNode;)V' in 'org/apache/xpath/Expression')}
  0x0000775f10beabec: 0000 48ba | 88e7 6fe8 | b16a 0000 | ff82 5801 | 0000 ba01 | 0000 00e9 | 0500 0000 | ba00 0000 
  0x0000775f10beac0c: 0048 8bcf 

  0x0000775f10beac10: ;   {metadata(method data for {method} {0x00006ab1e84cf1c8} 'exprSetParent' '(Lorg/apache/xpath/ExpressionNode;)V' in 'org/apache/xpath/Expression')}
  0x0000775f10beac10: 48bb 88e7 | 6fe8 b16a | 0000 8b49 | 0849 ba00 | 0000 f3b1 | 6a00 0049 | 03ca 483b | 8b80 0100 
  0x0000775f10beac30: 0075 0d48 | 8383 8801 | 0000 01e9 | 6000 0000 | 483b 8b90 | 0100 0075 | 0d48 8383 | 9801 0000 
  0x0000775f10beac50: 01e9 4a00 | 0000 4883 | bb80 0100 | 0000 7517 | 4889 8b80 | 0100 0048 | c783 8801 | 0000 0100 
  0x0000775f10beac70: 0000 e929 | 0000 0048 | 83bb 9001 | 0000 0075 | 1748 898b | 9001 0000 | 48c7 8398 | 0100 0001 
  0x0000775f10beac90: 0000 00e9 | 0800 0000 | 4883 8370 | 0100 0001 

  0x0000775f10beaca0: ;   {oop("Can not parent an expression to itself!"{0x0000000040f2e3b0})}
  0x0000775f10beaca0: 48b9 b0e3 | f240 0000 | 0000 488b | f748 89bc | 24a0 0300 

  0x0000775f10beacb4: ;   {optimized virtual_call}
  0x0000775f10beacb4: 0066 90e8 

  0x0000775f10beacb8: ; ImmutableOopMap {[224]=Oop [232]=Oop [240]=Oop [256]=Oop [280]=Oop [904]=Oop [912]=Oop [920]=Oop [928]=Oop [936]=Oop [952]=Oop }
                      ;*invokevirtual assertion {reexecute=0 rethrow=0 return_oop=0}
                      ; - org.apache.xpath.Expression::exprSetParent@13 (line 476)
                      ; - org.apache.xpath.XPath::setExpression@16 (line 100)
                      ; - org.apache.xpath.XPath::<init>@11 (line 278)
                      ; - org.apache.xalan.templates.ElemApplyTemplates::transformSelectedNodes@917 (line 438)
  0x0000775f10beacb8: c4a3 0707 

  0x0000775f10beacbc: ;   {other}
  0x0000775f10beacbc: 0f1f 8400 | acb3 0089 | 488b 9c24 | 9003 0000 | 488b bc24 | a003 0000 | 4c8b d344 | 8957 0c48 
  0x0000775f10beacdc: 8b84 2498 | 0300 004c | 8bd7 4489 | 500c 488b 

  0x0000775f10beacec: ;   {metadata(method data for {method} {0x00006ab1e865bd78} '<init>' '(Lorg/apache/xpath/Expression;)V' in 'org/apache/xpath/XPath')}
  0x0000775f10beacec: d048 be78 | 2b82 e8b1 | 6a00 0048 | 8386 8001 

  0x0000775f10beacfc: ;   {metadata(method data for {method} {0x00006ab1e865b4a0} 'initFunctionTable' '()V' in 'org/apache/xpath/XPath')}
  0x0000775f10beacfc: 0000 0148 | bad8 3e82 | e8b1 6a00 | 008b b2f4 | 0000 0083 | c602 89b2 | f400 0000 | 81e6 feff 
  0x0000775f10bead1c: 1f00 85f6 | 0f84 3625 

  0x0000775f10bead24: ;   {metadata('org/apache/xpath/compiler/FunctionTable')}
  0x0000775f10bead24: 0000 48ba | 58d2 01f4 | b16a 0000 | 498b 87b8 | 0400 0048 | 8d48 1848 | 3bc8 0f82 | 3925 0000 
  0x0000775f10bead44: 493b 8fc0 | 0400 000f | 872c 2500 | 0049 898f | b804 0000 | 488b f848 | c1ef 0649 | ba00 0040 
  0x0000775f10bead64: 6cb2 6a00 | 0045 8a14 | 3a48 8bc8 | 48c1 e903 | 4883 e107 | 48c7 c701 | 0000 0048 | d3e7 4c0b 
  0x0000775f10bead84: d748 8bf8 | 48c1 ef06 | 48b9 0000 | 406c b26a | 0000 4488 | 1439 4983 | 8728 0200 | 0018 4983 
  0x0000775f10beada4: 8728 0200 | 0000 48c7 | 0001 0000 | 0048 8bca | 49ba 0000 | 00f3 b16a | 0000 492b | ca89 4808 
  0x0000775f10beadc4: 4833 c989 | 480c 4833 | c948 8948 | 1048 8bf0 

  0x0000775f10beadd4: ;   {metadata(method data for {method} {0x00006ab1e865b4a0} 'initFunctionTable' '()V' in 'org/apache/xpath/XPath')}
  0x0000775f10beadd4: 48bf d83e | 82e8 b16a | 0000 4883 | 8738 0100 | 0001 488b | f048 8984 | 24c0 0300 | 0066 0f1f 
  0x0000775f10beadf4: ;   {optimized virtual_call}
  0x0000775f10beadf4: 4400 00e8 

  0x0000775f10beadf8: ; ImmutableOopMap {[224]=Oop [232]=Oop [240]=Oop [256]=Oop [280]=Oop [904]=Oop [920]=Oop [936]=Oop [952]=Oop [960]=Oop }
                      ;*invokespecial <init> {reexecute=0 rethrow=0 return_oop=0}
                      ; - org.apache.xpath.XPath::initFunctionTable@5 (line 62)
                      ; - org.apache.xpath.XPath::<init>@15 (line 279)
                      ; - org.apache.xalan.templates.ElemApplyTemplates::transformSelectedNodes@917 (line 438)
  0x0000775f10beadf8: 84a2 0707 

  0x0000775f10beadfc: ;   {other}
  0x0000775f10beadfc: 0f1f 8400 | ecb4 008a | 488b 9424 | c003 0000 | 488b 8424 | 9803 0000 | 4c8b d244 | 8950 100f 
  0x0000775f10beae1c: 1f44 0000 

  0x0000775f10beae20: ;   {no_reloc}
  0x0000775f10beae20: e974 2400 | 0000 0000 | 0000 498b | 87b8 0400 | 0048 8d48 | 2848 3bc8 | 0f82 6524 | 0000 493b 
  0x0000775f10beae40: 8fc0 0400 | 000f 8758 | 2400 0049 | 898f b804 | 0000 488b | f848 c1ef | 0649 ba00 | 0040 6cb2 
  0x0000775f10beae60: 6a00 0045 | 8a14 3a48 | 8bc8 48c1 | e903 4883 | e107 48c7 | c701 0000 | 0048 d3e7 | 4c0b d748 
  0x0000775f10beae80: 8bf8 48c1 | ef06 48b9 | 0000 406c | b26a 0000 | 4488 1439 | 4983 8728 | 0200 0028 | 4983 8728 
  0x0000775f10beaea0: 0200 0000 | 48c7 0001 | 0000 0048 | 8bca 49ba | 0000 00f3 | b16a 0000 | 492b ca89 | 4808 4833 
  0x0000775f10beaec0: c989 480c | 4833 c948 | 8948 1048 | 8948 1848 | 8948 2048 

  0x0000775f10beaed4: ;   {metadata(method data for {method} {0x00006ab1e855b330} 'transformSelectedNodes' '(Lorg/apache/xalan/transformer/TransformerImpl;)V' in 'org/apache/xalan/templates/ElemApplyTemplates')}
  0x0000775f10beaed4: 8bd0 48be | d893 81e8 | b16a 0000 | 4883 86a8 | 1900 0001 | 488b 9424 | 8803 0000 | 488b f048 
  0x0000775f10beaef4: 8984 24c8 | 0300 000f 

  0x0000775f10beaefc: ;   {optimized virtual_call}
  0x0000775f10beaefc: 1f40 00e8 

  0x0000775f10beaf00: ; ImmutableOopMap {[224]=Oop [232]=Oop [240]=Oop [256]=Oop [280]=Oop [904]=Oop [920]=Oop [936]=Oop [952]=Oop [968]=Oop }
                      ;*invokespecial <init> {reexecute=0 rethrow=0 return_oop=0}
                      ; - org.apache.xalan.templates.ElemApplyTemplates::transformSelectedNodes@926 (line 438)
  0x0000775f10beaf00: 7ca1 0707 

  0x0000775f10beaf04: ;   {other}
  0x0000775f10beaf04: 0f1f 8400 | f4b5 008b | 488b b424 | a803 0000 

  0x0000775f10beaf14: ; implicit exception: dispatches to 0x0000775f10bed2b0
  0x0000775f10beaf14: 483b 064c 

  0x0000775f10beaf18: ;   {metadata(method data for {method} {0x00006ab1e855b330} 'transformSelectedNodes' '(Lorg/apache/xalan/transformer/TransformerImpl;)V' in 'org/apache/xalan/templates/ElemApplyTemplates')}
  0x0000775f10beaf18: 8bce 48ba | d893 81e8 | b16a 0000 

  0x0000775f10beaf24: ;   {metadata('org/apache/xalan/trace/TraceManager')}
  0x0000775f10beaf24: 49ba 7884 | 0ef4 b16a | 0000 4c89 | 92c8 1900 | 0048 8382 | d019 0000 

  0x0000775f10beaf3c: ;   {oop("select"{0x0000000040ab07b8})}
  0x0000775f10beaf3c: 0149 b8b8 | 07ab 4000 | 0000 008b | 9424 f800 | 0000 488b | 8c24 e800 | 0000 4c8b | 8c24 9803 
  0x0000775f10beaf5c: 0000 488b | bc24 c803 

  0x0000775f10beaf64: ;   {optimized virtual_call}
  0x0000775f10beaf64: 0000 90e8 

  0x0000775f10beaf68: ; ImmutableOopMap {[224]=Oop [232]=Oop [240]=Oop [256]=Oop [280]=Oop [904]=Oop [952]=Oop }
                      ;*invokevirtual fireSelectedEndEvent {reexecute=0 rethrow=0 return_oop=0}
                      ; - org.apache.xalan.templates.ElemApplyTemplates::transformSelectedNodes@929 (line 438)
  0x0000775f10beaf68: 14a1 0707 

  0x0000775f10beaf6c: ;   {other}
  0x0000775f10beaf6c: 0f1f 8400 | 5cb6 008c | 8b8c 24fc | 0000 0085 

  0x0000775f10beaf7c: ;   {metadata(method data for {method} {0x00006ab1e855b330} 'transformSelectedNodes' '(Lorg/apache/xalan/transformer/TransformerImpl;)V' in 'org/apache/xalan/templates/ElemApplyTemplates')}
  0x0000775f10beaf7c: c948 bad8 | 9381 e8b1 | 6a00 0048 | c7c6 f019 | 0000 7e07 | 48c7 c600 | 1a00 0048 | 8b3c 3248 
  0x0000775f10beaf9c: 8d7f 0148 | 893c 3289 | 8c24 fc00 | 0000 0f8e | 4c00 0000 | 488b 9c24 | 0001 0000 

  0x0000775f10beafb8: ;   {metadata(method data for {method} {0x00006ab1e855b330} 'transformSelectedNodes' '(Lorg/apache/xalan/transformer/TransformerImpl;)V' in 'org/apache/xalan/templates/ElemApplyTemplates')}
  0x0000775f10beafb8: 48ba d893 | 81e8 b16a 

  0x0000775f10beafc0: ;   {metadata('org/apache/xpath/VariableStack')}
  0x0000775f10beafc0: 0000 49ba | a8de 0ef4 | b16a 0000 | 4c89 9220 | 1a00 0048 | 8382 281a | 0000 018b | 9424 1001 
  0x0000775f10beafe0: 0000 488b | b424 0001 | 0000 0f1f 

  0x0000775f10beafec: ;   {optimized virtual_call}
  0x0000775f10beafec: 4400 00e8 

  0x0000775f10beaff0: ; ImmutableOopMap {[224]=Oop [232]=Oop [240]=Oop [256]=Oop [280]=Oop [904]=Oop [952]=Oop }
                      ;*invokevirtual unlink {reexecute=0 rethrow=0 return_oop=0}
                      ; - org.apache.xalan.templates.ElemApplyTemplates::transformSelectedNodes@941 (line 444)
  0x0000775f10beaff0: 8ca0 0707 

  0x0000775f10beaff4: ;   {other}
  0x0000775f10beaff4: 0f1f 8400 | e4b6 008d | 488b bc24 | e000 0000 

  0x0000775f10beb004: ;   {metadata(method data for {method} {0x00006ab1e855b330} 'transformSelectedNodes' '(Lorg/apache/xalan/transformer/TransformerImpl;)V' in 'org/apache/xalan/templates/ElemApplyTemplates')}
  0x0000775f10beb004: 488b f748 | b8d8 9381 | e8b1 6a00 | 0048 8380 | 601a 0000 

  0x0000775f10beb018: ;   {metadata(method data for {method} {0x00006ab1e86aa268} 'popSAXLocator' '()V' in 'org/apache/xpath/XPathContext')}
  0x0000775f10beb018: 0148 be58 | 0281 e8b1 | 6a00 008b | 86f4 0000 | 0083 c002 | 8986 f400 | 0000 25fe | ff1f 0085 
  0x0000775f10beb038: c00f 8476 | 2200 008b | 772c 483b | 0648 8bc6 

  0x0000775f10beb048: ;   {metadata(method data for {method} {0x00006ab1e86aa268} 'popSAXLocator' '()V' in 'org/apache/xpath/XPathContext')}
  0x0000775f10beb048: 48ba 5802 | 81e8 b16a | 0000 4883 | 8250 0100 | 0001 0f1f 

  0x0000775f10beb05c: ;   {optimized virtual_call}
  0x0000775f10beb05c: 4400 00e8 

  0x0000775f10beb060: ; ImmutableOopMap {[224]=Oop [232]=Oop [240]=Oop [256]=Oop [280]=Oop [904]=Oop [952]=Oop }
                      ;*invokevirtual pop {reexecute=0 rethrow=0 return_oop=0}
                      ; - org.apache.xpath.XPathContext::popSAXLocator@4 (line 434)
                      ; - org.apache.xalan.templates.ElemApplyTemplates::transformSelectedNodes@945 (line 445)
  0x0000775f10beb060: 1ca0 0707 

  0x0000775f10beb064: ;   {other}
  0x0000775f10beb064: 0f1f 8400 | 54b7 008e | 8bbc 24b0 | 0300 0085 

  0x0000775f10beb074: ;   {metadata(method data for {method} {0x00006ab1e855b330} 'transformSelectedNodes' '(Lorg/apache/xalan/transformer/TransformerImpl;)V' in 'org/apache/xalan/templates/ElemApplyTemplates')}
  0x0000775f10beb074: ff48 b8d8 | 9381 e8b1 | 6a00 0048 | c7c2 901a | 0000 7507 | 48c7 c280 | 1a00 0048 | 8b34 1048 
  0x0000775f10beb094: 8d76 0148 | 8934 100f | 850c 0000 | 0089 bc24 | b003 0000 | e91a 0300 | 0048 8b9c | 24e0 0000 
  0x0000775f10beb0b4: 0048 8bc3 

  0x0000775f10beb0b8: ;   {metadata(method data for {method} {0x00006ab1e855b330} 'transformSelectedNodes' '(Lorg/apache/xalan/transformer/TransformerImpl;)V' in 'org/apache/xalan/templates/ElemApplyTemplates')}
  0x0000775f10beb0b8: 48ba d893 | 81e8 b16a | 0000 4883 | 82a0 1a00 

  0x0000775f10beb0c8: ;   {metadata(method data for {method} {0x00006ab1e86aafd0} 'popContextNodeList' '()V' in 'org/apache/xpath/XPathContext')}
  0x0000775f10beb0c8: 0001 48b8 | 48f4 81e8 | b16a 0000 | 8b90 f400 | 0000 83c2 | 0289 90f4 | 0000 0081 | e2fe ff1f 
  0x0000775f10beb0e8: 0085 d20f | 84ea 2100 | 008b 5350 

  0x0000775f10beb0f4: ; implicit exception: dispatches to 0x0000775f10bed2fc
  0x0000775f10beb0f4: 483b 0248 

  0x0000775f10beb0f8: ;   {metadata(method data for {method} {0x00006ab1e86aafd0} 'popContextNodeList' '()V' in 'org/apache/xpath/XPathContext')}
  0x0000775f10beb0f8: 8bc2 48be | 48f4 81e8 | b16a 0000 | 8b40 0849 | ba00 0000 | f3b1 6a00 | 0049 03c2 | 483b 8648 
  0x0000775f10beb118: 0100 0075 | 0d48 8386 | 5001 0000 | 01e9 6000 | 0000 483b | 8658 0100 | 0075 0d48 | 8386 6001 
  0x0000775f10beb138: 0000 01e9 | 4a00 0000 | 4883 be48 | 0100 0000 | 7517 4889 | 8648 0100 | 0048 c786 | 5001 0000 
  0x0000775f10beb158: 0100 0000 | e929 0000 | 0048 83be | 5801 0000 | 0075 1748 | 8986 5801 | 0000 48c7 | 8660 0100 
  0x0000775f10beb178: 0001 0000 | 00e9 0800 | 0000 4883 | 8638 0100 | 0001 488d | b424 d803 | 0000 4889 | 5608 488b 
  0x0000775f10beb198: 0248 83c8 | 0148 8906 | f048 0fb1 | 320f 8412 | 0000 0048 | 2bc4 4825 | 07f0 ffff | 4889 060f 
  0x0000775f10beb1b8: 8544 2100 | 0049 ff87 | 6808 0000 

  0x0000775f10beb1c4: ;   {metadata(method data for {method} {0x00006ab1e80ff0b0} 'isEmpty' '()Z' in 'java/util/Vector')}
  0x0000775f10beb1c4: 48b8 b800 | 1fe8 b16a | 0000 8bb0 | f400 0000 | 83c6 0289 | b0f4 0000 | 0081 e6fe | ff1f 0085 
  0x0000775f10beb1e4: f60f 8429 | 2100 008b | 4210 85c0 

  0x0000775f10beb1f0: ;   {metadata(method data for {method} {0x00006ab1e80ff0b0} 'isEmpty' '()Z' in 'java/util/Vector')}
  0x0000775f10beb1f0: 48b8 b800 | 1fe8 b16a | 0000 48c7 | c238 0100 | 0075 0748 | c7c2 4801 | 0000 488b | 3410 488d 
  0x0000775f10beb210: 7601 4889 | 3410 0f85 | 1a00 0000 

  0x0000775f10beb21c: ;   {metadata(method data for {method} {0x00006ab1e80ff0b0} 'isEmpty' '()Z' in 'java/util/Vector')}
  0x0000775f10beb21c: 48b8 b800 | 1fe8 b16a | 0000 ff80 | 5801 0000 | b801 0000 | 00e9 0500 | 0000 b800 | 0000 0048 
  0x0000775f10beb23c: 8bd0 83e2 | 0148 8d84 | 24d8 0300 | 0048 8b30 | 4885 f60f | 840f 0000 | 0048 8b48 | 08f0 480f 
  0x0000775f10beb25c: b131 0f85 | d120 0000 | 49ff 8f68 | 0800 0085 

  0x0000775f10beb26c: ;   {metadata(method data for {method} {0x00006ab1e86aafd0} 'popContextNodeList' '()V' in 'org/apache/xpath/XPathContext')}
  0x0000775f10beb26c: d248 ba48 | f481 e8b1 | 6a00 0048 | c7c6 7001 | 0000 7407 | 48c7 c680 | 0100 0048 | 8b04 3248 
  0x0000775f10beb28c: 8d40 0148 | 8904 3289 | bc24 b003 | 0000 0f84 | d100 0000 

  0x0000775f10beb2a0: ;   {oop(a 'java/lang/Class'{0x0000000040001608} = 'java/lang/System')}
  0x0000775f10beb2a0: 48ba 0816 | 0040 0000 | 0000 8b72 | 7848 3b06 

  0x0000775f10beb2b0: ;   {metadata(method data for {method} {0x00006ab1e86aafd0} 'popContextNodeList' '()V' in 'org/apache/xpath/XPathContext')}
  0x0000775f10beb2b0: 488b d648 | b848 f481 | e8b1 6a00 | 008b 5208 | 49ba 0000 | 00f3 b16a | 0000 4903 | d248 3b90 
  0x0000775f10beb2d0: a001 0000 | 750d 4883 | 80a8 0100 | 0001 e960 | 0000 0048 | 3b90 b001 | 0000 750d | 4883 80b8 
  0x0000775f10beb2f0: 0100 0001 | e94a 0000 | 0048 83b8 | a001 0000 | 0075 1748 | 8990 a001 | 0000 48c7 | 80a8 0100 
  0x0000775f10beb310: 0001 0000 | 00e9 2900 | 0000 4883 | b8b0 0100 | 0000 7517 | 4889 90b0 | 0100 0048 | c780 b801 
  0x0000775f10beb330: 0000 0100 | 0000 e908 | 0000 0048 | 8380 9001 

  0x0000775f10beb340: ;   {oop("Warning: popContextNodeList when stack is empty!"{0x00000000400cd7b8})}
  0x0000775f10beb340: 0000 0148 | bab8 d70c | 4000 0000 

  0x0000775f10beb34c: ;   {optimized virtual_call}
  0x0000775f10beb34c: 0066 90e8 

  0x0000775f10beb350: ; ImmutableOopMap {[224]=Oop [232]=Oop [240]=Oop [256]=Oop [280]=Oop [904]=Oop [952]=Oop }
                      ;*invokevirtual println {reexecute=0 rethrow=0 return_oop=0}
                      ; - org.apache.xpath.XPathContext::popContextNodeList@15 (line 707)
                      ; - org.apache.xalan.templates.ElemApplyTemplates::transformSelectedNodes@954 (line 446)
  0x0000775f10beb350: 2c9d 0707 

  0x0000775f10beb354: ;   {other}
  0x0000775f10beb354: 0f1f 8400 | 44ba 008f 

  0x0000775f10beb35c: ;   {metadata(method data for {method} {0x00006ab1e86aafd0} 'popContextNodeList' '()V' in 'org/apache/xpath/XPathContext')}
  0x0000775f10beb35c: 48be 48f4 | 81e8 b16a | 0000 ff86 | c801 0000 | e956 0000 | 0048 8bfb | 8b77 5048 | 3b06 488b 
  0x0000775f10beb37c: ;   {metadata(method data for {method} {0x00006ab1e86aafd0} 'popContextNodeList' '()V' in 'org/apache/xpath/XPathContext')}
  0x0000775f10beb37c: de48 b848 | f481 e8b1 | 6a00 0048 | 8380 f801 

  0x0000775f10beb38c: ;   {optimized virtual_call}
  0x0000775f10beb38c: 0000 01e8 

  0x0000775f10beb390: ; ImmutableOopMap {[224]=Oop [232]=Oop [240]=Oop [256]=Oop [280]=Oop [904]=Oop [952]=Oop }
                      ;*invokevirtual pop {reexecute=0 rethrow=0 return_oop=0}
                      ; - org.apache.xpath.XPathContext::popContextNodeList@25 (line 709)
                      ; - org.apache.xalan.templates.ElemApplyTemplates::transformSelectedNodes@954 (line 446)
  0x0000775f10beb390: ec9c 0707 

  0x0000775f10beb394: ;   {other}
  0x0000775f10beb394: 0f1f 8400 | 84ba 0090 | e926 0000 

  0x0000775f10beb3a0: ;   {metadata(method data for {method} {0x00006ab1e855b330} 'transformSelectedNodes' '(Lorg/apache/xalan/transformer/TransformerImpl;)V' in 'org/apache/xalan/templates/ElemApplyTemplates')}
  0x0000775f10beb3a0: 0048 bed8 | 9381 e8b1 | 6a00 00ff | 86d8 1800 | 0048 81c4 | 0004 0000 

  0x0000775f10beb3b8: ;   {poll_return}
  0x0000775f10beb3b8: 5d49 3ba7 | 6807 0000 | 0f87 8f1f | 0000 c348 | 8b94 24f0 | 0000 0048 

  0x0000775f10beb3d0: ;   {metadata(method data for {method} {0x00006ab1e855b330} 'transformSelectedNodes' '(Lorg/apache/xalan/transformer/TransformerImpl;)V' in 'org/apache/xalan/templates/ElemApplyTemplates')}
  0x0000775f10beb3d0: 8bf2 48bf | d893 81e8 | b16a 0000 | 4883 87f0 | 1a00 0001 

  0x0000775f10beb3e4: ;   {metadata(method data for {method} {0x00006ab1e8655cc0} 'popElemTemplateElement' '()V' in 'org/apache/xalan/transformer/TransformerImpl')}
  0x0000775f10beb3e4: 48be c809 | 81e8 b16a | 0000 8bbe | f400 0000 | 83c7 0289 | bef4 0000 | 0081 e7fe | ff1f 0085 
  0x0000775f10beb404: ff0f 8460 | 1f00 008b | 724c 483b | 0648 8bfe 

  0x0000775f10beb414: ;   {metadata(method data for {method} {0x00006ab1e8655cc0} 'popElemTemplateElement' '()V' in 'org/apache/xalan/transformer/TransformerImpl')}
  0x0000775f10beb414: 48bb c809 | 81e8 b16a | 0000 4883 | 8350 0100 

  0x0000775f10beb424: ;   {optimized virtual_call}
  0x0000775f10beb424: 0001 90e8 

  0x0000775f10beb428: ; ImmutableOopMap {[224]=Oop [232]=Oop [240]=Oop [256]=Oop [280]=Oop [904]=Oop [952]=Oop }
                      ;*invokevirtual pop {reexecute=0 rethrow=0 return_oop=0}
                      ; - org.apache.xalan.transformer.TransformerImpl::popElemTemplateElement@4 (line 2632)
                      ; - org.apache.xalan.templates.ElemApplyTemplates::transformSelectedNodes@958 (line 447)
  0x0000775f10beb428: 549c 0707 

  0x0000775f10beb42c: ;   {other}
  0x0000775f10beb42c: 0f1f 8400 | 1cbb 0091 | 488b bc24 | e000 0000 

  0x0000775f10beb43c: ;   {metadata(method data for {method} {0x00006ab1e855b330} 'transformSelectedNodes' '(Lorg/apache/xalan/transformer/TransformerImpl;)V' in 'org/apache/xalan/templates/ElemApplyTemplates')}
  0x0000775f10beb43c: 48be d893 | 81e8 b16a | 0000 4883 | 8610 1b00 

  0x0000775f10beb44c: ;   {metadata(method data for {method} {0x00006ab1e86ac060} 'popCurrentExpressionNode' '()V' in 'org/apache/xpath/XPathContext')}
  0x0000775f10beb44c: 0001 48be | f82f 81e8 | b16a 0000 | 8bbe f400 | 0000 83c7 | 0289 bef4 | 0000 0081 | e7fe ff1f 
  0x0000775f10beb46c: 0085 ff0f | 841c 1f00 | 0048 8bbc | 24e0 0000 | 008b 7760 

  0x0000775f10beb480: ; implicit exception: dispatches to 0x0000775f10bed3b2
  0x0000775f10beb480: 483b 0648 

  0x0000775f10beb484: ;   {metadata(method data for {method} {0x00006ab1e86ac060} 'popCurrentExpressionNode' '()V' in 'org/apache/xpath/XPathContext')}
  0x0000775f10beb484: 8bde 48b8 | f82f 81e8 | b16a 0000 | 4883 8038 | 0100 0001 

  0x0000775f10beb498: ;   {metadata(method data for {method} {0x00006ab1e8648728} 'quickPop' '(I)V' in 'org/apache/xml/utils/IntStack')}
  0x0000775f10beb498: 48bb 9012 | 7ee8 b16a | 0000 8b83 | f400 0000 | 83c0 0289 | 83f4 0000 | 0025 feff | 1f00 85c0 
  0x0000775f10beb4b8: 0f84 f91e | 0000 8b5e | 10ff cb89 | 5e10 488b 

  0x0000775f10beb4c8: ;   {metadata(method data for {method} {0x00006ab1e855b330} 'transformSelectedNodes' '(Lorg/apache/xalan/transformer/TransformerImpl;)V' in 'org/apache/xalan/templates/ElemApplyTemplates')}
  0x0000775f10beb4c8: f748 bbd8 | 9381 e8b1 | 6a00 0048 | 8383 481b 

  0x0000775f10beb4d8: ;   {metadata(method data for {method} {0x00006ab1e86ab680} 'popCurrentNode' '()V' in 'org/apache/xpath/XPathContext')}
  0x0000775f10beb4d8: 0000 0148 | be10 5280 | e8b1 6a00 | 008b 9ef4 | 0000 0083 | c302 899e | f400 0000 | 81e3 feff 
  0x0000775f10beb4f8: 1f00 85db | 0f84 d61e | 0000 8b77 | 5448 3b06 

  0x0000775f10beb508: ;   {metadata(method data for {method} {0x00006ab1e86ab680} 'popCurrentNode' '()V' in 'org/apache/xpath/XPathContext')}
  0x0000775f10beb508: 488b de48 | b810 5280 | e8b1 6a00 | 0048 8380 | 3801 0000 

  0x0000775f10beb51c: ;   {metadata(method data for {method} {0x00006ab1e8648728} 'quickPop' '(I)V' in 'org/apache/xml/utils/IntStack')}
  0x0000775f10beb51c: 0148 bb90 | 127e e8b1 | 6a00 008b | 83f4 0000 | 0083 c002 | 8983 f400 | 0000 25fe | ff1f 0085 
  0x0000775f10beb53c: c00f 84bb | 1e00 008b | 5e10 ffcb | 895e 1048 | 8b9c 2488 | 0300 0048 | 3b03 488b 

  0x0000775f10beb558: ;   {metadata(method data for {method} {0x00006ab1e855b330} 'transformSelectedNodes' '(Lorg/apache/xalan/transformer/TransformerImpl;)V' in 'org/apache/xalan/templates/ElemApplyTemplates')}
  0x0000775f10beb558: f348 b8d8 | 9381 e8b1 | 6a00 008b | 7608 49ba | 0000 00f3 | b16a 0000 | 4903 f248 | 3bb0 901b 
  0x0000775f10beb578: 0000 750d | 4883 8098 | 1b00 0001 | e960 0000 | 0048 3bb0 | a01b 0000 | 750d 4883 | 80a8 1b00 
  0x0000775f10beb598: 0001 e94a | 0000 0048 | 83b8 901b | 0000 0075 | 1748 89b0 | 901b 0000 | 48c7 8098 | 1b00 0001 
  0x0000775f10beb5b8: 0000 00e9 | 2900 0000 | 4883 b8a0 | 1b00 0000 | 7517 4889 | b0a0 1b00 | 0048 c780 | a81b 0000 
  0x0000775f10beb5d8: 0100 0000 | e908 0000 | 0048 8380 | 801b 0000 | 0148 8bf3 | 4889 9c24 | 8803 0000 | 9048 b8ff 
  0x0000775f10beb5f8: ffff ffff 

  0x0000775f10beb5fc: ;   {virtual_call}
  0x0000775f10beb5fc: ffff ffe8 

  0x0000775f10beb600: ; ImmutableOopMap {[224]=Oop [232]=Oop [240]=Oop [256]=Oop [280]=Oop [904]=Oop [952]=Oop }
                      ;*invokeinterface detach {reexecute=0 rethrow=0 return_oop=0}
                      ; - org.apache.xalan.templates.ElemApplyTemplates::transformSelectedNodes@971 (line 450)
  0x0000775f10beb600: 7c9d 0707 

  0x0000775f10beb604: ;   {other}
  0x0000775f10beb604: 0f1f 8400 | f4bc 0092 | 488b 8424 | b803 0000 | e920 4500 | 0049 8b87 | 1808 0000 | 4d33 d24d 
  0x0000775f10beb624: 8997 1808 | 0000 4d33 | d24d 8997 | 2008 0000 | 488b d048 | 8d84 24d8 | 0300 0048 | 8b30 4885 
  0x0000775f10beb644: f60f 840f | 0000 0048 | 8b78 08f0 | 480f b137 | 0f85 ca1d | 0000 49ff | 8f68 0800 | 0048 8bc2 
  0x0000775f10beb664: e9d0 4400 | 0049 8b87 | 1808 0000 | 4d33 d24d | 8997 1808 | 0000 4d33 | d24d 8997 | 2008 0000 
  0x0000775f10beb684: 488b d048 | 8d84 24d8 | 0300 0048 | 8b30 4885 | f60f 840f | 0000 0048 | 8b78 08f0 | 480f b137 
  0x0000775f10beb6a4: 0f85 901d | 0000 49ff | 8f68 0800 | 0048 8bc2 | e980 4400 | 0049 8b87 | 1808 0000 | 4d33 d24d 
  0x0000775f10beb6c4: 8997 1808 | 0000 4d33 | d24d 8997 | 2008 0000 | 0f1f 4000 

  0x0000775f10beb6d8: ;   {no_reloc}
  0x0000775f10beb6d8: e982 1d00 | 0000 0000 | 0000 80ba | 3901 0000 | 040f 857f | 1d00 0049 | 8b87 b804 | 0000 488d 
  0x0000775f10beb6f8: 4828 483b | c80f 826b | 1d00 0049 | 3b8f c004 | 0000 0f87 | 5e1d 0000 | 4989 8fb8 | 0400 0048 
  0x0000775f10beb718: 8bf8 48c1 | ef06 49ba | 0000 406c | b26a 0000 | 458a 143a | 488b c848 | c1e9 0348 | 83e1 0748 
  0x0000775f10beb738: c7c7 0100 | 0000 48d3 | e74c 0bd7 | 488b f848 | c1ef 0648 | b900 0040 | 6cb2 6a00 | 0044 8814 
  0x0000775f10beb758: 3949 8387 | 2802 0000 | 2849 8387 | 2802 0000 | 0048 c700 | 0100 0000 | 488b ca49 | ba00 0000 
  0x0000775f10beb778: f3b1 6a00 | 0049 2bca | 8948 0848 | 33c9 8948 | 0c48 33c9 | 4889 4810 | 4889 4818 | 4889 4820 
  0x0000775f10beb798: ;   {metadata(method data for {method} {0x00006ab1e86487f8} 'peek' '()I' in 'org/apache/xml/utils/IntStack')}
  0x0000775f10beb798: 488b f048 | bf78 767d | e8b1 6a00 | 0048 8387 | 3801 0000 | 0148 8bf0 | 4889 8424 | d003 0000 
  0x0000775f10beb7b8: 0f1f 8000 

  0x0000775f10beb7bc: ;   {optimized virtual_call}
  0x0000775f10beb7bc: 0000 00e8 

  0x0000775f10beb7c0: ; ImmutableOopMap {[224]=Oop [232]=Oop [240]=Oop [976]=Oop }
                      ;*invokespecial <init> {reexecute=0 rethrow=0 return_oop=0}
                      ; - org.apache.xml.utils.IntStack::peek@17 (line 127)
                      ; - org.apache.xpath.XPathContext::getCurrentNode@4 (line 736)
                      ; - org.apache.xalan.templates.ElemApplyTemplates::transformSelectedNodes@6 (line 206)
  0x0000775f10beb7c0: bc98 0707 

  0x0000775f10beb7c4: ;   {other}
  0x0000775f10beb7c4: 0f1f 8400 | b4be 0093 | 488b 8424 | d003 0000 | e960 4300 

  0x0000775f10beb7d8: ;   {metadata({method} {0x00006ab1e855b330} 'transformSelectedNodes' '(Lorg/apache/xalan/transformer/TransformerImpl;)V' in 'org/apache/xalan/templates/ElemApplyTemplates')}
  0x0000775f10beb7d8: 0049 ba30 | b355 e8b1 | 6a00 004c | 8954 2408 | 48c7 0424 | ffff ffff 

  0x0000775f10beb7f0: ;   {runtime_call counter_overflow Runtime1 stub}
  0x0000775f10beb7f0: e88b ba12 

  0x0000775f10beb7f4: ; ImmutableOopMap {rsi=Oop rdx=Oop [232]=Oop [240]=Oop }
                      ;*synchronization entry
                      ; - org.apache.xalan.templates.ElemApplyTemplates::transformSelectedNodes@-1 (line 205)
  0x0000775f10beb7f4: 07e9 1c55 

  0x0000775f10beb7f8: ;   {runtime_call throw_null_pointer_exception Runtime1 stub}
  0x0000775f10beb7f8: ffff e881 

  0x0000775f10beb7fc: ; ImmutableOopMap {rsi=Oop rdx=Oop [232]=Oop [240]=Oop }
                      ;*invokevirtual getXPathContext {reexecute=0 rethrow=0 return_oop=0}
                      ; - org.apache.xalan.templates.ElemApplyTemplates::transformSelectedNodes@1 (line 205)
                      ;   {runtime_call throw_null_pointer_exception Runtime1 stub}
  0x0000775f10beb7fc: 5c12 07e8 

  0x0000775f10beb800: ; ImmutableOopMap {rsi=Oop rdx=Oop rdi=Oop [224]=Oop [232]=Oop [240]=Oop }
                      ;*invokevirtual getCurrentNode {reexecute=0 rethrow=0 return_oop=0}
                      ; - org.apache.xalan.templates.ElemApplyTemplates::transformSelectedNodes@6 (line 206)
  0x0000775f10beb800: 7c5c 1207 

  0x0000775f10beb804: ;   {metadata({method} {0x00006ab1e86ab1e0} 'getCurrentNode' '()I' in 'org/apache/xpath/XPathContext')}
  0x0000775f10beb804: 49ba e0b1 | 6ae8 b16a | 0000 4c89 | 5424 0848 | c704 24ff 

  0x0000775f10beb818: ;   {runtime_call counter_overflow Runtime1 stub}
  0x0000775f10beb818: ffff ffe8 

  0x0000775f10beb81c: ; ImmutableOopMap {rsi=Oop rdx=Oop rdi=Oop [224]=Oop [232]=Oop [240]=Oop }
                      ;*synchronization entry
                      ; - org.apache.xpath.XPathContext::getCurrentNode@-1 (line 736)
                      ; - org.apache.xalan.templates.ElemApplyTemplates::transformSelectedNodes@6 (line 206)
  0x0000775f10beb81c: 60ba 1207 | e953 55ff 

  0x0000775f10beb824: ;   {runtime_call throw_null_pointer_exception Runtime1 stub}
  0x0000775f10beb824: ffe8 565c 

  0x0000775f10beb828: ; ImmutableOopMap {rsi=Oop rdx=Oop rdi=Oop rcx=Oop [224]=Oop [232]=Oop [240]=Oop }
                      ;*invokevirtual peek {reexecute=0 rethrow=0 return_oop=0}
                      ; - org.apache.xpath.XPathContext::getCurrentNode@4 (line 736)
                      ; - org.apache.xalan.templates.ElemApplyTemplates::transformSelectedNodes@6 (line 206)
                      ;   {metadata({method} {0x00006ab1e86487f8} 'peek' '()I' in 'org/apache/xml/utils/IntStack')}
  0x0000775f10beb828: 1207 49ba | f887 64e8 | b16a 0000 | 4c89 5424 | 0848 c704 | 24ff ffff 

  0x0000775f10beb840: ;   {runtime_call counter_overflow Runtime1 stub}
  0x0000775f10beb840: ffe8 3aba 

  0x0000775f10beb844: ; ImmutableOopMap {rsi=Oop rdx=Oop rdi=Oop rcx=Oop [224]=Oop [232]=Oop [240]=Oop }
                      ;*synchronization entry
                      ; - org.apache.xml.utils.IntStack::peek@-1 (line 123)
                      ; - org.apache.xpath.XPathContext::getCurrentNode@4 (line 736)
                      ; - org.apache.xalan.templates.ElemApplyTemplates::transformSelectedNodes@6 (line 206)
  0x0000775f10beb844: 1207 e96e 

  0x0000775f10beb848: ;   {runtime_call throw_null_pointer_exception Runtime1 stub}
  0x0000775f10beb848: 55ff ffe8 

  0x0000775f10beb84c: ; ImmutableOopMap {rsi=Oop rdx=Oop rdi=Oop rbx=Oop [224]=Oop [232]=Oop [240]=Oop }
                      ;*iaload {reexecute=0 rethrow=0 return_oop=0}
                      ; - org.apache.xml.utils.IntStack::peek@10 (line 123)
                      ; - org.apache.xpath.XPathContext::getCurrentNode@4 (line 736)
                      ; - org.apache.xalan.templates.ElemApplyTemplates::transformSelectedNodes@6 (line 206)
  0x0000775f10beb84c: 305c 1207 

  0x0000775f10beb850: ;   {runtime_call throw_null_pointer_exception Runtime1 stub}
  0x0000775f10beb850: e82b 5c12 

  0x0000775f10beb854: ; ImmutableOopMap {rsi=Oop rdx=Oop rdi=Oop rbx=Oop [224]=Oop [232]=Oop [240]=Oop }
                      ;*iaload {reexecute=0 rethrow=0 return_oop=0}
                      ; - org.apache.xml.utils.IntStack::peek@10 (line 123)
                      ; - org.apache.xpath.XPathContext::getCurrentNode@4 (line 736)
                      ; - org.apache.xalan.templates.ElemApplyTemplates::transformSelectedNodes@6 (line 206)
  0x0000775f10beb854: 0748 890c | 2448 895c 

  0x0000775f10beb85c: ;   {runtime_call throw_range_check_failed Runtime1 stub}
  0x0000775f10beb85c: 2408 e81d 

  0x0000775f10beb860: ; ImmutableOopMap {rsi=Oop rdx=Oop rdi=Oop rbx=Oop [224]=Oop [232]=Oop [240]=Oop }
                      ;*iaload {reexecute=0 rethrow=0 return_oop=0}
                      ; - org.apache.xml.utils.IntStack::peek@10 (line 123)
                      ; - org.apache.xpath.XPathContext::getCurrentNode@4 (line 736)
                      ; - org.apache.xalan.templates.ElemApplyTemplates::transformSelectedNodes@6 (line 206)
                      ;   {runtime_call throw_null_pointer_exception Runtime1 stub}
  0x0000775f10beb860: 5312 07e8 

  0x0000775f10beb864: ; ImmutableOopMap {rsi=Oop rdi=Oop rax=Oop [224]=Oop [232]=Oop [240]=Oop }
                      ;*invokevirtual asIterator {reexecute=0 rethrow=0 return_oop=0}
                      ; - org.apache.xalan.templates.ElemApplyTemplates::transformSelectedNodes@16 (line 207)
  0x0000775f10beb864: 185c 1207 

  0x0000775f10beb868: ;   {metadata({method} {0x00006ab1e855c7e0} 'getParamElemCount' '()I' in 'org/apache/xalan/templates/ElemCallTemplate')}
  0x0000775f10beb868: 49ba e0c7 | 55e8 b16a | 0000 4c89 | 5424 0848 | c704 24ff 

  0x0000775f10beb87c: ;   {runtime_call counter_overflow Runtime1 stub}
  0x0000775f10beb87c: ffff ffe8 

  0x0000775f10beb880: ; ImmutableOopMap {rax=Oop rdi=Oop rbx=Oop [224]=Oop [232]=Oop [240]=Oop [256]=Oop [264]=Oop }
                      ;*synchronization entry
                      ; - org.apache.xalan.templates.ElemCallTemplate::getParamElemCount@-1 (line 287)
                      ; - org.apache.xalan.templates.ElemApplyTemplates::transformSelectedNodes@28 (line 209)
  0x0000775f10beb880: fcb9 1207 | e9ff 56ff 

  0x0000775f10beb888: ;   {runtime_call throw_null_pointer_exception Runtime1 stub}
  0x0000775f10beb888: ffe8 f25b 

  0x0000775f10beb88c: ; ImmutableOopMap {rax=Oop rdi=Oop rbx=Oop rsi=Oop [224]=Oop [232]=Oop [240]=Oop [256]=Oop [264]=Oop }
                      ;*arraylength {reexecute=0 rethrow=0 return_oop=0}
                      ; - org.apache.xalan.templates.ElemCallTemplate::getParamElemCount@15 (line 287)
                      ; - org.apache.xalan.templates.ElemApplyTemplates::transformSelectedNodes@28 (line 209)
                      ;   {runtime_call throw_null_pointer_exception Runtime1 stub}
  0x0000775f10beb88c: 1207 e8ed 

  0x0000775f10beb890: ; ImmutableOopMap {rax=Oop rdi=Oop rbx=Oop rsi=Oop rdx=Oop [224]=Oop [232]=Oop [240]=Oop [256]=Oop [264]=Oop }
                      ;*invokevirtual getStackFrame {reexecute=0 rethrow=0 return_oop=0}
                      ; - org.apache.xalan.templates.ElemApplyTemplates::transformSelectedNodes@35 (line 210)
                      ;   {runtime_call throw_null_pointer_exception Runtime1 stub}
  0x0000775f10beb890: 5b12 07e8 

  0x0000775f10beb894: ; ImmutableOopMap {rax=Oop rdi=Oop rbx=Oop rsi=Oop rdx=Oop r9=Oop [224]=Oop [232]=Oop [240]=Oop [256]=Oop [264]=Oop [280]=Oop }
                      ;*invokevirtual getRecursionLimit {reexecute=0 rethrow=0 return_oop=0}
                      ; - org.apache.xalan.templates.ElemApplyTemplates::transformSelectedNodes@48 (line 212)
  0x0000775f10beb894: e85b 1207 

  0x0000775f10beb898: ;   {metadata({method} {0x00006ab1e86ab5d0} 'pushCurrentNode' '(I)V' in 'org/apache/xpath/XPathContext')}
  0x0000775f10beb898: 49ba d0b5 | 6ae8 b16a | 0000 4c89 | 5424 0848 | c704 24ff 

  0x0000775f10beb8ac: ;   {runtime_call counter_overflow Runtime1 stub}
  0x0000775f10beb8ac: ffff ffe8 

  0x0000775f10beb8b0: ; ImmutableOopMap {rdi=Oop [224]=Oop [232]=Oop [240]=Oop [256]=Oop [264]=Oop [280]=Oop }
                      ;*synchronization entry
                      ; - org.apache.xpath.XPathContext::pushCurrentNode@-1 (line 793)
                      ; - org.apache.xalan.templates.ElemApplyTemplates::transformSelectedNodes@67 (line 219)
  0x0000775f10beb8b0: ccb9 1207 | e934 58ff 

  0x0000775f10beb8b8: ;   {runtime_call throw_null_pointer_exception Runtime1 stub}
  0x0000775f10beb8b8: ffe8 c25b 

  0x0000775f10beb8bc: ; ImmutableOopMap {rdi=Oop rbx=Oop [224]=Oop [232]=Oop [240]=Oop [256]=Oop [264]=Oop [280]=Oop }
                      ;*invokevirtual push {reexecute=0 rethrow=0 return_oop=0}
                      ; - org.apache.xpath.XPathContext::pushCurrentNode@5 (line 793)
                      ; - org.apache.xalan.templates.ElemApplyTemplates::transformSelectedNodes@67 (line 219)
                      ;   {metadata({method} {0x00006ab1e86abfb0} 'pushCurrentExpressionNode' '(I)V' in 'org/apache/xpath/XPathContext')}
  0x0000775f10beb8bc: 1207 49ba | b0bf 6ae8 | b16a 0000 | 4c89 5424 | 0848 c704 | 24ff ffff 

  0x0000775f10beb8d4: ;   {runtime_call counter_overflow Runtime1 stub}
  0x0000775f10beb8d4: ffe8 a6b9 

  0x0000775f10beb8d8: ; ImmutableOopMap {[224]=Oop [232]=Oop [240]=Oop [256]=Oop [264]=Oop [280]=Oop }
                      ;*synchronization entry
                      ; - org.apache.xpath.XPathContext::pushCurrentExpressionNode@-1 (line 899)
                      ; - org.apache.xalan.templates.ElemApplyTemplates::transformSelectedNodes@72 (line 220)
  0x0000775f10beb8d8: 1207 e986 

  0x0000775f10beb8dc: ;   {runtime_call throw_null_pointer_exception Runtime1 stub}
  0x0000775f10beb8dc: 58ff ffe8 

  0x0000775f10beb8e0: ; ImmutableOopMap {rdi=Oop rsi=Oop [224]=Oop [232]=Oop [240]=Oop [256]=Oop [264]=Oop [280]=Oop }
                      ;*invokevirtual push {reexecute=0 rethrow=0 return_oop=0}
                      ; - org.apache.xpath.XPathContext::pushCurrentExpressionNode@5 (line 899)
                      ; - org.apache.xalan.templates.ElemApplyTemplates::transformSelectedNodes@72 (line 220)
  0x0000775f10beb8e0: 9c5b 1207 

  0x0000775f10beb8e4: ;   {metadata({method} {0x00006ab1e86aa1b8} 'pushSAXLocatorNull' '()V' in 'org/apache/xpath/XPathContext')}
  0x0000775f10beb8e4: 49ba b8a1 | 6ae8 b16a | 0000 4c89 | 5424 0848 | c704 24ff 

  0x0000775f10beb8f8: ;   {runtime_call counter_overflow Runtime1 stub}
  0x0000775f10beb8f8: ffff ffe8 

  0x0000775f10beb8fc: ; ImmutableOopMap {[224]=Oop [232]=Oop [240]=Oop [256]=Oop [264]=Oop [280]=Oop }
                      ;*synchronization entry
                      ; - org.apache.xpath.XPathContext::pushSAXLocatorNull@-1 (line 425)
                      ; - org.apache.xalan.templates.ElemApplyTemplates::transformSelectedNodes@76 (line 221)
  0x0000775f10beb8fc: 80b9 1207 | e9d8 58ff 

  0x0000775f10beb904: ;   {runtime_call throw_null_pointer_exception Runtime1 stub}
  0x0000775f10beb904: ffe8 765b 

  0x0000775f10beb908: ; ImmutableOopMap {rdi=Oop rsi=Oop [224]=Oop [232]=Oop [240]=Oop [256]=Oop [264]=Oop [280]=Oop }
                      ;*invokevirtual push {reexecute=0 rethrow=0 return_oop=0}
                      ; - org.apache.xpath.XPathContext::pushSAXLocatorNull@5 (line 425)
                      ; - org.apache.xalan.templates.ElemApplyTemplates::transformSelectedNodes@76 (line 221)
                      ;   {metadata({method} {0x00006ab1e8655c10} 'pushElemTemplateElement' '(Lorg/apache/xalan/templates/ElemTemplateElement;)V' in 'org/apache/xalan/transformer/TransformerImpl')}
  0x0000775f10beb908: 1207 49ba | 105c 65e8 | b16a 0000 | 4c89 5424 | 0848 c704 | 24ff ffff 

  0x0000775f10beb920: ;   {runtime_call counter_overflow Runtime1 stub}
  0x0000775f10beb920: ffe8 5ab9 

  0x0000775f10beb924: ; ImmutableOopMap {[224]=Oop [232]=Oop [240]=Oop [256]=Oop [264]=Oop [280]=Oop }
                      ;*synchronization entry
                      ; - org.apache.xalan.transformer.TransformerImpl::pushElemTemplateElement@-1 (line 2624)
                      ; - org.apache.xalan.templates.ElemApplyTemplates::transformSelectedNodes@81 (line 222)
  0x0000775f10beb924: 1207 e932 

  0x0000775f10beb928: ;   {runtime_call throw_null_pointer_exception Runtime1 stub}
  0x0000775f10beb928: 59ff ffe8 

  0x0000775f10beb92c: ; ImmutableOopMap {rdx=Oop rsi=Oop [224]=Oop [232]=Oop [240]=Oop [256]=Oop [264]=Oop [280]=Oop }
                      ;*invokevirtual push {reexecute=0 rethrow=0 return_oop=0}
                      ; - org.apache.xalan.transformer.TransformerImpl::pushElemTemplateElement@5 (line 2624)
                      ; - org.apache.xalan.templates.ElemApplyTemplates::transformSelectedNodes@81 (line 222)
  0x0000775f10beb92c: 505b 1207 

  0x0000775f10beb930: ;   {metadata(nullptr)}
  0x0000775f10beb930: 48ba 0000 | 0000 0000 | 0000 b800 

  0x0000775f10beb93c: ;   {runtime_call load_klass_patching Runtime1 stub}
  0x0000775f10beb93c: 0f05 0ae8 

  0x0000775f10beb940: ; ImmutableOopMap {rsi=Oop rbx=Oop [224]=Oop [232]=Oop [240]=Oop [256]=Oop [280]=Oop [312]=Oop [320]=Oop }
                      ;*new {reexecute=1 rethrow=0 return_oop=0}
                      ; - (reexecute) org.apache.xalan.templates.ElemApplyTemplates::transformSelectedNodes@135 (line 233)
  0x0000775f10beb940: 3ca7 1207 | e997 5bff | ff48 8bd2 

  0x0000775f10beb94c: ;   {runtime_call fast_new_instance Runtime1 stub}
  0x0000775f10beb94c: e82f 6412 

  0x0000775f10beb950: ; ImmutableOopMap {rbx=Oop r9=Oop [224]=Oop [232]=Oop [240]=Oop [256]=Oop [280]=Oop [312]=Oop [320]=Oop }
                      ;*new {reexecute=0 rethrow=0 return_oop=0}
                      ; - org.apache.xalan.templates.ElemApplyTemplates::transformSelectedNodes@135 (line 233)
  0x0000775f10beb950: 07e9 385c 

  0x0000775f10beb954: ;   {metadata({method} {0x00006ab1e865bd78} '<init>' '(Lorg/apache/xpath/Expression;)V' in 'org/apache/xpath/XPath')}
  0x0000775f10beb954: ffff 49ba | 78bd 65e8 | b16a 0000 | 4c89 5424 | 0848 c704 | 24ff ffff 

  0x0000775f10beb96c: ;   {runtime_call counter_overflow Runtime1 stub}
  0x0000775f10beb96c: ffe8 0eb9 

  0x0000775f10beb970: ; ImmutableOopMap {rbx=Oop r9=Oop rax=Oop rdi=Oop [224]=Oop [232]=Oop [240]=Oop [256]=Oop [280]=Oop [304]=Oop [312]=Oop [320]=Oop }
                      ;*synchronization entry
                      ; - org.apache.xpath.XPath::<init>@-1 (line 277)
                      ; - org.apache.xalan.templates.ElemApplyTemplates::transformSelectedNodes@143 (line 233)
  0x0000775f10beb970: 1207 e95f 

  0x0000775f10beb974: ;   {metadata({method} {0x00006ab1f34791f0} '<init>' '()V' in 'java/lang/Object')}
  0x0000775f10beb974: 5cff ff49 | baf0 9147 | f3b1 6a00 | 004c 8954 | 2408 48c7 | 0424 ffff 

  0x0000775f10beb98c: ;   {runtime_call counter_overflow Runtime1 stub}
  0x0000775f10beb98c: ffff e8ed 

  0x0000775f10beb990: ; ImmutableOopMap {rbx=Oop r9=Oop rax=Oop rdi=Oop [224]=Oop [232]=Oop [240]=Oop [256]=Oop [280]=Oop [304]=Oop [312]=Oop [320]=Oop }
                      ;*synchronization entry
                      ; - java.lang.Object::<init>@-1 (line 45)
                      ; - org.apache.xpath.XPath::<init>@1 (line 277)
                      ; - org.apache.xalan.templates.ElemApplyTemplates::transformSelectedNodes@143 (line 233)
  0x0000775f10beb990: b812 07e9 | 7a5c ffff 

  0x0000775f10beb998: ;   {metadata({method} {0x00006ab1e865b6e0} 'setExpression' '(Lorg/apache/xpath/Expression;)V' in 'org/apache/xpath/XPath')}
  0x0000775f10beb998: 49ba e0b6 | 65e8 b16a | 0000 4c89 | 5424 0848 | c704 24ff 

  0x0000775f10beb9ac: ;   {runtime_call counter_overflow Runtime1 stub}
  0x0000775f10beb9ac: ffff ffe8 

  0x0000775f10beb9b0: ; ImmutableOopMap {rbx=Oop r9=Oop rax=Oop rdi=Oop [224]=Oop [232]=Oop [240]=Oop [256]=Oop [280]=Oop [304]=Oop [312]=Oop [320]=Oop }
                      ;*synchronization entry
                      ; - org.apache.xpath.XPath::setExpression@-1 (line 99)
                      ; - org.apache.xpath.XPath::<init>@11 (line 278)
                      ; - org.apache.xalan.templates.ElemApplyTemplates::transformSelectedNodes@143 (line 233)
  0x0000775f10beb9b0: ccb8 1207 | e9a6 5cff 

  0x0000775f10beb9b8: ;   {runtime_call throw_null_pointer_exception Runtime1 stub}
  0x0000775f10beb9b8: ffe8 c25a 

  0x0000775f10beb9bc: ; ImmutableOopMap {rbx=Oop r9=Oop rax=Oop rdi=Oop rdx=Oop [224]=Oop [232]=Oop [240]=Oop [256]=Oop [280]=Oop [304]=Oop [312]=Oop [320]=Oop }
                      ;*invokevirtual exprGetParent {reexecute=0 rethrow=0 return_oop=0}
                      ; - org.apache.xpath.XPath::setExpression@13 (line 100)
                      ; - org.apache.xpath.XPath::<init>@11 (line 278)
                      ; - org.apache.xalan.templates.ElemApplyTemplates::transformSelectedNodes@143 (line 233)
                      ;   {runtime_call throw_null_pointer_exception Runtime1 stub}
  0x0000775f10beb9bc: 1207 e8bd 

  0x0000775f10beb9c0: ; ImmutableOopMap {rbx=Oop r9=Oop rax=Oop rdi=Oop r13=Oop [224]=Oop [232]=Oop [240]=Oop [256]=Oop [280]=Oop [304]=Oop [312]=Oop [320]=Oop }
                      ;*invokevirtual exprSetParent {reexecute=0 rethrow=0 return_oop=0}
                      ; - org.apache.xpath.XPath::setExpression@16 (line 100)
                      ; - org.apache.xpath.XPath::<init>@11 (line 278)
                      ; - org.apache.xalan.templates.ElemApplyTemplates::transformSelectedNodes@143 (line 233)
                      ;   {metadata({method} {0x00006ab1e84cf1c8} 'exprSetParent' '(Lorg/apache/xpath/ExpressionNode;)V' in 'org/apache/xpath/Expression')}
  0x0000775f10beb9c0: 5a12 0749 | bac8 f14c | e8b1 6a00 | 004c 8954 | 2408 48c7 | 0424 ffff 

  0x0000775f10beb9d8: ;   {runtime_call counter_overflow Runtime1 stub}
  0x0000775f10beb9d8: ffff e8a1 

  0x0000775f10beb9dc: ; ImmutableOopMap {rbx=Oop r9=Oop rax=Oop rdi=Oop r13=Oop [224]=Oop [232]=Oop [240]=Oop [256]=Oop [280]=Oop [304]=Oop [312]=Oop [320]=Oop }
                      ;*synchronization entry
                      ; - org.apache.xpath.Expression::exprSetParent@-1 (line 476)
                      ; - org.apache.xpath.XPath::setExpression@16 (line 100)
                      ; - org.apache.xpath.XPath::<init>@11 (line 278)
                      ; - org.apache.xalan.templates.ElemApplyTemplates::transformSelectedNodes@143 (line 233)
  0x0000775f10beb9dc: b812 07e9 | 045e ffff 

  0x0000775f10beb9e4: ;   {metadata({method} {0x00006ab1e865b4a0} 'initFunctionTable' '()V' in 'org/apache/xpath/XPath')}
  0x0000775f10beb9e4: 49ba a0b4 | 65e8 b16a | 0000 4c89 | 5424 0848 | c704 24ff 

  0x0000775f10beb9f8: ;   {runtime_call counter_overflow Runtime1 stub}
  0x0000775f10beb9f8: ffff ffe8 

  0x0000775f10beb9fc: ; ImmutableOopMap {rax=Oop [224]=Oop [232]=Oop [240]=Oop [256]=Oop [280]=Oop [304]=Oop [312]=Oop [320]=Oop }
                      ;*synchronization entry
                      ; - org.apache.xpath.XPath::initFunctionTable@-1 (line 62)
                      ; - org.apache.xpath.XPath::<init>@15 (line 279)
                      ; - org.apache.xalan.templates.ElemApplyTemplates::transformSelectedNodes@143 (line 233)
  0x0000775f10beb9fc: 80b8 1207 | e951 5fff | ff48 8bd2 

  0x0000775f10beba08: ;   {runtime_call fast_new_instance Runtime1 stub}
  0x0000775f10beba08: e873 6312 

  0x0000775f10beba0c: ; ImmutableOopMap {[224]=Oop [232]=Oop [240]=Oop [256]=Oop [280]=Oop [304]=Oop [312]=Oop [320]=Oop }
                      ;*new {reexecute=0 rethrow=0 return_oop=0}
                      ; - org.apache.xpath.XPath::initFunctionTable@1 (line 62)
                      ; - org.apache.xpath.XPath::<init>@15 (line 279)
                      ; - org.apache.xalan.templates.ElemApplyTemplates::transformSelectedNodes@143 (line 233)
  0x0000775f10beba0c: 07e9 ef5f 

  0x0000775f10beba10: ;   {metadata(nullptr)}
  0x0000775f10beba10: ffff 48ba | 0000 0000 | 0000 0000 | b800 0f05 

  0x0000775f10beba20: ;   {runtime_call load_klass_patching Runtime1 stub}
  0x0000775f10beba20: 0ae8 5aa6 

  0x0000775f10beba24: ; ImmutableOopMap {[224]=Oop [232]=Oop [240]=Oop [256]=Oop [280]=Oop [304]=Oop [312]=Oop [320]=Oop }
                      ;*new {reexecute=1 rethrow=0 return_oop=0}
                      ; - (reexecute) org.apache.xalan.templates.ElemApplyTemplates::transformSelectedNodes@146 (line 233)
  0x0000775f10beba24: 1207 e925 | 60ff ff48 

  0x0000775f10beba2c: ;   {runtime_call fast_new_instance Runtime1 stub}
  0x0000775f10beba2c: 8bd2 e84d 

  0x0000775f10beba30: ; ImmutableOopMap {[224]=Oop [232]=Oop [240]=Oop [256]=Oop [280]=Oop [304]=Oop [312]=Oop [320]=Oop }
                      ;*new {reexecute=0 rethrow=0 return_oop=0}
                      ; - org.apache.xalan.templates.ElemApplyTemplates::transformSelectedNodes@146 (line 233)
  0x0000775f10beba30: 6312 07e9 | cb60 ffff 

  0x0000775f10beba38: ;   {runtime_call throw_null_pointer_exception Runtime1 stub}
  0x0000775f10beba38: e843 5a12 

  0x0000775f10beba3c: ; ImmutableOopMap {rbx=Oop [224]=Oop [232]=Oop [240]=Oop [256]=Oop [280]=Oop [304]=Oop [312]=Oop [320]=Oop [336]=Oop }
                      ;*invokevirtual fireSelectedEvent {reexecute=0 rethrow=0 return_oop=0}
                      ; - org.apache.xalan.templates.ElemApplyTemplates::transformSelectedNodes@155 (line 233)
                      ;   {runtime_call throw_null_pointer_exception Runtime1 stub}
  0x0000775f10beba3c: 07e8 3e5a 

  0x0000775f10beba40: ; ImmutableOopMap {rdx=Oop rdi=Oop rbx=Oop rax=Oop [224]=Oop [232]=Oop [240]=Oop [256]=Oop [280]=Oop [312]=Oop [360]=Oop [368]=Oop }
                      ;*invokevirtual getTemplateListComposed {reexecute=0 rethrow=0 return_oop=0}
                      ; - org.apache.xalan.templates.ElemApplyTemplates::transformSelectedNodes@172 (line 241)
                      ;   {metadata({method} {0x00006ab1e86a9640} 'getDTM' '(I)Lorg/apache/xml/dtm/DTM;' in 'org/apache/xpath/XPathContext')}
  0x0000775f10beba40: 1207 49ba | 4096 6ae8 | b16a 0000 | 4c89 5424 | 0848 c704 | 24ff ffff 

  0x0000775f10beba58: ;   {runtime_call counter_overflow Runtime1 stub}
  0x0000775f10beba58: ffe8 22b8 

  0x0000775f10beba5c: ; ImmutableOopMap {rdx=Oop rdi=Oop rbx=Oop rax=Oop r8=Oop [224]=Oop [232]=Oop [240]=Oop [256]=Oop [280]=Oop [312]=Oop [344]=Oop [360]=Oop [368]=Oop }
                      ;*synchronization entry
                      ; - org.apache.xpath.XPathContext::getDTM@-1 (line 171)
                      ; - org.apache.xalan.templates.ElemApplyTemplates::transformSelectedNodes@185 (line 245)
  0x0000775f10beba5c: 1207 e924 

  0x0000775f10beba60: ;   {runtime_call throw_null_pointer_exception Runtime1 stub}
  0x0000775f10beba60: 62ff ffe8 

  0x0000775f10beba64: ; ImmutableOopMap {rdx=Oop rdi=Oop rbx=Oop rax=Oop r8=Oop r9=Oop [224]=Oop [232]=Oop [240]=Oop [256]=Oop [280]=Oop [312]=Oop [344]=Oop [360]=Oop [368]=Oop }
                      ;*invokevirtual getDTM {reexecute=0 rethrow=0 return_oop=0}
                      ; - org.apache.xpath.XPathContext::getDTM@5 (line 171)
                      ; - org.apache.xalan.templates.ElemApplyTemplates::transformSelectedNodes@185 (line 245)
  0x0000775f10beba64: 185a 1207 

  0x0000775f10beba68: ;   {runtime_call throw_null_pointer_exception Runtime1 stub}
  0x0000775f10beba68: e813 5a12 

  0x0000775f10beba6c: ; ImmutableOopMap {rdx=Oop rsi=Oop r11=Oop [224]=Oop [232]=Oop [240]=Oop [256]=Oop [280]=Oop [312]=Oop [344]=Oop [360]=Oop [368]=Oop [376]=Oop }
                      ;*aaload {reexecute=0 rethrow=0 return_oop=0}
                      ; - org.apache.xalan.templates.ElemApplyTemplates::transformSelectedNodes@230 (line 258)
                      ;   {runtime_call throw_null_pointer_exception Runtime1 stub}
  0x0000775f10beba6c: 07e8 0e5a 

  0x0000775f10beba70: ; ImmutableOopMap {rdx=Oop rsi=Oop r11=Oop [224]=Oop [232]=Oop [240]=Oop [256]=Oop [280]=Oop [312]=Oop [344]=Oop [360]=Oop [368]=Oop [376]=Oop }
                      ;*aaload {reexecute=0 rethrow=0 return_oop=0}
                      ; - org.apache.xalan.templates.ElemApplyTemplates::transformSelectedNodes@230 (line 258)
  0x0000775f10beba70: 1207 4889 | 3c24 4c89 

  0x0000775f10beba78: ;   {runtime_call throw_range_check_failed Runtime1 stub}
  0x0000775f10beba78: 5c24 08e8 

  0x0000775f10beba7c: ; ImmutableOopMap {rdx=Oop rsi=Oop r11=Oop [224]=Oop [232]=Oop [240]=Oop [256]=Oop [280]=Oop [312]=Oop [344]=Oop [360]=Oop [368]=Oop [376]=Oop }
                      ;*aaload {reexecute=0 rethrow=0 return_oop=0}
                      ; - org.apache.xalan.templates.ElemApplyTemplates::transformSelectedNodes@230 (line 258)
  0x0000775f10beba7c: 0051 1207 

  0x0000775f10beba80: ;   {runtime_call throw_null_pointer_exception Runtime1 stub}
  0x0000775f10beba80: e8fb 5912 

  0x0000775f10beba84: ; ImmutableOopMap {rdx=Oop r11=Oop rdi=Oop [224]=Oop [232]=Oop [240]=Oop [256]=Oop [280]=Oop [312]=Oop [344]=Oop [360]=Oop [368]=Oop [376]=Oop [384]=Oop }
                      ;*invokevirtual fireTraceEvent {reexecute=0 rethrow=0 return_oop=0}
                      ; - org.apache.xalan.templates.ElemApplyTemplates::transformSelectedNodes@246 (line 260)
                      ;   {runtime_call throw_null_pointer_exception Runtime1 stub}
  0x0000775f10beba84: 07e8 f659 

  0x0000775f10beba88: ; ImmutableOopMap {rdx=Oop r11=Oop [224]=Oop [232]=Oop [240]=Oop [256]=Oop [280]=Oop [312]=Oop [344]=Oop [360]=Oop [368]=Oop [376]=Oop [384]=Oop }
                      ;*invokevirtual getValue {reexecute=0 rethrow=0 return_oop=0}
                      ; - org.apache.xalan.templates.ElemApplyTemplates::transformSelectedNodes@253 (line 261)
                      ;   {runtime_call throw_null_pointer_exception Runtime1 stub}
  0x0000775f10beba88: 1207 e8f1 

  0x0000775f10beba8c: ; ImmutableOopMap {rdx=Oop rsi=Oop [224]=Oop [232]=Oop [240]=Oop [256]=Oop [280]=Oop [312]=Oop [344]=Oop [360]=Oop [368]=Oop [376]=Oop [384]=Oop [400]=Oop }
                      ;*invokevirtual fireTraceEndEvent {reexecute=0 rethrow=0 return_oop=0}
                      ; - org.apache.xalan.templates.ElemApplyTemplates::transformSelectedNodes@271 (line 263)
                      ;   {metadata({method} {0x00006ab1e8791cc0} 'setLocalVariable' '(ILorg/apache/xpath/objects/XObject;I)V' in 'org/apache/xpath/VariableStack')}
  0x0000775f10beba8c: 5912 0749 | bac0 1c79 | e8b1 6a00 | 004c 8954 | 2408 48c7 | 0424 ffff 

  0x0000775f10bebaa4: ;   {runtime_call counter_overflow Runtime1 stub}
  0x0000775f10bebaa4: ffff e8d5 

  0x0000775f10bebaa8: ; ImmutableOopMap {rax=Oop r11=Oop rbx=Oop [224]=Oop [232]=Oop [240]=Oop [256]=Oop [280]=Oop [312]=Oop [344]=Oop [360]=Oop [368]=Oop [376]=Oop [384]=Oop }
                      ;*synchronization entry
                      ; - org.apache.xpath.VariableStack::setLocalVariable@-1 (line 287)
                      ; - org.apache.xalan.templates.ElemApplyTemplates::transformSelectedNodes@282 (line 265)
  0x0000775f10bebaa8: b712 07e9 | 6966 ffff 

  0x0000775f10bebab0: ;   {runtime_call throw_null_pointer_exception Runtime1 stub}
  0x0000775f10bebab0: e8cb 5912 

  0x0000775f10bebab4: ; ImmutableOopMap {rax=Oop r11=Oop rbx=Oop rdx=Oop [224]=Oop [232]=Oop [240]=Oop [256]=Oop [280]=Oop [312]=Oop [344]=Oop [360]=Oop [368]=Oop [376]=Oop [384]=Oop }
                      ;*aastore {reexecute=1 rethrow=0 return_oop=0}
                      ; - (reexecute) org.apache.xpath.VariableStack::setLocalVariable@8 (line 287)
                      ; - org.apache.xalan.templates.ElemApplyTemplates::transformSelectedNodes@282 (line 265)
                      ;   {runtime_call throw_null_pointer_exception Runtime1 stub}
  0x0000775f10bebab4: 07e8 c659 

  0x0000775f10bebab8: ; ImmutableOopMap {rax=Oop r11=Oop rbx=Oop rdx=Oop [224]=Oop [232]=Oop [240]=Oop [256]=Oop [280]=Oop [312]=Oop [344]=Oop [360]=Oop [368]=Oop [376]=Oop [384]=Oop }
                      ;*aastore {reexecute=1 rethrow=0 return_oop=0}
                      ; - (reexecute) org.apache.xpath.VariableStack::setLocalVariable@8 (line 287)
                      ; - org.apache.xalan.templates.ElemApplyTemplates::transformSelectedNodes@282 (line 265)
  0x0000775f10bebab8: 1207 4889 | 3c24 4889 

  0x0000775f10bebac0: ;   {runtime_call throw_range_check_failed Runtime1 stub}
  0x0000775f10bebac0: 5424 08e8 

  0x0000775f10bebac4: ; ImmutableOopMap {rax=Oop r11=Oop rbx=Oop rdx=Oop [224]=Oop [232]=Oop [240]=Oop [256]=Oop [280]=Oop [312]=Oop [344]=Oop [360]=Oop [368]=Oop [376]=Oop [384]=Oop }
                      ;*aastore {reexecute=1 rethrow=0 return_oop=0}
                      ; - (reexecute) org.apache.xpath.VariableStack::setLocalVariable@8 (line 287)
                      ; - org.apache.xalan.templates.ElemApplyTemplates::transformSelectedNodes@282 (line 265)
  0x0000775f10bebac4: b850 1207 

  0x0000775f10bebac8: ;   {runtime_call throw_null_pointer_exception Runtime1 stub}
  0x0000775f10bebac8: e8b3 5912 

  0x0000775f10bebacc: ; ImmutableOopMap {rax=Oop r11=Oop rbx=Oop rdx=Oop [224]=Oop [232]=Oop [240]=Oop [256]=Oop [280]=Oop [312]=Oop [344]=Oop [360]=Oop [368]=Oop [376]=Oop [384]=Oop }
                      ;*aastore {reexecute=1 rethrow=0 return_oop=0}
                      ; - (reexecute) org.apache.xpath.VariableStack::setLocalVariable@8 (line 287)
                      ; - org.apache.xalan.templates.ElemApplyTemplates::transformSelectedNodes@282 (line 265)
  0x0000775f10bebacc: 0748 8904 

  0x0000775f10bebad0: ;   {runtime_call throw_array_store_exception Runtime1 stub}
  0x0000775f10bebad0: 24e8 aa80 

  0x0000775f10bebad4: ; ImmutableOopMap {rax=Oop r11=Oop rbx=Oop rdx=Oop [224]=Oop [232]=Oop [240]=Oop [256]=Oop [280]=Oop [312]=Oop [344]=Oop [360]=Oop [368]=Oop [376]=Oop [384]=Oop }
                      ;*aastore {reexecute=1 rethrow=0 return_oop=0}
                      ; - (reexecute) org.apache.xpath.VariableStack::setLocalVariable@8 (line 287)
                      ; - org.apache.xalan.templates.ElemApplyTemplates::transformSelectedNodes@282 (line 265)
                      ;   {metadata({method} {0x00006ab1e855b330} 'transformSelectedNodes' '(Lorg/apache/xalan/transformer/TransformerImpl;)V' in 'org/apache/xalan/templates/ElemApplyTemplates')}
  0x0000775f10bebad4: 1207 49ba | 30b3 55e8 | b16a 0000 | 4c89 5424 | 0848 c704 | 2420 0100 

  0x0000775f10bebaec: ;   {runtime_call counter_overflow Runtime1 stub}
  0x0000775f10bebaec: 00e8 8eb7 

  0x0000775f10bebaf0: ; ImmutableOopMap {r11=Oop rbx=Oop [224]=Oop [232]=Oop [240]=Oop [256]=Oop [280]=Oop [312]=Oop [344]=Oop [360]=Oop [368]=Oop [376]=Oop [384]=Oop }
                      ;*goto {reexecute=1 rethrow=0 return_oop=0}
                      ; - (reexecute) org.apache.xalan.templates.ElemApplyTemplates::transformSelectedNodes@288 (line 256)
  0x0000775f10bebaf0: 1207 e98c 

  0x0000775f10bebaf4: ;   {metadata({method} {0x00006ab1e86aaf08} 'pushContextNodeList' '(Lorg/apache/xml/dtm/DTMIterator;)V' in 'org/apache/xpath/XPathContext')}
  0x0000775f10bebaf4: 67ff ff49 | ba08 af6a | e8b1 6a00 | 004c 8954 | 2408 48c7 | 0424 ffff 

  0x0000775f10bebb0c: ;   {runtime_call counter_overflow Runtime1 stub}
  0x0000775f10bebb0c: ffff e86d 

  0x0000775f10bebb10: ; ImmutableOopMap {rbx=Oop rcx=Oop [224]=Oop [232]=Oop [240]=Oop [256]=Oop [280]=Oop [312]=Oop [344]=Oop [360]=Oop [368]=Oop [376]=Oop }
                      ;*synchronization entry
                      ; - org.apache.xpath.XPathContext::pushContextNodeList@-1 (line 697)
                      ; - org.apache.xalan.templates.ElemApplyTemplates::transformSelectedNodes@301 (line 270)
  0x0000775f10bebb10: b712 07e9 | 1068 ffff 

  0x0000775f10bebb18: ;   {runtime_call throw_null_pointer_exception Runtime1 stub}
  0x0000775f10bebb18: e863 5912 

  0x0000775f10bebb1c: ; ImmutableOopMap {rbx=Oop rcx=Oop r8=Oop [224]=Oop [232]=Oop [240]=Oop [256]=Oop [280]=Oop [312]=Oop [344]=Oop [360]=Oop [368]=Oop [376]=Oop }
                      ;*invokevirtual push {reexecute=0 rethrow=0 return_oop=0}
                      ; - org.apache.xpath.XPathContext::pushContextNodeList@5 (line 697)
                      ; - org.apache.xalan.templates.ElemApplyTemplates::transformSelectedNodes@301 (line 270)
                      ;   {metadata({method} {0x00006ab1e81abc48} 'push' '(Ljava/lang/Object;)Ljava/lang/Object;' in 'java/util/Stack')}
  0x0000775f10bebb1c: 0749 ba48 | bc1a e8b1 | 6a00 004c | 8954 2408 | 48c7 0424 | ffff ffff 

  0x0000775f10bebb34: ;   {runtime_call counter_overflow Runtime1 stub}
  0x0000775f10bebb34: e847 b712 

  0x0000775f10bebb38: ; ImmutableOopMap {rbx=Oop rcx=Oop r8=Oop [224]=Oop [232]=Oop [240]=Oop [256]=Oop [280]=Oop [312]=Oop [344]=Oop [360]=Oop [368]=Oop [376]=Oop }
                      ;*synchronization entry
                      ; - java.util.Stack::push@-1 (line 68)
                      ; - org.apache.xpath.XPathContext::pushContextNodeList@5 (line 697)
                      ; - org.apache.xalan.templates.ElemApplyTemplates::transformSelectedNodes@301 (line 270)
  0x0000775f10bebb38: 07e9 2d68 | ffff 4c89 | 4424 0848 

  0x0000775f10bebb44: ;   {runtime_call monitorenter_nofpu Runtime1 stub}
  0x0000775f10bebb44: 8914 24e8 

  0x0000775f10bebb48: ; ImmutableOopMap {rbx=Oop rcx=Oop r8=Oop [224]=Oop [232]=Oop [240]=Oop [256]=Oop [280]=Oop [312]=Oop [344]=Oop [360]=Oop [368]=Oop [376]=Oop [992]=Oop }
                      ;*synchronization entry
                      ; - java.util.Vector::addElement@-1 (line 616)
                      ; - java.util.Stack::push@2 (line 68)
                      ; - org.apache.xpath.XPathContext::pushContextNodeList@5 (line 697)
                      ; - org.apache.xalan.templates.ElemApplyTemplates::transformSelectedNodes@301 (line 270)
  0x0000775f10bebb48: 348f 1207 | e9e7 68ff 

  0x0000775f10bebb50: ;   {metadata({method} {0x00006ab1e80ffd98} 'addElement' '(Ljava/lang/Object;)V' in 'java/util/Vector')}
  0x0000775f10bebb50: ff49 ba98 | fd0f e8b1 | 6a00 004c | 8954 2408 | 48c7 0424 | ffff ffff 

  0x0000775f10bebb68: ;   {runtime_call counter_overflow Runtime1 stub}
  0x0000775f10bebb68: e813 b712 

  0x0000775f10bebb6c: ; ImmutableOopMap {rbx=Oop rcx=Oop r8=Oop [224]=Oop [232]=Oop [240]=Oop [256]=Oop [280]=Oop [312]=Oop [344]=Oop [360]=Oop [368]=Oop [376]=Oop [992]=Oop }
                      ;*synchronization entry
                      ; - java.util.Vector::addElement@-1 (line 616)
                      ; - java.util.Stack::push@2 (line 68)
                      ; - org.apache.xpath.XPathContext::pushContextNodeList@5 (line 697)
                      ; - org.apache.xalan.templates.ElemApplyTemplates::transformSelectedNodes@301 (line 270)
  0x0000775f10bebb6c: 07e9 ed68 

  0x0000775f10bebb70: ;   {metadata({method} {0x00006ab1e8100690} 'add' '(Ljava/lang/Object;[Ljava/lang/Object;I)V' in 'java/util/Vector')}
  0x0000775f10bebb70: ffff 49ba | 9006 10e8 | b16a 0000 | 4c89 5424 | 0848 c704 | 24ff ffff 

  0x0000775f10bebb88: ;   {runtime_call counter_overflow Runtime1 stub}
  0x0000775f10bebb88: ffe8 f2b6 

  0x0000775f10bebb8c: ; ImmutableOopMap {rbx=Oop rcx=Oop r8=Oop rdx=Oop [224]=Oop [232]=Oop [240]=Oop [256]=Oop [280]=Oop [312]=Oop [344]=Oop [360]=Oop [368]=Oop [376]=Oop [992]=Oop }
                      ;*synchronization entry
                      ; - java.util.Vector::add@-1 (line 781)
                      ; - java.util.Vector::addElement@20 (line 617)
                      ; - java.util.Stack::push@2 (line 68)
                      ; - org.apache.xpath.XPathContext::pushContextNodeList@5 (line 697)
                      ; - org.apache.xalan.templates.ElemApplyTemplates::transformSelectedNodes@301 (line 270)
  0x0000775f10bebb8c: 1207 e91f 

  0x0000775f10bebb90: ;   {runtime_call throw_null_pointer_exception Runtime1 stub}
  0x0000775f10bebb90: 69ff ffe8 

  0x0000775f10bebb94: ; ImmutableOopMap {rbx=Oop rcx=Oop r8=Oop rdx=Oop [224]=Oop [232]=Oop [240]=Oop [256]=Oop [280]=Oop [312]=Oop [344]=Oop [360]=Oop [368]=Oop [376]=Oop [992]=Oop }
                      ;*arraylength {reexecute=0 rethrow=0 return_oop=0}
                      ; - java.util.Vector::add@2 (line 781)
                      ; - java.util.Vector::addElement@20 (line 617)
                      ; - java.util.Stack::push@2 (line 68)
                      ; - org.apache.xpath.XPathContext::pushContextNodeList@5 (line 697)
                      ; - org.apache.xalan.templates.ElemApplyTemplates::transformSelectedNodes@301 (line 270)
  0x0000775f10bebb94: e858 1207 

  0x0000775f10bebb98: ;   {metadata({method} {0x00006ab1e80fed70} 'grow' '()[Ljava/lang/Object;' in 'java/util/Vector')}
  0x0000775f10bebb98: 49ba 70ed | 0fe8 b16a | 0000 4c89 | 5424 0848 | c704 24ff 

  0x0000775f10bebbac: ;   {runtime_call counter_overflow Runtime1 stub}
  0x0000775f10bebbac: ffff ffe8 

  0x0000775f10bebbb0: ; ImmutableOopMap {r8=Oop [224]=Oop [232]=Oop [240]=Oop [256]=Oop [280]=Oop [312]=Oop [344]=Oop [360]=Oop [368]=Oop [376]=Oop [992]=Oop }
                      ;*synchronization entry
                      ; - java.util.Vector::grow@-1 (line 266)
                      ; - java.util.Vector::add@7 (line 782)
                      ; - java.util.Vector::addElement@20 (line 617)
                      ; - java.util.Stack::push@2 (line 68)
                      ; - org.apache.xpath.XPathContext::pushContextNodeList@5 (line 697)
                      ; - org.apache.xalan.templates.ElemApplyTemplates::transformSelectedNodes@301 (line 270)
  0x0000775f10bebbb0: ccb6 1207 | e96d 69ff 

  0x0000775f10bebbb8: ;   {runtime_call throw_null_pointer_exception Runtime1 stub}
  0x0000775f10bebbb8: ffe8 c258 

  0x0000775f10bebbbc: ; ImmutableOopMap {rdx=Oop r8=Oop rdi=Oop [224]=Oop [232]=Oop [240]=Oop [256]=Oop [280]=Oop [344]=Oop [360]=Oop [368]=Oop [376]=Oop [992]=Oop }
                      ;*aastore {reexecute=1 rethrow=0 return_oop=0}
                      ; - (reexecute) java.util.Vector::add@14 (line 783)
                      ; - java.util.Vector::addElement@20 (line 617)
                      ; - java.util.Stack::push@2 (line 68)
                      ; - org.apache.xpath.XPathContext::pushContextNodeList@5 (line 697)
                      ; - org.apache.xalan.templates.ElemApplyTemplates::transformSelectedNodes@301 (line 270)
                      ;   {runtime_call throw_null_pointer_exception Runtime1 stub}
  0x0000775f10bebbbc: 1207 e8bd 

  0x0000775f10bebbc0: ; ImmutableOopMap {rdx=Oop r8=Oop rdi=Oop [224]=Oop [232]=Oop [240]=Oop [256]=Oop [280]=Oop [344]=Oop [360]=Oop [368]=Oop [376]=Oop [992]=Oop }
                      ;*aastore {reexecute=1 rethrow=0 return_oop=0}
                      ; - (reexecute) java.util.Vector::add@14 (line 783)
                      ; - java.util.Vector::addElement@20 (line 617)
                      ; - java.util.Stack::push@2 (line 68)
                      ; - org.apache.xpath.XPathContext::pushContextNodeList@5 (line 697)
                      ; - org.apache.xalan.templates.ElemApplyTemplates::transformSelectedNodes@301 (line 270)
  0x0000775f10bebbc0: 5812 0748 | 8904 2448 | 8954 2408 

  0x0000775f10bebbcc: ;   {runtime_call throw_range_check_failed Runtime1 stub}
  0x0000775f10bebbcc: e8af 4f12 

  0x0000775f10bebbd0: ; ImmutableOopMap {rdx=Oop r8=Oop rdi=Oop [224]=Oop [232]=Oop [240]=Oop [256]=Oop [280]=Oop [344]=Oop [360]=Oop [368]=Oop [376]=Oop [992]=Oop }
                      ;*aastore {reexecute=1 rethrow=0 return_oop=0}
                      ; - (reexecute) java.util.Vector::add@14 (line 783)
                      ; - java.util.Vector::addElement@20 (line 617)
                      ; - java.util.Stack::push@2 (line 68)
                      ; - org.apache.xpath.XPathContext::pushContextNodeList@5 (line 697)
                      ; - org.apache.xalan.templates.ElemApplyTemplates::transformSelectedNodes@301 (line 270)
                      ;   {runtime_call throw_null_pointer_exception Runtime1 stub}
  0x0000775f10bebbd0: 07e8 aa58 

  0x0000775f10bebbd4: ; ImmutableOopMap {rdx=Oop r8=Oop rdi=Oop [224]=Oop [232]=Oop [240]=Oop [256]=Oop [280]=Oop [344]=Oop [360]=Oop [368]=Oop [376]=Oop [992]=Oop }
                      ;*aastore {reexecute=1 rethrow=0 return_oop=0}
                      ; - (reexecute) java.util.Vector::add@14 (line 783)
                      ; - java.util.Vector::addElement@20 (line 617)
                      ; - java.util.Stack::push@2 (line 68)
                      ; - org.apache.xpath.XPathContext::pushContextNodeList@5 (line 697)
                      ; - org.apache.xalan.templates.ElemApplyTemplates::transformSelectedNodes@301 (line 270)
  0x0000775f10bebbd4: 1207 4889 

  0x0000775f10bebbd8: ;   {runtime_call throw_array_store_exception Runtime1 stub}
  0x0000775f10bebbd8: 3c24 e8a1 

  0x0000775f10bebbdc: ; ImmutableOopMap {rdx=Oop r8=Oop rdi=Oop [224]=Oop [232]=Oop [240]=Oop [256]=Oop [280]=Oop [344]=Oop [360]=Oop [368]=Oop [376]=Oop [992]=Oop }
                      ;*aastore {reexecute=1 rethrow=0 return_oop=0}
                      ; - (reexecute) java.util.Vector::add@14 (line 783)
                      ; - java.util.Vector::addElement@20 (line 617)
                      ; - java.util.Stack::push@2 (line 68)
                      ; - org.apache.xpath.XPathContext::pushContextNodeList@5 (line 697)
                      ; - org.apache.xalan.templates.ElemApplyTemplates::transformSelectedNodes@301 (line 270)
  0x0000775f10bebbdc: 7f12 0748 | 8d84 24d8 | 0300 0048 

  0x0000775f10bebbe8: ;   {runtime_call monitorexit_nofpu Runtime1 stub}
  0x0000775f10bebbe8: 8904 24e8 | 9094 1207 | e9e0 6aff 

  0x0000775f10bebbf4: ;   {runtime_call throw_null_pointer_exception Runtime1 stub}
  0x0000775f10bebbf4: ffe8 8658 

  0x0000775f10bebbf8: ; ImmutableOopMap {rdi=Oop [224]=Oop [232]=Oop [240]=Oop [256]=Oop [280]=Oop [344]=Oop [360]=Oop [368]=Oop [424]=Oop [432]=Oop [440]=Oop }
                      ;*invokeinterface nextNode {reexecute=0 rethrow=0 return_oop=0}
                      ; - org.apache.xalan.templates.ElemApplyTemplates::transformSelectedNodes@322 (line 280)
                      ;   {runtime_call throw_null_pointer_exception Runtime1 stub}
  0x0000775f10bebbf8: 1207 e881 

  0x0000775f10bebbfc: ; ImmutableOopMap {rdi=Oop [224]=Oop [232]=Oop [240]=Oop [256]=Oop [280]=Oop [312]=Oop [344]=Oop [360]=Oop [368]=Oop [424]=Oop [432]=Oop [440]=Oop }
                      ;*invokevirtual setTop {reexecute=0 rethrow=0 return_oop=0}
                      ; - org.apache.xalan.templates.ElemApplyTemplates::transformSelectedNodes@337 (line 282)
                      ;   {metadata({method} {0x00006ab1e86489c0} 'setTop' '(I)V' in 'org/apache/xml/utils/IntStack')}
  0x0000775f10bebbfc: 5812 0749 | bac0 8964 | e8b1 6a00 | 004c 8954 | 2408 48c7 | 0424 ffff 

  0x0000775f10bebc14: ;   {runtime_call counter_overflow Runtime1 stub}
  0x0000775f10bebc14: ffff e865 

  0x0000775f10bebc18: ; ImmutableOopMap {rdi=Oop [224]=Oop [232]=Oop [240]=Oop [256]=Oop [280]=Oop [312]=Oop [344]=Oop [360]=Oop [368]=Oop [424]=Oop [432]=Oop [440]=Oop }
                      ;*synchronization entry
                      ; - org.apache.xml.utils.IntStack::setTop@-1 (line 159)
                      ; - org.apache.xalan.templates.ElemApplyTemplates::transformSelectedNodes@337 (line 282)
  0x0000775f10bebc18: b612 07e9 | 496c ffff 

  0x0000775f10bebc20: ;   {runtime_call throw_null_pointer_exception Runtime1 stub}
  0x0000775f10bebc20: e85b 5812 

  0x0000775f10bebc24: ; ImmutableOopMap {rdi=Oop rdx=Oop [224]=Oop [232]=Oop [240]=Oop [256]=Oop [280]=Oop [312]=Oop [344]=Oop [360]=Oop [368]=Oop [424]=Oop [432]=Oop [440]=Oop }
                      ;*iastore {reexecute=0 rethrow=0 return_oop=0}
                      ; - org.apache.xml.utils.IntStack::setTop@11 (line 159)
                      ; - org.apache.xalan.templates.ElemApplyTemplates::transformSelectedNodes@337 (line 282)
                      ;   {runtime_call throw_null_pointer_exception Runtime1 stub}
  0x0000775f10bebc24: 07e8 5658 

  0x0000775f10bebc28: ; ImmutableOopMap {rdi=Oop rdx=Oop [224]=Oop [232]=Oop [240]=Oop [256]=Oop [280]=Oop [312]=Oop [344]=Oop [360]=Oop [368]=Oop [424]=Oop [432]=Oop [440]=Oop }
                      ;*iastore {reexecute=0 rethrow=0 return_oop=0}
                      ; - org.apache.xml.utils.IntStack::setTop@11 (line 159)
                      ; - org.apache.xalan.templates.ElemApplyTemplates::transformSelectedNodes@337 (line 282)
  0x0000775f10bebc28: 1207 4889 | 3424 4889 

  0x0000775f10bebc30: ;   {runtime_call throw_range_check_failed Runtime1 stub}
  0x0000775f10bebc30: 5424 08e8 

  0x0000775f10bebc34: ; ImmutableOopMap {rdi=Oop rdx=Oop [224]=Oop [232]=Oop [240]=Oop [256]=Oop [280]=Oop [312]=Oop [344]=Oop [360]=Oop [368]=Oop [424]=Oop [432]=Oop [440]=Oop }
                      ;*iastore {reexecute=0 rethrow=0 return_oop=0}
                      ; - org.apache.xml.utils.IntStack::setTop@11 (line 159)
                      ; - org.apache.xalan.templates.ElemApplyTemplates::transformSelectedNodes@337 (line 282)
  0x0000775f10bebc34: 484f 1207 

  0x0000775f10bebc38: ;   {runtime_call throw_null_pointer_exception Runtime1 stub}
  0x0000775f10bebc38: e843 5812 

  0x0000775f10bebc3c: ; ImmutableOopMap {rdi=Oop rdx=Oop [224]=Oop [232]=Oop [240]=Oop [256]=Oop [280]=Oop [312]=Oop [344]=Oop [360]=Oop [368]=Oop [424]=Oop [432]=Oop [440]=Oop }
                      ;*invokevirtual setTop {reexecute=0 rethrow=0 return_oop=0}
                      ; - org.apache.xalan.templates.ElemApplyTemplates::transformSelectedNodes@344 (line 283)
                      ;   {metadata({method} {0x00006ab1e86489c0} 'setTop' '(I)V' in 'org/apache/xml/utils/IntStack')}
  0x0000775f10bebc3c: 0749 bac0 | 8964 e8b1 | 6a00 004c | 8954 2408 | 48c7 0424 | ffff ffff 

  0x0000775f10bebc54: ;   {runtime_call counter_overflow Runtime1 stub}
  0x0000775f10bebc54: e827 b612 

  0x0000775f10bebc58: ; ImmutableOopMap {rdi=Oop rdx=Oop [224]=Oop [232]=Oop [240]=Oop [256]=Oop [280]=Oop [312]=Oop [344]=Oop [360]=Oop [368]=Oop [424]=Oop [432]=Oop [440]=Oop }
                      ;*synchronization entry
                      ; - org.apache.xml.utils.IntStack::setTop@-1 (line 159)
                      ; - org.apache.xalan.templates.ElemApplyTemplates::transformSelectedNodes@344 (line 283)
  0x0000775f10bebc58: 07e9 7a6c 

  0x0000775f10bebc5c: ;   {runtime_call throw_null_pointer_exception Runtime1 stub}
  0x0000775f10bebc5c: ffff e81d 

  0x0000775f10bebc60: ; ImmutableOopMap {rdi=Oop rdx=Oop rsi=Oop [224]=Oop [232]=Oop [240]=Oop [256]=Oop [280]=Oop [312]=Oop [344]=Oop [360]=Oop [368]=Oop [424]=Oop [432]=Oop [440]=Oop }
                      ;*iastore {reexecute=0 rethrow=0 return_oop=0}
                      ; - org.apache.xml.utils.IntStack::setTop@11 (line 159)
                      ; - org.apache.xalan.templates.ElemApplyTemplates::transformSelectedNodes@344 (line 283)
                      ;   {runtime_call throw_null_pointer_exception Runtime1 stub}
  0x0000775f10bebc60: 5812 07e8 

  0x0000775f10bebc64: ; ImmutableOopMap {rdi=Oop rdx=Oop rsi=Oop [224]=Oop [232]=Oop [240]=Oop [256]=Oop [280]=Oop [312]=Oop [344]=Oop [360]=Oop [368]=Oop [424]=Oop [432]=Oop [440]=Oop }
                      ;*iastore {reexecute=0 rethrow=0 return_oop=0}
                      ; - org.apache.xml.utils.IntStack::setTop@11 (line 159)
                      ; - org.apache.xalan.templates.ElemApplyTemplates::transformSelectedNodes@344 (line 283)
  0x0000775f10bebc64: 1858 1207 | 4889 1c24 | 4889 7424 

  0x0000775f10bebc70: ;   {runtime_call throw_range_check_failed Runtime1 stub}
  0x0000775f10bebc70: 08e8 0a4f 

  0x0000775f10bebc74: ; ImmutableOopMap {rdi=Oop rdx=Oop rsi=Oop [224]=Oop [232]=Oop [240]=Oop [256]=Oop [280]=Oop [312]=Oop [344]=Oop [360]=Oop [368]=Oop [424]=Oop [432]=Oop [440]=Oop }
                      ;*iastore {reexecute=0 rethrow=0 return_oop=0}
                      ; - org.apache.xml.utils.IntStack::setTop@11 (line 159)
                      ; - org.apache.xalan.templates.ElemApplyTemplates::transformSelectedNodes@344 (line 283)
                      ;   {metadata({method} {0x00006ab1e86a9640} 'getDTM' '(I)Lorg/apache/xml/dtm/DTM;' in 'org/apache/xpath/XPathContext')}
  0x0000775f10bebc74: 1207 49ba | 4096 6ae8 | b16a 0000 | 4c89 5424 | 0848 c704 | 24ff ffff 

  0x0000775f10bebc8c: ;   {runtime_call counter_overflow Runtime1 stub}
  0x0000775f10bebc8c: ffe8 eeb5 

  0x0000775f10bebc90: ; ImmutableOopMap {rdi=Oop [224]=Oop [232]=Oop [240]=Oop [256]=Oop [280]=Oop [312]=Oop [344]=Oop [360]=Oop [368]=Oop [424]=Oop [432]=Oop [440]=Oop }
                      ;*synchronization entry
                      ; - org.apache.xpath.XPathContext::getDTM@-1 (line 171)
                      ; - org.apache.xalan.templates.ElemApplyTemplates::transformSelectedNodes@350 (line 285)
  0x0000775f10bebc90: 1207 e9b2 

  0x0000775f10bebc94: ;   {runtime_call throw_null_pointer_exception Runtime1 stub}
  0x0000775f10bebc94: 6cff ffe8 

  0x0000775f10bebc98: ; ImmutableOopMap {rdi=Oop rsi=Oop [224]=Oop [232]=Oop [240]=Oop [256]=Oop [280]=Oop [312]=Oop [344]=Oop [360]=Oop [368]=Oop [424]=Oop [432]=Oop [440]=Oop }
                      ;*invokevirtual getDTM {reexecute=0 rethrow=0 return_oop=0}
                      ; - org.apache.xpath.XPathContext::getDTM@5 (line 171)
                      ; - org.apache.xalan.templates.ElemApplyTemplates::transformSelectedNodes@350 (line 285)
  0x0000775f10bebc98: e457 1207 

  0x0000775f10bebc9c: ;   {metadata({method} {0x00006ab1e86a9640} 'getDTM' '(I)Lorg/apache/xml/dtm/DTM;' in 'org/apache/xpath/XPathContext')}
  0x0000775f10bebc9c: 49ba 4096 | 6ae8 b16a | 0000 4c89 | 5424 0848 | c704 24ff 

  0x0000775f10bebcb0: ;   {runtime_call counter_overflow Runtime1 stub}
  0x0000775f10bebcb0: ffff ffe8 

  0x0000775f10bebcb4: ; ImmutableOopMap {rdi=Oop [224]=Oop [232]=Oop [240]=Oop [256]=Oop [280]=Oop [312]=Oop [344]=Oop [360]=Oop [368]=Oop [424]=Oop [432]=Oop [440]=Oop }
                      ;*synchronization entry
                      ; - org.apache.xpath.XPathContext::getDTM@-1 (line 171)
                      ; - org.apache.xalan.templates.ElemApplyTemplates::transformSelectedNodes@361 (line 287)
  0x0000775f10bebcb4: c8b5 1207 | e9db 6dff 

  0x0000775f10bebcbc: ;   {runtime_call throw_null_pointer_exception Runtime1 stub}
  0x0000775f10bebcbc: ffe8 be57 

  0x0000775f10bebcc0: ; ImmutableOopMap {rdi=Oop rsi=Oop [224]=Oop [232]=Oop [240]=Oop [256]=Oop [280]=Oop [312]=Oop [344]=Oop [360]=Oop [368]=Oop [424]=Oop [432]=Oop [440]=Oop }
                      ;*invokevirtual getDTM {reexecute=0 rethrow=0 return_oop=0}
                      ; - org.apache.xpath.XPathContext::getDTM@5 (line 171)
                      ; - org.apache.xalan.templates.ElemApplyTemplates::transformSelectedNodes@361 (line 287)
                      ;   {runtime_call throw_incompatible_class_change_error Runtime1 stub}
  0x0000775f10bebcc0: 1207 e8b9 

  0x0000775f10bebcc4: ; ImmutableOopMap {rcx=Oop [224]=Oop [232]=Oop [240]=Oop [256]=Oop [280]=Oop [312]=Oop [344]=Oop [360]=Oop [368]=Oop [424]=Oop [432]=Oop }
                      ;*invokeinterface getExpandedTypeID {reexecute=0 rethrow=0 return_oop=0}
                      ; - org.apache.xalan.templates.ElemApplyTemplates::transformSelectedNodes@370 (line 290)
                      ;   {runtime_call throw_null_pointer_exception Runtime1 stub}
  0x0000775f10bebcc4: 8412 07e8 

  0x0000775f10bebcc8: ; ImmutableOopMap {rcx=Oop [224]=Oop [232]=Oop [240]=Oop [256]=Oop [280]=Oop [312]=Oop [344]=Oop [360]=Oop [368]=Oop [424]=Oop [432]=Oop }
                      ;*invokeinterface getExpandedTypeID {reexecute=0 rethrow=0 return_oop=0}
                      ; - org.apache.xalan.templates.ElemApplyTemplates::transformSelectedNodes@370 (line 290)
  0x0000775f10bebcc8: b457 1207 

  0x0000775f10bebccc: ;   {metadata({method} {0x00006ab1e878a0b0} 'getExpandedTypeID' '(I)I' in 'org/apache/xml/dtm/ref/DTMDefaultBase')}
  0x0000775f10bebccc: 49ba b0a0 | 78e8 b16a | 0000 4c89 | 5424 0848 | c704 24ff 

  0x0000775f10bebce0: ;   {runtime_call counter_overflow Runtime1 stub}
  0x0000775f10bebce0: ffff ffe8 

  0x0000775f10bebce4: ; ImmutableOopMap {rcx=Oop [224]=Oop [232]=Oop [240]=Oop [256]=Oop [280]=Oop [312]=Oop [344]=Oop [360]=Oop [368]=Oop [424]=Oop [432]=Oop }
                      ;*synchronization entry
                      ; - org.apache.xml.dtm.ref.DTMDefaultBase::getExpandedTypeID@-1 (line 1682)
                      ; - org.apache.xalan.templates.ElemApplyTemplates::transformSelectedNodes@370 (line 290)
  0x0000775f10bebce4: 98b5 1207 | e95c 6fff 

  0x0000775f10bebcec: ;   {runtime_call throw_incompatible_class_change_error Runtime1 stub}
  0x0000775f10bebcec: ffe8 8e84 

  0x0000775f10bebcf0: ; ImmutableOopMap {rcx=Oop [224]=Oop [232]=Oop [240]=Oop [256]=Oop [280]=Oop [312]=Oop [344]=Oop [360]=Oop [368]=Oop [424]=Oop [432]=Oop }
                      ;*invokeinterface getNodeType {reexecute=0 rethrow=0 return_oop=0}
                      ; - org.apache.xalan.templates.ElemApplyTemplates::transformSelectedNodes@381 (line 292)
                      ;   {metadata({method} {0x00006ab1e878a848} 'getNodeType' '(I)S' in 'org/apache/xml/dtm/ref/DTMDefaultBase')}
  0x0000775f10bebcf0: 1207 49ba | 48a8 78e8 | b16a 0000 | 4c89 5424 | 0848 c704 | 24ff ffff 

  0x0000775f10bebd08: ;   {runtime_call counter_overflow Runtime1 stub}
  0x0000775f10bebd08: ffe8 72b5 

  0x0000775f10bebd0c: ; ImmutableOopMap {rcx=Oop [224]=Oop [232]=Oop [240]=Oop [256]=Oop [280]=Oop [312]=Oop [344]=Oop [360]=Oop [368]=Oop [424]=Oop [432]=Oop }
                      ;*synchronization entry
                      ; - org.apache.xml.dtm.ref.DTMDefaultBase::getNodeType@-1 (line 1836)
                      ; - org.apache.xalan.templates.ElemApplyTemplates::transformSelectedNodes@381 (line 292)
  0x0000775f10bebd0c: 1207 e962 

  0x0000775f10bebd10: ;   {runtime_call throw_null_pointer_exception Runtime1 stub}
  0x0000775f10bebd10: 71ff ffe8 

  0x0000775f10bebd14: ; ImmutableOopMap {rbx=Oop [224]=Oop [232]=Oop [240]=Oop [256]=Oop [280]=Oop [312]=Oop [344]=Oop [360]=Oop [368]=Oop [424]=Oop [432]=Oop [448]=Oop }
                      ;*invokevirtual getType {reexecute=0 rethrow=0 return_oop=0}
                      ; - org.apache.xml.dtm.ref.DTMDefaultBase::getNodeType@20 (line 1838)
                      ; - org.apache.xalan.templates.ElemApplyTemplates::transformSelectedNodes@381 (line 292)
  0x0000775f10bebd14: 6857 1207 

  0x0000775f10bebd18: ;   {metadata({method} {0x00006ab1e8738328} 'getType' '(I)S' in 'org/apache/xml/dtm/ref/ExpandedNameTable')}
  0x0000775f10bebd18: 49ba 2883 | 73e8 b16a | 0000 4c89 | 5424 0848 | c704 24ff 

  0x0000775f10bebd2c: ;   {runtime_call counter_overflow Runtime1 stub}
  0x0000775f10bebd2c: ffff ffe8 

  0x0000775f10bebd30: ; ImmutableOopMap {rbx=Oop [224]=Oop [232]=Oop [240]=Oop [256]=Oop [280]=Oop [312]=Oop [344]=Oop [360]=Oop [368]=Oop [424]=Oop [432]=Oop [448]=Oop }
                      ;*synchronization entry
                      ; - org.apache.xml.dtm.ref.ExpandedNameTable::getType@-1 (line 347)
                      ; - org.apache.xml.dtm.ref.DTMDefaultBase::getNodeType@20 (line 1838)
                      ; - org.apache.xalan.templates.ElemApplyTemplates::transformSelectedNodes@381 (line 292)
  0x0000775f10bebd30: 4cb5 1207 | e9c2 72ff 

  0x0000775f10bebd38: ;   {runtime_call throw_null_pointer_exception Runtime1 stub}
  0x0000775f10bebd38: ffe8 4257 

  0x0000775f10bebd3c: ; ImmutableOopMap {rdx=Oop [224]=Oop [232]=Oop [240]=Oop [256]=Oop [280]=Oop [312]=Oop [344]=Oop [360]=Oop [368]=Oop [424]=Oop [432]=Oop [448]=Oop }
                      ;*aaload {reexecute=0 rethrow=0 return_oop=0}
                      ; - org.apache.xml.dtm.ref.ExpandedNameTable::getType@5 (line 347)
                      ; - org.apache.xml.dtm.ref.DTMDefaultBase::getNodeType@20 (line 1838)
                      ; - org.apache.xalan.templates.ElemApplyTemplates::transformSelectedNodes@381 (line 292)
                      ;   {runtime_call throw_null_pointer_exception Runtime1 stub}
  0x0000775f10bebd3c: 1207 e83d 

  0x0000775f10bebd40: ; ImmutableOopMap {rdx=Oop [224]=Oop [232]=Oop [240]=Oop [256]=Oop [280]=Oop [312]=Oop [344]=Oop [360]=Oop [368]=Oop [424]=Oop [432]=Oop [448]=Oop }
                      ;*aaload {reexecute=0 rethrow=0 return_oop=0}
                      ; - org.apache.xml.dtm.ref.ExpandedNameTable::getType@5 (line 347)
                      ; - org.apache.xml.dtm.ref.DTMDefaultBase::getNodeType@20 (line 1838)
                      ; - org.apache.xalan.templates.ElemApplyTemplates::transformSelectedNodes@381 (line 292)
  0x0000775f10bebd40: 5712 0748 | 8904 2448 | 8954 2408 

  0x0000775f10bebd4c: ;   {runtime_call throw_range_check_failed Runtime1 stub}
  0x0000775f10bebd4c: e82f 4e12 

  0x0000775f10bebd50: ; ImmutableOopMap {rdx=Oop [224]=Oop [232]=Oop [240]=Oop [256]=Oop [280]=Oop [312]=Oop [344]=Oop [360]=Oop [368]=Oop [424]=Oop [432]=Oop [448]=Oop }
                      ;*aaload {reexecute=0 rethrow=0 return_oop=0}
                      ; - org.apache.xml.dtm.ref.ExpandedNameTable::getType@5 (line 347)
                      ; - org.apache.xml.dtm.ref.DTMDefaultBase::getNodeType@20 (line 1838)
                      ; - org.apache.xalan.templates.ElemApplyTemplates::transformSelectedNodes@381 (line 292)
                      ;   {runtime_call throw_null_pointer_exception Runtime1 stub}
  0x0000775f10bebd50: 07e8 2a57 

  0x0000775f10bebd54: ; ImmutableOopMap {rax=Oop [224]=Oop [232]=Oop [240]=Oop [256]=Oop [280]=Oop [312]=Oop [344]=Oop [360]=Oop [368]=Oop [424]=Oop [432]=Oop [448]=Oop }
                      ;*invokevirtual getNodeType {reexecute=0 rethrow=0 return_oop=0}
                      ; - org.apache.xml.dtm.ref.ExpandedNameTable::getType@6 (line 347)
                      ; - org.apache.xml.dtm.ref.DTMDefaultBase::getNodeType@20 (line 1838)
                      ; - org.apache.xalan.templates.ElemApplyTemplates::transformSelectedNodes@381 (line 292)
                      ;   {metadata({method} {0x00006ab1e86579c8} 'getMode' '()Lorg/apache/xml/utils/QName;' in 'org/apache/xalan/transformer/TransformerImpl')}
  0x0000775f10bebd54: 1207 49ba | c879 65e8 | b16a 0000 | 4c89 5424 | 0848 c704 | 24ff ffff 

  0x0000775f10bebd6c: ;   {runtime_call counter_overflow Runtime1 stub}
  0x0000775f10bebd6c: ffe8 0eb5 

  0x0000775f10bebd70: ; ImmutableOopMap {rdx=Oop [224]=Oop [232]=Oop [240]=Oop [256]=Oop [280]=Oop [312]=Oop [344]=Oop [360]=Oop [368]=Oop [424]=Oop [432]=Oop [448]=Oop }
                      ;*synchronization entry
                      ; - org.apache.xalan.transformer.TransformerImpl::getMode@-1 (line 3195)
                      ; - org.apache.xalan.templates.ElemApplyTemplates::transformSelectedNodes@389 (line 294)
  0x0000775f10bebd70: 1207 e908 

  0x0000775f10bebd74: ;   {runtime_call throw_null_pointer_exception Runtime1 stub}
  0x0000775f10bebd74: 73ff ffe8 

  0x0000775f10bebd78: ; ImmutableOopMap {rdx=Oop rsi=Oop [224]=Oop [232]=Oop [240]=Oop [256]=Oop [280]=Oop [312]=Oop [344]=Oop [360]=Oop [368]=Oop [424]=Oop [432]=Oop [448]=Oop }
                      ;*invokevirtual isEmpty {reexecute=0 rethrow=0 return_oop=0}
                      ; - org.apache.xalan.transformer.TransformerImpl::getMode@4 (line 3195)
                      ; - org.apache.xalan.templates.ElemApplyTemplates::transformSelectedNodes@389 (line 294)
  0x0000775f10bebd78: 0457 1207 | 4889 7424 | 0848 893c 

  0x0000775f10bebd84: ;   {runtime_call monitorenter_nofpu Runtime1 stub}
  0x0000775f10bebd84: 24e8 f68c 

  0x0000775f10bebd88: ; ImmutableOopMap {rdx=Oop rsi=Oop [224]=Oop [232]=Oop [240]=Oop [256]=Oop [280]=Oop [312]=Oop [344]=Oop [360]=Oop [368]=Oop [424]=Oop [432]=Oop [448]=Oop [992]=Oop }
                      ;*synchronization entry
                      ; - java.util.Vector::isEmpty@-1 (line 316)
                      ; - org.apache.xalan.transformer.TransformerImpl::getMode@4 (line 3195)
                      ; - org.apache.xalan.templates.ElemApplyTemplates::transformSelectedNodes@389 (line 294)
  0x0000775f10bebd88: 1207 e9c6 

  0x0000775f10bebd8c: ;   {metadata({method} {0x00006ab1e80ff0b0} 'isEmpty' '()Z' in 'java/util/Vector')}
  0x0000775f10bebd8c: 73ff ff49 | bab0 f00f | e8b1 6a00 | 004c 8954 | 2408 48c7 | 0424 ffff 

  0x0000775f10bebda4: ;   {runtime_call counter_overflow Runtime1 stub}
  0x0000775f10bebda4: ffff e8d5 

  0x0000775f10bebda8: ; ImmutableOopMap {rdx=Oop rsi=Oop [224]=Oop [232]=Oop [240]=Oop [256]=Oop [280]=Oop [312]=Oop [344]=Oop [360]=Oop [368]=Oop [424]=Oop [432]=Oop [448]=Oop [992]=Oop }
                      ;*synchronization entry
                      ; - java.util.Vector::isEmpty@-1 (line 316)
                      ; - org.apache.xalan.transformer.TransformerImpl::getMode@4 (line 3195)
                      ; - org.apache.xalan.templates.ElemApplyTemplates::transformSelectedNodes@389 (line 294)
  0x0000775f10bebda8: b412 07e9 | cc73 ffff | 488d 8424 | d803 0000 | 4889 0424 

  0x0000775f10bebdbc: ;   {runtime_call monitorexit_nofpu Runtime1 stub}
  0x0000775f10bebdbc: e8bf 9212 | 07e9 3674 

  0x0000775f10bebdc4: ;   {runtime_call throw_null_pointer_exception Runtime1 stub}
  0x0000775f10bebdc4: ffff e8b5 

  0x0000775f10bebdc8: ; ImmutableOopMap {rdx=Oop rsi=Oop [224]=Oop [232]=Oop [240]=Oop [256]=Oop [280]=Oop [312]=Oop [344]=Oop [360]=Oop [368]=Oop [424]=Oop [432]=Oop [448]=Oop }
                      ;*invokevirtual peek {reexecute=0 rethrow=0 return_oop=0}
                      ; - org.apache.xalan.transformer.TransformerImpl::getMode@18 (line 3195)
                      ; - org.apache.xalan.templates.ElemApplyTemplates::transformSelectedNodes@389 (line 294)
  0x0000775f10bebdc8: 5612 0748 | 8974 2408 | 4889 3c24 

  0x0000775f10bebdd4: ;   {runtime_call monitorenter_nofpu Runtime1 stub}
  0x0000775f10bebdd4: e8a7 8c12 

  0x0000775f10bebdd8: ; ImmutableOopMap {rdx=Oop rsi=Oop [224]=Oop [232]=Oop [240]=Oop [256]=Oop [280]=Oop [312]=Oop [344]=Oop [360]=Oop [368]=Oop [424]=Oop [432]=Oop [448]=Oop [992]=Oop }
                      ;*synchronization entry
                      ; - java.util.Stack::peek@-1 (line 100)
                      ; - org.apache.xalan.transformer.TransformerImpl::getMode@18 (line 3195)
                      ; - org.apache.xalan.templates.ElemApplyTemplates::transformSelectedNodes@389 (line 294)
  0x0000775f10bebdd8: 07e9 ca74 

  0x0000775f10bebddc: ;   {metadata({method} {0x00006ab1e81abdf0} 'peek' '()Ljava/lang/Object;' in 'java/util/Stack')}
  0x0000775f10bebddc: ffff 49ba | f0bd 1ae8 | b16a 0000 | 4c89 5424 | 0848 c704 | 24ff ffff 

  0x0000775f10bebdf4: ;   {runtime_call counter_overflow Runtime1 stub}
  0x0000775f10bebdf4: ffe8 86b4 

  0x0000775f10bebdf8: ; ImmutableOopMap {rdx=Oop rsi=Oop [224]=Oop [232]=Oop [240]=Oop [256]=Oop [280]=Oop [312]=Oop [344]=Oop [360]=Oop [368]=Oop [424]=Oop [432]=Oop [448]=Oop [992]=Oop }
                      ;*synchronization entry
                      ; - java.util.Stack::peek@-1 (line 100)
                      ; - org.apache.xalan.transformer.TransformerImpl::getMode@18 (line 3195)
                      ; - org.apache.xalan.templates.ElemApplyTemplates::transformSelectedNodes@389 (line 294)
  0x0000775f10bebdf8: 1207 e9d0 | 74ff ff48 | 8974 2408 | 4889 3c24 

  0x0000775f10bebe08: ;   {runtime_call monitorenter_nofpu Runtime1 stub}
  0x0000775f10bebe08: e873 8c12 

  0x0000775f10bebe0c: ; ImmutableOopMap {rdx=Oop rsi=Oop [224]=Oop [232]=Oop [240]=Oop [256]=Oop [280]=Oop [312]=Oop [344]=Oop [360]=Oop [368]=Oop [424]=Oop [432]=Oop [448]=Oop [992]=Oop [1008]=Oop }
                      ;*synchronization entry
                      ; - java.util.Vector::size@-1 (line 305)
                      ; - java.util.Stack::peek@1 (line 100)
                      ; - org.apache.xalan.transformer.TransformerImpl::getMode@18 (line 3195)
                      ; - org.apache.xalan.templates.ElemApplyTemplates::transformSelectedNodes@389 (line 294)
  0x0000775f10bebe0c: 07e9 8a75 | ffff 488d | 8424 e803 | 0000 4889 

  0x0000775f10bebe1c: ;   {runtime_call monitorexit_nofpu Runtime1 stub}
  0x0000775f10bebe1c: 0424 e85d | 9212 07e9 | a175 ffff | 488d 8424 | d803 0000 | 4889 0424 

  0x0000775f10bebe34: ;   {runtime_call monitorexit_nofpu Runtime1 stub}
  0x0000775f10bebe34: e847 9212 | 07e9 9376 | ffff 4889 

  0x0000775f10bebe40: ;   {runtime_call throw_class_cast_exception Runtime1 stub}
  0x0000775f10bebe40: 1424 e839 

  0x0000775f10bebe44: ; ImmutableOopMap {[224]=Oop [232]=Oop [240]=Oop [256]=Oop [280]=Oop [312]=Oop [344]=Oop [360]=Oop [368]=Oop [424]=Oop [432]=Oop [448]=Oop }
                      ;*checkcast {reexecute=0 rethrow=0 return_oop=0}
                      ; - org.apache.xalan.transformer.TransformerImpl::getMode@21 (line 3195)
                      ; - org.apache.xalan.templates.ElemApplyTemplates::transformSelectedNodes@389 (line 294)
                      ;   {runtime_call throw_null_pointer_exception Runtime1 stub}
  0x0000775f10bebe44: 8012 07e8 

  0x0000775f10bebe48: ; ImmutableOopMap {rsi=Oop rcx=Oop r8=Oop [224]=Oop [232]=Oop [240]=Oop [256]=Oop [280]=Oop [312]=Oop [344]=Oop [360]=Oop [368]=Oop [424]=Oop [432]=Oop }
                      ;*invokevirtual getTemplateFast {reexecute=0 rethrow=0 return_oop=0}
                      ; - org.apache.xalan.templates.ElemApplyTemplates::transformSelectedNodes@408 (line 296)
  0x0000775f10bebe48: 3456 1207 

  0x0000775f10bebe4c: ;   {metadata({method} {0x00006ab1e86561b8} 'pushPairCurrentMatched' '(Lorg/apache/xalan/templates/ElemTemplateElement;I)V' in 'org/apache/xalan/transformer/TransformerImpl')}
  0x0000775f10bebe4c: 49ba b861 | 65e8 b16a | 0000 4c89 | 5424 0848 | c704 24ff 

  0x0000775f10bebe60: ;   {runtime_call counter_overflow Runtime1 stub}
  0x0000775f10bebe60: ffff ffe8 

  0x0000775f10bebe64: ; ImmutableOopMap {rdx=Oop rax=Oop rbx=Oop [224]=Oop [232]=Oop [240]=Oop [256]=Oop [280]=Oop [312]=Oop [344]=Oop [360]=Oop [368]=Oop [424]=Oop [432]=Oop [448]=Oop [496]=Oop }
                      ;*synchronization entry
                      ; - org.apache.xalan.transformer.TransformerImpl::pushPairCurrentMatched@-1 (line 2729)
                      ; - org.apache.xalan.templates.ElemApplyTemplates::transformSelectedNodes@498 (line 315)
  0x0000775f10bebe64: 18b4 1207 | e98c 79ff 

  0x0000775f10bebe6c: ;   {runtime_call throw_null_pointer_exception Runtime1 stub}
  0x0000775f10bebe6c: ffe8 0e56 

  0x0000775f10bebe70: ; ImmutableOopMap {rdx=Oop rax=Oop rbx=Oop rcx=Oop [224]=Oop [232]=Oop [240]=Oop [256]=Oop [280]=Oop [312]=Oop [344]=Oop [360]=Oop [368]=Oop [424]=Oop [432]=Oop [448]=Oop [496]=Oop }
                      ;*invokevirtual push {reexecute=0 rethrow=0 return_oop=0}
                      ; - org.apache.xalan.transformer.TransformerImpl::pushPairCurrentMatched@5 (line 2729)
                      ; - org.apache.xalan.templates.ElemApplyTemplates::transformSelectedNodes@498 (line 315)
                      ;   {metadata({method} {0x00006ab1e81abc48} 'push' '(Ljava/lang/Object;)Ljava/lang/Object;' in 'java/util/Stack')}
  0x0000775f10bebe70: 1207 49ba | 48bc 1ae8 | b16a 0000 | 4c89 5424 | 0848 c704 | 24ff ffff 

  0x0000775f10bebe88: ;   {runtime_call counter_overflow Runtime1 stub}
  0x0000775f10bebe88: ffe8 f2b3 

  0x0000775f10bebe8c: ; ImmutableOopMap {rdx=Oop rax=Oop rbx=Oop rcx=Oop [224]=Oop [232]=Oop [240]=Oop [256]=Oop [280]=Oop [312]=Oop [344]=Oop [360]=Oop [368]=Oop [424]=Oop [432]=Oop [448]=Oop [496]=Oop }
                      ;*synchronization entry
                      ; - java.util.Stack::push@-1 (line 68)
                      ; - org.apache.xalan.transformer.TransformerImpl::pushPairCurrentMatched@5 (line 2729)
                      ; - org.apache.xalan.templates.ElemApplyTemplates::transformSelectedNodes@498 (line 315)
  0x0000775f10bebe8c: 1207 e9ad | 79ff ff48 | 894c 2408 | 4889 3424 

  0x0000775f10bebe9c: ;   {runtime_call monitorenter_nofpu Runtime1 stub}
  0x0000775f10bebe9c: e8df 8b12 

  0x0000775f10bebea0: ; ImmutableOopMap {rdx=Oop rbx=Oop rcx=Oop [224]=Oop [232]=Oop [240]=Oop [256]=Oop [280]=Oop [312]=Oop [344]=Oop [360]=Oop [368]=Oop [424]=Oop [432]=Oop [448]=Oop [496]=Oop [992]=Oop }
                      ;*synchronization entry
                      ; - java.util.Vector::addElement@-1 (line 616)
                      ; - java.util.Stack::push@2 (line 68)
                      ; - org.apache.xalan.transformer.TransformerImpl::pushPairCurrentMatched@5 (line 2729)
                      ; - org.apache.xalan.templates.ElemApplyTemplates::transformSelectedNodes@498 (line 315)
  0x0000775f10bebea0: 07e9 677a 

  0x0000775f10bebea4: ;   {metadata({method} {0x00006ab1e80ffd98} 'addElement' '(Ljava/lang/Object;)V' in 'java/util/Vector')}
  0x0000775f10bebea4: ffff 49ba | 98fd 0fe8 | b16a 0000 | 4c89 5424 | 0848 c704 | 24ff ffff 

  0x0000775f10bebebc: ;   {runtime_call counter_overflow Runtime1 stub}
  0x0000775f10bebebc: ffe8 beb3 

  0x0000775f10bebec0: ; ImmutableOopMap {rdx=Oop rbx=Oop rcx=Oop [224]=Oop [232]=Oop [240]=Oop [256]=Oop [280]=Oop [312]=Oop [344]=Oop [360]=Oop [368]=Oop [424]=Oop [432]=Oop [448]=Oop [496]=Oop [992]=Oop }
                      ;*synchronization entry
                      ; - java.util.Vector::addElement@-1 (line 616)
                      ; - java.util.Stack::push@2 (line 68)
                      ; - org.apache.xalan.transformer.TransformerImpl::pushPairCurrentMatched@5 (line 2729)
                      ; - org.apache.xalan.templates.ElemApplyTemplates::transformSelectedNodes@498 (line 315)
  0x0000775f10bebec0: 1207 e96c 

  0x0000775f10bebec4: ;   {metadata({method} {0x00006ab1e8100690} 'add' '(Ljava/lang/Object;[Ljava/lang/Object;I)V' in 'java/util/Vector')}
  0x0000775f10bebec4: 7aff ff49 | ba90 0610 | e8b1 6a00 | 004c 8954 | 2408 48c7 | 0424 ffff 

  0x0000775f10bebedc: ;   {runtime_call counter_overflow Runtime1 stub}
  0x0000775f10bebedc: ffff e89d 

  0x0000775f10bebee0: ; ImmutableOopMap {rdx=Oop rbx=Oop rcx=Oop rsi=Oop [224]=Oop [232]=Oop [240]=Oop [256]=Oop [280]=Oop [312]=Oop [344]=Oop [360]=Oop [368]=Oop [424]=Oop [432]=Oop [448]=Oop [496]=Oop [992]=Oop }
                      ;*synchronization entry
                      ; - java.util.Vector::add@-1 (line 781)
                      ; - java.util.Vector::addElement@20 (line 617)
                      ; - java.util.Stack::push@2 (line 68)
                      ; - org.apache.xalan.transformer.TransformerImpl::pushPairCurrentMatched@5 (line 2729)
                      ; - org.apache.xalan.templates.ElemApplyTemplates::transformSelectedNodes@498 (line 315)
  0x0000775f10bebee0: b312 07e9 | 9a7a ffff 

  0x0000775f10bebee8: ;   {runtime_call throw_null_pointer_exception Runtime1 stub}
  0x0000775f10bebee8: e893 5512 

  0x0000775f10bebeec: ; ImmutableOopMap {rdx=Oop rbx=Oop rcx=Oop rsi=Oop [224]=Oop [232]=Oop [240]=Oop [256]=Oop [280]=Oop [312]=Oop [344]=Oop [360]=Oop [368]=Oop [424]=Oop [432]=Oop [448]=Oop [496]=Oop [992]=Oop }
                      ;*arraylength {reexecute=0 rethrow=0 return_oop=0}
                      ; - java.util.Vector::add@2 (line 781)
                      ; - java.util.Vector::addElement@20 (line 617)
                      ; - java.util.Stack::push@2 (line 68)
                      ; - org.apache.xalan.transformer.TransformerImpl::pushPairCurrentMatched@5 (line 2729)
                      ; - org.apache.xalan.templates.ElemApplyTemplates::transformSelectedNodes@498 (line 315)
                      ;   {metadata({method} {0x00006ab1e80fed70} 'grow' '()[Ljava/lang/Object;' in 'java/util/Vector')}
  0x0000775f10bebeec: 0749 ba70 | ed0f e8b1 | 6a00 004c | 8954 2408 | 48c7 0424 | ffff ffff 

  0x0000775f10bebf04: ;   {runtime_call counter_overflow Runtime1 stub}
  0x0000775f10bebf04: e877 b312 

  0x0000775f10bebf08: ; ImmutableOopMap {rcx=Oop [224]=Oop [232]=Oop [240]=Oop [256]=Oop [280]=Oop [312]=Oop [344]=Oop [360]=Oop [368]=Oop [424]=Oop [432]=Oop [448]=Oop [480]=Oop [496]=Oop [992]=Oop }
                      ;*synchronization entry
                      ; - java.util.Vector::grow@-1 (line 266)
                      ; - java.util.Vector::add@7 (line 782)
                      ; - java.util.Vector::addElement@20 (line 617)
                      ; - java.util.Stack::push@2 (line 68)
                      ; - org.apache.xalan.transformer.TransformerImpl::pushPairCurrentMatched@5 (line 2729)
                      ; - org.apache.xalan.templates.ElemApplyTemplates::transformSelectedNodes@498 (line 315)
  0x0000775f10bebf08: 07e9 f07a 

  0x0000775f10bebf0c: ;   {runtime_call throw_null_pointer_exception Runtime1 stub}
  0x0000775f10bebf0c: ffff e86d 

  0x0000775f10bebf10: ; ImmutableOopMap {rsi=Oop rcx=Oop rbx=Oop [224]=Oop [232]=Oop [240]=Oop [256]=Oop [280]=Oop [312]=Oop [344]=Oop [360]=Oop [368]=Oop [424]=Oop [432]=Oop [448]=Oop [496]=Oop [992]=Oop }
                      ;*aastore {reexecute=1 rethrow=0 return_oop=0}
                      ; - (reexecute) java.util.Vector::add@14 (line 783)
                      ; - java.util.Vector::addElement@20 (line 617)
                      ; - java.util.Stack::push@2 (line 68)
                      ; - org.apache.xalan.transformer.TransformerImpl::pushPairCurrentMatched@5 (line 2729)
                      ; - org.apache.xalan.templates.ElemApplyTemplates::transformSelectedNodes@498 (line 315)
                      ;   {runtime_call throw_null_pointer_exception Runtime1 stub}
  0x0000775f10bebf10: 5512 07e8 

  0x0000775f10bebf14: ; ImmutableOopMap {rsi=Oop rcx=Oop rbx=Oop [224]=Oop [232]=Oop [240]=Oop [256]=Oop [280]=Oop [312]=Oop [344]=Oop [360]=Oop [368]=Oop [424]=Oop [432]=Oop [448]=Oop [496]=Oop [992]=Oop }
                      ;*aastore {reexecute=1 rethrow=0 return_oop=0}
                      ; - (reexecute) java.util.Vector::add@14 (line 783)
                      ; - java.util.Vector::addElement@20 (line 617)
                      ; - java.util.Stack::push@2 (line 68)
                      ; - org.apache.xalan.transformer.TransformerImpl::pushPairCurrentMatched@5 (line 2729)
                      ; - org.apache.xalan.templates.ElemApplyTemplates::transformSelectedNodes@498 (line 315)
  0x0000775f10bebf14: 6855 1207 | 4889 0424 | 4889 7424 

  0x0000775f10bebf20: ;   {runtime_call throw_range_check_failed Runtime1 stub}
  0x0000775f10bebf20: 08e8 5a4c 

  0x0000775f10bebf24: ; ImmutableOopMap {rsi=Oop rcx=Oop rbx=Oop [224]=Oop [232]=Oop [240]=Oop [256]=Oop [280]=Oop [312]=Oop [344]=Oop [360]=Oop [368]=Oop [424]=Oop [432]=Oop [448]=Oop [496]=Oop [992]=Oop }
                      ;*aastore {reexecute=1 rethrow=0 return_oop=0}
                      ; - (reexecute) java.util.Vector::add@14 (line 783)
                      ; - java.util.Vector::addElement@20 (line 617)
                      ; - java.util.Stack::push@2 (line 68)
                      ; - org.apache.xalan.transformer.TransformerImpl::pushPairCurrentMatched@5 (line 2729)
                      ; - org.apache.xalan.templates.ElemApplyTemplates::transformSelectedNodes@498 (line 315)
                      ;   {runtime_call throw_null_pointer_exception Runtime1 stub}
  0x0000775f10bebf24: 1207 e855 

  0x0000775f10bebf28: ; ImmutableOopMap {rsi=Oop rcx=Oop rbx=Oop [224]=Oop [232]=Oop [240]=Oop [256]=Oop [280]=Oop [312]=Oop [344]=Oop [360]=Oop [368]=Oop [424]=Oop [432]=Oop [448]=Oop [496]=Oop [992]=Oop }
                      ;*aastore {reexecute=1 rethrow=0 return_oop=0}
                      ; - (reexecute) java.util.Vector::add@14 (line 783)
                      ; - java.util.Vector::addElement@20 (line 617)
                      ; - java.util.Stack::push@2 (line 68)
                      ; - org.apache.xalan.transformer.TransformerImpl::pushPairCurrentMatched@5 (line 2729)
                      ; - org.apache.xalan.templates.ElemApplyTemplates::transformSelectedNodes@498 (line 315)
  0x0000775f10bebf28: 5512 0748 

  0x0000775f10bebf2c: ;   {runtime_call throw_array_store_exception Runtime1 stub}
  0x0000775f10bebf2c: 891c 24e8 

  0x0000775f10bebf30: ; ImmutableOopMap {rsi=Oop rcx=Oop rbx=Oop [224]=Oop [232]=Oop [240]=Oop [256]=Oop [280]=Oop [312]=Oop [344]=Oop [360]=Oop [368]=Oop [424]=Oop [432]=Oop [448]=Oop [496]=Oop [992]=Oop }
                      ;*aastore {reexecute=1 rethrow=0 return_oop=0}
                      ; - (reexecute) java.util.Vector::add@14 (line 783)
                      ; - java.util.Vector::addElement@20 (line 617)
                      ; - java.util.Stack::push@2 (line 68)
                      ; - org.apache.xalan.transformer.TransformerImpl::pushPairCurrentMatched@5 (line 2729)
                      ; - org.apache.xalan.templates.ElemApplyTemplates::transformSelectedNodes@498 (line 315)
  0x0000775f10bebf30: 4c7c 1207 | 488d 8424 | d803 0000 | 4889 0424 

  0x0000775f10bebf40: ;   {runtime_call monitorexit_nofpu Runtime1 stub}
  0x0000775f10bebf40: e83b 9112 | 07e9 647c 

  0x0000775f10bebf48: ;   {runtime_call throw_null_pointer_exception Runtime1 stub}
  0x0000775f10bebf48: ffff e831 

  0x0000775f10bebf4c: ; ImmutableOopMap {rdx=Oop rsi=Oop [224]=Oop [232]=Oop [240]=Oop [256]=Oop [280]=Oop [312]=Oop [344]=Oop [360]=Oop [368]=Oop [424]=Oop [432]=Oop [448]=Oop [496]=Oop }
                      ;*invokevirtual push {reexecute=0 rethrow=0 return_oop=0}
                      ; - org.apache.xalan.transformer.TransformerImpl::pushPairCurrentMatched@14 (line 2730)
                      ; - org.apache.xalan.templates.ElemApplyTemplates::transformSelectedNodes@498 (line 315)
                      ;   {metadata({method} {0x00006ab1e8655d80} 'setCurrentElement' '(Lorg/apache/xalan/templates/ElemTemplateElement;)V' in 'org/apache/xalan/transformer/TransformerImpl')}
  0x0000775f10bebf4c: 5512 0749 | ba80 5d65 | e8b1 6a00 | 004c 8954 | 2408 48c7 | 0424 ffff 

  0x0000775f10bebf64: ;   {runtime_call counter_overflow Runtime1 stub}
  0x0000775f10bebf64: ffff e815 

  0x0000775f10bebf68: ; ImmutableOopMap {rdx=Oop rax=Oop rsi=Oop [224]=Oop [232]=Oop [240]=Oop [256]=Oop [280]=Oop [312]=Oop [344]=Oop [360]=Oop [368]=Oop [424]=Oop [432]=Oop [448]=Oop [496]=Oop }
                      ;*synchronization entry
                      ; - org.apache.xalan.transformer.TransformerImpl::setCurrentElement@-1 (line 2644)
                      ; - org.apache.xalan.templates.ElemApplyTemplates::transformSelectedNodes@507 (line 316)
  0x0000775f10bebf68: b312 07e9 | e37c ffff 

  0x0000775f10bebf70: ;   {runtime_call throw_null_pointer_exception Runtime1 stub}
  0x0000775f10bebf70: e80b 5512 

  0x0000775f10bebf74: ; ImmutableOopMap {rdx=Oop rax=Oop rsi=Oop rdi=Oop [224]=Oop [232]=Oop [240]=Oop [256]=Oop [280]=Oop [312]=Oop [344]=Oop [360]=Oop [368]=Oop [424]=Oop [432]=Oop [448]=Oop [496]=Oop }
                      ;*invokevirtual setTop {reexecute=0 rethrow=0 return_oop=0}
                      ; - org.apache.xalan.transformer.TransformerImpl::setCurrentElement@5 (line 2644)
                      ; - org.apache.xalan.templates.ElemApplyTemplates::transformSelectedNodes@507 (line 316)
                      ;   {metadata({method} {0x00006ab1e876b190} 'setTop' '(Ljava/lang/Object;)V' in 'org/apache/xml/utils/ObjectStack')}
  0x0000775f10bebf74: 0749 ba90 | b176 e8b1 | 6a00 004c | 8954 2408 | 48c7 0424 | ffff ffff 

  0x0000775f10bebf8c: ;   {runtime_call counter_overflow Runtime1 stub}
  0x0000775f10bebf8c: e8ef b212 

  0x0000775f10bebf90: ; ImmutableOopMap {rdx=Oop rax=Oop rsi=Oop rdi=Oop [224]=Oop [232]=Oop [240]=Oop [256]=Oop [280]=Oop [312]=Oop [344]=Oop [360]=Oop [368]=Oop [424]=Oop [432]=Oop [448]=Oop [496]=Oop }
                      ;*synchronization entry
                      ; - org.apache.xml.utils.ObjectStack::setTop@-1 (line 162)
                      ; - org.apache.xalan.transformer.TransformerImpl::setCurrentElement@5 (line 2644)
                      ; - org.apache.xalan.templates.ElemApplyTemplates::transformSelectedNodes@507 (line 316)
  0x0000775f10bebf90: 07e9 ff7c 

  0x0000775f10bebf94: ;   {runtime_call throw_null_pointer_exception Runtime1 stub}
  0x0000775f10bebf94: ffff e8e5 

  0x0000775f10bebf98: ; ImmutableOopMap {rdx=Oop rax=Oop rsi=Oop rbx=Oop [224]=Oop [232]=Oop [240]=Oop [256]=Oop [280]=Oop [312]=Oop [344]=Oop [360]=Oop [368]=Oop [424]=Oop [432]=Oop [448]=Oop [496]=Oop }
                      ;*aastore {reexecute=1 rethrow=0 return_oop=0}
                      ; - (reexecute) org.apache.xml.utils.ObjectStack::setTop@11 (line 162)
                      ; - org.apache.xalan.transformer.TransformerImpl::setCurrentElement@5 (line 2644)
                      ; - org.apache.xalan.templates.ElemApplyTemplates::transformSelectedNodes@507 (line 316)
                      ;   {runtime_call throw_null_pointer_exception Runtime1 stub}
  0x0000775f10bebf98: 5412 07e8 

  0x0000775f10bebf9c: ; ImmutableOopMap {rdx=Oop rax=Oop rsi=Oop rbx=Oop [224]=Oop [232]=Oop [240]=Oop [256]=Oop [280]=Oop [312]=Oop [344]=Oop [360]=Oop [368]=Oop [424]=Oop [432]=Oop [448]=Oop [496]=Oop }
                      ;*aastore {reexecute=1 rethrow=0 return_oop=0}
                      ; - (reexecute) org.apache.xml.utils.ObjectStack::setTop@11 (line 162)
                      ; - org.apache.xalan.transformer.TransformerImpl::setCurrentElement@5 (line 2644)
                      ; - org.apache.xalan.templates.ElemApplyTemplates::transformSelectedNodes@507 (line 316)
  0x0000775f10bebf9c: e054 1207 | 4889 3c24 | 4889 5c24 

  0x0000775f10bebfa8: ;   {runtime_call throw_range_check_failed Runtime1 stub}
  0x0000775f10bebfa8: 08e8 d24b 

  0x0000775f10bebfac: ; ImmutableOopMap {rdx=Oop rax=Oop rsi=Oop rbx=Oop [224]=Oop [232]=Oop [240]=Oop [256]=Oop [280]=Oop [312]=Oop [344]=Oop [360]=Oop [368]=Oop [424]=Oop [432]=Oop [448]=Oop [496]=Oop }
                      ;*aastore {reexecute=1 rethrow=0 return_oop=0}
                      ; - (reexecute) org.apache.xml.utils.ObjectStack::setTop@11 (line 162)
                      ; - org.apache.xalan.transformer.TransformerImpl::setCurrentElement@5 (line 2644)
                      ; - org.apache.xalan.templates.ElemApplyTemplates::transformSelectedNodes@507 (line 316)
                      ;   {runtime_call throw_null_pointer_exception Runtime1 stub}
  0x0000775f10bebfac: 1207 e8cd 

  0x0000775f10bebfb0: ; ImmutableOopMap {rdx=Oop rax=Oop rsi=Oop rbx=Oop [224]=Oop [232]=Oop [240]=Oop [256]=Oop [280]=Oop [312]=Oop [344]=Oop [360]=Oop [368]=Oop [424]=Oop [432]=Oop [448]=Oop [496]=Oop }
                      ;*aastore {reexecute=1 rethrow=0 return_oop=0}
                      ; - (reexecute) org.apache.xml.utils.ObjectStack::setTop@11 (line 162)
                      ; - org.apache.xalan.transformer.TransformerImpl::setCurrentElement@5 (line 2644)
                      ; - org.apache.xalan.templates.ElemApplyTemplates::transformSelectedNodes@507 (line 316)
  0x0000775f10bebfb0: 5412 0748 

  0x0000775f10bebfb4: ;   {runtime_call throw_array_store_exception Runtime1 stub}
  0x0000775f10bebfb4: 8934 24e8 

  0x0000775f10bebfb8: ; ImmutableOopMap {rdx=Oop rax=Oop rsi=Oop rbx=Oop [224]=Oop [232]=Oop [240]=Oop [256]=Oop [280]=Oop [312]=Oop [344]=Oop [360]=Oop [368]=Oop [424]=Oop [432]=Oop [448]=Oop [496]=Oop }
                      ;*aastore {reexecute=1 rethrow=0 return_oop=0}
                      ; - (reexecute) org.apache.xml.utils.ObjectStack::setTop@11 (line 162)
                      ; - org.apache.xalan.transformer.TransformerImpl::setCurrentElement@5 (line 2644)
                      ; - org.apache.xalan.templates.ElemApplyTemplates::transformSelectedNodes@507 (line 316)
  0x0000775f10bebfb8: c47b 1207 

  0x0000775f10bebfbc: ;   {metadata({method} {0x00006ab1e8655d80} 'setCurrentElement' '(Lorg/apache/xalan/templates/ElemTemplateElement;)V' in 'org/apache/xalan/transformer/TransformerImpl')}
  0x0000775f10bebfbc: 49ba 805d | 65e8 b16a | 0000 4c89 | 5424 0848 | c704 24ff 

  0x0000775f10bebfd0: ;   {runtime_call counter_overflow Runtime1 stub}
  0x0000775f10bebfd0: ffff ffe8 

  0x0000775f10bebfd4: ; ImmutableOopMap {rdx=Oop rax=Oop rdi=Oop [224]=Oop [232]=Oop [240]=Oop [256]=Oop [280]=Oop [312]=Oop [344]=Oop [360]=Oop [368]=Oop [424]=Oop [432]=Oop [448]=Oop [496]=Oop }
                      ;*synchronization entry
                      ; - org.apache.xalan.transformer.TransformerImpl::setCurrentElement@-1 (line 2644)
                      ; - org.apache.xalan.templates.ElemApplyTemplates::transformSelectedNodes@545 (line 332)
  0x0000775f10bebfd4: a8b2 1207 | e9c9 7eff 

  0x0000775f10bebfdc: ;   {runtime_call throw_null_pointer_exception Runtime1 stub}
  0x0000775f10bebfdc: ffe8 9e54 

  0x0000775f10bebfe0: ; ImmutableOopMap {rdx=Oop rax=Oop rdi=Oop rsi=Oop [224]=Oop [232]=Oop [240]=Oop [256]=Oop [280]=Oop [312]=Oop [344]=Oop [360]=Oop [368]=Oop [424]=Oop [432]=Oop [448]=Oop [496]=Oop }
                      ;*invokevirtual setTop {reexecute=0 rethrow=0 return_oop=0}
                      ; - org.apache.xalan.transformer.TransformerImpl::setCurrentElement@5 (line 2644)
                      ; - org.apache.xalan.templates.ElemApplyTemplates::transformSelectedNodes@545 (line 332)
                      ;   {metadata({method} {0x00006ab1e876b190} 'setTop' '(Ljava/lang/Object;)V' in 'org/apache/xml/utils/ObjectStack')}
  0x0000775f10bebfe0: 1207 49ba | 90b1 76e8 | b16a 0000 | 4c89 5424 | 0848 c704 | 24ff ffff 

  0x0000775f10bebff8: ;   {runtime_call counter_overflow Runtime1 stub}
  0x0000775f10bebff8: ffe8 82b2 

  0x0000775f10bebffc: ; ImmutableOopMap {rdx=Oop rax=Oop rdi=Oop rsi=Oop [224]=Oop [232]=Oop [240]=Oop [256]=Oop [280]=Oop [312]=Oop [344]=Oop [360]=Oop [368]=Oop [424]=Oop [432]=Oop [448]=Oop [496]=Oop }
                      ;*synchronization entry
                      ; - org.apache.xml.utils.ObjectStack::setTop@-1 (line 162)
                      ; - org.apache.xalan.transformer.TransformerImpl::setCurrentElement@5 (line 2644)
                      ; - org.apache.xalan.templates.ElemApplyTemplates::transformSelectedNodes@545 (line 332)
  0x0000775f10bebffc: 1207 e9e5 

  0x0000775f10bec000: ;   {runtime_call throw_null_pointer_exception Runtime1 stub}
  0x0000775f10bec000: 7eff ffe8 

  0x0000775f10bec004: ; ImmutableOopMap {rdx=Oop rax=Oop rdi=Oop rbx=Oop [224]=Oop [232]=Oop [240]=Oop [256]=Oop [280]=Oop [312]=Oop [344]=Oop [360]=Oop [368]=Oop [424]=Oop [432]=Oop [448]=Oop [496]=Oop }
                      ;*aastore {reexecute=1 rethrow=0 return_oop=0}
                      ; - (reexecute) org.apache.xml.utils.ObjectStack::setTop@11 (line 162)
                      ; - org.apache.xalan.transformer.TransformerImpl::setCurrentElement@5 (line 2644)
                      ; - org.apache.xalan.templates.ElemApplyTemplates::transformSelectedNodes@545 (line 332)
  0x0000775f10bec004: 7854 1207 

  0x0000775f10bec008: ;   {runtime_call throw_null_pointer_exception Runtime1 stub}
  0x0000775f10bec008: e873 5412 

  0x0000775f10bec00c: ; ImmutableOopMap {rdx=Oop rax=Oop rdi=Oop rbx=Oop [224]=Oop [232]=Oop [240]=Oop [256]=Oop [280]=Oop [312]=Oop [344]=Oop [360]=Oop [368]=Oop [424]=Oop [432]=Oop [448]=Oop [496]=Oop }
                      ;*aastore {reexecute=1 rethrow=0 return_oop=0}
                      ; - (reexecute) org.apache.xml.utils.ObjectStack::setTop@11 (line 162)
                      ; - org.apache.xalan.transformer.TransformerImpl::setCurrentElement@5 (line 2644)
                      ; - org.apache.xalan.templates.ElemApplyTemplates::transformSelectedNodes@545 (line 332)
  0x0000775f10bec00c: 0748 8934 | 2448 895c 

  0x0000775f10bec014: ;   {runtime_call throw_range_check_failed Runtime1 stub}
  0x0000775f10bec014: 2408 e865 

  0x0000775f10bec018: ; ImmutableOopMap {rdx=Oop rax=Oop rdi=Oop rbx=Oop [224]=Oop [232]=Oop [240]=Oop [256]=Oop [280]=Oop [312]=Oop [344]=Oop [360]=Oop [368]=Oop [424]=Oop [432]=Oop [448]=Oop [496]=Oop }
                      ;*aastore {reexecute=1 rethrow=0 return_oop=0}
                      ; - (reexecute) org.apache.xml.utils.ObjectStack::setTop@11 (line 162)
                      ; - org.apache.xalan.transformer.TransformerImpl::setCurrentElement@5 (line 2644)
                      ; - org.apache.xalan.templates.ElemApplyTemplates::transformSelectedNodes@545 (line 332)
                      ;   {runtime_call throw_null_pointer_exception Runtime1 stub}
  0x0000775f10bec018: 4b12 07e8 

  0x0000775f10bec01c: ; ImmutableOopMap {rdx=Oop rax=Oop rdi=Oop rbx=Oop [224]=Oop [232]=Oop [240]=Oop [256]=Oop [280]=Oop [312]=Oop [344]=Oop [360]=Oop [368]=Oop [424]=Oop [432]=Oop [448]=Oop [496]=Oop }
                      ;*aastore {reexecute=1 rethrow=0 return_oop=0}
                      ; - (reexecute) org.apache.xml.utils.ObjectStack::setTop@11 (line 162)
                      ; - org.apache.xalan.transformer.TransformerImpl::setCurrentElement@5 (line 2644)
                      ; - org.apache.xalan.templates.ElemApplyTemplates::transformSelectedNodes@545 (line 332)
  0x0000775f10bec01c: 6054 1207 | 4889 3c24 

  0x0000775f10bec024: ;   {runtime_call throw_array_store_exception Runtime1 stub}
  0x0000775f10bec024: e857 7b12 

  0x0000775f10bec028: ; ImmutableOopMap {rdx=Oop rax=Oop rdi=Oop rbx=Oop [224]=Oop [232]=Oop [240]=Oop [256]=Oop [280]=Oop [312]=Oop [344]=Oop [360]=Oop [368]=Oop [424]=Oop [432]=Oop [448]=Oop [496]=Oop }
                      ;*aastore {reexecute=1 rethrow=0 return_oop=0}
                      ; - (reexecute) org.apache.xml.utils.ObjectStack::setTop@11 (line 162)
                      ; - org.apache.xalan.transformer.TransformerImpl::setCurrentElement@5 (line 2644)
                      ; - org.apache.xalan.templates.ElemApplyTemplates::transformSelectedNodes@545 (line 332)
                      ;   {metadata({method} {0x00006ab1e86561b8} 'pushPairCurrentMatched' '(Lorg/apache/xalan/templates/ElemTemplateElement;I)V' in 'org/apache/xalan/transformer/TransformerImpl')}
  0x0000775f10bec028: 0749 bab8 | 6165 e8b1 | 6a00 004c | 8954 2408 | 48c7 0424 | ffff ffff 

  0x0000775f10bec040: ;   {runtime_call counter_overflow Runtime1 stub}
  0x0000775f10bec040: e83b b212 

  0x0000775f10bec044: ; ImmutableOopMap {rdx=Oop rsi=Oop [224]=Oop [232]=Oop [240]=Oop [256]=Oop [280]=Oop [312]=Oop [344]=Oop [360]=Oop [368]=Oop [424]=Oop [432]=Oop [448]=Oop }
                      ;*synchronization entry
                      ; - org.apache.xalan.transformer.TransformerImpl::pushPairCurrentMatched@-1 (line 2729)
                      ; - org.apache.xalan.templates.ElemApplyTemplates::transformSelectedNodes@553 (line 335)
  0x0000775f10bec044: 07e9 2280 

  0x0000775f10bec048: ;   {runtime_call throw_null_pointer_exception Runtime1 stub}
  0x0000775f10bec048: ffff e831 

  0x0000775f10bec04c: ; ImmutableOopMap {rdx=Oop rsi=Oop rdi=Oop [224]=Oop [232]=Oop [240]=Oop [256]=Oop [280]=Oop [312]=Oop [344]=Oop [360]=Oop [368]=Oop [424]=Oop [432]=Oop [448]=Oop }
                      ;*invokevirtual push {reexecute=0 rethrow=0 return_oop=0}
                      ; - org.apache.xalan.transformer.TransformerImpl::pushPairCurrentMatched@5 (line 2729)
                      ; - org.apache.xalan.templates.ElemApplyTemplates::transformSelectedNodes@553 (line 335)
                      ;   {metadata({method} {0x00006ab1e81abc48} 'push' '(Ljava/lang/Object;)Ljava/lang/Object;' in 'java/util/Stack')}
  0x0000775f10bec04c: 5412 0749 | ba48 bc1a | e8b1 6a00 | 004c 8954 | 2408 48c7 | 0424 ffff 

  0x0000775f10bec064: ;   {runtime_call counter_overflow Runtime1 stub}
  0x0000775f10bec064: ffff e815 

  0x0000775f10bec068: ; ImmutableOopMap {rdx=Oop rsi=Oop rdi=Oop [224]=Oop [232]=Oop [240]=Oop [256]=Oop [280]=Oop [312]=Oop [344]=Oop [360]=Oop [368]=Oop [424]=Oop [432]=Oop [448]=Oop }
                      ;*synchronization entry
                      ; - java.util.Stack::push@-1 (line 68)
                      ; - org.apache.xalan.transformer.TransformerImpl::pushPairCurrentMatched@5 (line 2729)
                      ; - org.apache.xalan.templates.ElemApplyTemplates::transformSelectedNodes@553 (line 335)
  0x0000775f10bec068: b212 07e9 | 3e80 ffff | 4889 7c24 | 0848 891c 

  0x0000775f10bec078: ;   {runtime_call monitorenter_nofpu Runtime1 stub}
  0x0000775f10bec078: 24e8 028a 

  0x0000775f10bec07c: ; ImmutableOopMap {rdx=Oop rsi=Oop rdi=Oop [224]=Oop [232]=Oop [240]=Oop [256]=Oop [280]=Oop [312]=Oop [344]=Oop [360]=Oop [368]=Oop [424]=Oop [432]=Oop [448]=Oop [992]=Oop }
                      ;*synchronization entry
                      ; - java.util.Vector::addElement@-1 (line 616)
                      ; - java.util.Stack::push@2 (line 68)
                      ; - org.apache.xalan.transformer.TransformerImpl::pushPairCurrentMatched@5 (line 2729)
                      ; - org.apache.xalan.templates.ElemApplyTemplates::transformSelectedNodes@553 (line 335)
  0x0000775f10bec07c: 1207 e9f8 

  0x0000775f10bec080: ;   {metadata({method} {0x00006ab1e80ffd98} 'addElement' '(Ljava/lang/Object;)V' in 'java/util/Vector')}
  0x0000775f10bec080: 80ff ff49 | ba98 fd0f | e8b1 6a00 | 004c 8954 | 2408 48c7 | 0424 ffff 

  0x0000775f10bec098: ;   {runtime_call counter_overflow Runtime1 stub}
  0x0000775f10bec098: ffff e8e1 

  0x0000775f10bec09c: ; ImmutableOopMap {rdx=Oop rsi=Oop rdi=Oop [224]=Oop [232]=Oop [240]=Oop [256]=Oop [280]=Oop [312]=Oop [344]=Oop [360]=Oop [368]=Oop [424]=Oop [432]=Oop [448]=Oop [992]=Oop }
                      ;*synchronization entry
                      ; - java.util.Vector::addElement@-1 (line 616)
                      ; - java.util.Stack::push@2 (line 68)
                      ; - org.apache.xalan.transformer.TransformerImpl::pushPairCurrentMatched@5 (line 2729)
                      ; - org.apache.xalan.templates.ElemApplyTemplates::transformSelectedNodes@553 (line 335)
  0x0000775f10bec09c: b112 07e9 | fd80 ffff 

  0x0000775f10bec0a4: ;   {metadata({method} {0x00006ab1e8100690} 'add' '(Ljava/lang/Object;[Ljava/lang/Object;I)V' in 'java/util/Vector')}
  0x0000775f10bec0a4: 49ba 9006 | 10e8 b16a | 0000 4c89 | 5424 0848 | c704 24ff 

  0x0000775f10bec0b8: ;   {runtime_call counter_overflow Runtime1 stub}
  0x0000775f10bec0b8: ffff ffe8 

  0x0000775f10bec0bc: ; ImmutableOopMap {rdx=Oop rsi=Oop rdi=Oop rbx=Oop [224]=Oop [232]=Oop [240]=Oop [256]=Oop [280]=Oop [312]=Oop [344]=Oop [360]=Oop [368]=Oop [424]=Oop [432]=Oop [448]=Oop [992]=Oop }
                      ;*synchronization entry
                      ; - java.util.Vector::add@-1 (line 781)
                      ; - java.util.Vector::addElement@20 (line 617)
                      ; - java.util.Stack::push@2 (line 68)
                      ; - org.apache.xalan.transformer.TransformerImpl::pushPairCurrentMatched@5 (line 2729)
                      ; - org.apache.xalan.templates.ElemApplyTemplates::transformSelectedNodes@553 (line 335)
  0x0000775f10bec0bc: c0b1 1207 | e92b 81ff 

  0x0000775f10bec0c4: ;   {runtime_call throw_null_pointer_exception Runtime1 stub}
  0x0000775f10bec0c4: ffe8 b653 

  0x0000775f10bec0c8: ; ImmutableOopMap {rdx=Oop rsi=Oop rdi=Oop rbx=Oop [224]=Oop [232]=Oop [240]=Oop [256]=Oop [280]=Oop [312]=Oop [344]=Oop [360]=Oop [368]=Oop [424]=Oop [432]=Oop [448]=Oop [992]=Oop }
                      ;*arraylength {reexecute=0 rethrow=0 return_oop=0}
                      ; - java.util.Vector::add@2 (line 781)
                      ; - java.util.Vector::addElement@20 (line 617)
                      ; - java.util.Stack::push@2 (line 68)
                      ; - org.apache.xalan.transformer.TransformerImpl::pushPairCurrentMatched@5 (line 2729)
                      ; - org.apache.xalan.templates.ElemApplyTemplates::transformSelectedNodes@553 (line 335)
                      ;   {metadata({method} {0x00006ab1e80fed70} 'grow' '()[Ljava/lang/Object;' in 'java/util/Vector')}
  0x0000775f10bec0c8: 1207 49ba | 70ed 0fe8 | b16a 0000 | 4c89 5424 | 0848 c704 | 24ff ffff 

  0x0000775f10bec0e0: ;   {runtime_call counter_overflow Runtime1 stub}
  0x0000775f10bec0e0: ffe8 9ab1 

  0x0000775f10bec0e4: ; ImmutableOopMap {rdi=Oop [224]=Oop [232]=Oop [240]=Oop [256]=Oop [280]=Oop [312]=Oop [344]=Oop [360]=Oop [368]=Oop [424]=Oop [432]=Oop [448]=Oop [504]=Oop [992]=Oop }
                      ;*synchronization entry
                      ; - java.util.Vector::grow@-1 (line 266)
                      ; - java.util.Vector::add@7 (line 782)
                      ; - java.util.Vector::addElement@20 (line 617)
                      ; - java.util.Stack::push@2 (line 68)
                      ; - org.apache.xalan.transformer.TransformerImpl::pushPairCurrentMatched@5 (line 2729)
                      ; - org.apache.xalan.templates.ElemApplyTemplates::transformSelectedNodes@553 (line 335)
  0x0000775f10bec0e4: 1207 e981 

  0x0000775f10bec0e8: ;   {runtime_call throw_null_pointer_exception Runtime1 stub}
  0x0000775f10bec0e8: 81ff ffe8 

  0x0000775f10bec0ec: ; ImmutableOopMap {rbx=Oop rdi=Oop rsi=Oop [224]=Oop [232]=Oop [240]=Oop [256]=Oop [280]=Oop [312]=Oop [344]=Oop [360]=Oop [368]=Oop [424]=Oop [432]=Oop [448]=Oop [992]=Oop }
                      ;*aastore {reexecute=1 rethrow=0 return_oop=0}
                      ; - (reexecute) java.util.Vector::add@14 (line 783)
                      ; - java.util.Vector::addElement@20 (line 617)
                      ; - java.util.Stack::push@2 (line 68)
                      ; - org.apache.xalan.transformer.TransformerImpl::pushPairCurrentMatched@5 (line 2729)
                      ; - org.apache.xalan.templates.ElemApplyTemplates::transformSelectedNodes@553 (line 335)
  0x0000775f10bec0ec: 9053 1207 

  0x0000775f10bec0f0: ;   {runtime_call throw_null_pointer_exception Runtime1 stub}
  0x0000775f10bec0f0: e88b 5312 

  0x0000775f10bec0f4: ; ImmutableOopMap {rbx=Oop rdi=Oop rsi=Oop [224]=Oop [232]=Oop [240]=Oop [256]=Oop [280]=Oop [312]=Oop [344]=Oop [360]=Oop [368]=Oop [424]=Oop [432]=Oop [448]=Oop [992]=Oop }
                      ;*aastore {reexecute=1 rethrow=0 return_oop=0}
                      ; - (reexecute) java.util.Vector::add@14 (line 783)
                      ; - java.util.Vector::addElement@20 (line 617)
                      ; - java.util.Stack::push@2 (line 68)
                      ; - org.apache.xalan.transformer.TransformerImpl::pushPairCurrentMatched@5 (line 2729)
                      ; - org.apache.xalan.templates.ElemApplyTemplates::transformSelectedNodes@553 (line 335)
  0x0000775f10bec0f4: 0748 8904 | 2448 895c 

  0x0000775f10bec0fc: ;   {runtime_call throw_range_check_failed Runtime1 stub}
  0x0000775f10bec0fc: 2408 e87d 

  0x0000775f10bec100: ; ImmutableOopMap {rbx=Oop rdi=Oop rsi=Oop [224]=Oop [232]=Oop [240]=Oop [256]=Oop [280]=Oop [312]=Oop [344]=Oop [360]=Oop [368]=Oop [424]=Oop [432]=Oop [448]=Oop [992]=Oop }
                      ;*aastore {reexecute=1 rethrow=0 return_oop=0}
                      ; - (reexecute) java.util.Vector::add@14 (line 783)
                      ; - java.util.Vector::addElement@20 (line 617)
                      ; - java.util.Stack::push@2 (line 68)
                      ; - org.apache.xalan.transformer.TransformerImpl::pushPairCurrentMatched@5 (line 2729)
                      ; - org.apache.xalan.templates.ElemApplyTemplates::transformSelectedNodes@553 (line 335)
                      ;   {runtime_call throw_null_pointer_exception Runtime1 stub}
  0x0000775f10bec100: 4a12 07e8 

  0x0000775f10bec104: ; ImmutableOopMap {rbx=Oop rdi=Oop rsi=Oop [224]=Oop [232]=Oop [240]=Oop [256]=Oop [280]=Oop [312]=Oop [344]=Oop [360]=Oop [368]=Oop [424]=Oop [432]=Oop [448]=Oop [992]=Oop }
                      ;*aastore {reexecute=1 rethrow=0 return_oop=0}
                      ; - (reexecute) java.util.Vector::add@14 (line 783)
                      ; - java.util.Vector::addElement@20 (line 617)
                      ; - java.util.Stack::push@2 (line 68)
                      ; - org.apache.xalan.transformer.TransformerImpl::pushPairCurrentMatched@5 (line 2729)
                      ; - org.apache.xalan.templates.ElemApplyTemplates::transformSelectedNodes@553 (line 335)
  0x0000775f10bec104: 7853 1207 | 4889 3424 

  0x0000775f10bec10c: ;   {runtime_call throw_array_store_exception Runtime1 stub}
  0x0000775f10bec10c: e86f 7a12 

  0x0000775f10bec110: ; ImmutableOopMap {rbx=Oop rdi=Oop rsi=Oop [224]=Oop [232]=Oop [240]=Oop [256]=Oop [280]=Oop [312]=Oop [344]=Oop [360]=Oop [368]=Oop [424]=Oop [432]=Oop [448]=Oop [992]=Oop }
                      ;*aastore {reexecute=1 rethrow=0 return_oop=0}
                      ; - (reexecute) java.util.Vector::add@14 (line 783)
                      ; - java.util.Vector::addElement@20 (line 617)
                      ; - java.util.Stack::push@2 (line 68)
                      ; - org.apache.xalan.transformer.TransformerImpl::pushPairCurrentMatched@5 (line 2729)
                      ; - org.apache.xalan.templates.ElemApplyTemplates::transformSelectedNodes@553 (line 335)
  0x0000775f10bec110: 0748 8d84 | 24d8 0300 | 0048 8904 

  0x0000775f10bec11c: ;   {runtime_call monitorexit_nofpu Runtime1 stub}
  0x0000775f10bec11c: 24e8 5e8f | 1207 e9f7 

  0x0000775f10bec124: ;   {runtime_call throw_null_pointer_exception Runtime1 stub}
  0x0000775f10bec124: 82ff ffe8 

  0x0000775f10bec128: ; ImmutableOopMap {rdx=Oop rdi=Oop [224]=Oop [232]=Oop [240]=Oop [256]=Oop [280]=Oop [312]=Oop [344]=Oop [360]=Oop [368]=Oop [424]=Oop [432]=Oop [448]=Oop [504]=Oop }
                      ;*invokevirtual push {reexecute=0 rethrow=0 return_oop=0}
                      ; - org.apache.xalan.transformer.TransformerImpl::pushPairCurrentMatched@14 (line 2730)
                      ; - org.apache.xalan.templates.ElemApplyTemplates::transformSelectedNodes@553 (line 335)
  0x0000775f10bec128: 5453 1207 

  0x0000775f10bec12c: ;   {runtime_call throw_null_pointer_exception Runtime1 stub}
  0x0000775f10bec12c: e84f 5312 

  0x0000775f10bec130: ; ImmutableOopMap {rsi=Oop [224]=Oop [232]=Oop [240]=Oop [256]=Oop [280]=Oop [312]=Oop [344]=Oop [360]=Oop [368]=Oop [424]=Oop [432]=Oop [448]=Oop }
                      ;*getfield m_frameSize {reexecute=1 rethrow=0 return_oop=0}
                      ; - (reexecute) org.apache.xalan.templates.ElemApplyTemplates::transformSelectedNodes@568 (line 340)
                      ;   {metadata({method} {0x00006ab1e86acc70} 'pushRTFContext' '()V' in 'org/apache/xpath/XPathContext')}
  0x0000775f10bec130: 0749 ba70 | cc6a e8b1 | 6a00 004c | 8954 2408 | 48c7 0424 | ffff ffff 

  0x0000775f10bec148: ;   {runtime_call counter_overflow Runtime1 stub}
  0x0000775f10bec148: e833 b112 

  0x0000775f10bec14c: ; ImmutableOopMap {rdi=Oop [224]=Oop [232]=Oop [240]=Oop [256]=Oop [280]=Oop [312]=Oop [344]=Oop [360]=Oop [368]=Oop [424]=Oop [432]=Oop [448]=Oop [504]=Oop }
                      ;*synchronization entry
                      ; - org.apache.xpath.XPathContext::pushRTFContext@-1 (line 1273)
                      ; - org.apache.xalan.templates.ElemApplyTemplates::transformSelectedNodes@575 (line 342)
  0x0000775f10bec14c: 07e9 2f84 

  0x0000775f10bec150: ;   {runtime_call throw_null_pointer_exception Runtime1 stub}
  0x0000775f10bec150: ffff e829 

  0x0000775f10bec154: ; ImmutableOopMap {rdi=Oop rbx=Oop [224]=Oop [232]=Oop [240]=Oop [256]=Oop [280]=Oop [312]=Oop [344]=Oop [360]=Oop [368]=Oop [424]=Oop [432]=Oop [448]=Oop [504]=Oop }
                      ;*invokevirtual push {reexecute=0 rethrow=0 return_oop=0}
                      ; - org.apache.xpath.XPathContext::pushRTFContext@8 (line 1273)
                      ; - org.apache.xalan.templates.ElemApplyTemplates::transformSelectedNodes@575 (line 342)
  0x0000775f10bec154: 5312 0748 

  0x0000775f10bec158: ;   {runtime_call throw_class_cast_exception Runtime1 stub}
  0x0000775f10bec158: 8904 24e8 

  0x0000775f10bec15c: ; ImmutableOopMap {[224]=Oop [232]=Oop [240]=Oop [256]=Oop [280]=Oop [312]=Oop [344]=Oop [360]=Oop [368]=Oop [424]=Oop [432]=Oop [448]=Oop [504]=Oop }
                      ;*checkcast {reexecute=0 rethrow=0 return_oop=0}
                      ; - org.apache.xpath.XPathContext::pushRTFContext@24 (line 1275)
                      ; - org.apache.xalan.templates.ElemApplyTemplates::transformSelectedNodes@575 (line 342)
  0x0000775f10bec15c: 207d 1207 

  0x0000775f10bec160: ;   {runtime_call throw_null_pointer_exception Runtime1 stub}
  0x0000775f10bec160: e81b 5312 

  0x0000775f10bec164: ; ImmutableOopMap {rsi=Oop [224]=Oop [232]=Oop [240]=Oop [256]=Oop [280]=Oop [312]=Oop [344]=Oop [360]=Oop [368]=Oop [424]=Oop [432]=Oop [448]=Oop [504]=Oop }
                      ;*invokevirtual pushRewindMark {reexecute=0 rethrow=0 return_oop=0}
                      ; - org.apache.xpath.XPathContext::pushRTFContext@30 (line 1275)
                      ; - org.apache.xalan.templates.ElemApplyTemplates::transformSelectedNodes@575 (line 342)
                      ;   {runtime_call throw_null_pointer_exception Runtime1 stub}
  0x0000775f10bec164: 07e8 1653 

  0x0000775f10bec168: ; ImmutableOopMap {rdi=Oop [224]=Oop [232]=Oop [240]=Oop [256]=Oop [280]=Oop [312]=Oop [344]=Oop [360]=Oop [368]=Oop [424]=Oop [432]=Oop [448]=Oop [504]=Oop }
                      ;*invokevirtual getXSLToken {reexecute=0 rethrow=0 return_oop=0}
                      ; - org.apache.xalan.templates.ElemApplyTemplates::transformSelectedNodes@624 (line 353)
  0x0000775f10bec168: 1207 4889 

  0x0000775f10bec16c: ;   {runtime_call throw_class_cast_exception Runtime1 stub}
  0x0000775f10bec16c: 3c24 e80d 

  0x0000775f10bec170: ; ImmutableOopMap {rdi=Oop [224]=Oop [232]=Oop [240]=Oop [256]=Oop [280]=Oop [312]=Oop [344]=Oop [360]=Oop [368]=Oop [424]=Oop [432]=Oop [448]=Oop [504]=Oop }
                      ;*checkcast {reexecute=0 rethrow=0 return_oop=0}
                      ; - org.apache.xalan.templates.ElemApplyTemplates::transformSelectedNodes@632 (line 355)
                      ;   {runtime_call throw_null_pointer_exception Runtime1 stub}
  0x0000775f10bec170: 7d12 07e8 

  0x0000775f10bec174: ; ImmutableOopMap {rdi=Oop rdx=Oop rbx=Oop rax=Oop [224]=Oop [232]=Oop [240]=Oop [256]=Oop [280]=Oop [312]=Oop [344]=Oop [360]=Oop [368]=Oop [424]=Oop [432]=Oop [448]=Oop [504]=Oop }
                      ;*aaload {reexecute=0 rethrow=0 return_oop=0}
                      ; - org.apache.xalan.templates.ElemApplyTemplates::transformSelectedNodes@653 (line 360)
  0x0000775f10bec174: 0853 1207 

  0x0000775f10bec178: ;   {runtime_call throw_null_pointer_exception Runtime1 stub}
  0x0000775f10bec178: e803 5312 

  0x0000775f10bec17c: ; ImmutableOopMap {rdi=Oop rdx=Oop rbx=Oop rax=Oop [224]=Oop [232]=Oop [240]=Oop [256]=Oop [280]=Oop [312]=Oop [344]=Oop [360]=Oop [368]=Oop [424]=Oop [432]=Oop [448]=Oop [504]=Oop }
                      ;*aaload {reexecute=0 rethrow=0 return_oop=0}
                      ; - org.apache.xalan.templates.ElemApplyTemplates::transformSelectedNodes@653 (line 360)
  0x0000775f10bec17c: 0748 8934 | 2448 8944 

  0x0000775f10bec184: ;   {runtime_call throw_range_check_failed Runtime1 stub}
  0x0000775f10bec184: 2408 e8f5 

  0x0000775f10bec188: ; ImmutableOopMap {rdi=Oop rdx=Oop rbx=Oop rax=Oop [224]=Oop [232]=Oop [240]=Oop [256]=Oop [280]=Oop [312]=Oop [344]=Oop [360]=Oop [368]=Oop [424]=Oop [432]=Oop [448]=Oop [504]=Oop }
                      ;*aaload {reexecute=0 rethrow=0 return_oop=0}
                      ; - org.apache.xalan.templates.ElemApplyTemplates::transformSelectedNodes@653 (line 360)
                      ;   {runtime_call throw_null_pointer_exception Runtime1 stub}
  0x0000775f10bec188: 4912 07e8 

  0x0000775f10bec18c: ; ImmutableOopMap {rdi=Oop rdx=Oop rbx=Oop [224]=Oop [232]=Oop [240]=Oop [256]=Oop [280]=Oop [312]=Oop [344]=Oop [360]=Oop [368]=Oop [424]=Oop [432]=Oop [448]=Oop [504]=Oop }
                      ;*getfield m_qnameID {reexecute=1 rethrow=0 return_oop=0}
                      ; - (reexecute) org.apache.xalan.templates.ElemApplyTemplates::transformSelectedNodes@658 (line 361)
  0x0000775f10bec18c: f052 1207 

  0x0000775f10bec190: ;   {runtime_call throw_null_pointer_exception Runtime1 stub}
  0x0000775f10bec190: e8eb 5212 

  0x0000775f10bec194: ; ImmutableOopMap {rdi=Oop rdx=Oop rbx=Oop [224]=Oop [232]=Oop [240]=Oop [256]=Oop [280]=Oop [312]=Oop [344]=Oop [360]=Oop [368]=Oop [424]=Oop [432]=Oop [448]=Oop [504]=Oop }
                      ;*getfield m_qnameID {reexecute=1 rethrow=0 return_oop=0}
                      ; - (reexecute) org.apache.xalan.templates.ElemApplyTemplates::transformSelectedNodes@663 (line 361)
                      ;   {metadata({method} {0x00006ab1e855b330} 'transformSelectedNodes' '(Lorg/apache/xalan/transformer/TransformerImpl;)V' in 'org/apache/xalan/templates/ElemApplyTemplates')}
  0x0000775f10bec194: 0749 ba30 | b355 e8b1 | 6a00 004c | 8954 2408 | 48c7 0424 | b702 0000 

  0x0000775f10bec1ac: ;   {runtime_call counter_overflow Runtime1 stub}
  0x0000775f10bec1ac: e8cf b012 

  0x0000775f10bec1b0: ; ImmutableOopMap {rdi=Oop rdx=Oop rbx=Oop [224]=Oop [232]=Oop [240]=Oop [256]=Oop [280]=Oop [312]=Oop [344]=Oop [360]=Oop [368]=Oop [424]=Oop [432]=Oop [448]=Oop [504]=Oop }
                      ;*goto {reexecute=1 rethrow=0 return_oop=0}
                      ; - (reexecute) org.apache.xalan.templates.ElemApplyTemplates::transformSelectedNodes@695 (line 358)
  0x0000775f10bec1b0: 07e9 1a8a 

  0x0000775f10bec1b4: ;   {metadata({method} {0x00006ab1e8791eb0} 'getLocalVariable' '(II)Lorg/apache/xpath/objects/XObject;' in 'org/apache/xpath/VariableStack')}
  0x0000775f10bec1b4: ffff 49ba | b01e 79e8 | b16a 0000 | 4c89 5424 | 0848 c704 | 24ff ffff 

  0x0000775f10bec1cc: ;   {runtime_call counter_overflow Runtime1 stub}
  0x0000775f10bec1cc: ffe8 aeb0 

  0x0000775f10bec1d0: ; ImmutableOopMap {rdi=Oop rbx=Oop rax=Oop [224]=Oop [232]=Oop [240]=Oop [256]=Oop [280]=Oop [312]=Oop [344]=Oop [360]=Oop [368]=Oop [424]=Oop [432]=Oop [448]=Oop [504]=Oop }
                      ;*synchronization entry
                      ; - org.apache.xpath.VariableStack::getLocalVariable@-1 (line 340)
                      ; - org.apache.xalan.templates.ElemApplyTemplates::transformSelectedNodes@675 (line 363)
  0x0000775f10bec1d0: 1207 e9a8 

  0x0000775f10bec1d4: ;   {runtime_call throw_null_pointer_exception Runtime1 stub}
  0x0000775f10bec1d4: 8aff ffe8 

  0x0000775f10bec1d8: ; ImmutableOopMap {rdi=Oop rbx=Oop rax=Oop rdx=Oop [224]=Oop [232]=Oop [240]=Oop [256]=Oop [280]=Oop [312]=Oop [344]=Oop [360]=Oop [368]=Oop [424]=Oop [432]=Oop [448]=Oop [504]=Oop }
                      ;*aaload {reexecute=0 rethrow=0 return_oop=0}
                      ; - org.apache.xpath.VariableStack::getLocalVariable@9 (line 342)
                      ; - org.apache.xalan.templates.ElemApplyTemplates::transformSelectedNodes@675 (line 363)
  0x0000775f10bec1d8: a452 1207 

  0x0000775f10bec1dc: ;   {runtime_call throw_null_pointer_exception Runtime1 stub}
  0x0000775f10bec1dc: e89f 5212 

  0x0000775f10bec1e0: ; ImmutableOopMap {rdi=Oop rbx=Oop rax=Oop rdx=Oop [224]=Oop [232]=Oop [240]=Oop [256]=Oop [280]=Oop [312]=Oop [344]=Oop [360]=Oop [368]=Oop [424]=Oop [432]=Oop [448]=Oop [504]=Oop }
                      ;*aaload {reexecute=0 rethrow=0 return_oop=0}
                      ; - org.apache.xpath.VariableStack::getLocalVariable@9 (line 342)
                      ; - org.apache.xalan.templates.ElemApplyTemplates::transformSelectedNodes@675 (line 363)
  0x0000775f10bec1e0: 0748 890c | 2448 8954 

  0x0000775f10bec1e8: ;   {runtime_call throw_range_check_failed Runtime1 stub}
  0x0000775f10bec1e8: 2408 e891 

  0x0000775f10bec1ec: ; ImmutableOopMap {rdi=Oop rbx=Oop rax=Oop rdx=Oop [224]=Oop [232]=Oop [240]=Oop [256]=Oop [280]=Oop [312]=Oop [344]=Oop [360]=Oop [368]=Oop [424]=Oop [432]=Oop [448]=Oop [504]=Oop }
                      ;*aaload {reexecute=0 rethrow=0 return_oop=0}
                      ; - org.apache.xpath.VariableStack::getLocalVariable@9 (line 342)
                      ; - org.apache.xalan.templates.ElemApplyTemplates::transformSelectedNodes@675 (line 363)
                      ;   {metadata({method} {0x00006ab1e8791be8} 'setLocalVariable' '(ILorg/apache/xpath/objects/XObject;)V' in 'org/apache/xpath/VariableStack')}
  0x0000775f10bec1ec: 4912 0749 | bae8 1b79 | e8b1 6a00 | 004c 8954 | 2408 48c7 | 0424 ffff 

  0x0000775f10bec204: ;   {runtime_call counter_overflow Runtime1 stub}
  0x0000775f10bec204: ffff e875 

  0x0000775f10bec208: ; ImmutableOopMap {rdi=Oop rbx=Oop rax=Oop rdx=Oop rcx=Oop [224]=Oop [232]=Oop [240]=Oop [256]=Oop [280]=Oop [312]=Oop [344]=Oop [360]=Oop [368]=Oop [424]=Oop [432]=Oop [448]=Oop [504]=Oop }
                      ;*synchronization entry
                      ; - org.apache.xpath.VariableStack::setLocalVariable@-1 (line 272)
                      ; - org.apache.xalan.templates.ElemApplyTemplates::transformSelectedNodes@686 (line 364)
  0x0000775f10bec208: b012 07e9 | de8a ffff | 4c89 0424 | 4889 5424 

  0x0000775f10bec218: ;   {runtime_call throw_range_check_failed Runtime1 stub}
  0x0000775f10bec218: 08e8 6249 

  0x0000775f10bec21c: ; ImmutableOopMap {rdi=Oop rbx=Oop rax=Oop rdx=Oop rcx=Oop [224]=Oop [232]=Oop [240]=Oop [256]=Oop [280]=Oop [312]=Oop [344]=Oop [360]=Oop [368]=Oop [424]=Oop [432]=Oop [448]=Oop [504]=Oop }
                      ;*aastore {reexecute=1 rethrow=0 return_oop=0}
                      ; - (reexecute) org.apache.xpath.VariableStack::setLocalVariable@11 (line 272)
                      ; - org.apache.xalan.templates.ElemApplyTemplates::transformSelectedNodes@686 (line 364)
                      ;   {runtime_call throw_null_pointer_exception Runtime1 stub}
  0x0000775f10bec21c: 1207 e85d 

  0x0000775f10bec220: ; ImmutableOopMap {rdi=Oop rbx=Oop rax=Oop rdx=Oop rcx=Oop [224]=Oop [232]=Oop [240]=Oop [256]=Oop [280]=Oop [312]=Oop [344]=Oop [360]=Oop [368]=Oop [424]=Oop [432]=Oop [448]=Oop [504]=Oop }
                      ;*aastore {reexecute=1 rethrow=0 return_oop=0}
                      ; - (reexecute) org.apache.xpath.VariableStack::setLocalVariable@11 (line 272)
                      ; - org.apache.xalan.templates.ElemApplyTemplates::transformSelectedNodes@686 (line 364)
  0x0000775f10bec220: 5212 0748 

  0x0000775f10bec224: ;   {runtime_call throw_array_store_exception Runtime1 stub}
  0x0000775f10bec224: 890c 24e8 

  0x0000775f10bec228: ; ImmutableOopMap {rdi=Oop rbx=Oop rax=Oop rdx=Oop rcx=Oop [224]=Oop [232]=Oop [240]=Oop [256]=Oop [280]=Oop [312]=Oop [344]=Oop [360]=Oop [368]=Oop [424]=Oop [432]=Oop [448]=Oop [504]=Oop }
                      ;*aastore {reexecute=1 rethrow=0 return_oop=0}
                      ; - (reexecute) org.apache.xpath.VariableStack::setLocalVariable@11 (line 272)
                      ; - org.apache.xalan.templates.ElemApplyTemplates::transformSelectedNodes@686 (line 364)
  0x0000775f10bec228: 5479 1207 

  0x0000775f10bec22c: ;   {metadata({method} {0x00006ab1e8791be8} 'setLocalVariable' '(ILorg/apache/xpath/objects/XObject;)V' in 'org/apache/xpath/VariableStack')}
  0x0000775f10bec22c: 49ba e81b | 79e8 b16a | 0000 4c89 | 5424 0848 | c704 24ff 

  0x0000775f10bec240: ;   {runtime_call counter_overflow Runtime1 stub}
  0x0000775f10bec240: ffff ffe8 

  0x0000775f10bec244: ; ImmutableOopMap {rdi=Oop rbx=Oop rax=Oop [224]=Oop [232]=Oop [240]=Oop [256]=Oop [280]=Oop [312]=Oop [344]=Oop [360]=Oop [368]=Oop [424]=Oop [432]=Oop [448]=Oop [504]=Oop }
                      ;*synchronization entry
                      ; - org.apache.xpath.VariableStack::setLocalVariable@-1 (line 272)
                      ; - org.apache.xalan.templates.ElemApplyTemplates::transformSelectedNodes@710 (line 369)
  0x0000775f10bec244: 38b0 1207 | e970 8cff 

  0x0000775f10bec24c: ;   {runtime_call throw_null_pointer_exception Runtime1 stub}
  0x0000775f10bec24c: ffe8 2e52 

  0x0000775f10bec250: ; ImmutableOopMap {rdi=Oop rbx=Oop rax=Oop rdx=Oop rcx=Oop [224]=Oop [232]=Oop [240]=Oop [256]=Oop [280]=Oop [312]=Oop [344]=Oop [360]=Oop [368]=Oop [424]=Oop [432]=Oop [448]=Oop [504]=Oop }
                      ;*aastore {reexecute=1 rethrow=0 return_oop=0}
                      ; - (reexecute) org.apache.xpath.VariableStack::setLocalVariable@11 (line 272)
                      ; - org.apache.xalan.templates.ElemApplyTemplates::transformSelectedNodes@710 (line 369)
                      ;   {runtime_call throw_null_pointer_exception Runtime1 stub}
  0x0000775f10bec250: 1207 e829 

  0x0000775f10bec254: ; ImmutableOopMap {rdi=Oop rbx=Oop rax=Oop rdx=Oop rcx=Oop [224]=Oop [232]=Oop [240]=Oop [256]=Oop [280]=Oop [312]=Oop [344]=Oop [360]=Oop [368]=Oop [424]=Oop [432]=Oop [448]=Oop [504]=Oop }
                      ;*aastore {reexecute=1 rethrow=0 return_oop=0}
                      ; - (reexecute) org.apache.xpath.VariableStack::setLocalVariable@11 (line 272)
                      ; - org.apache.xalan.templates.ElemApplyTemplates::transformSelectedNodes@710 (line 369)
  0x0000775f10bec254: 5212 0748 | 8934 2448 | 8954 2408 

  0x0000775f10bec260: ;   {runtime_call throw_range_check_failed Runtime1 stub}
  0x0000775f10bec260: e81b 4912 

  0x0000775f10bec264: ; ImmutableOopMap {rdi=Oop rbx=Oop rax=Oop rdx=Oop rcx=Oop [224]=Oop [232]=Oop [240]=Oop [256]=Oop [280]=Oop [312]=Oop [344]=Oop [360]=Oop [368]=Oop [424]=Oop [432]=Oop [448]=Oop [504]=Oop }
                      ;*aastore {reexecute=1 rethrow=0 return_oop=0}
                      ; - (reexecute) org.apache.xpath.VariableStack::setLocalVariable@11 (line 272)
                      ; - org.apache.xalan.templates.ElemApplyTemplates::transformSelectedNodes@710 (line 369)
                      ;   {runtime_call throw_null_pointer_exception Runtime1 stub}
  0x0000775f10bec264: 07e8 1652 

  0x0000775f10bec268: ; ImmutableOopMap {rdi=Oop rbx=Oop rax=Oop rdx=Oop rcx=Oop [224]=Oop [232]=Oop [240]=Oop [256]=Oop [280]=Oop [312]=Oop [344]=Oop [360]=Oop [368]=Oop [424]=Oop [432]=Oop [448]=Oop [504]=Oop }
                      ;*aastore {reexecute=1 rethrow=0 return_oop=0}
                      ; - (reexecute) org.apache.xpath.VariableStack::setLocalVariable@11 (line 272)
                      ; - org.apache.xalan.templates.ElemApplyTemplates::transformSelectedNodes@710 (line 369)
  0x0000775f10bec268: 1207 4889 

  0x0000775f10bec26c: ;   {runtime_call throw_array_store_exception Runtime1 stub}
  0x0000775f10bec26c: 0c24 e80d 

  0x0000775f10bec270: ; ImmutableOopMap {rdi=Oop rbx=Oop rax=Oop rdx=Oop rcx=Oop [224]=Oop [232]=Oop [240]=Oop [256]=Oop [280]=Oop [312]=Oop [344]=Oop [360]=Oop [368]=Oop [424]=Oop [432]=Oop [448]=Oop [504]=Oop }
                      ;*aastore {reexecute=1 rethrow=0 return_oop=0}
                      ; - (reexecute) org.apache.xpath.VariableStack::setLocalVariable@11 (line 272)
                      ; - org.apache.xalan.templates.ElemApplyTemplates::transformSelectedNodes@710 (line 369)
                      ;   {metadata({method} {0x00006ab1e855b330} 'transformSelectedNodes' '(Lorg/apache/xalan/transformer/TransformerImpl;)V' in 'org/apache/xalan/templates/ElemApplyTemplates')}
  0x0000775f10bec270: 7912 0749 | ba30 b355 | e8b1 6a00 | 004c 8954 | 2408 48c7 | 0424 d302 

  0x0000775f10bec288: ;   {runtime_call counter_overflow Runtime1 stub}
  0x0000775f10bec288: 0000 e8f1 

  0x0000775f10bec28c: ; ImmutableOopMap {rbx=Oop rax=Oop rsi=Oop [224]=Oop [232]=Oop [240]=Oop [256]=Oop [280]=Oop [312]=Oop [344]=Oop [360]=Oop [368]=Oop [424]=Oop [432]=Oop [448]=Oop [504]=Oop }
                      ;*goto {reexecute=1 rethrow=0 return_oop=0}
                      ; - (reexecute) org.apache.xalan.templates.ElemApplyTemplates::transformSelectedNodes@723 (line 351)
  0x0000775f10bec28c: af12 07e9 | 388e ffff 

  0x0000775f10bec294: ;   {runtime_call throw_null_pointer_exception Runtime1 stub}
  0x0000775f10bec294: e8e7 5112 

  0x0000775f10bec298: ; ImmutableOopMap {rdx=Oop rax=Oop [224]=Oop [232]=Oop [240]=Oop [256]=Oop [280]=Oop [312]=Oop [344]=Oop [360]=Oop [368]=Oop [424]=Oop [432]=Oop [448]=Oop [504]=Oop }
                      ;*invokevirtual fireTraceEvent {reexecute=0 rethrow=0 return_oop=0}
                      ; - org.apache.xalan.templates.ElemApplyTemplates::transformSelectedNodes@745 (line 383)
                      ;   {metadata({method} {0x00006ab1e86aa048} 'setSAXLocator' '(Ljavax/xml/transform/SourceLocator;)V' in 'org/apache/xpath/XPathContext')}
  0x0000775f10bec298: 0749 ba48 | a06a e8b1 | 6a00 004c | 8954 2408 | 48c7 0424 | ffff ffff 

  0x0000775f10bec2b0: ;   {runtime_call counter_overflow Runtime1 stub}
  0x0000775f10bec2b0: e8cb af12 

  0x0000775f10bec2b4: ; ImmutableOopMap {rdx=Oop rbx=Oop rdi=Oop [224]=Oop [232]=Oop [240]=Oop [256]=Oop [280]=Oop [312]=Oop [344]=Oop [360]=Oop [368]=Oop [424]=Oop [432]=Oop [448]=Oop [504]=Oop }
                      ;*synchronization entry
                      ; - org.apache.xpath.XPathContext::setSAXLocator@-1 (line 405)
                      ; - org.apache.xalan.templates.ElemApplyTemplates::transformSelectedNodes@763 (line 391)
  0x0000775f10bec2b4: 07e9 d98f 

  0x0000775f10bec2b8: ;   {runtime_call throw_null_pointer_exception Runtime1 stub}
  0x0000775f10bec2b8: ffff e8c1 

  0x0000775f10bec2bc: ; ImmutableOopMap {rdx=Oop rbx=Oop rdi=Oop rax=Oop [224]=Oop [232]=Oop [240]=Oop [256]=Oop [280]=Oop [312]=Oop [344]=Oop [360]=Oop [368]=Oop [424]=Oop [432]=Oop [448]=Oop [504]=Oop }
                      ;*invokevirtual setTop {reexecute=0 rethrow=0 return_oop=0}
                      ; - org.apache.xpath.XPathContext::setSAXLocator@5 (line 405)
                      ; - org.apache.xalan.templates.ElemApplyTemplates::transformSelectedNodes@763 (line 391)
                      ;   {metadata({method} {0x00006ab1e876b190} 'setTop' '(Ljava/lang/Object;)V' in 'org/apache/xml/utils/ObjectStack')}
  0x0000775f10bec2bc: 5112 0749 | ba90 b176 | e8b1 6a00 | 004c 8954 | 2408 48c7 | 0424 ffff 

  0x0000775f10bec2d4: ;   {runtime_call counter_overflow Runtime1 stub}
  0x0000775f10bec2d4: ffff e8a5 

  0x0000775f10bec2d8: ; ImmutableOopMap {rdx=Oop rbx=Oop rdi=Oop rax=Oop [224]=Oop [232]=Oop [240]=Oop [256]=Oop [280]=Oop [312]=Oop [344]=Oop [360]=Oop [368]=Oop [424]=Oop [432]=Oop [448]=Oop [504]=Oop }
                      ;*synchronization entry
                      ; - org.apache.xml.utils.ObjectStack::setTop@-1 (line 162)
                      ; - org.apache.xpath.XPathContext::setSAXLocator@5 (line 405)
                      ; - org.apache.xalan.templates.ElemApplyTemplates::transformSelectedNodes@763 (line 391)
  0x0000775f10bec2d8: af12 07e9 | fa8f ffff 

  0x0000775f10bec2e0: ;   {runtime_call throw_null_pointer_exception Runtime1 stub}
  0x0000775f10bec2e0: e89b 5112 

  0x0000775f10bec2e4: ; ImmutableOopMap {rdx=Oop rbx=Oop rdi=Oop rcx=Oop [224]=Oop [232]=Oop [240]=Oop [256]=Oop [280]=Oop [312]=Oop [344]=Oop [360]=Oop [368]=Oop [424]=Oop [432]=Oop [448]=Oop [504]=Oop }
                      ;*aastore {reexecute=1 rethrow=0 return_oop=0}
                      ; - (reexecute) org.apache.xml.utils.ObjectStack::setTop@11 (line 162)
                      ; - org.apache.xpath.XPathContext::setSAXLocator@5 (line 405)
                      ; - org.apache.xalan.templates.ElemApplyTemplates::transformSelectedNodes@763 (line 391)
                      ;   {runtime_call throw_null_pointer_exception Runtime1 stub}
  0x0000775f10bec2e4: 07e8 9651 

  0x0000775f10bec2e8: ; ImmutableOopMap {rdx=Oop rbx=Oop rdi=Oop rcx=Oop [224]=Oop [232]=Oop [240]=Oop [256]=Oop [280]=Oop [312]=Oop [344]=Oop [360]=Oop [368]=Oop [424]=Oop [432]=Oop [448]=Oop [504]=Oop }
                      ;*aastore {reexecute=1 rethrow=0 return_oop=0}
                      ; - (reexecute) org.apache.xml.utils.ObjectStack::setTop@11 (line 162)
                      ; - org.apache.xpath.XPathContext::setSAXLocator@5 (line 405)
                      ; - org.apache.xalan.templates.ElemApplyTemplates::transformSelectedNodes@763 (line 391)
  0x0000775f10bec2e8: 1207 4889 | 0424 4889 

  0x0000775f10bec2f0: ;   {runtime_call throw_range_check_failed Runtime1 stub}
  0x0000775f10bec2f0: 4c24 08e8 

  0x0000775f10bec2f4: ; ImmutableOopMap {rdx=Oop rbx=Oop rdi=Oop rcx=Oop [224]=Oop [232]=Oop [240]=Oop [256]=Oop [280]=Oop [312]=Oop [344]=Oop [360]=Oop [368]=Oop [424]=Oop [432]=Oop [448]=Oop [504]=Oop }
                      ;*aastore {reexecute=1 rethrow=0 return_oop=0}
                      ; - (reexecute) org.apache.xml.utils.ObjectStack::setTop@11 (line 162)
                      ; - org.apache.xpath.XPathContext::setSAXLocator@5 (line 405)
                      ; - org.apache.xalan.templates.ElemApplyTemplates::transformSelectedNodes@763 (line 391)
  0x0000775f10bec2f4: 8848 1207 

  0x0000775f10bec2f8: ;   {runtime_call throw_null_pointer_exception Runtime1 stub}
  0x0000775f10bec2f8: e883 5112 

  0x0000775f10bec2fc: ; ImmutableOopMap {rdx=Oop rbx=Oop rdi=Oop rcx=Oop [224]=Oop [232]=Oop [240]=Oop [256]=Oop [280]=Oop [312]=Oop [344]=Oop [360]=Oop [368]=Oop [424]=Oop [432]=Oop [448]=Oop [504]=Oop }
                      ;*aastore {reexecute=1 rethrow=0 return_oop=0}
                      ; - (reexecute) org.apache.xml.utils.ObjectStack::setTop@11 (line 162)
                      ; - org.apache.xpath.XPathContext::setSAXLocator@5 (line 405)
                      ; - org.apache.xalan.templates.ElemApplyTemplates::transformSelectedNodes@763 (line 391)
  0x0000775f10bec2fc: 0748 8914 

  0x0000775f10bec300: ;   {runtime_call throw_array_store_exception Runtime1 stub}
  0x0000775f10bec300: 24e8 7a78 

  0x0000775f10bec304: ; ImmutableOopMap {rdx=Oop rbx=Oop rdi=Oop rcx=Oop [224]=Oop [232]=Oop [240]=Oop [256]=Oop [280]=Oop [312]=Oop [344]=Oop [360]=Oop [368]=Oop [424]=Oop [432]=Oop [448]=Oop [504]=Oop }
                      ;*aastore {reexecute=1 rethrow=0 return_oop=0}
                      ; - (reexecute) org.apache.xml.utils.ObjectStack::setTop@11 (line 162)
                      ; - org.apache.xpath.XPathContext::setSAXLocator@5 (line 405)
                      ; - org.apache.xalan.templates.ElemApplyTemplates::transformSelectedNodes@763 (line 391)
                      ;   {metadata({method} {0x00006ab1e8655c10} 'pushElemTemplateElement' '(Lorg/apache/xalan/templates/ElemTemplateElement;)V' in 'org/apache/xalan/transformer/TransformerImpl')}
  0x0000775f10bec304: 1207 49ba | 105c 65e8 | b16a 0000 | 4c89 5424 | 0848 c704 | 24ff ffff 

  0x0000775f10bec31c: ;   {runtime_call counter_overflow Runtime1 stub}
  0x0000775f10bec31c: ffe8 5eaf 

  0x0000775f10bec320: ; ImmutableOopMap {rdx=Oop rbx=Oop [224]=Oop [232]=Oop [240]=Oop [256]=Oop [280]=Oop [312]=Oop [344]=Oop [360]=Oop [368]=Oop [424]=Oop [432]=Oop [448]=Oop [504]=Oop }
                      ;*synchronization entry
                      ; - org.apache.xalan.transformer.TransformerImpl::pushElemTemplateElement@-1 (line 2624)
                      ; - org.apache.xalan.templates.ElemApplyTemplates::transformSelectedNodes@769 (line 394)
  0x0000775f10bec320: 1207 e939 

  0x0000775f10bec324: ;   {runtime_call throw_null_pointer_exception Runtime1 stub}
  0x0000775f10bec324: 91ff ffe8 

  0x0000775f10bec328: ; ImmutableOopMap {rdx=Oop rbx=Oop rax=Oop [224]=Oop [232]=Oop [240]=Oop [256]=Oop [280]=Oop [312]=Oop [344]=Oop [360]=Oop [368]=Oop [424]=Oop [432]=Oop [448]=Oop [504]=Oop }
                      ;*invokevirtual push {reexecute=0 rethrow=0 return_oop=0}
                      ; - org.apache.xalan.transformer.TransformerImpl::pushElemTemplateElement@5 (line 2624)
                      ; - org.apache.xalan.templates.ElemApplyTemplates::transformSelectedNodes@769 (line 394)
  0x0000775f10bec328: 5451 1207 

  0x0000775f10bec32c: ;   {runtime_call throw_null_pointer_exception Runtime1 stub}
  0x0000775f10bec32c: e84f 5112 

  0x0000775f10bec330: ; ImmutableOopMap {rdx=Oop [224]=Oop [232]=Oop [240]=Oop [256]=Oop [280]=Oop [312]=Oop [344]=Oop [360]=Oop [368]=Oop [424]=Oop [432]=Oop [448]=Oop [504]=Oop }
                      ;*invokevirtual execute {reexecute=0 rethrow=0 return_oop=0}
                      ; - org.apache.xalan.templates.ElemApplyTemplates::transformSelectedNodes@775 (line 395)
                      ;   {metadata({method} {0x00006ab1e8655cc0} 'popElemTemplateElement' '()V' in 'org/apache/xalan/transformer/TransformerImpl')}
  0x0000775f10bec330: 0749 bac0 | 5c65 e8b1 | 6a00 004c | 8954 2408 | 48c7 0424 | ffff ffff 

  0x0000775f10bec348: ;   {runtime_call counter_overflow Runtime1 stub}
  0x0000775f10bec348: e833 af12 

  0x0000775f10bec34c: ; ImmutableOopMap {rdx=Oop [224]=Oop [232]=Oop [240]=Oop [256]=Oop [280]=Oop [312]=Oop [344]=Oop [360]=Oop [368]=Oop [424]=Oop [432]=Oop [448]=Oop [504]=Oop [544]=Oop }
                      ;*synchronization entry
                      ; - org.apache.xalan.transformer.TransformerImpl::popElemTemplateElement@-1 (line 2632)
                      ; - org.apache.xalan.templates.ElemApplyTemplates::transformSelectedNodes@795 (line 399)
  0x0000775f10bec34c: 07e9 5e92 

  0x0000775f10bec350: ;   {runtime_call throw_null_pointer_exception Runtime1 stub}
  0x0000775f10bec350: ffff e829 

  0x0000775f10bec354: ; ImmutableOopMap {rdx=Oop rsi=Oop [224]=Oop [232]=Oop [240]=Oop [256]=Oop [280]=Oop [312]=Oop [344]=Oop [360]=Oop [368]=Oop [424]=Oop [432]=Oop [448]=Oop [504]=Oop [544]=Oop }
                      ;*invokevirtual pop {reexecute=0 rethrow=0 return_oop=0}
                      ; - org.apache.xalan.transformer.TransformerImpl::popElemTemplateElement@4 (line 2632)
                      ; - org.apache.xalan.templates.ElemApplyTemplates::transformSelectedNodes@795 (line 399)
                      ;   {metadata({method} {0x00006ab1e855b330} 'transformSelectedNodes' '(Lorg/apache/xalan/transformer/TransformerImpl;)V' in 'org/apache/xalan/templates/ElemApplyTemplates')}
  0x0000775f10bec354: 5112 0749 | ba30 b355 | e8b1 6a00 | 004c 8954 | 2408 48c7 | 0424 2703 

  0x0000775f10bec36c: ;   {runtime_call counter_overflow Runtime1 stub}
  0x0000775f10bec36c: 0000 e80d 

  0x0000775f10bec370: ; ImmutableOopMap {rdx=Oop [224]=Oop [232]=Oop [240]=Oop [256]=Oop [280]=Oop [312]=Oop [344]=Oop [360]=Oop [368]=Oop [424]=Oop [432]=Oop [448]=Oop [504]=Oop }
                      ;*goto {reexecute=1 rethrow=0 return_oop=0}
                      ; - (reexecute) org.apache.xalan.templates.ElemApplyTemplates::transformSelectedNodes@807 (line 389)
  0x0000775f10bec370: af12 07e9 | a692 ffff 

  0x0000775f10bec378: ;   {runtime_call throw_null_pointer_exception Runtime1 stub}
  0x0000775f10bec378: e803 5112 

  0x0000775f10bec37c: ; ImmutableOopMap {rdi=Oop rsi=Oop [224]=Oop [232]=Oop [240]=Oop [256]=Oop [280]=Oop [312]=Oop [344]=Oop [360]=Oop [368]=Oop [424]=Oop [432]=Oop [448]=Oop [504]=Oop [544]=Oop }
                      ;*invokevirtual fireTraceEndEvent {reexecute=0 rethrow=0 return_oop=0}
                      ; - org.apache.xalan.templates.ElemApplyTemplates::transformSelectedNodes@823 (line 404)
                      ;   {metadata({method} {0x00006ab1e8656270} 'popCurrentMatched' '()V' in 'org/apache/xalan/transformer/TransformerImpl')}
  0x0000775f10bec37c: 0749 ba70 | 6265 e8b1 | 6a00 004c | 8954 2408 | 48c7 0424 | ffff ffff 

  0x0000775f10bec394: ;   {runtime_call counter_overflow Runtime1 stub}
  0x0000775f10bec394: e8e7 ae12 

  0x0000775f10bec398: ; ImmutableOopMap {rdx=Oop [224]=Oop [232]=Oop [240]=Oop [256]=Oop [280]=Oop [312]=Oop [344]=Oop [360]=Oop [368]=Oop [424]=Oop [432]=Oop [448]=Oop [504]=Oop [544]=Oop }
                      ;*synchronization entry
                      ; - org.apache.xalan.transformer.TransformerImpl::popCurrentMatched@-1 (line 2738)
                      ; - org.apache.xalan.templates.ElemApplyTemplates::transformSelectedNodes@846 (line 427)
  0x0000775f10bec398: 07e9 6a94 

  0x0000775f10bec39c: ;   {runtime_call throw_null_pointer_exception Runtime1 stub}
  0x0000775f10bec39c: ffff e8dd 

  0x0000775f10bec3a0: ; ImmutableOopMap {rdx=Oop rsi=Oop [224]=Oop [232]=Oop [240]=Oop [256]=Oop [280]=Oop [312]=Oop [344]=Oop [360]=Oop [368]=Oop [424]=Oop [432]=Oop [448]=Oop [504]=Oop [544]=Oop }
                      ;*invokevirtual pop {reexecute=0 rethrow=0 return_oop=0}
                      ; - org.apache.xalan.transformer.TransformerImpl::popCurrentMatched@4 (line 2738)
                      ; - org.apache.xalan.templates.ElemApplyTemplates::transformSelectedNodes@846 (line 427)
                      ;   {runtime_call throw_null_pointer_exception Runtime1 stub}
  0x0000775f10bec3a0: 5012 07e8 

  0x0000775f10bec3a4: ; ImmutableOopMap {rdx=Oop rsi=Oop [224]=Oop [232]=Oop [240]=Oop [256]=Oop [280]=Oop [312]=Oop [344]=Oop [360]=Oop [368]=Oop [424]=Oop [432]=Oop [448]=Oop [504]=Oop [544]=Oop }
                      ;*invokevirtual pop {reexecute=0 rethrow=0 return_oop=0}
                      ; - org.apache.xalan.transformer.TransformerImpl::popCurrentMatched@12 (line 2739)
                      ; - org.apache.xalan.templates.ElemApplyTemplates::transformSelectedNodes@846 (line 427)
  0x0000775f10bec3a4: d850 1207 

  0x0000775f10bec3a8: ;   {metadata({method} {0x00006ab1e855b330} 'transformSelectedNodes' '(Lorg/apache/xalan/transformer/TransformerImpl;)V' in 'org/apache/xalan/templates/ElemApplyTemplates')}
  0x0000775f10bec3a8: 49ba 30b3 | 55e8 b16a | 0000 4c89 | 5424 0848 | c704 2451 

  0x0000775f10bec3bc: ;   {runtime_call counter_overflow Runtime1 stub}
  0x0000775f10bec3bc: 0300 00e8 

  0x0000775f10bec3c0: ; ImmutableOopMap {[224]=Oop [232]=Oop [240]=Oop [256]=Oop [280]=Oop [312]=Oop [344]=Oop [360]=Oop [368]=Oop [424]=Oop [432]=Oop [448]=Oop [504]=Oop [544]=Oop }
                      ;*goto {reexecute=1 rethrow=0 return_oop=0}
                      ; - (reexecute) org.apache.xalan.templates.ElemApplyTemplates::transformSelectedNodes@849 (line 429)
  0x0000775f10bec3c0: bcae 1207 | e9c2 94ff 

  0x0000775f10bec3c8: ;   {runtime_call throw_incompatible_class_change_error Runtime1 stub}
  0x0000775f10bec3c8: ffe8 b27d 

  0x0000775f10bec3cc: ; ImmutableOopMap {rcx=Oop [224]=Oop [232]=Oop [240]=Oop [256]=Oop [280]=Oop [312]=Oop [344]=Oop [360]=Oop [368]=Oop [424]=Oop [432]=Oop [496]=Oop }
                      ;*invokeinterface dispatchCharactersEvents {reexecute=0 rethrow=0 return_oop=0}
                      ; - org.apache.xalan.templates.ElemApplyTemplates::transformSelectedNodes@517 (line 318)
                      ;   {metadata({method} {0x00006ab1e8656270} 'popCurrentMatched' '()V' in 'org/apache/xalan/transformer/TransformerImpl')}
  0x0000775f10bec3cc: 1207 49ba | 7062 65e8 | b16a 0000 | 4c89 5424 | 0848 c704 | 24ff ffff 

  0x0000775f10bec3e4: ;   {runtime_call counter_overflow Runtime1 stub}
  0x0000775f10bec3e4: ffe8 96ae 

  0x0000775f10bec3e8: ; ImmutableOopMap {[224]=Oop [232]=Oop [240]=Oop [256]=Oop [280]=Oop [312]=Oop [344]=Oop [360]=Oop [368]=Oop [424]=Oop [432]=Oop [448]=Oop [496]=Oop }
                      ;*synchronization entry
                      ; - org.apache.xalan.transformer.TransformerImpl::popCurrentMatched@-1 (line 2738)
                      ; - org.apache.xalan.templates.ElemApplyTemplates::transformSelectedNodes@523 (line 319)
  0x0000775f10bec3e8: 1207 e90e 

  0x0000775f10bec3ec: ;   {runtime_call throw_null_pointer_exception Runtime1 stub}
  0x0000775f10bec3ec: 96ff ffe8 

  0x0000775f10bec3f0: ; ImmutableOopMap {rdx=Oop rsi=Oop [224]=Oop [232]=Oop [240]=Oop [256]=Oop [280]=Oop [312]=Oop [344]=Oop [360]=Oop [368]=Oop [424]=Oop [432]=Oop [448]=Oop [496]=Oop }
                      ;*invokevirtual pop {reexecute=0 rethrow=0 return_oop=0}
                      ; - org.apache.xalan.transformer.TransformerImpl::popCurrentMatched@4 (line 2738)
                      ; - org.apache.xalan.templates.ElemApplyTemplates::transformSelectedNodes@523 (line 319)
  0x0000775f10bec3f0: 8c50 1207 

  0x0000775f10bec3f4: ;   {runtime_call throw_null_pointer_exception Runtime1 stub}
  0x0000775f10bec3f4: e887 5012 

  0x0000775f10bec3f8: ; ImmutableOopMap {rdx=Oop rsi=Oop [224]=Oop [232]=Oop [240]=Oop [256]=Oop [280]=Oop [312]=Oop [344]=Oop [360]=Oop [368]=Oop [424]=Oop [432]=Oop [448]=Oop [496]=Oop }
                      ;*invokevirtual pop {reexecute=0 rethrow=0 return_oop=0}
                      ; - org.apache.xalan.transformer.TransformerImpl::popCurrentMatched@12 (line 2739)
                      ; - org.apache.xalan.templates.ElemApplyTemplates::transformSelectedNodes@523 (line 319)
                      ;   {metadata({method} {0x00006ab1e855b330} 'transformSelectedNodes' '(Lorg/apache/xalan/transformer/TransformerImpl;)V' in 'org/apache/xalan/templates/ElemApplyTemplates')}
  0x0000775f10bec3f8: 0749 ba30 | b355 e8b1 | 6a00 004c | 8954 2408 | 48c7 0424 | 0e02 0000 

  0x0000775f10bec410: ;   {runtime_call counter_overflow Runtime1 stub}
  0x0000775f10bec410: e86b ae12 

  0x0000775f10bec414: ; ImmutableOopMap {[224]=Oop [232]=Oop [240]=Oop [256]=Oop [280]=Oop [312]=Oop [344]=Oop [360]=Oop [368]=Oop [424]=Oop [432]=Oop [448]=Oop [496]=Oop }
                      ;*goto {reexecute=1 rethrow=0 return_oop=0}
                      ; - (reexecute) org.apache.xalan.templates.ElemApplyTemplates::transformSelectedNodes@526 (line 320)
  0x0000775f10bec414: 07e9 7196 

  0x0000775f10bec418: ;   {metadata({method} {0x00006ab1e855b330} 'transformSelectedNodes' '(Lorg/apache/xalan/transformer/TransformerImpl;)V' in 'org/apache/xalan/templates/ElemApplyTemplates')}
  0x0000775f10bec418: ffff 49ba | 30b3 55e8 | b16a 0000 | 4c89 5424 | 0848 c704 | 241b 0200 

  0x0000775f10bec430: ;   {runtime_call counter_overflow Runtime1 stub}
  0x0000775f10bec430: 00e8 4aae 

  0x0000775f10bec434: ; ImmutableOopMap {[224]=Oop [232]=Oop [240]=Oop [256]=Oop [280]=Oop [312]=Oop [344]=Oop [360]=Oop [368]=Oop [424]=Oop [432]=Oop [448]=Oop [496]=Oop }
                      ;*goto {reexecute=1 rethrow=0 return_oop=0}
                      ; - (reexecute) org.apache.xalan.templates.ElemApplyTemplates::transformSelectedNodes@539 (line 327)
  0x0000775f10bec434: 1207 e9ae 

  0x0000775f10bec438: ;   {metadata(nullptr)}
  0x0000775f10bec438: 96ff ff48 | ba00 0000 | 0000 0000 | 00b8 000f 

  0x0000775f10bec448: ;   {runtime_call load_klass_patching Runtime1 stub}
  0x0000775f10bec448: 050a e831 

  0x0000775f10bec44c: ; ImmutableOopMap {rsi=Oop rbx=Oop [224]=Oop [232]=Oop [240]=Oop [256]=Oop [280]=Oop [312]=Oop [344]=Oop [360]=Oop [368]=Oop [424]=Oop [432]=Oop [440]=Oop [576]=Oop }
                      ;*new {reexecute=1 rethrow=0 return_oop=0}
                      ; - (reexecute) org.apache.xalan.templates.ElemApplyTemplates::transformSelectedNodes@909 (line 438)
  0x0000775f10bec44c: 9c12 07e9 | 6c97 ffff 

  0x0000775f10bec454: ;   {runtime_call fast_new_instance Runtime1 stub}
  0x0000775f10bec454: 488b d2e8 

  0x0000775f10bec458: ; ImmutableOopMap {rbx=Oop r9=Oop [224]=Oop [232]=Oop [240]=Oop [256]=Oop [280]=Oop [312]=Oop [344]=Oop [360]=Oop [368]=Oop [424]=Oop [432]=Oop [440]=Oop [576]=Oop }
                      ;*new {reexecute=0 rethrow=0 return_oop=0}
                      ; - org.apache.xalan.templates.ElemApplyTemplates::transformSelectedNodes@909 (line 438)
  0x0000775f10bec458: 2459 1207 | e90d 98ff 

  0x0000775f10bec460: ;   {metadata({method} {0x00006ab1e865bd78} '<init>' '(Lorg/apache/xpath/Expression;)V' in 'org/apache/xpath/XPath')}
  0x0000775f10bec460: ff49 ba78 | bd65 e8b1 | 6a00 004c | 8954 2408 | 48c7 0424 | ffff ffff 

  0x0000775f10bec478: ;   {runtime_call counter_overflow Runtime1 stub}
  0x0000775f10bec478: e803 ae12 

  0x0000775f10bec47c: ; ImmutableOopMap {rbx=Oop r9=Oop rax=Oop rdi=Oop [224]=Oop [232]=Oop [240]=Oop [256]=Oop [280]=Oop [312]=Oop [344]=Oop [360]=Oop [368]=Oop [424]=Oop [432]=Oop [440]=Oop [568]=Oop [576]=Oop }
                      ;*synchronization entry
                      ; - org.apache.xpath.XPath::<init>@-1 (line 277)
                      ; - org.apache.xalan.templates.ElemApplyTemplates::transformSelectedNodes@917 (line 438)
  0x0000775f10bec47c: 07e9 3498 

  0x0000775f10bec480: ;   {metadata({method} {0x00006ab1f34791f0} '<init>' '()V' in 'java/lang/Object')}
  0x0000775f10bec480: ffff 49ba | f091 47f3 | b16a 0000 | 4c89 5424 | 0848 c704 | 24ff ffff 

  0x0000775f10bec498: ;   {runtime_call counter_overflow Runtime1 stub}
  0x0000775f10bec498: ffe8 e2ad 

  0x0000775f10bec49c: ; ImmutableOopMap {rbx=Oop r9=Oop rax=Oop rdi=Oop [224]=Oop [232]=Oop [240]=Oop [256]=Oop [280]=Oop [312]=Oop [344]=Oop [360]=Oop [368]=Oop [424]=Oop [432]=Oop [440]=Oop [568]=Oop [576]=Oop }
                      ;*synchronization entry
                      ; - java.lang.Object::<init>@-1 (line 45)
                      ; - org.apache.xpath.XPath::<init>@1 (line 277)
                      ; - org.apache.xalan.templates.ElemApplyTemplates::transformSelectedNodes@917 (line 438)
  0x0000775f10bec49c: 1207 e94f 

  0x0000775f10bec4a0: ;   {metadata({method} {0x00006ab1e865b6e0} 'setExpression' '(Lorg/apache/xpath/Expression;)V' in 'org/apache/xpath/XPath')}
  0x0000775f10bec4a0: 98ff ff49 | bae0 b665 | e8b1 6a00 | 004c 8954 | 2408 48c7 | 0424 ffff 

  0x0000775f10bec4b8: ;   {runtime_call counter_overflow Runtime1 stub}
  0x0000775f10bec4b8: ffff e8c1 

  0x0000775f10bec4bc: ; ImmutableOopMap {rbx=Oop r9=Oop rax=Oop rdi=Oop [224]=Oop [232]=Oop [240]=Oop [256]=Oop [280]=Oop [312]=Oop [344]=Oop [360]=Oop [368]=Oop [424]=Oop [432]=Oop [440]=Oop [568]=Oop [576]=Oop }
                      ;*synchronization entry
                      ; - org.apache.xpath.XPath::setExpression@-1 (line 99)
                      ; - org.apache.xpath.XPath::<init>@11 (line 278)
                      ; - org.apache.xalan.templates.ElemApplyTemplates::transformSelectedNodes@917 (line 438)
  0x0000775f10bec4bc: ad12 07e9 | 7b98 ffff 

  0x0000775f10bec4c4: ;   {runtime_call throw_null_pointer_exception Runtime1 stub}
  0x0000775f10bec4c4: e8b7 4f12 

  0x0000775f10bec4c8: ; ImmutableOopMap {rbx=Oop r9=Oop rax=Oop rdi=Oop rdx=Oop [224]=Oop [232]=Oop [240]=Oop [256]=Oop [280]=Oop [312]=Oop [344]=Oop [360]=Oop [368]=Oop [424]=Oop [432]=Oop [440]=Oop [568]=Oop [576]=Oop }
                      ;*invokevirtual exprGetParent {reexecute=0 rethrow=0 return_oop=0}
                      ; - org.apache.xpath.XPath::setExpression@13 (line 100)
                      ; - org.apache.xpath.XPath::<init>@11 (line 278)
                      ; - org.apache.xalan.templates.ElemApplyTemplates::transformSelectedNodes@917 (line 438)
                      ;   {runtime_call throw_null_pointer_exception Runtime1 stub}
  0x0000775f10bec4c8: 07e8 b24f 

  0x0000775f10bec4cc: ; ImmutableOopMap {rbx=Oop r9=Oop rax=Oop rdi=Oop r13=Oop [224]=Oop [232]=Oop [240]=Oop [256]=Oop [280]=Oop [312]=Oop [344]=Oop [360]=Oop [368]=Oop [424]=Oop [432]=Oop [440]=Oop [568]=Oop [576]=Oop }
                      ;*invokevirtual exprSetParent {reexecute=0 rethrow=0 return_oop=0}
                      ; - org.apache.xpath.XPath::setExpression@16 (line 100)
                      ; - org.apache.xpath.XPath::<init>@11 (line 278)
                      ; - org.apache.xalan.templates.ElemApplyTemplates::transformSelectedNodes@917 (line 438)
                      ;   {metadata({method} {0x00006ab1e84cf1c8} 'exprSetParent' '(Lorg/apache/xpath/ExpressionNode;)V' in 'org/apache/xpath/Expression')}
  0x0000775f10bec4cc: 1207 49ba | c8f1 4ce8 | b16a 0000 | 4c89 5424 | 0848 c704 | 24ff ffff 

  0x0000775f10bec4e4: ;   {runtime_call counter_overflow Runtime1 stub}
  0x0000775f10bec4e4: ffe8 96ad 

  0x0000775f10bec4e8: ; ImmutableOopMap {rbx=Oop r9=Oop rax=Oop rdi=Oop r13=Oop [224]=Oop [232]=Oop [240]=Oop [256]=Oop [280]=Oop [312]=Oop [344]=Oop [360]=Oop [368]=Oop [424]=Oop [432]=Oop [440]=Oop [568]=Oop [576]=Oop }
                      ;*synchronization entry
                      ; - org.apache.xpath.Expression::exprSetParent@-1 (line 476)
                      ; - org.apache.xpath.XPath::setExpression@16 (line 100)
                      ; - org.apache.xpath.XPath::<init>@11 (line 278)
                      ; - org.apache.xalan.templates.ElemApplyTemplates::transformSelectedNodes@917 (line 438)
  0x0000775f10bec4e8: 1207 e9d9 

  0x0000775f10bec4ec: ;   {metadata({method} {0x00006ab1e865b4a0} 'initFunctionTable' '()V' in 'org/apache/xpath/XPath')}
  0x0000775f10bec4ec: 99ff ff49 | baa0 b465 | e8b1 6a00 | 004c 8954 | 2408 48c7 | 0424 ffff 

  0x0000775f10bec504: ;   {runtime_call counter_overflow Runtime1 stub}
  0x0000775f10bec504: ffff e875 

  0x0000775f10bec508: ; ImmutableOopMap {rax=Oop [224]=Oop [232]=Oop [240]=Oop [256]=Oop [280]=Oop [312]=Oop [344]=Oop [360]=Oop [368]=Oop [424]=Oop [432]=Oop [440]=Oop [568]=Oop [576]=Oop }
                      ;*synchronization entry
                      ; - org.apache.xpath.XPath::initFunctionTable@-1 (line 62)
                      ; - org.apache.xpath.XPath::<init>@15 (line 279)
                      ; - org.apache.xalan.templates.ElemApplyTemplates::transformSelectedNodes@917 (line 438)
  0x0000775f10bec508: ad12 07e9 | 269b ffff 

  0x0000775f10bec510: ;   {runtime_call fast_new_instance Runtime1 stub}
  0x0000775f10bec510: 488b d2e8 

  0x0000775f10bec514: ; ImmutableOopMap {[224]=Oop [232]=Oop [240]=Oop [256]=Oop [280]=Oop [312]=Oop [344]=Oop [360]=Oop [368]=Oop [424]=Oop [432]=Oop [440]=Oop [568]=Oop [576]=Oop }
                      ;*new {reexecute=0 rethrow=0 return_oop=0}
                      ; - org.apache.xpath.XPath::initFunctionTable@1 (line 62)
                      ; - org.apache.xpath.XPath::<init>@15 (line 279)
                      ; - org.apache.xalan.templates.ElemApplyTemplates::transformSelectedNodes@917 (line 438)
  0x0000775f10bec514: 6858 1207 | e9c4 9bff 

  0x0000775f10bec51c: ;   {metadata(nullptr)}
  0x0000775f10bec51c: ff48 ba00 | 0000 0000 | 0000 00b8 | 000f 050a 

  0x0000775f10bec52c: ;   {runtime_call load_klass_patching Runtime1 stub}
  0x0000775f10bec52c: e84f 9b12 

  0x0000775f10bec530: ; ImmutableOopMap {[224]=Oop [232]=Oop [240]=Oop [256]=Oop [280]=Oop [312]=Oop [344]=Oop [360]=Oop [368]=Oop [424]=Oop [432]=Oop [440]=Oop [568]=Oop [576]=Oop }
                      ;*new {reexecute=1 rethrow=0 return_oop=0}
                      ; - (reexecute) org.apache.xalan.templates.ElemApplyTemplates::transformSelectedNodes@920 (line 438)
  0x0000775f10bec530: 07e9 fa9b | ffff 488b 

  0x0000775f10bec538: ;   {runtime_call fast_new_instance Runtime1 stub}
  0x0000775f10bec538: d2e8 4258 

  0x0000775f10bec53c: ; ImmutableOopMap {[224]=Oop [232]=Oop [240]=Oop [256]=Oop [280]=Oop [312]=Oop [344]=Oop [360]=Oop [368]=Oop [424]=Oop [432]=Oop [440]=Oop [568]=Oop [576]=Oop }
                      ;*new {reexecute=0 rethrow=0 return_oop=0}
                      ; - org.apache.xalan.templates.ElemApplyTemplates::transformSelectedNodes@920 (line 438)
  0x0000775f10bec53c: 1207 e9a0 

  0x0000775f10bec540: ;   {runtime_call throw_null_pointer_exception Runtime1 stub}
  0x0000775f10bec540: 9cff ffe8 

  0x0000775f10bec544: ; ImmutableOopMap {rbx=Oop [224]=Oop [232]=Oop [240]=Oop [256]=Oop [280]=Oop [312]=Oop [344]=Oop [360]=Oop [368]=Oop [424]=Oop [432]=Oop [440]=Oop [568]=Oop [576]=Oop [592]=Oop }
                      ;*invokevirtual fireSelectedEndEvent {reexecute=0 rethrow=0 return_oop=0}
                      ; - org.apache.xalan.templates.ElemApplyTemplates::transformSelectedNodes@929 (line 438)
  0x0000775f10bec544: 384f 1207 

  0x0000775f10bec548: ;   {metadata({method} {0x00006ab1e86aa268} 'popSAXLocator' '()V' in 'org/apache/xpath/XPathContext')}
  0x0000775f10bec548: 49ba 68a2 | 6ae8 b16a | 0000 4c89 | 5424 0848 | c704 24ff 

  0x0000775f10bec55c: ;   {runtime_call counter_overflow Runtime1 stub}
  0x0000775f10bec55c: ffff ffe8 

  0x0000775f10bec560: ; ImmutableOopMap {rdi=Oop [224]=Oop [232]=Oop [240]=Oop [256]=Oop [280]=Oop [312]=Oop [344]=Oop [360]=Oop [368]=Oop [424]=Oop [432]=Oop [440]=Oop }
                      ;*synchronization entry
                      ; - org.apache.xpath.XPathContext::popSAXLocator@-1 (line 434)
                      ; - org.apache.xalan.templates.ElemApplyTemplates::transformSelectedNodes@945 (line 445)
  0x0000775f10bec560: 1cad 1207 | e9ef 9dff 

  0x0000775f10bec568: ;   {runtime_call throw_null_pointer_exception Runtime1 stub}
  0x0000775f10bec568: ffe8 124f 

  0x0000775f10bec56c: ; ImmutableOopMap {rdi=Oop rsi=Oop [224]=Oop [232]=Oop [240]=Oop [256]=Oop [280]=Oop [312]=Oop [344]=Oop [360]=Oop [368]=Oop [424]=Oop [432]=Oop [440]=Oop }
                      ;*invokevirtual pop {reexecute=0 rethrow=0 return_oop=0}
                      ; - org.apache.xpath.XPathContext::popSAXLocator@4 (line 434)
                      ; - org.apache.xalan.templates.ElemApplyTemplates::transformSelectedNodes@945 (line 445)
                      ;   {metadata({method} {0x00006ab1e86aafd0} 'popContextNodeList' '()V' in 'org/apache/xpath/XPathContext')}
  0x0000775f10bec56c: 1207 49ba | d0af 6ae8 | b16a 0000 | 4c89 5424 | 0848 c704 | 24ff ffff 

  0x0000775f10bec584: ;   {runtime_call counter_overflow Runtime1 stub}
  0x0000775f10bec584: ffe8 f6ac 

  0x0000775f10bec588: ; ImmutableOopMap {rdi=Oop [224]=Oop [232]=Oop [240]=Oop [256]=Oop [280]=Oop [312]=Oop [344]=Oop [360]=Oop [368]=Oop [424]=Oop [432]=Oop [440]=Oop }
                      ;*synchronization entry
                      ; - org.apache.xpath.XPathContext::popContextNodeList@-1 (line 706)
                      ; - org.apache.xalan.templates.ElemApplyTemplates::transformSelectedNodes@954 (line 446)
  0x0000775f10bec588: 1207 e949 

  0x0000775f10bec58c: ;   {runtime_call throw_null_pointer_exception Runtime1 stub}
  0x0000775f10bec58c: 9eff ffe8 

  0x0000775f10bec590: ; ImmutableOopMap {rdi=Oop rdx=Oop [224]=Oop [232]=Oop [240]=Oop [256]=Oop [280]=Oop [312]=Oop [344]=Oop [360]=Oop [368]=Oop [424]=Oop [432]=Oop [440]=Oop }
                      ;*invokevirtual isEmpty {reexecute=0 rethrow=0 return_oop=0}
                      ; - org.apache.xpath.XPathContext::popContextNodeList@4 (line 706)
                      ; - org.apache.xalan.templates.ElemApplyTemplates::transformSelectedNodes@954 (line 446)
  0x0000775f10bec590: ec4e 1207 | 4889 5424 | 0848 8934 

  0x0000775f10bec59c: ;   {runtime_call monitorenter_nofpu Runtime1 stub}
  0x0000775f10bec59c: 24e8 de84 

  0x0000775f10bec5a0: ; ImmutableOopMap {rdi=Oop rdx=Oop [224]=Oop [232]=Oop [240]=Oop [256]=Oop [280]=Oop [312]=Oop [344]=Oop [360]=Oop [368]=Oop [424]=Oop [432]=Oop [440]=Oop [992]=Oop }
                      ;*synchronization entry
                      ; - java.util.Vector::isEmpty@-1 (line 316)
                      ; - org.apache.xpath.XPathContext::popContextNodeList@4 (line 706)
                      ; - org.apache.xalan.templates.ElemApplyTemplates::transformSelectedNodes@954 (line 446)
  0x0000775f10bec5a0: 1207 e904 

  0x0000775f10bec5a4: ;   {metadata({method} {0x00006ab1e80ff0b0} 'isEmpty' '()Z' in 'java/util/Vector')}
  0x0000775f10bec5a4: 9fff ff49 | bab0 f00f | e8b1 6a00 | 004c 8954 | 2408 48c7 | 0424 ffff 

  0x0000775f10bec5bc: ;   {runtime_call counter_overflow Runtime1 stub}
  0x0000775f10bec5bc: ffff e8bd 

  0x0000775f10bec5c0: ; ImmutableOopMap {rdi=Oop rdx=Oop [224]=Oop [232]=Oop [240]=Oop [256]=Oop [280]=Oop [312]=Oop [344]=Oop [360]=Oop [368]=Oop [424]=Oop [432]=Oop [440]=Oop [992]=Oop }
                      ;*synchronization entry
                      ; - java.util.Vector::isEmpty@-1 (line 316)
                      ; - org.apache.xpath.XPathContext::popContextNodeList@4 (line 706)
                      ; - org.apache.xalan.templates.ElemApplyTemplates::transformSelectedNodes@954 (line 446)
  0x0000775f10bec5c0: ac12 07e9 | 0a9f ffff | 488d 8424 | d803 0000 | 4889 0424 

  0x0000775f10bec5d4: ;   {runtime_call monitorexit_nofpu Runtime1 stub}
  0x0000775f10bec5d4: e8a7 8a12 | 07e9 749f 

  0x0000775f10bec5dc: ;   {runtime_call throw_null_pointer_exception Runtime1 stub}
  0x0000775f10bec5dc: ffff e89d 

  0x0000775f10bec5e0: ; ImmutableOopMap {rsi=Oop [224]=Oop [232]=Oop [240]=Oop [256]=Oop [280]=Oop [312]=Oop [344]=Oop [360]=Oop [368]=Oop [424]=Oop [432]=Oop [440]=Oop }
                      ;*invokevirtual println {reexecute=0 rethrow=0 return_oop=0}
                      ; - org.apache.xpath.XPathContext::popContextNodeList@15 (line 707)
                      ; - org.apache.xalan.templates.ElemApplyTemplates::transformSelectedNodes@954 (line 446)
                      ;   {runtime_call throw_null_pointer_exception Runtime1 stub}
  0x0000775f10bec5e0: 4e12 07e8 

  0x0000775f10bec5e4: ; ImmutableOopMap {rdi=Oop rsi=Oop [224]=Oop [232]=Oop [240]=Oop [256]=Oop [280]=Oop [312]=Oop [344]=Oop [360]=Oop [368]=Oop [424]=Oop [432]=Oop [440]=Oop }
                      ;*invokevirtual pop {reexecute=0 rethrow=0 return_oop=0}
                      ; - org.apache.xpath.XPathContext::popContextNodeList@25 (line 709)
                      ; - org.apache.xalan.templates.ElemApplyTemplates::transformSelectedNodes@954 (line 446)
  0x0000775f10bec5e4: 984e 1207 

  0x0000775f10bec5e8: ;   {metadata({method} {0x00006ab1e8655cc0} 'popElemTemplateElement' '()V' in 'org/apache/xalan/transformer/TransformerImpl')}
  0x0000775f10bec5e8: 49ba c05c | 65e8 b16a | 0000 4c89 | 5424 0848 | c704 24ff 

  0x0000775f10bec5fc: ;   {runtime_call counter_overflow Runtime1 stub}
  0x0000775f10bec5fc: ffff ffe8 

  0x0000775f10bec600: ; ImmutableOopMap {rdx=Oop [224]=Oop [232]=Oop [240]=Oop [256]=Oop [280]=Oop [312]=Oop [344]=Oop [360]=Oop [368]=Oop [424]=Oop [432]=Oop [440]=Oop }
                      ;*synchronization entry
                      ; - org.apache.xalan.transformer.TransformerImpl::popElemTemplateElement@-1 (line 2632)
                      ; - org.apache.xalan.templates.ElemApplyTemplates::transformSelectedNodes@958 (line 447)
  0x0000775f10bec600: 7cac 1207 | e9b7 a0ff 

  0x0000775f10bec608: ;   {runtime_call throw_null_pointer_exception Runtime1 stub}
  0x0000775f10bec608: ffe8 724e 

  0x0000775f10bec60c: ; ImmutableOopMap {rdx=Oop rsi=Oop [224]=Oop [232]=Oop [240]=Oop [256]=Oop [280]=Oop [312]=Oop [344]=Oop [360]=Oop [368]=Oop [424]=Oop [432]=Oop [440]=Oop }
                      ;*invokevirtual pop {reexecute=0 rethrow=0 return_oop=0}
                      ; - org.apache.xalan.transformer.TransformerImpl::popElemTemplateElement@4 (line 2632)
                      ; - org.apache.xalan.templates.ElemApplyTemplates::transformSelectedNodes@958 (line 447)
                      ;   {metadata({method} {0x00006ab1e86ac060} 'popCurrentExpressionNode' '()V' in 'org/apache/xpath/XPathContext')}
  0x0000775f10bec60c: 1207 49ba | 60c0 6ae8 | b16a 0000 | 4c89 5424 | 0848 c704 | 24ff ffff 

  0x0000775f10bec624: ;   {runtime_call counter_overflow Runtime1 stub}
  0x0000775f10bec624: ffe8 56ac 

  0x0000775f10bec628: ; ImmutableOopMap {[224]=Oop [232]=Oop [240]=Oop [256]=Oop [280]=Oop [312]=Oop [344]=Oop [360]=Oop [368]=Oop [424]=Oop [432]=Oop [440]=Oop }
                      ;*synchronization entry
                      ; - org.apache.xpath.XPathContext::popCurrentExpressionNode@-1 (line 908)
                      ; - org.apache.xalan.templates.ElemApplyTemplates::transformSelectedNodes@962 (line 448)
  0x0000775f10bec628: 1207 e9fe 

  0x0000775f10bec62c: ;   {runtime_call throw_null_pointer_exception Runtime1 stub}
  0x0000775f10bec62c: a0ff ffe8 

  0x0000775f10bec630: ; ImmutableOopMap {rdi=Oop rsi=Oop [224]=Oop [232]=Oop [240]=Oop [256]=Oop [280]=Oop [312]=Oop [344]=Oop [360]=Oop [368]=Oop [424]=Oop [432]=Oop [440]=Oop }
                      ;*invokevirtual quickPop {reexecute=0 rethrow=0 return_oop=0}
                      ; - org.apache.xpath.XPathContext::popCurrentExpressionNode@5 (line 908)
                      ; - org.apache.xalan.templates.ElemApplyTemplates::transformSelectedNodes@962 (line 448)
  0x0000775f10bec630: 4c4e 1207 

  0x0000775f10bec634: ;   {metadata({method} {0x00006ab1e8648728} 'quickPop' '(I)V' in 'org/apache/xml/utils/IntStack')}
  0x0000775f10bec634: 49ba 2887 | 64e8 b16a | 0000 4c89 | 5424 0848 | c704 24ff 

  0x0000775f10bec648: ;   {runtime_call counter_overflow Runtime1 stub}
  0x0000775f10bec648: ffff ffe8 

  0x0000775f10bec64c: ; ImmutableOopMap {rdi=Oop rsi=Oop [224]=Oop [232]=Oop [240]=Oop [256]=Oop [280]=Oop [312]=Oop [344]=Oop [360]=Oop [368]=Oop [424]=Oop [432]=Oop [440]=Oop }
                      ;*synchronization entry
                      ; - org.apache.xml.utils.IntStack::quickPop@-1 (line 110)
                      ; - org.apache.xpath.XPathContext::popCurrentExpressionNode@5 (line 908)
                      ; - org.apache.xalan.templates.ElemApplyTemplates::transformSelectedNodes@962 (line 448)
  0x0000775f10bec64c: 30ac 1207 | e921 a1ff 

  0x0000775f10bec654: ;   {metadata({method} {0x00006ab1e86ab680} 'popCurrentNode' '()V' in 'org/apache/xpath/XPathContext')}
  0x0000775f10bec654: ff49 ba80 | b66a e8b1 | 6a00 004c | 8954 2408 | 48c7 0424 | ffff ffff 

  0x0000775f10bec66c: ;   {runtime_call counter_overflow Runtime1 stub}
  0x0000775f10bec66c: e80f ac12 

  0x0000775f10bec670: ; ImmutableOopMap {rdi=Oop [224]=Oop [232]=Oop [240]=Oop [256]=Oop [280]=Oop [312]=Oop [344]=Oop [360]=Oop [368]=Oop [424]=Oop [432]=Oop [440]=Oop }
                      ;*synchronization entry
                      ; - org.apache.xpath.XPathContext::popCurrentNode@-1 (line 801)
                      ; - org.apache.xalan.templates.ElemApplyTemplates::transformSelectedNodes@966 (line 449)
  0x0000775f10bec670: 07e9 44a1 

  0x0000775f10bec674: ;   {runtime_call throw_null_pointer_exception Runtime1 stub}
  0x0000775f10bec674: ffff e805 

  0x0000775f10bec678: ; ImmutableOopMap {rdi=Oop rsi=Oop [224]=Oop [232]=Oop [240]=Oop [256]=Oop [280]=Oop [312]=Oop [344]=Oop [360]=Oop [368]=Oop [424]=Oop [432]=Oop [440]=Oop }
                      ;*invokevirtual quickPop {reexecute=0 rethrow=0 return_oop=0}
                      ; - org.apache.xpath.XPathContext::popCurrentNode@5 (line 801)
                      ; - org.apache.xalan.templates.ElemApplyTemplates::transformSelectedNodes@966 (line 449)
                      ;   {metadata({method} {0x00006ab1e8648728} 'quickPop' '(I)V' in 'org/apache/xml/utils/IntStack')}
  0x0000775f10bec678: 4e12 0749 | ba28 8764 | e8b1 6a00 | 004c 8954 | 2408 48c7 | 0424 ffff 

  0x0000775f10bec690: ;   {runtime_call counter_overflow Runtime1 stub}
  0x0000775f10bec690: ffff e8e9 

  0x0000775f10bec694: ; ImmutableOopMap {rdi=Oop rsi=Oop [224]=Oop [232]=Oop [240]=Oop [256]=Oop [280]=Oop [312]=Oop [344]=Oop [360]=Oop [368]=Oop [424]=Oop [432]=Oop [440]=Oop }
                      ;*synchronization entry
                      ; - org.apache.xml.utils.IntStack::quickPop@-1 (line 110)
                      ; - org.apache.xpath.XPathContext::popCurrentNode@5 (line 801)
                      ; - org.apache.xalan.templates.ElemApplyTemplates::transformSelectedNodes@966 (line 449)
  0x0000775f10bec694: ab12 07e9 | 5fa1 ffff 

  0x0000775f10bec69c: ;   {runtime_call fast_new_instance Runtime1 stub}
  0x0000775f10bec69c: 488b d2e8 

  0x0000775f10bec6a0: ; ImmutableOopMap {rbx=Oop r8=Oop [224]=Oop [232]=Oop [240]=Oop [256]=Oop [280]=Oop [312]=Oop [344]=Oop [360]=Oop [368]=Oop [424]=Oop [432]=Oop [448]=Oop [504]=Oop [544]=Oop }
                      ;*new {reexecute=0 rethrow=0 return_oop=0}
                      ; - org.apache.xalan.templates.ElemApplyTemplates::transformSelectedNodes@864 (line 433)
  0x0000775f10bec6a0: dc56 1207 | e922 a3ff 

  0x0000775f10bec6a8: ;   {runtime_call throw_null_pointer_exception Runtime1 stub}
  0x0000775f10bec6a8: ffe8 d24d 

  0x0000775f10bec6ac: ; ImmutableOopMap {r8=Oop [224]=Oop [232]=Oop [240]=Oop [256]=Oop [280]=Oop [312]=Oop [344]=Oop [360]=Oop [368]=Oop [424]=Oop [432]=Oop [448]=Oop [504]=Oop [544]=Oop [608]=Oop }
                      ;*invokeinterface fatalError {reexecute=0 rethrow=0 return_oop=0}
                      ; - org.apache.xalan.templates.ElemApplyTemplates::transformSelectedNodes@873 (line 433)
                      ;   {metadata(nullptr)}
  0x0000775f10bec6ac: 1207 48ba | 0000 0000 | 0000 0000 | b800 0f05 

  0x0000775f10bec6bc: ;   {runtime_call load_klass_patching Runtime1 stub}
  0x0000775f10bec6bc: 0ae8 be99 

  0x0000775f10bec6c0: ; ImmutableOopMap {rsi=Oop rbx=Oop [224]=Oop [232]=Oop [240]=Oop [256]=Oop [280]=Oop [312]=Oop [344]=Oop [360]=Oop [368]=Oop [424]=Oop [432]=Oop [448]=Oop [504]=Oop [544]=Oop }
                      ;*new {reexecute=1 rethrow=0 return_oop=0}
                      ; - (reexecute) org.apache.xalan.templates.ElemApplyTemplates::transformSelectedNodes@909 (line 438)
  0x0000775f10bec6c0: 1207 e989 | a4ff ff48 

  0x0000775f10bec6c8: ;   {runtime_call fast_new_instance Runtime1 stub}
  0x0000775f10bec6c8: 8bd2 e8b1 

  0x0000775f10bec6cc: ; ImmutableOopMap {rbx=Oop r9=Oop [224]=Oop [232]=Oop [240]=Oop [256]=Oop [280]=Oop [312]=Oop [344]=Oop [360]=Oop [368]=Oop [424]=Oop [432]=Oop [448]=Oop [504]=Oop [544]=Oop }
                      ;*new {reexecute=0 rethrow=0 return_oop=0}
                      ; - org.apache.xalan.templates.ElemApplyTemplates::transformSelectedNodes@909 (line 438)
  0x0000775f10bec6cc: 5612 07e9 | 2aa5 ffff 

  0x0000775f10bec6d4: ;   {metadata({method} {0x00006ab1e865bd78} '<init>' '(Lorg/apache/xpath/Expression;)V' in 'org/apache/xpath/XPath')}
  0x0000775f10bec6d4: 49ba 78bd | 65e8 b16a | 0000 4c89 | 5424 0848 | c704 24ff 

  0x0000775f10bec6e8: ;   {runtime_call counter_overflow Runtime1 stub}
  0x0000775f10bec6e8: ffff ffe8 

  0x0000775f10bec6ec: ; ImmutableOopMap {rbx=Oop r9=Oop rax=Oop rdx=Oop [224]=Oop [232]=Oop [240]=Oop [256]=Oop [280]=Oop [312]=Oop [344]=Oop [360]=Oop [368]=Oop [424]=Oop [432]=Oop [448]=Oop [504]=Oop [544]=Oop [616]=Oop }
                      ;*synchronization entry
                      ; - org.apache.xpath.XPath::<init>@-1 (line 277)
                      ; - org.apache.xalan.templates.ElemApplyTemplates::transformSelectedNodes@917 (line 438)
  0x0000775f10bec6ec: 90ab 1207 | e951 a5ff 

  0x0000775f10bec6f4: ;   {metadata({method} {0x00006ab1f34791f0} '<init>' '()V' in 'java/lang/Object')}
  0x0000775f10bec6f4: ff49 baf0 | 9147 f3b1 | 6a00 004c | 8954 2408 | 48c7 0424 | ffff ffff 

  0x0000775f10bec70c: ;   {runtime_call counter_overflow Runtime1 stub}
  0x0000775f10bec70c: e86f ab12 

  0x0000775f10bec710: ; ImmutableOopMap {rbx=Oop r9=Oop rax=Oop rdx=Oop [224]=Oop [232]=Oop [240]=Oop [256]=Oop [280]=Oop [312]=Oop [344]=Oop [360]=Oop [368]=Oop [424]=Oop [432]=Oop [448]=Oop [504]=Oop [544]=Oop [616]=Oop }
                      ;*synchronization entry
                      ; - java.lang.Object::<init>@-1 (line 45)
                      ; - org.apache.xpath.XPath::<init>@1 (line 277)
                      ; - org.apache.xalan.templates.ElemApplyTemplates::transformSelectedNodes@917 (line 438)
  0x0000775f10bec710: 07e9 6ca5 

  0x0000775f10bec714: ;   {metadata({method} {0x00006ab1e865b4a0} 'initFunctionTable' '()V' in 'org/apache/xpath/XPath')}
  0x0000775f10bec714: ffff 49ba | a0b4 65e8 | b16a 0000 | 4c89 5424 | 0848 c704 | 24ff ffff 

  0x0000775f10bec72c: ;   {runtime_call counter_overflow Runtime1 stub}
  0x0000775f10bec72c: ffe8 4eab 

  0x0000775f10bec730: ; ImmutableOopMap {[224]=Oop [232]=Oop [240]=Oop [256]=Oop [280]=Oop [312]=Oop [344]=Oop [360]=Oop [368]=Oop [424]=Oop [432]=Oop [448]=Oop [504]=Oop [544]=Oop [616]=Oop [624]=Oop }
                      ;*synchronization entry
                      ; - org.apache.xpath.XPath::initFunctionTable@-1 (line 62)
                      ; - org.apache.xpath.XPath::<init>@15 (line 279)
                      ; - org.apache.xalan.templates.ElemApplyTemplates::transformSelectedNodes@917 (line 438)
  0x0000775f10bec730: 1207 e9ce | a5ff ff48 

  0x0000775f10bec738: ;   {runtime_call fast_new_instance Runtime1 stub}
  0x0000775f10bec738: 8bd2 e841 

  0x0000775f10bec73c: ; ImmutableOopMap {[224]=Oop [232]=Oop [240]=Oop [256]=Oop [280]=Oop [312]=Oop [344]=Oop [360]=Oop [368]=Oop [424]=Oop [432]=Oop [448]=Oop [504]=Oop [544]=Oop [616]=Oop [624]=Oop }
                      ;*new {reexecute=0 rethrow=0 return_oop=0}
                      ; - org.apache.xpath.XPath::initFunctionTable@1 (line 62)
                      ; - org.apache.xpath.XPath::<init>@15 (line 279)
                      ; - org.apache.xalan.templates.ElemApplyTemplates::transformSelectedNodes@917 (line 438)
  0x0000775f10bec73c: 5612 07e9 | 6ca6 ffff 

  0x0000775f10bec744: ;   {metadata(nullptr)}
  0x0000775f10bec744: 48ba 0000 | 0000 0000 | 0000 b800 

  0x0000775f10bec750: ;   {runtime_call load_klass_patching Runtime1 stub}
  0x0000775f10bec750: 0f05 0ae8 

  0x0000775f10bec754: ; ImmutableOopMap {rbx=Oop [224]=Oop [232]=Oop [240]=Oop [256]=Oop [280]=Oop [312]=Oop [344]=Oop [360]=Oop [368]=Oop [424]=Oop [432]=Oop [448]=Oop [504]=Oop [544]=Oop [616]=Oop [624]=Oop }
                      ;*new {reexecute=1 rethrow=0 return_oop=0}
                      ; - (reexecute) org.apache.xalan.templates.ElemApplyTemplates::transformSelectedNodes@920 (line 438)
  0x0000775f10bec754: 2899 1207 | e9a3 a6ff | ff48 8bd2 

  0x0000775f10bec760: ;   {runtime_call fast_new_instance Runtime1 stub}
  0x0000775f10bec760: e81b 5612 

  0x0000775f10bec764: ; ImmutableOopMap {rbx=Oop [224]=Oop [232]=Oop [240]=Oop [256]=Oop [280]=Oop [312]=Oop [344]=Oop [360]=Oop [368]=Oop [424]=Oop [432]=Oop [448]=Oop [504]=Oop [544]=Oop [616]=Oop [624]=Oop }
                      ;*new {reexecute=0 rethrow=0 return_oop=0}
                      ; - org.apache.xalan.templates.ElemApplyTemplates::transformSelectedNodes@920 (line 438)
  0x0000775f10bec764: 07e9 49a7 

  0x0000775f10bec768: ;   {runtime_call throw_null_pointer_exception Runtime1 stub}
  0x0000775f10bec768: ffff e811 

  0x0000775f10bec76c: ; ImmutableOopMap {rbx=Oop [224]=Oop [232]=Oop [240]=Oop [256]=Oop [280]=Oop [312]=Oop [344]=Oop [360]=Oop [368]=Oop [424]=Oop [432]=Oop [448]=Oop [504]=Oop [544]=Oop [616]=Oop [640]=Oop }
                      ;*invokevirtual fireSelectedEndEvent {reexecute=0 rethrow=0 return_oop=0}
                      ; - org.apache.xalan.templates.ElemApplyTemplates::transformSelectedNodes@929 (line 438)
                      ;   {metadata({method} {0x00006ab1e86aa268} 'popSAXLocator' '()V' in 'org/apache/xpath/XPathContext')}
  0x0000775f10bec76c: 4d12 0749 | ba68 a26a | e8b1 6a00 | 004c 8954 | 2408 48c7 | 0424 ffff 

  0x0000775f10bec784: ;   {runtime_call counter_overflow Runtime1 stub}
  0x0000775f10bec784: ffff e8f5 

  0x0000775f10bec788: ; ImmutableOopMap {rdi=Oop [224]=Oop [232]=Oop [240]=Oop [256]=Oop [280]=Oop [312]=Oop [344]=Oop [360]=Oop [368]=Oop [424]=Oop [432]=Oop [448]=Oop [504]=Oop [544]=Oop }
                      ;*synchronization entry
                      ; - org.apache.xpath.XPathContext::popSAXLocator@-1 (line 434)
                      ; - org.apache.xalan.templates.ElemApplyTemplates::transformSelectedNodes@945 (line 445)
  0x0000775f10bec788: aa12 07e9 | 98a8 ffff 

  0x0000775f10bec790: ;   {runtime_call throw_null_pointer_exception Runtime1 stub}
  0x0000775f10bec790: e8eb 4c12 

  0x0000775f10bec794: ; ImmutableOopMap {rdi=Oop rsi=Oop [224]=Oop [232]=Oop [240]=Oop [256]=Oop [280]=Oop [312]=Oop [344]=Oop [360]=Oop [368]=Oop [424]=Oop [432]=Oop [448]=Oop [504]=Oop [544]=Oop }
                      ;*invokevirtual pop {reexecute=0 rethrow=0 return_oop=0}
                      ; - org.apache.xpath.XPathContext::popSAXLocator@4 (line 434)
                      ; - org.apache.xalan.templates.ElemApplyTemplates::transformSelectedNodes@945 (line 445)
                      ;   {metadata({method} {0x00006ab1e8655cc0} 'popElemTemplateElement' '()V' in 'org/apache/xalan/transformer/TransformerImpl')}
  0x0000775f10bec794: 0749 bac0 | 5c65 e8b1 | 6a00 004c | 8954 2408 | 48c7 0424 | ffff ffff 

  0x0000775f10bec7ac: ;   {runtime_call counter_overflow Runtime1 stub}
  0x0000775f10bec7ac: e8cf aa12 

  0x0000775f10bec7b0: ; ImmutableOopMap {rdx=Oop [224]=Oop [232]=Oop [240]=Oop [256]=Oop [280]=Oop [312]=Oop [344]=Oop [360]=Oop [368]=Oop [424]=Oop [432]=Oop [448]=Oop [504]=Oop [544]=Oop }
                      ;*synchronization entry
                      ; - org.apache.xalan.transformer.TransformerImpl::popElemTemplateElement@-1 (line 2632)
                      ; - org.apache.xalan.templates.ElemApplyTemplates::transformSelectedNodes@958 (line 447)
  0x0000775f10bec7b0: 07e9 22a9 

  0x0000775f10bec7b4: ;   {runtime_call throw_null_pointer_exception Runtime1 stub}
  0x0000775f10bec7b4: ffff e8c5 

  0x0000775f10bec7b8: ; ImmutableOopMap {rdx=Oop rsi=Oop [224]=Oop [232]=Oop [240]=Oop [256]=Oop [280]=Oop [312]=Oop [344]=Oop [360]=Oop [368]=Oop [424]=Oop [432]=Oop [448]=Oop [504]=Oop [544]=Oop }
                      ;*invokevirtual pop {reexecute=0 rethrow=0 return_oop=0}
                      ; - org.apache.xalan.transformer.TransformerImpl::popElemTemplateElement@4 (line 2632)
                      ; - org.apache.xalan.templates.ElemApplyTemplates::transformSelectedNodes@958 (line 447)
                      ;   {metadata({method} {0x00006ab1e86ac060} 'popCurrentExpressionNode' '()V' in 'org/apache/xpath/XPathContext')}
  0x0000775f10bec7b8: 4c12 0749 | ba60 c06a | e8b1 6a00 | 004c 8954 | 2408 48c7 | 0424 ffff 

  0x0000775f10bec7d0: ;   {runtime_call counter_overflow Runtime1 stub}
  0x0000775f10bec7d0: ffff e8a9 

  0x0000775f10bec7d4: ; ImmutableOopMap {[224]=Oop [232]=Oop [240]=Oop [256]=Oop [280]=Oop [312]=Oop [344]=Oop [360]=Oop [368]=Oop [424]=Oop [432]=Oop [448]=Oop [504]=Oop [544]=Oop }
                      ;*synchronization entry
                      ; - org.apache.xpath.XPathContext::popCurrentExpressionNode@-1 (line 908)
                      ; - org.apache.xalan.templates.ElemApplyTemplates::transformSelectedNodes@962 (line 448)
  0x0000775f10bec7d4: aa12 07e9 | 69a9 ffff 

  0x0000775f10bec7dc: ;   {runtime_call throw_null_pointer_exception Runtime1 stub}
  0x0000775f10bec7dc: e89f 4c12 

  0x0000775f10bec7e0: ; ImmutableOopMap {rdi=Oop rsi=Oop [224]=Oop [232]=Oop [240]=Oop [256]=Oop [280]=Oop [312]=Oop [344]=Oop [360]=Oop [368]=Oop [424]=Oop [432]=Oop [448]=Oop [504]=Oop [544]=Oop }
                      ;*invokevirtual quickPop {reexecute=0 rethrow=0 return_oop=0}
                      ; - org.apache.xpath.XPathContext::popCurrentExpressionNode@5 (line 908)
                      ; - org.apache.xalan.templates.ElemApplyTemplates::transformSelectedNodes@962 (line 448)
                      ;   {metadata({method} {0x00006ab1e8648728} 'quickPop' '(I)V' in 'org/apache/xml/utils/IntStack')}
  0x0000775f10bec7e0: 0749 ba28 | 8764 e8b1 | 6a00 004c | 8954 2408 | 48c7 0424 | ffff ffff 

  0x0000775f10bec7f8: ;   {runtime_call counter_overflow Runtime1 stub}
  0x0000775f10bec7f8: e883 aa12 

  0x0000775f10bec7fc: ; ImmutableOopMap {rdi=Oop rsi=Oop [224]=Oop [232]=Oop [240]=Oop [256]=Oop [280]=Oop [312]=Oop [344]=Oop [360]=Oop [368]=Oop [424]=Oop [432]=Oop [448]=Oop [504]=Oop [544]=Oop }
                      ;*synchronization entry
                      ; - org.apache.xml.utils.IntStack::quickPop@-1 (line 110)
                      ; - org.apache.xpath.XPathContext::popCurrentExpressionNode@5 (line 908)
                      ; - org.apache.xalan.templates.ElemApplyTemplates::transformSelectedNodes@962 (line 448)
  0x0000775f10bec7fc: 07e9 8ca9 

  0x0000775f10bec800: ;   {metadata({method} {0x00006ab1e86ab680} 'popCurrentNode' '()V' in 'org/apache/xpath/XPathContext')}
  0x0000775f10bec800: ffff 49ba | 80b6 6ae8 | b16a 0000 | 4c89 5424 | 0848 c704 | 24ff ffff 

  0x0000775f10bec818: ;   {runtime_call counter_overflow Runtime1 stub}
  0x0000775f10bec818: ffe8 62aa 

  0x0000775f10bec81c: ; ImmutableOopMap {rdi=Oop [224]=Oop [232]=Oop [240]=Oop [256]=Oop [280]=Oop [312]=Oop [344]=Oop [360]=Oop [368]=Oop [424]=Oop [432]=Oop [448]=Oop [504]=Oop [544]=Oop }
                      ;*synchronization entry
                      ; - org.apache.xpath.XPathContext::popCurrentNode@-1 (line 801)
                      ; - org.apache.xalan.templates.ElemApplyTemplates::transformSelectedNodes@966 (line 449)
  0x0000775f10bec81c: 1207 e9af 

  0x0000775f10bec820: ;   {runtime_call throw_null_pointer_exception Runtime1 stub}
  0x0000775f10bec820: a9ff ffe8 

  0x0000775f10bec824: ; ImmutableOopMap {rdi=Oop rsi=Oop [224]=Oop [232]=Oop [240]=Oop [256]=Oop [280]=Oop [312]=Oop [344]=Oop [360]=Oop [368]=Oop [424]=Oop [432]=Oop [448]=Oop [504]=Oop [544]=Oop }
                      ;*invokevirtual quickPop {reexecute=0 rethrow=0 return_oop=0}
                      ; - org.apache.xpath.XPathContext::popCurrentNode@5 (line 801)
                      ; - org.apache.xalan.templates.ElemApplyTemplates::transformSelectedNodes@966 (line 449)
  0x0000775f10bec824: 584c 1207 

  0x0000775f10bec828: ;   {metadata({method} {0x00006ab1e8648728} 'quickPop' '(I)V' in 'org/apache/xml/utils/IntStack')}
  0x0000775f10bec828: 49ba 2887 | 64e8 b16a | 0000 4c89 | 5424 0848 | c704 24ff 

  0x0000775f10bec83c: ;   {runtime_call counter_overflow Runtime1 stub}
  0x0000775f10bec83c: ffff ffe8 

  0x0000775f10bec840: ; ImmutableOopMap {rdi=Oop rsi=Oop [224]=Oop [232]=Oop [240]=Oop [256]=Oop [280]=Oop [312]=Oop [344]=Oop [360]=Oop [368]=Oop [424]=Oop [432]=Oop [448]=Oop [504]=Oop [544]=Oop }
                      ;*synchronization entry
                      ; - org.apache.xml.utils.IntStack::quickPop@-1 (line 110)
                      ; - org.apache.xpath.XPathContext::popCurrentNode@5 (line 801)
                      ; - org.apache.xalan.templates.ElemApplyTemplates::transformSelectedNodes@966 (line 449)
  0x0000775f10bec840: 3caa 1207 | e9ca a9ff 

  0x0000775f10bec848: ;   {metadata(nullptr)}
  0x0000775f10bec848: ff48 ba00 | 0000 0000 | 0000 00b8 | 000f 050a 

  0x0000775f10bec858: ;   {runtime_call load_klass_patching Runtime1 stub}
  0x0000775f10bec858: e823 9812 

  0x0000775f10bec85c: ; ImmutableOopMap {rsi=Oop rbx=Oop [224]=Oop [232]=Oop [240]=Oop [256]=Oop [280]=Oop [312]=Oop [344]=Oop [360]=Oop [368]=Oop [424]=Oop [432]=Oop [448]=Oop [504]=Oop [544]=Oop [664]=Oop }
                      ;*new {reexecute=1 rethrow=0 return_oop=0}
                      ; - (reexecute) org.apache.xalan.templates.ElemApplyTemplates::transformSelectedNodes@909 (line 438)
  0x0000775f10bec85c: 07e9 26ab | ffff 488b 

  0x0000775f10bec864: ;   {runtime_call fast_new_instance Runtime1 stub}
  0x0000775f10bec864: d2e8 1655 

  0x0000775f10bec868: ; ImmutableOopMap {rbx=Oop r9=Oop [224]=Oop [232]=Oop [240]=Oop [256]=Oop [280]=Oop [312]=Oop [344]=Oop [360]=Oop [368]=Oop [424]=Oop [432]=Oop [448]=Oop [504]=Oop [544]=Oop [664]=Oop }
                      ;*new {reexecute=0 rethrow=0 return_oop=0}
                      ; - org.apache.xalan.templates.ElemApplyTemplates::transformSelectedNodes@909 (line 438)
  0x0000775f10bec868: 1207 e9c7 

  0x0000775f10bec86c: ;   {metadata({method} {0x00006ab1e865bd78} '<init>' '(Lorg/apache/xpath/Expression;)V' in 'org/apache/xpath/XPath')}
  0x0000775f10bec86c: abff ff49 | ba78 bd65 | e8b1 6a00 | 004c 8954 | 2408 48c7 | 0424 ffff 

  0x0000775f10bec884: ;   {runtime_call counter_overflow Runtime1 stub}
  0x0000775f10bec884: ffff e8f5 

  0x0000775f10bec888: ; ImmutableOopMap {rbx=Oop r9=Oop rax=Oop rdx=Oop [224]=Oop [232]=Oop [240]=Oop [256]=Oop [280]=Oop [312]=Oop [344]=Oop [360]=Oop [368]=Oop [424]=Oop [432]=Oop [448]=Oop [504]=Oop [544]=Oop [648]=Oop [664]=Oop }
                      ;*synchronization entry
                      ; - org.apache.xpath.XPath::<init>@-1 (line 277)
                      ; - org.apache.xalan.templates.ElemApplyTemplates::transformSelectedNodes@917 (line 438)
  0x0000775f10bec888: a912 07e9 | eeab ffff 

  0x0000775f10bec890: ;   {metadata({method} {0x00006ab1f34791f0} '<init>' '()V' in 'java/lang/Object')}
  0x0000775f10bec890: 49ba f091 | 47f3 b16a | 0000 4c89 | 5424 0848 | c704 24ff 

  0x0000775f10bec8a4: ;   {runtime_call counter_overflow Runtime1 stub}
  0x0000775f10bec8a4: ffff ffe8 

  0x0000775f10bec8a8: ; ImmutableOopMap {rbx=Oop r9=Oop rax=Oop rdx=Oop [224]=Oop [232]=Oop [240]=Oop [256]=Oop [280]=Oop [312]=Oop [344]=Oop [360]=Oop [368]=Oop [424]=Oop [432]=Oop [448]=Oop [504]=Oop [544]=Oop [648]=Oop [664]=Oop }
                      ;*synchronization entry
                      ; - java.lang.Object::<init>@-1 (line 45)
                      ; - org.apache.xpath.XPath::<init>@1 (line 277)
                      ; - org.apache.xalan.templates.ElemApplyTemplates::transformSelectedNodes@917 (line 438)
  0x0000775f10bec8a8: d4a9 1207 | e909 acff 

  0x0000775f10bec8b0: ;   {metadata({method} {0x00006ab1e865b4a0} 'initFunctionTable' '()V' in 'org/apache/xpath/XPath')}
  0x0000775f10bec8b0: ff49 baa0 | b465 e8b1 | 6a00 004c | 8954 2408 | 48c7 0424 | ffff ffff 

  0x0000775f10bec8c8: ;   {runtime_call counter_overflow Runtime1 stub}
  0x0000775f10bec8c8: e8b3 a912 

  0x0000775f10bec8cc: ; ImmutableOopMap {[224]=Oop [232]=Oop [240]=Oop [256]=Oop [280]=Oop [312]=Oop [344]=Oop [360]=Oop [368]=Oop [424]=Oop [432]=Oop [448]=Oop [504]=Oop [544]=Oop [648]=Oop [656]=Oop [664]=Oop }
                      ;*synchronization entry
                      ; - org.apache.xpath.XPath::initFunctionTable@-1 (line 62)
                      ; - org.apache.xpath.XPath::<init>@15 (line 279)
                      ; - org.apache.xalan.templates.ElemApplyTemplates::transformSelectedNodes@917 (line 438)
  0x0000775f10bec8cc: 07e9 6bac | ffff 488b 

  0x0000775f10bec8d4: ;   {runtime_call fast_new_instance Runtime1 stub}
  0x0000775f10bec8d4: d2e8 a654 

  0x0000775f10bec8d8: ; ImmutableOopMap {[224]=Oop [232]=Oop [240]=Oop [256]=Oop [280]=Oop [312]=Oop [344]=Oop [360]=Oop [368]=Oop [424]=Oop [432]=Oop [448]=Oop [504]=Oop [544]=Oop [648]=Oop [656]=Oop [664]=Oop }
                      ;*new {reexecute=0 rethrow=0 return_oop=0}
                      ; - org.apache.xpath.XPath::initFunctionTable@1 (line 62)
                      ; - org.apache.xpath.XPath::<init>@15 (line 279)
                      ; - org.apache.xalan.templates.ElemApplyTemplates::transformSelectedNodes@917 (line 438)
  0x0000775f10bec8d8: 1207 e909 

  0x0000775f10bec8dc: ;   {metadata(nullptr)}
  0x0000775f10bec8dc: adff ff48 | ba00 0000 | 0000 0000 | 00b8 000f 

  0x0000775f10bec8ec: ;   {runtime_call load_klass_patching Runtime1 stub}
  0x0000775f10bec8ec: 050a e88d 

  0x0000775f10bec8f0: ; ImmutableOopMap {rbx=Oop [224]=Oop [232]=Oop [240]=Oop [256]=Oop [280]=Oop [312]=Oop [344]=Oop [360]=Oop [368]=Oop [424]=Oop [432]=Oop [448]=Oop [504]=Oop [544]=Oop [648]=Oop [656]=Oop [664]=Oop }
                      ;*new {reexecute=1 rethrow=0 return_oop=0}
                      ; - (reexecute) org.apache.xalan.templates.ElemApplyTemplates::transformSelectedNodes@920 (line 438)
  0x0000775f10bec8f0: 9712 07e9 | 40ad ffff 

  0x0000775f10bec8f8: ;   {runtime_call fast_new_instance Runtime1 stub}
  0x0000775f10bec8f8: 488b d2e8 

  0x0000775f10bec8fc: ; ImmutableOopMap {rbx=Oop [224]=Oop [232]=Oop [240]=Oop [256]=Oop [280]=Oop [312]=Oop [344]=Oop [360]=Oop [368]=Oop [424]=Oop [432]=Oop [448]=Oop [504]=Oop [544]=Oop [648]=Oop [656]=Oop [664]=Oop }
                      ;*new {reexecute=0 rethrow=0 return_oop=0}
                      ; - org.apache.xalan.templates.ElemApplyTemplates::transformSelectedNodes@920 (line 438)
  0x0000775f10bec8fc: 8054 1207 | e9e6 adff 

  0x0000775f10bec904: ;   {runtime_call throw_null_pointer_exception Runtime1 stub}
  0x0000775f10bec904: ffe8 764b 

  0x0000775f10bec908: ; ImmutableOopMap {rbx=Oop [224]=Oop [232]=Oop [240]=Oop [256]=Oop [280]=Oop [312]=Oop [344]=Oop [360]=Oop [368]=Oop [424]=Oop [432]=Oop [448]=Oop [504]=Oop [544]=Oop [648]=Oop [664]=Oop [680]=Oop }
                      ;*invokevirtual fireSelectedEndEvent {reexecute=0 rethrow=0 return_oop=0}
                      ; - org.apache.xalan.templates.ElemApplyTemplates::transformSelectedNodes@929 (line 438)
                      ;   {metadata({method} {0x00006ab1e86aa268} 'popSAXLocator' '()V' in 'org/apache/xpath/XPathContext')}
  0x0000775f10bec908: 1207 49ba | 68a2 6ae8 | b16a 0000 | 4c89 5424 | 0848 c704 | 24ff ffff 

  0x0000775f10bec920: ;   {runtime_call counter_overflow Runtime1 stub}
  0x0000775f10bec920: ffe8 5aa9 

  0x0000775f10bec924: ; ImmutableOopMap {rdi=Oop [224]=Oop [232]=Oop [240]=Oop [256]=Oop [280]=Oop [312]=Oop [344]=Oop [360]=Oop [368]=Oop [424]=Oop [432]=Oop [448]=Oop [504]=Oop [544]=Oop [664]=Oop }
                      ;*synchronization entry
                      ; - org.apache.xpath.XPathContext::popSAXLocator@-1 (line 434)
                      ; - org.apache.xalan.templates.ElemApplyTemplates::transformSelectedNodes@945 (line 445)
  0x0000775f10bec924: 1207 e935 

  0x0000775f10bec928: ;   {runtime_call throw_null_pointer_exception Runtime1 stub}
  0x0000775f10bec928: afff ffe8 

  0x0000775f10bec92c: ; ImmutableOopMap {rdi=Oop rsi=Oop [224]=Oop [232]=Oop [240]=Oop [256]=Oop [280]=Oop [312]=Oop [344]=Oop [360]=Oop [368]=Oop [424]=Oop [432]=Oop [448]=Oop [504]=Oop [544]=Oop [664]=Oop }
                      ;*invokevirtual pop {reexecute=0 rethrow=0 return_oop=0}
                      ; - org.apache.xpath.XPathContext::popSAXLocator@4 (line 434)
                      ; - org.apache.xalan.templates.ElemApplyTemplates::transformSelectedNodes@945 (line 445)
  0x0000775f10bec92c: 504b 1207 

  0x0000775f10bec930: ;   {internal_word}
  0x0000775f10bec930: 49ba 2179 | be10 5f77 | 0000 4d89 | 9780 0700 

  0x0000775f10bec940: ;   {runtime_call SafepointBlob}
  0x0000775f10bec940: 00e9 baea 

  0x0000775f10bec944: ;   {internal_word}
  0x0000775f10bec944: 0707 49ba | 4779 be10 | 5f77 0000 | 4d89 9780 

  0x0000775f10bec954: ;   {runtime_call SafepointBlob}
  0x0000775f10bec954: 0700 00e9 | a4ea 0707 

  0x0000775f10bec95c: ;   {metadata({method} {0x00006ab1e8655cc0} 'popElemTemplateElement' '()V' in 'org/apache/xalan/transformer/TransformerImpl')}
  0x0000775f10bec95c: 49ba c05c | 65e8 b16a | 0000 4c89 | 5424 0848 | c704 24ff 

  0x0000775f10bec970: ;   {runtime_call counter_overflow Runtime1 stub}
  0x0000775f10bec970: ffff ffe8 

  0x0000775f10bec974: ; ImmutableOopMap {rdx=Oop [224]=Oop [232]=Oop [240]=Oop [256]=Oop [280]=Oop [312]=Oop [344]=Oop [360]=Oop [368]=Oop [424]=Oop [432]=Oop [448]=Oop [504]=Oop [544]=Oop [688]=Oop }
                      ;*synchronization entry
                      ; - org.apache.xalan.transformer.TransformerImpl::popElemTemplateElement@-1 (line 2632)
                      ; - org.apache.xalan.templates.ElemApplyTemplates::transformSelectedNodes@795 (line 399)
  0x0000775f10bec974: 08a9 1207 | e914 b0ff 

  0x0000775f10bec97c: ;   {runtime_call throw_null_pointer_exception Runtime1 stub}
  0x0000775f10bec97c: ffe8 fe4a 

  0x0000775f10bec980: ; ImmutableOopMap {rdx=Oop rsi=Oop [224]=Oop [232]=Oop [240]=Oop [256]=Oop [280]=Oop [312]=Oop [344]=Oop [360]=Oop [368]=Oop [424]=Oop [432]=Oop [448]=Oop [504]=Oop [544]=Oop [688]=Oop }
                      ;*invokevirtual pop {reexecute=0 rethrow=0 return_oop=0}
                      ; - org.apache.xalan.transformer.TransformerImpl::popElemTemplateElement@4 (line 2632)
                      ; - org.apache.xalan.templates.ElemApplyTemplates::transformSelectedNodes@795 (line 399)
  0x0000775f10bec980: 1207 488b 

  0x0000775f10bec984: ;   {runtime_call fast_new_instance Runtime1 stub}
  0x0000775f10bec984: d2e8 f653 

  0x0000775f10bec988: ; ImmutableOopMap {rbx=Oop r8=Oop [224]=Oop [232]=Oop [240]=Oop [256]=Oop [280]=Oop [312]=Oop [344]=Oop [360]=Oop [368]=Oop [424]=Oop [432]=Oop [448]=Oop [504]=Oop [544]=Oop [688]=Oop }
                      ;*new {reexecute=0 rethrow=0 return_oop=0}
                      ; - org.apache.xalan.templates.ElemApplyTemplates::transformSelectedNodes@864 (line 433)
  0x0000775f10bec988: 1207 e944 

  0x0000775f10bec98c: ;   {runtime_call throw_null_pointer_exception Runtime1 stub}
  0x0000775f10bec98c: b1ff ffe8 

  0x0000775f10bec990: ; ImmutableOopMap {r8=Oop [224]=Oop [232]=Oop [240]=Oop [256]=Oop [280]=Oop [312]=Oop [344]=Oop [360]=Oop [368]=Oop [424]=Oop [432]=Oop [448]=Oop [504]=Oop [544]=Oop [688]=Oop [704]=Oop }
                      ;*invokeinterface fatalError {reexecute=0 rethrow=0 return_oop=0}
                      ; - org.apache.xalan.templates.ElemApplyTemplates::transformSelectedNodes@873 (line 433)
  0x0000775f10bec990: ec4a 1207 

  0x0000775f10bec994: ;   {metadata(nullptr)}
  0x0000775f10bec994: 48ba 0000 | 0000 0000 | 0000 b800 

  0x0000775f10bec9a0: ;   {runtime_call load_klass_patching Runtime1 stub}
  0x0000775f10bec9a0: 0f05 0ae8 

  0x0000775f10bec9a4: ; ImmutableOopMap {rsi=Oop rbx=Oop [224]=Oop [232]=Oop [240]=Oop [256]=Oop [280]=Oop [312]=Oop [344]=Oop [360]=Oop [368]=Oop [424]=Oop [432]=Oop [448]=Oop [504]=Oop [544]=Oop [688]=Oop }
                      ;*new {reexecute=1 rethrow=0 return_oop=0}
                      ; - (reexecute) org.apache.xalan.templates.ElemApplyTemplates::transformSelectedNodes@909 (line 438)
  0x0000775f10bec9a4: d896 1207 | e9ab b2ff | ff48 8bd2 

  0x0000775f10bec9b0: ;   {runtime_call fast_new_instance Runtime1 stub}
  0x0000775f10bec9b0: e8cb 5312 

  0x0000775f10bec9b4: ; ImmutableOopMap {rbx=Oop r9=Oop [224]=Oop [232]=Oop [240]=Oop [256]=Oop [280]=Oop [312]=Oop [344]=Oop [360]=Oop [368]=Oop [424]=Oop [432]=Oop [448]=Oop [504]=Oop [544]=Oop [688]=Oop }
                      ;*new {reexecute=0 rethrow=0 return_oop=0}
                      ; - org.apache.xalan.templates.ElemApplyTemplates::transformSelectedNodes@909 (line 438)
  0x0000775f10bec9b4: 07e9 4cb3 

  0x0000775f10bec9b8: ;   {metadata({method} {0x00006ab1e865bd78} '<init>' '(Lorg/apache/xpath/Expression;)V' in 'org/apache/xpath/XPath')}
  0x0000775f10bec9b8: ffff 49ba | 78bd 65e8 | b16a 0000 | 4c89 5424 | 0848 c704 | 24ff ffff 

  0x0000775f10bec9d0: ;   {runtime_call counter_overflow Runtime1 stub}
  0x0000775f10bec9d0: ffe8 aaa8 

  0x0000775f10bec9d4: ; ImmutableOopMap {rbx=Oop r9=Oop rax=Oop rdx=Oop [224]=Oop [232]=Oop [240]=Oop [256]=Oop [280]=Oop [312]=Oop [344]=Oop [360]=Oop [368]=Oop [424]=Oop [432]=Oop [448]=Oop [504]=Oop [544]=Oop [688]=Oop [712]=Oop }
                      ;*synchronization entry
                      ; - org.apache.xpath.XPath::<init>@-1 (line 277)
                      ; - org.apache.xalan.templates.ElemApplyTemplates::transformSelectedNodes@917 (line 438)
  0x0000775f10bec9d4: 1207 e973 

  0x0000775f10bec9d8: ;   {metadata({method} {0x00006ab1f34791f0} '<init>' '()V' in 'java/lang/Object')}
  0x0000775f10bec9d8: b3ff ff49 | baf0 9147 | f3b1 6a00 | 004c 8954 | 2408 48c7 | 0424 ffff 

  0x0000775f10bec9f0: ;   {runtime_call counter_overflow Runtime1 stub}
  0x0000775f10bec9f0: ffff e889 

  0x0000775f10bec9f4: ; ImmutableOopMap {rbx=Oop r9=Oop rax=Oop rdx=Oop [224]=Oop [232]=Oop [240]=Oop [256]=Oop [280]=Oop [312]=Oop [344]=Oop [360]=Oop [368]=Oop [424]=Oop [432]=Oop [448]=Oop [504]=Oop [544]=Oop [688]=Oop [712]=Oop }
                      ;*synchronization entry
                      ; - java.lang.Object::<init>@-1 (line 45)
                      ; - org.apache.xpath.XPath::<init>@1 (line 277)
                      ; - org.apache.xalan.templates.ElemApplyTemplates::transformSelectedNodes@917 (line 438)
  0x0000775f10bec9f4: a812 07e9 | 8eb3 ffff 

  0x0000775f10bec9fc: ;   {metadata({method} {0x00006ab1e865b4a0} 'initFunctionTable' '()V' in 'org/apache/xpath/XPath')}
  0x0000775f10bec9fc: 49ba a0b4 | 65e8 b16a | 0000 4c89 | 5424 0848 | c704 24ff 

  0x0000775f10beca10: ;   {runtime_call counter_overflow Runtime1 stub}
  0x0000775f10beca10: ffff ffe8 

  0x0000775f10beca14: ; ImmutableOopMap {[224]=Oop [232]=Oop [240]=Oop [256]=Oop [280]=Oop [312]=Oop [344]=Oop [360]=Oop [368]=Oop [424]=Oop [432]=Oop [448]=Oop [504]=Oop [544]=Oop [688]=Oop [712]=Oop [720]=Oop }
                      ;*synchronization entry
                      ; - org.apache.xpath.XPath::initFunctionTable@-1 (line 62)
                      ; - org.apache.xpath.XPath::<init>@15 (line 279)
                      ; - org.apache.xalan.templates.ElemApplyTemplates::transformSelectedNodes@917 (line 438)
  0x0000775f10beca14: 68a8 1207 | e9f0 b3ff | ff48 8bd2 

  0x0000775f10beca20: ;   {runtime_call fast_new_instance Runtime1 stub}
  0x0000775f10beca20: e85b 5312 

  0x0000775f10beca24: ; ImmutableOopMap {[224]=Oop [232]=Oop [240]=Oop [256]=Oop [280]=Oop [312]=Oop [344]=Oop [360]=Oop [368]=Oop [424]=Oop [432]=Oop [448]=Oop [504]=Oop [544]=Oop [688]=Oop [712]=Oop [720]=Oop }
                      ;*new {reexecute=0 rethrow=0 return_oop=0}
                      ; - org.apache.xpath.XPath::initFunctionTable@1 (line 62)
                      ; - org.apache.xpath.XPath::<init>@15 (line 279)
                      ; - org.apache.xalan.templates.ElemApplyTemplates::transformSelectedNodes@917 (line 438)
  0x0000775f10beca24: 07e9 8eb4 

  0x0000775f10beca28: ;   {metadata(nullptr)}
  0x0000775f10beca28: ffff 48ba | 0000 0000 | 0000 0000 | b800 0f05 

  0x0000775f10beca38: ;   {runtime_call load_klass_patching Runtime1 stub}
  0x0000775f10beca38: 0ae8 4296 

  0x0000775f10beca3c: ; ImmutableOopMap {rbx=Oop [224]=Oop [232]=Oop [240]=Oop [256]=Oop [280]=Oop [312]=Oop [344]=Oop [360]=Oop [368]=Oop [424]=Oop [432]=Oop [448]=Oop [504]=Oop [544]=Oop [688]=Oop [712]=Oop [720]=Oop }
                      ;*new {reexecute=1 rethrow=0 return_oop=0}
                      ; - (reexecute) org.apache.xalan.templates.ElemApplyTemplates::transformSelectedNodes@920 (line 438)
  0x0000775f10beca3c: 1207 e9c5 | b4ff ff48 

  0x0000775f10beca44: ;   {runtime_call fast_new_instance Runtime1 stub}
  0x0000775f10beca44: 8bd2 e835 

  0x0000775f10beca48: ; ImmutableOopMap {rbx=Oop [224]=Oop [232]=Oop [240]=Oop [256]=Oop [280]=Oop [312]=Oop [344]=Oop [360]=Oop [368]=Oop [424]=Oop [432]=Oop [448]=Oop [504]=Oop [544]=Oop [688]=Oop [712]=Oop [720]=Oop }
                      ;*new {reexecute=0 rethrow=0 return_oop=0}
                      ; - org.apache.xalan.templates.ElemApplyTemplates::transformSelectedNodes@920 (line 438)
  0x0000775f10beca48: 5312 07e9 | 6bb5 ffff 

  0x0000775f10beca50: ;   {runtime_call throw_null_pointer_exception Runtime1 stub}
  0x0000775f10beca50: e82b 4a12 

  0x0000775f10beca54: ; ImmutableOopMap {rbx=Oop [224]=Oop [232]=Oop [240]=Oop [256]=Oop [280]=Oop [312]=Oop [344]=Oop [360]=Oop [368]=Oop [424]=Oop [432]=Oop [448]=Oop [504]=Oop [544]=Oop [688]=Oop [712]=Oop [736]=Oop }
                      ;*invokevirtual fireSelectedEndEvent {reexecute=0 rethrow=0 return_oop=0}
                      ; - org.apache.xalan.templates.ElemApplyTemplates::transformSelectedNodes@929 (line 438)
                      ;   {metadata({method} {0x00006ab1e86aa268} 'popSAXLocator' '()V' in 'org/apache/xpath/XPathContext')}
  0x0000775f10beca54: 0749 ba68 | a26a e8b1 | 6a00 004c | 8954 2408 | 48c7 0424 | ffff ffff 

  0x0000775f10beca6c: ;   {runtime_call counter_overflow Runtime1 stub}
  0x0000775f10beca6c: e80f a812 

  0x0000775f10beca70: ; ImmutableOopMap {rdi=Oop [224]=Oop [232]=Oop [240]=Oop [256]=Oop [280]=Oop [312]=Oop [344]=Oop [360]=Oop [368]=Oop [424]=Oop [432]=Oop [448]=Oop [504]=Oop [544]=Oop [688]=Oop }
                      ;*synchronization entry
                      ; - org.apache.xpath.XPathContext::popSAXLocator@-1 (line 434)
                      ; - org.apache.xalan.templates.ElemApplyTemplates::transformSelectedNodes@945 (line 445)
  0x0000775f10beca70: 07e9 bab6 

  0x0000775f10beca74: ;   {runtime_call throw_null_pointer_exception Runtime1 stub}
  0x0000775f10beca74: ffff e805 

  0x0000775f10beca78: ; ImmutableOopMap {rdi=Oop rsi=Oop [224]=Oop [232]=Oop [240]=Oop [256]=Oop [280]=Oop [312]=Oop [344]=Oop [360]=Oop [368]=Oop [424]=Oop [432]=Oop [448]=Oop [504]=Oop [544]=Oop [688]=Oop }
                      ;*invokevirtual pop {reexecute=0 rethrow=0 return_oop=0}
                      ; - org.apache.xpath.XPathContext::popSAXLocator@4 (line 434)
                      ; - org.apache.xalan.templates.ElemApplyTemplates::transformSelectedNodes@945 (line 445)
                      ;   {metadata({method} {0x00006ab1e8655cc0} 'popElemTemplateElement' '()V' in 'org/apache/xalan/transformer/TransformerImpl')}
  0x0000775f10beca78: 4a12 0749 | bac0 5c65 | e8b1 6a00 | 004c 8954 | 2408 48c7 | 0424 ffff 

  0x0000775f10beca90: ;   {runtime_call counter_overflow Runtime1 stub}
  0x0000775f10beca90: ffff e8e9 

  0x0000775f10beca94: ; ImmutableOopMap {rdx=Oop [224]=Oop [232]=Oop [240]=Oop [256]=Oop [280]=Oop [312]=Oop [344]=Oop [360]=Oop [368]=Oop [424]=Oop [432]=Oop [448]=Oop [504]=Oop [544]=Oop [688]=Oop }
                      ;*synchronization entry
                      ; - org.apache.xalan.transformer.TransformerImpl::popElemTemplateElement@-1 (line 2632)
                      ; - org.apache.xalan.templates.ElemApplyTemplates::transformSelectedNodes@958 (line 447)
  0x0000775f10beca94: a712 07e9 | 44b7 ffff 

  0x0000775f10beca9c: ;   {runtime_call throw_null_pointer_exception Runtime1 stub}
  0x0000775f10beca9c: e8df 4912 

  0x0000775f10becaa0: ; ImmutableOopMap {rdx=Oop rsi=Oop [224]=Oop [232]=Oop [240]=Oop [256]=Oop [280]=Oop [312]=Oop [344]=Oop [360]=Oop [368]=Oop [424]=Oop [432]=Oop [448]=Oop [504]=Oop [544]=Oop [688]=Oop }
                      ;*invokevirtual pop {reexecute=0 rethrow=0 return_oop=0}
                      ; - org.apache.xalan.transformer.TransformerImpl::popElemTemplateElement@4 (line 2632)
                      ; - org.apache.xalan.templates.ElemApplyTemplates::transformSelectedNodes@958 (line 447)
                      ;   {metadata({method} {0x00006ab1e86ac060} 'popCurrentExpressionNode' '()V' in 'org/apache/xpath/XPathContext')}
  0x0000775f10becaa0: 0749 ba60 | c06a e8b1 | 6a00 004c | 8954 2408 | 48c7 0424 | ffff ffff 

  0x0000775f10becab8: ;   {runtime_call counter_overflow Runtime1 stub}
  0x0000775f10becab8: e8c3 a712 

  0x0000775f10becabc: ; ImmutableOopMap {[224]=Oop [232]=Oop [240]=Oop [256]=Oop [280]=Oop [312]=Oop [344]=Oop [360]=Oop [368]=Oop [424]=Oop [432]=Oop [448]=Oop [504]=Oop [544]=Oop [688]=Oop }
                      ;*synchronization entry
                      ; - org.apache.xpath.XPathContext::popCurrentExpressionNode@-1 (line 908)
                      ; - org.apache.xalan.templates.ElemApplyTemplates::transformSelectedNodes@962 (line 448)
  0x0000775f10becabc: 07e9 8bb7 

  0x0000775f10becac0: ;   {runtime_call throw_null_pointer_exception Runtime1 stub}
  0x0000775f10becac0: ffff e8b9 

  0x0000775f10becac4: ; ImmutableOopMap {rdi=Oop rsi=Oop [224]=Oop [232]=Oop [240]=Oop [256]=Oop [280]=Oop [312]=Oop [344]=Oop [360]=Oop [368]=Oop [424]=Oop [432]=Oop [448]=Oop [504]=Oop [544]=Oop [688]=Oop }
                      ;*invokevirtual quickPop {reexecute=0 rethrow=0 return_oop=0}
                      ; - org.apache.xpath.XPathContext::popCurrentExpressionNode@5 (line 908)
                      ; - org.apache.xalan.templates.ElemApplyTemplates::transformSelectedNodes@962 (line 448)
                      ;   {metadata({method} {0x00006ab1e8648728} 'quickPop' '(I)V' in 'org/apache/xml/utils/IntStack')}
  0x0000775f10becac4: 4912 0749 | ba28 8764 | e8b1 6a00 | 004c 8954 | 2408 48c7 | 0424 ffff 

  0x0000775f10becadc: ;   {runtime_call counter_overflow Runtime1 stub}
  0x0000775f10becadc: ffff e89d 

  0x0000775f10becae0: ; ImmutableOopMap {rdi=Oop rsi=Oop [224]=Oop [232]=Oop [240]=Oop [256]=Oop [280]=Oop [312]=Oop [344]=Oop [360]=Oop [368]=Oop [424]=Oop [432]=Oop [448]=Oop [504]=Oop [544]=Oop [688]=Oop }
                      ;*synchronization entry
                      ; - org.apache.xml.utils.IntStack::quickPop@-1 (line 110)
                      ; - org.apache.xpath.XPathContext::popCurrentExpressionNode@5 (line 908)
                      ; - org.apache.xalan.templates.ElemApplyTemplates::transformSelectedNodes@962 (line 448)
  0x0000775f10becae0: a712 07e9 | aeb7 ffff 

  0x0000775f10becae8: ;   {metadata({method} {0x00006ab1e86ab680} 'popCurrentNode' '()V' in 'org/apache/xpath/XPathContext')}
  0x0000775f10becae8: 49ba 80b6 | 6ae8 b16a | 0000 4c89 | 5424 0848 | c704 24ff 

  0x0000775f10becafc: ;   {runtime_call counter_overflow Runtime1 stub}
  0x0000775f10becafc: ffff ffe8 

  0x0000775f10becb00: ; ImmutableOopMap {rdi=Oop [224]=Oop [232]=Oop [240]=Oop [256]=Oop [280]=Oop [312]=Oop [344]=Oop [360]=Oop [368]=Oop [424]=Oop [432]=Oop [448]=Oop [504]=Oop [544]=Oop [688]=Oop }
                      ;*synchronization entry
                      ; - org.apache.xpath.XPathContext::popCurrentNode@-1 (line 801)
                      ; - org.apache.xalan.templates.ElemApplyTemplates::transformSelectedNodes@966 (line 449)
  0x0000775f10becb00: 7ca7 1207 | e9d1 b7ff 

  0x0000775f10becb08: ;   {runtime_call throw_null_pointer_exception Runtime1 stub}
  0x0000775f10becb08: ffe8 7249 

  0x0000775f10becb0c: ; ImmutableOopMap {rdi=Oop rsi=Oop [224]=Oop [232]=Oop [240]=Oop [256]=Oop [280]=Oop [312]=Oop [344]=Oop [360]=Oop [368]=Oop [424]=Oop [432]=Oop [448]=Oop [504]=Oop [544]=Oop [688]=Oop }
                      ;*invokevirtual quickPop {reexecute=0 rethrow=0 return_oop=0}
                      ; - org.apache.xpath.XPathContext::popCurrentNode@5 (line 801)
                      ; - org.apache.xalan.templates.ElemApplyTemplates::transformSelectedNodes@966 (line 449)
                      ;   {metadata({method} {0x00006ab1e8648728} 'quickPop' '(I)V' in 'org/apache/xml/utils/IntStack')}
  0x0000775f10becb0c: 1207 49ba | 2887 64e8 | b16a 0000 | 4c89 5424 | 0848 c704 | 24ff ffff 

  0x0000775f10becb24: ;   {runtime_call counter_overflow Runtime1 stub}
  0x0000775f10becb24: ffe8 56a7 

  0x0000775f10becb28: ; ImmutableOopMap {rdi=Oop rsi=Oop [224]=Oop [232]=Oop [240]=Oop [256]=Oop [280]=Oop [312]=Oop [344]=Oop [360]=Oop [368]=Oop [424]=Oop [432]=Oop [448]=Oop [504]=Oop [544]=Oop [688]=Oop }
                      ;*synchronization entry
                      ; - org.apache.xml.utils.IntStack::quickPop@-1 (line 110)
                      ; - org.apache.xpath.XPathContext::popCurrentNode@5 (line 801)
                      ; - org.apache.xalan.templates.ElemApplyTemplates::transformSelectedNodes@966 (line 449)
  0x0000775f10becb28: 1207 e9ec 

  0x0000775f10becb2c: ;   {metadata(nullptr)}
  0x0000775f10becb2c: b7ff ff48 | ba00 0000 | 0000 0000 | 00b8 000f 

  0x0000775f10becb3c: ;   {runtime_call load_klass_patching Runtime1 stub}
  0x0000775f10becb3c: 050a e83d 

  0x0000775f10becb40: ; ImmutableOopMap {rsi=Oop rbx=Oop [224]=Oop [232]=Oop [240]=Oop [256]=Oop [280]=Oop [312]=Oop [344]=Oop [360]=Oop [368]=Oop [424]=Oop [432]=Oop [448]=Oop [504]=Oop [544]=Oop [688]=Oop [760]=Oop }
                      ;*new {reexecute=1 rethrow=0 return_oop=0}
                      ; - (reexecute) org.apache.xalan.templates.ElemApplyTemplates::transformSelectedNodes@909 (line 438)
  0x0000775f10becb40: 9512 07e9 | 48b9 ffff 

  0x0000775f10becb48: ;   {runtime_call fast_new_instance Runtime1 stub}
  0x0000775f10becb48: 488b d2e8 

  0x0000775f10becb4c: ; ImmutableOopMap {rbx=Oop r9=Oop [224]=Oop [232]=Oop [240]=Oop [256]=Oop [280]=Oop [312]=Oop [344]=Oop [360]=Oop [368]=Oop [424]=Oop [432]=Oop [448]=Oop [504]=Oop [544]=Oop [688]=Oop [760]=Oop }
                      ;*new {reexecute=0 rethrow=0 return_oop=0}
                      ; - org.apache.xalan.templates.ElemApplyTemplates::transformSelectedNodes@909 (line 438)
  0x0000775f10becb4c: 3052 1207 | e9e9 b9ff 

  0x0000775f10becb54: ;   {metadata({method} {0x00006ab1e865bd78} '<init>' '(Lorg/apache/xpath/Expression;)V' in 'org/apache/xpath/XPath')}
  0x0000775f10becb54: ff49 ba78 | bd65 e8b1 | 6a00 004c | 8954 2408 | 48c7 0424 | ffff ffff 

  0x0000775f10becb6c: ;   {runtime_call counter_overflow Runtime1 stub}
  0x0000775f10becb6c: e80f a712 

  0x0000775f10becb70: ; ImmutableOopMap {rbx=Oop r9=Oop rax=Oop rdx=Oop [224]=Oop [232]=Oop [240]=Oop [256]=Oop [280]=Oop [312]=Oop [344]=Oop [360]=Oop [368]=Oop [424]=Oop [432]=Oop [448]=Oop [504]=Oop [544]=Oop [688]=Oop [744]=Oop [760]=Oop }
                      ;*synchronization entry
                      ; - org.apache.xpath.XPath::<init>@-1 (line 277)
                      ; - org.apache.xalan.templates.ElemApplyTemplates::transformSelectedNodes@917 (line 438)
  0x0000775f10becb70: 07e9 10ba 

  0x0000775f10becb74: ;   {metadata({method} {0x00006ab1f34791f0} '<init>' '()V' in 'java/lang/Object')}
  0x0000775f10becb74: ffff 49ba | f091 47f3 | b16a 0000 | 4c89 5424 | 0848 c704 | 24ff ffff 

  0x0000775f10becb8c: ;   {runtime_call counter_overflow Runtime1 stub}
  0x0000775f10becb8c: ffe8 eea6 

  0x0000775f10becb90: ; ImmutableOopMap {rbx=Oop r9=Oop rax=Oop rdx=Oop [224]=Oop [232]=Oop [240]=Oop [256]=Oop [280]=Oop [312]=Oop [344]=Oop [360]=Oop [368]=Oop [424]=Oop [432]=Oop [448]=Oop [504]=Oop [544]=Oop [688]=Oop [744]=Oop [760]=Oop }
                      ;*synchronization entry
                      ; - java.lang.Object::<init>@-1 (line 45)
                      ; - org.apache.xpath.XPath::<init>@1 (line 277)
                      ; - org.apache.xalan.templates.ElemApplyTemplates::transformSelectedNodes@917 (line 438)
  0x0000775f10becb90: 1207 e92b 

  0x0000775f10becb94: ;   {metadata({method} {0x00006ab1e865b4a0} 'initFunctionTable' '()V' in 'org/apache/xpath/XPath')}
  0x0000775f10becb94: baff ff49 | baa0 b465 | e8b1 6a00 | 004c 8954 | 2408 48c7 | 0424 ffff 

  0x0000775f10becbac: ;   {runtime_call counter_overflow Runtime1 stub}
  0x0000775f10becbac: ffff e8cd 

  0x0000775f10becbb0: ; ImmutableOopMap {[224]=Oop [232]=Oop [240]=Oop [256]=Oop [280]=Oop [312]=Oop [344]=Oop [360]=Oop [368]=Oop [424]=Oop [432]=Oop [448]=Oop [504]=Oop [544]=Oop [688]=Oop [744]=Oop [752]=Oop [760]=Oop }
                      ;*synchronization entry
                      ; - org.apache.xpath.XPath::initFunctionTable@-1 (line 62)
                      ; - org.apache.xpath.XPath::<init>@15 (line 279)
                      ; - org.apache.xalan.templates.ElemApplyTemplates::transformSelectedNodes@917 (line 438)
  0x0000775f10becbb0: a612 07e9 | 8dba ffff 

  0x0000775f10becbb8: ;   {runtime_call fast_new_instance Runtime1 stub}
  0x0000775f10becbb8: 488b d2e8 

  0x0000775f10becbbc: ; ImmutableOopMap {[224]=Oop [232]=Oop [240]=Oop [256]=Oop [280]=Oop [312]=Oop [344]=Oop [360]=Oop [368]=Oop [424]=Oop [432]=Oop [448]=Oop [504]=Oop [544]=Oop [688]=Oop [744]=Oop [752]=Oop [760]=Oop }
                      ;*new {reexecute=0 rethrow=0 return_oop=0}
                      ; - org.apache.xpath.XPath::initFunctionTable@1 (line 62)
                      ; - org.apache.xpath.XPath::<init>@15 (line 279)
                      ; - org.apache.xalan.templates.ElemApplyTemplates::transformSelectedNodes@917 (line 438)
  0x0000775f10becbbc: c051 1207 | e92b bbff 

  0x0000775f10becbc4: ;   {metadata(nullptr)}
  0x0000775f10becbc4: ff48 ba00 | 0000 0000 | 0000 00b8 | 000f 050a 

  0x0000775f10becbd4: ;   {runtime_call load_klass_patching Runtime1 stub}
  0x0000775f10becbd4: e8a7 9412 

  0x0000775f10becbd8: ; ImmutableOopMap {rbx=Oop [224]=Oop [232]=Oop [240]=Oop [256]=Oop [280]=Oop [312]=Oop [344]=Oop [360]=Oop [368]=Oop [424]=Oop [432]=Oop [448]=Oop [504]=Oop [544]=Oop [688]=Oop [744]=Oop [752]=Oop [760]=Oop }
                      ;*new {reexecute=1 rethrow=0 return_oop=0}
                      ; - (reexecute) org.apache.xalan.templates.ElemApplyTemplates::transformSelectedNodes@920 (line 438)
  0x0000775f10becbd8: 07e9 62bb | ffff 488b 

  0x0000775f10becbe0: ;   {runtime_call fast_new_instance Runtime1 stub}
  0x0000775f10becbe0: d2e8 9a51 

  0x0000775f10becbe4: ; ImmutableOopMap {rbx=Oop [224]=Oop [232]=Oop [240]=Oop [256]=Oop [280]=Oop [312]=Oop [344]=Oop [360]=Oop [368]=Oop [424]=Oop [432]=Oop [448]=Oop [504]=Oop [544]=Oop [688]=Oop [744]=Oop [752]=Oop [760]=Oop }
                      ;*new {reexecute=0 rethrow=0 return_oop=0}
                      ; - org.apache.xalan.templates.ElemApplyTemplates::transformSelectedNodes@920 (line 438)
  0x0000775f10becbe4: 1207 e908 

  0x0000775f10becbe8: ;   {runtime_call throw_null_pointer_exception Runtime1 stub}
  0x0000775f10becbe8: bcff ffe8 

  0x0000775f10becbec: ; ImmutableOopMap {rbx=Oop [224]=Oop [232]=Oop [240]=Oop [256]=Oop [280]=Oop [312]=Oop [344]=Oop [360]=Oop [368]=Oop [424]=Oop [432]=Oop [448]=Oop [504]=Oop [544]=Oop [688]=Oop [744]=Oop [760]=Oop [776]=Oop }
                      ;*invokevirtual fireSelectedEndEvent {reexecute=0 rethrow=0 return_oop=0}
                      ; - org.apache.xalan.templates.ElemApplyTemplates::transformSelectedNodes@929 (line 438)
  0x0000775f10becbec: 9048 1207 

  0x0000775f10becbf0: ;   {metadata({method} {0x00006ab1e86aa268} 'popSAXLocator' '()V' in 'org/apache/xpath/XPathContext')}
  0x0000775f10becbf0: 49ba 68a2 | 6ae8 b16a | 0000 4c89 | 5424 0848 | c704 24ff 

  0x0000775f10becc04: ;   {runtime_call counter_overflow Runtime1 stub}
  0x0000775f10becc04: ffff ffe8 

  0x0000775f10becc08: ; ImmutableOopMap {rdi=Oop [224]=Oop [232]=Oop [240]=Oop [256]=Oop [280]=Oop [312]=Oop [344]=Oop [360]=Oop [368]=Oop [424]=Oop [432]=Oop [448]=Oop [504]=Oop [544]=Oop [688]=Oop [760]=Oop }
                      ;*synchronization entry
                      ; - org.apache.xpath.XPathContext::popSAXLocator@-1 (line 434)
                      ; - org.apache.xalan.templates.ElemApplyTemplates::transformSelectedNodes@945 (line 445)
  0x0000775f10becc08: 74a6 1207 | e957 bdff 

  0x0000775f10becc10: ;   {runtime_call throw_null_pointer_exception Runtime1 stub}
  0x0000775f10becc10: ffe8 6a48 

  0x0000775f10becc14: ; ImmutableOopMap {rdi=Oop rsi=Oop [224]=Oop [232]=Oop [240]=Oop [256]=Oop [280]=Oop [312]=Oop [344]=Oop [360]=Oop [368]=Oop [424]=Oop [432]=Oop [448]=Oop [504]=Oop [544]=Oop [688]=Oop [760]=Oop }
                      ;*invokevirtual pop {reexecute=0 rethrow=0 return_oop=0}
                      ; - org.apache.xpath.XPathContext::popSAXLocator@4 (line 434)
                      ; - org.apache.xalan.templates.ElemApplyTemplates::transformSelectedNodes@945 (line 445)
                      ;   {internal_word}
  0x0000775f10becc14: 1207 49ba | f989 be10 | 5f77 0000 | 4d89 9780 

  0x0000775f10becc24: ;   {runtime_call SafepointBlob}
  0x0000775f10becc24: 0700 00e9 | d4e7 0707 

  0x0000775f10becc2c: ;   {metadata({method} {0x00006ab1e8655cc0} 'popElemTemplateElement' '()V' in 'org/apache/xalan/transformer/TransformerImpl')}
  0x0000775f10becc2c: 49ba c05c | 65e8 b16a | 0000 4c89 | 5424 0848 | c704 24ff 

  0x0000775f10becc40: ;   {runtime_call counter_overflow Runtime1 stub}
  0x0000775f10becc40: ffff ffe8 

  0x0000775f10becc44: ; ImmutableOopMap {rdx=Oop [224]=Oop [232]=Oop [240]=Oop [256]=Oop [280]=Oop [312]=Oop [344]=Oop [360]=Oop [368]=Oop [424]=Oop [432]=Oop [448]=Oop [504]=Oop [544]=Oop [688]=Oop [760]=Oop }
                      ;*synchronization entry
                      ; - org.apache.xalan.transformer.TransformerImpl::popElemTemplateElement@-1 (line 2632)
                      ; - org.apache.xalan.templates.ElemApplyTemplates::transformSelectedNodes@958 (line 447)
  0x0000775f10becc44: 38a6 1207 | e9f6 bdff 

  0x0000775f10becc4c: ;   {runtime_call throw_null_pointer_exception Runtime1 stub}
  0x0000775f10becc4c: ffe8 2e48 

  0x0000775f10becc50: ; ImmutableOopMap {rdx=Oop rsi=Oop [224]=Oop [232]=Oop [240]=Oop [256]=Oop [280]=Oop [312]=Oop [344]=Oop [360]=Oop [368]=Oop [424]=Oop [432]=Oop [448]=Oop [504]=Oop [544]=Oop [688]=Oop [760]=Oop }
                      ;*invokevirtual pop {reexecute=0 rethrow=0 return_oop=0}
                      ; - org.apache.xalan.transformer.TransformerImpl::popElemTemplateElement@4 (line 2632)
                      ; - org.apache.xalan.templates.ElemApplyTemplates::transformSelectedNodes@958 (line 447)
                      ;   {metadata({method} {0x00006ab1e86ac060} 'popCurrentExpressionNode' '()V' in 'org/apache/xpath/XPathContext')}
  0x0000775f10becc50: 1207 49ba | 60c0 6ae8 | b16a 0000 | 4c89 5424 | 0848 c704 | 24ff ffff 

  0x0000775f10becc68: ;   {runtime_call counter_overflow Runtime1 stub}
  0x0000775f10becc68: ffe8 12a6 

  0x0000775f10becc6c: ; ImmutableOopMap {[224]=Oop [232]=Oop [240]=Oop [256]=Oop [280]=Oop [312]=Oop [344]=Oop [360]=Oop [368]=Oop [424]=Oop [432]=Oop [448]=Oop [504]=Oop [544]=Oop [688]=Oop [760]=Oop }
                      ;*synchronization entry
                      ; - org.apache.xpath.XPathContext::popCurrentExpressionNode@-1 (line 908)
                      ; - org.apache.xalan.templates.ElemApplyTemplates::transformSelectedNodes@962 (line 448)
  0x0000775f10becc6c: 1207 e93a 

  0x0000775f10becc70: ;   {runtime_call throw_null_pointer_exception Runtime1 stub}
  0x0000775f10becc70: beff ffe8 

  0x0000775f10becc74: ; ImmutableOopMap {rdi=Oop rsi=Oop [224]=Oop [232]=Oop [240]=Oop [256]=Oop [280]=Oop [312]=Oop [344]=Oop [360]=Oop [368]=Oop [424]=Oop [432]=Oop [448]=Oop [504]=Oop [544]=Oop [688]=Oop [760]=Oop }
                      ;*invokevirtual quickPop {reexecute=0 rethrow=0 return_oop=0}
                      ; - org.apache.xpath.XPathContext::popCurrentExpressionNode@5 (line 908)
                      ; - org.apache.xalan.templates.ElemApplyTemplates::transformSelectedNodes@962 (line 448)
  0x0000775f10becc74: 0848 1207 

  0x0000775f10becc78: ;   {metadata({method} {0x00006ab1e8648728} 'quickPop' '(I)V' in 'org/apache/xml/utils/IntStack')}
  0x0000775f10becc78: 49ba 2887 | 64e8 b16a | 0000 4c89 | 5424 0848 | c704 24ff 

  0x0000775f10becc8c: ;   {runtime_call counter_overflow Runtime1 stub}
  0x0000775f10becc8c: ffff ffe8 

  0x0000775f10becc90: ; ImmutableOopMap {rdi=Oop rsi=Oop [224]=Oop [232]=Oop [240]=Oop [256]=Oop [280]=Oop [312]=Oop [344]=Oop [360]=Oop [368]=Oop [424]=Oop [432]=Oop [448]=Oop [504]=Oop [544]=Oop [688]=Oop [760]=Oop }
                      ;*synchronization entry
                      ; - org.apache.xml.utils.IntStack::quickPop@-1 (line 110)
                      ; - org.apache.xpath.XPathContext::popCurrentExpressionNode@5 (line 908)
                      ; - org.apache.xalan.templates.ElemApplyTemplates::transformSelectedNodes@962 (line 448)
  0x0000775f10becc90: eca5 1207 | e95d beff 

  0x0000775f10becc98: ;   {metadata({method} {0x00006ab1e86ab680} 'popCurrentNode' '()V' in 'org/apache/xpath/XPathContext')}
  0x0000775f10becc98: ff49 ba80 | b66a e8b1 | 6a00 004c | 8954 2408 | 48c7 0424 | ffff ffff 

  0x0000775f10beccb0: ;   {runtime_call counter_overflow Runtime1 stub}
  0x0000775f10beccb0: e8cb a512 

  0x0000775f10beccb4: ; ImmutableOopMap {rdi=Oop [224]=Oop [232]=Oop [240]=Oop [256]=Oop [280]=Oop [312]=Oop [344]=Oop [360]=Oop [368]=Oop [424]=Oop [432]=Oop [448]=Oop [504]=Oop [544]=Oop [688]=Oop [760]=Oop }
                      ;*synchronization entry
                      ; - org.apache.xpath.XPathContext::popCurrentNode@-1 (line 801)
                      ; - org.apache.xalan.templates.ElemApplyTemplates::transformSelectedNodes@966 (line 449)
  0x0000775f10beccb4: 07e9 80be 

  0x0000775f10beccb8: ;   {runtime_call throw_null_pointer_exception Runtime1 stub}
  0x0000775f10beccb8: ffff e8c1 

  0x0000775f10beccbc: ; ImmutableOopMap {rdi=Oop rsi=Oop [224]=Oop [232]=Oop [240]=Oop [256]=Oop [280]=Oop [312]=Oop [344]=Oop [360]=Oop [368]=Oop [424]=Oop [432]=Oop [448]=Oop [504]=Oop [544]=Oop [688]=Oop [760]=Oop }
                      ;*invokevirtual quickPop {reexecute=0 rethrow=0 return_oop=0}
                      ; - org.apache.xpath.XPathContext::popCurrentNode@5 (line 801)
                      ; - org.apache.xalan.templates.ElemApplyTemplates::transformSelectedNodes@966 (line 449)
                      ;   {metadata({method} {0x00006ab1e8648728} 'quickPop' '(I)V' in 'org/apache/xml/utils/IntStack')}
  0x0000775f10beccbc: 4712 0749 | ba28 8764 | e8b1 6a00 | 004c 8954 | 2408 48c7 | 0424 ffff 

  0x0000775f10beccd4: ;   {runtime_call counter_overflow Runtime1 stub}
  0x0000775f10beccd4: ffff e8a5 

  0x0000775f10beccd8: ; ImmutableOopMap {rdi=Oop rsi=Oop [224]=Oop [232]=Oop [240]=Oop [256]=Oop [280]=Oop [312]=Oop [344]=Oop [360]=Oop [368]=Oop [424]=Oop [432]=Oop [448]=Oop [504]=Oop [544]=Oop [688]=Oop [760]=Oop }
                      ;*synchronization entry
                      ; - org.apache.xml.utils.IntStack::quickPop@-1 (line 110)
                      ; - org.apache.xpath.XPathContext::popCurrentNode@5 (line 801)
                      ; - org.apache.xalan.templates.ElemApplyTemplates::transformSelectedNodes@966 (line 449)
  0x0000775f10beccd8: a512 07e9 | 9bbe ffff 

  0x0000775f10becce0: ;   {metadata({method} {0x00006ab1e8655cc0} 'popElemTemplateElement' '()V' in 'org/apache/xalan/transformer/TransformerImpl')}
  0x0000775f10becce0: 49ba c05c | 65e8 b16a | 0000 4c89 | 5424 0848 | c704 24ff 

  0x0000775f10beccf4: ;   {runtime_call counter_overflow Runtime1 stub}
  0x0000775f10beccf4: ffff ffe8 

  0x0000775f10beccf8: ; ImmutableOopMap {rdx=Oop [224]=Oop [232]=Oop [240]=Oop [256]=Oop [280]=Oop [312]=Oop [344]=Oop [360]=Oop [368]=Oop [424]=Oop [432]=Oop [448]=Oop [504]=Oop [544]=Oop [664]=Oop }
                      ;*synchronization entry
                      ; - org.apache.xalan.transformer.TransformerImpl::popElemTemplateElement@-1 (line 2632)
                      ; - org.apache.xalan.templates.ElemApplyTemplates::transformSelectedNodes@958 (line 447)
  0x0000775f10beccf8: 84a5 1207 | e997 bfff 

  0x0000775f10becd00: ;   {runtime_call throw_null_pointer_exception Runtime1 stub}
  0x0000775f10becd00: ffe8 7a47 

  0x0000775f10becd04: ; ImmutableOopMap {rdx=Oop rsi=Oop [224]=Oop [232]=Oop [240]=Oop [256]=Oop [280]=Oop [312]=Oop [344]=Oop [360]=Oop [368]=Oop [424]=Oop [432]=Oop [448]=Oop [504]=Oop [544]=Oop [664]=Oop }
                      ;*invokevirtual pop {reexecute=0 rethrow=0 return_oop=0}
                      ; - org.apache.xalan.transformer.TransformerImpl::popElemTemplateElement@4 (line 2632)
                      ; - org.apache.xalan.templates.ElemApplyTemplates::transformSelectedNodes@958 (line 447)
                      ;   {metadata({method} {0x00006ab1e86ac060} 'popCurrentExpressionNode' '()V' in 'org/apache/xpath/XPathContext')}
  0x0000775f10becd04: 1207 49ba | 60c0 6ae8 | b16a 0000 | 4c89 5424 | 0848 c704 | 24ff ffff 

  0x0000775f10becd1c: ;   {runtime_call counter_overflow Runtime1 stub}
  0x0000775f10becd1c: ffe8 5ea5 

  0x0000775f10becd20: ; ImmutableOopMap {[224]=Oop [232]=Oop [240]=Oop [256]=Oop [280]=Oop [312]=Oop [344]=Oop [360]=Oop [368]=Oop [424]=Oop [432]=Oop [448]=Oop [504]=Oop [544]=Oop [664]=Oop }
                      ;*synchronization entry
                      ; - org.apache.xpath.XPathContext::popCurrentExpressionNode@-1 (line 908)
                      ; - org.apache.xalan.templates.ElemApplyTemplates::transformSelectedNodes@962 (line 448)
  0x0000775f10becd20: 1207 e9de 

  0x0000775f10becd24: ;   {runtime_call throw_null_pointer_exception Runtime1 stub}
  0x0000775f10becd24: bfff ffe8 

  0x0000775f10becd28: ; ImmutableOopMap {rdi=Oop rsi=Oop [224]=Oop [232]=Oop [240]=Oop [256]=Oop [280]=Oop [312]=Oop [344]=Oop [360]=Oop [368]=Oop [424]=Oop [432]=Oop [448]=Oop [504]=Oop [544]=Oop [664]=Oop }
                      ;*invokevirtual quickPop {reexecute=0 rethrow=0 return_oop=0}
                      ; - org.apache.xpath.XPathContext::popCurrentExpressionNode@5 (line 908)
                      ; - org.apache.xalan.templates.ElemApplyTemplates::transformSelectedNodes@962 (line 448)
  0x0000775f10becd28: 5447 1207 

  0x0000775f10becd2c: ;   {metadata({method} {0x00006ab1e8648728} 'quickPop' '(I)V' in 'org/apache/xml/utils/IntStack')}
  0x0000775f10becd2c: 49ba 2887 | 64e8 b16a | 0000 4c89 | 5424 0848 | c704 24ff 

  0x0000775f10becd40: ;   {runtime_call counter_overflow Runtime1 stub}
  0x0000775f10becd40: ffff ffe8 

  0x0000775f10becd44: ; ImmutableOopMap {rdi=Oop rsi=Oop [224]=Oop [232]=Oop [240]=Oop [256]=Oop [280]=Oop [312]=Oop [344]=Oop [360]=Oop [368]=Oop [424]=Oop [432]=Oop [448]=Oop [504]=Oop [544]=Oop [664]=Oop }
                      ;*synchronization entry
                      ; - org.apache.xml.utils.IntStack::quickPop@-1 (line 110)
                      ; - org.apache.xpath.XPathContext::popCurrentExpressionNode@5 (line 908)
                      ; - org.apache.xalan.templates.ElemApplyTemplates::transformSelectedNodes@962 (line 448)
  0x0000775f10becd44: 38a5 1207 | e901 c0ff 

  0x0000775f10becd4c: ;   {metadata({method} {0x00006ab1e86ab680} 'popCurrentNode' '()V' in 'org/apache/xpath/XPathContext')}
  0x0000775f10becd4c: ff49 ba80 | b66a e8b1 | 6a00 004c | 8954 2408 | 48c7 0424 | ffff ffff 

  0x0000775f10becd64: ;   {runtime_call counter_overflow Runtime1 stub}
  0x0000775f10becd64: e817 a512 

  0x0000775f10becd68: ; ImmutableOopMap {rdi=Oop [224]=Oop [232]=Oop [240]=Oop [256]=Oop [280]=Oop [312]=Oop [344]=Oop [360]=Oop [368]=Oop [424]=Oop [432]=Oop [448]=Oop [504]=Oop [544]=Oop [664]=Oop }
                      ;*synchronization entry
                      ; - org.apache.xpath.XPathContext::popCurrentNode@-1 (line 801)
                      ; - org.apache.xalan.templates.ElemApplyTemplates::transformSelectedNodes@966 (line 449)
  0x0000775f10becd68: 07e9 24c0 

  0x0000775f10becd6c: ;   {runtime_call throw_null_pointer_exception Runtime1 stub}
  0x0000775f10becd6c: ffff e80d 

  0x0000775f10becd70: ; ImmutableOopMap {rdi=Oop rsi=Oop [224]=Oop [232]=Oop [240]=Oop [256]=Oop [280]=Oop [312]=Oop [344]=Oop [360]=Oop [368]=Oop [424]=Oop [432]=Oop [448]=Oop [504]=Oop [544]=Oop [664]=Oop }
                      ;*invokevirtual quickPop {reexecute=0 rethrow=0 return_oop=0}
                      ; - org.apache.xpath.XPathContext::popCurrentNode@5 (line 801)
                      ; - org.apache.xalan.templates.ElemApplyTemplates::transformSelectedNodes@966 (line 449)
                      ;   {metadata({method} {0x00006ab1e8648728} 'quickPop' '(I)V' in 'org/apache/xml/utils/IntStack')}
  0x0000775f10becd70: 4712 0749 | ba28 8764 | e8b1 6a00 | 004c 8954 | 2408 48c7 | 0424 ffff 

  0x0000775f10becd88: ;   {runtime_call counter_overflow Runtime1 stub}
  0x0000775f10becd88: ffff e8f1 

  0x0000775f10becd8c: ; ImmutableOopMap {rdi=Oop rsi=Oop [224]=Oop [232]=Oop [240]=Oop [256]=Oop [280]=Oop [312]=Oop [344]=Oop [360]=Oop [368]=Oop [424]=Oop [432]=Oop [448]=Oop [504]=Oop [544]=Oop [664]=Oop }
                      ;*synchronization entry
                      ; - org.apache.xml.utils.IntStack::quickPop@-1 (line 110)
                      ; - org.apache.xpath.XPathContext::popCurrentNode@5 (line 801)
                      ; - org.apache.xalan.templates.ElemApplyTemplates::transformSelectedNodes@966 (line 449)
  0x0000775f10becd8c: a412 07e9 | 3fc0 ffff 

  0x0000775f10becd94: ;   {metadata(nullptr)}
  0x0000775f10becd94: 48ba 0000 | 0000 0000 | 0000 b800 

  0x0000775f10becda0: ;   {runtime_call load_klass_patching Runtime1 stub}
  0x0000775f10becda0: 0f05 0ae8 

  0x0000775f10becda4: ; ImmutableOopMap {[224]=Oop [232]=Oop [240]=Oop [256]=Oop [280]=Oop [312]=Oop [344]=Oop [360]=Oop [368]=Oop [424]=Oop [432]=Oop [448]=Oop [992]=Oop }
                      ;*new {reexecute=1 rethrow=0 return_oop=0}
                      ; - (reexecute) java.util.Stack::peek@9 (line 103)
                      ; - org.apache.xalan.transformer.TransformerImpl::getMode@18 (line 3195)
                      ; - org.apache.xalan.templates.ElemApplyTemplates::transformSelectedNodes@389 (line 294)
  0x0000775f10becda4: d892 1207 | e9fb c0ff 

  0x0000775f10becdac: ;   {runtime_call throw_null_pointer_exception Runtime1 stub}
  0x0000775f10becdac: ffe8 ce46 

  0x0000775f10becdb0: ; ImmutableOopMap {[224]=Oop [232]=Oop [240]=Oop [256]=Oop [280]=Oop [312]=Oop [344]=Oop [360]=Oop [368]=Oop [424]=Oop [432]=Oop [448]=Oop [992]=Oop }
                      ;*new {reexecute=0 rethrow=0 return_oop=0}
                      ; - java.util.Stack::peek@9 (line 103)
                      ; - org.apache.xalan.transformer.TransformerImpl::getMode@18 (line 3195)
                      ; - org.apache.xalan.templates.ElemApplyTemplates::transformSelectedNodes@389 (line 294)
  0x0000775f10becdb0: 1207 488b 

  0x0000775f10becdb4: ;   {runtime_call fast_new_instance_init_check Runtime1 stub}
  0x0000775f10becdb4: d2e8 c652 

  0x0000775f10becdb8: ; ImmutableOopMap {[224]=Oop [232]=Oop [240]=Oop [256]=Oop [280]=Oop [312]=Oop [344]=Oop [360]=Oop [368]=Oop [424]=Oop [432]=Oop [448]=Oop [992]=Oop }
                      ;*new {reexecute=0 rethrow=0 return_oop=0}
                      ; - java.util.Stack::peek@9 (line 103)
                      ; - org.apache.xalan.transformer.TransformerImpl::getMode@18 (line 3195)
                      ; - org.apache.xalan.templates.ElemApplyTemplates::transformSelectedNodes@389 (line 294)
  0x0000775f10becdb8: 1207 e9a9 | c1ff ff48 | 8d84 24d8 | 0300 0048 

  0x0000775f10becdc8: ;   {runtime_call monitorexit_nofpu Runtime1 stub}
  0x0000775f10becdc8: 8904 24e8 | b082 1207 | e927 c2ff 

  0x0000775f10becdd4: ;   {metadata(nullptr)}
  0x0000775f10becdd4: ff48 ba00 | 0000 0000 | 0000 00b8 | 000f 050a 

  0x0000775f10becde4: ;   {runtime_call load_klass_patching Runtime1 stub}
  0x0000775f10becde4: e897 9212 

  0x0000775f10becde8: ; ImmutableOopMap {[224]=Oop [232]=Oop [240]=Oop [256]=Oop [280]=Oop [312]=Oop [344]=Oop [360]=Oop [368]=Oop [424]=Oop [432]=Oop [448]=Oop [504]=Oop [544]=Oop }
                      ;*new {reexecute=1 rethrow=0 return_oop=0}
                      ; - (reexecute) org.apache.xml.utils.ObjectStack::setTop@16 (line 166)
                      ; - org.apache.xpath.XPathContext::setSAXLocator@5 (line 405)
                      ; - org.apache.xalan.templates.ElemApplyTemplates::transformSelectedNodes@763 (line 391)
  0x0000775f10becde8: 07e9 32c2 

  0x0000775f10becdec: ;   {runtime_call throw_null_pointer_exception Runtime1 stub}
  0x0000775f10becdec: ffff e88d 

  0x0000775f10becdf0: ; ImmutableOopMap {[224]=Oop [232]=Oop [240]=Oop [256]=Oop [280]=Oop [312]=Oop [344]=Oop [360]=Oop [368]=Oop [424]=Oop [432]=Oop [448]=Oop [504]=Oop [544]=Oop }
                      ;*new {reexecute=0 rethrow=0 return_oop=0}
                      ; - org.apache.xml.utils.ObjectStack::setTop@16 (line 166)
                      ; - org.apache.xpath.XPathContext::setSAXLocator@5 (line 405)
                      ; - org.apache.xalan.templates.ElemApplyTemplates::transformSelectedNodes@763 (line 391)
  0x0000775f10becdf0: 4612 0748 

  0x0000775f10becdf4: ;   {runtime_call fast_new_instance_init_check Runtime1 stub}
  0x0000775f10becdf4: 8bd2 e885 

  0x0000775f10becdf8: ; ImmutableOopMap {[224]=Oop [232]=Oop [240]=Oop [256]=Oop [280]=Oop [312]=Oop [344]=Oop [360]=Oop [368]=Oop [424]=Oop [432]=Oop [448]=Oop [504]=Oop [544]=Oop }
                      ;*new {reexecute=0 rethrow=0 return_oop=0}
                      ; - org.apache.xml.utils.ObjectStack::setTop@16 (line 166)
                      ; - org.apache.xpath.XPathContext::setSAXLocator@5 (line 405)
                      ; - org.apache.xalan.templates.ElemApplyTemplates::transformSelectedNodes@763 (line 391)
  0x0000775f10becdf8: 5212 07e9 | e0c2 ffff | 488d 8424 | d803 0000 | 4889 0424 

  0x0000775f10bece0c: ;   {runtime_call monitorexit_nofpu Runtime1 stub}
  0x0000775f10bece0c: e86f 8212 | 07e9 5ec3 

  0x0000775f10bece14: ;   {metadata(nullptr)}
  0x0000775f10bece14: ffff 48ba | 0000 0000 | 0000 0000 | b800 0f05 

  0x0000775f10bece24: ;   {runtime_call load_klass_patching Runtime1 stub}
  0x0000775f10bece24: 0ae8 5692 

  0x0000775f10bece28: ; ImmutableOopMap {[224]=Oop [232]=Oop [240]=Oop [256]=Oop [280]=Oop [312]=Oop [344]=Oop [360]=Oop [368]=Oop [424]=Oop [432]=Oop [448]=Oop [496]=Oop }
                      ;*new {reexecute=1 rethrow=0 return_oop=0}
                      ; - (reexecute) org.apache.xml.utils.ObjectStack::setTop@16 (line 166)
                      ; - org.apache.xalan.transformer.TransformerImpl::setCurrentElement@5 (line 2644)
                      ; - org.apache.xalan.templates.ElemApplyTemplates::transformSelectedNodes@545 (line 332)
  0x0000775f10bece28: 1207 e979 

  0x0000775f10bece2c: ;   {runtime_call throw_null_pointer_exception Runtime1 stub}
  0x0000775f10bece2c: c3ff ffe8 

  0x0000775f10bece30: ; ImmutableOopMap {[224]=Oop [232]=Oop [240]=Oop [256]=Oop [280]=Oop [312]=Oop [344]=Oop [360]=Oop [368]=Oop [424]=Oop [432]=Oop [448]=Oop [496]=Oop }
                      ;*new {reexecute=0 rethrow=0 return_oop=0}
                      ; - org.apache.xml.utils.ObjectStack::setTop@16 (line 166)
                      ; - org.apache.xalan.transformer.TransformerImpl::setCurrentElement@5 (line 2644)
                      ; - org.apache.xalan.templates.ElemApplyTemplates::transformSelectedNodes@545 (line 332)
  0x0000775f10bece30: 4c46 1207 

  0x0000775f10bece34: ;   {runtime_call fast_new_instance_init_check Runtime1 stub}
  0x0000775f10bece34: 488b d2e8 

  0x0000775f10bece38: ; ImmutableOopMap {[224]=Oop [232]=Oop [240]=Oop [256]=Oop [280]=Oop [312]=Oop [344]=Oop [360]=Oop [368]=Oop [424]=Oop [432]=Oop [448]=Oop [496]=Oop }
                      ;*new {reexecute=0 rethrow=0 return_oop=0}
                      ; - org.apache.xml.utils.ObjectStack::setTop@16 (line 166)
                      ; - org.apache.xalan.transformer.TransformerImpl::setCurrentElement@5 (line 2644)
                      ; - org.apache.xalan.templates.ElemApplyTemplates::transformSelectedNodes@545 (line 332)
  0x0000775f10bece38: 4452 1207 | e927 c4ff 

  0x0000775f10bece40: ;   {metadata(nullptr)}
  0x0000775f10bece40: ff48 ba00 | 0000 0000 | 0000 00b8 | 000f 050a 

  0x0000775f10bece50: ;   {runtime_call load_klass_patching Runtime1 stub}
  0x0000775f10bece50: e82b 9212 

  0x0000775f10bece54: ; ImmutableOopMap {[224]=Oop [232]=Oop [240]=Oop [256]=Oop [280]=Oop [312]=Oop [344]=Oop [360]=Oop [368]=Oop [424]=Oop [432]=Oop [448]=Oop [496]=Oop }
                      ;*new {reexecute=1 rethrow=0 return_oop=0}
                      ; - (reexecute) org.apache.xml.utils.ObjectStack::setTop@16 (line 166)
                      ; - org.apache.xalan.transformer.TransformerImpl::setCurrentElement@5 (line 2644)
                      ; - org.apache.xalan.templates.ElemApplyTemplates::transformSelectedNodes@507 (line 316)
  0x0000775f10bece54: 07e9 76c4 

  0x0000775f10bece58: ;   {runtime_call throw_null_pointer_exception Runtime1 stub}
  0x0000775f10bece58: ffff e821 

  0x0000775f10bece5c: ; ImmutableOopMap {[224]=Oop [232]=Oop [240]=Oop [256]=Oop [280]=Oop [312]=Oop [344]=Oop [360]=Oop [368]=Oop [424]=Oop [432]=Oop [448]=Oop [496]=Oop }
                      ;*new {reexecute=0 rethrow=0 return_oop=0}
                      ; - org.apache.xml.utils.ObjectStack::setTop@16 (line 166)
                      ; - org.apache.xalan.transformer.TransformerImpl::setCurrentElement@5 (line 2644)
                      ; - org.apache.xalan.templates.ElemApplyTemplates::transformSelectedNodes@507 (line 316)
  0x0000775f10bece5c: 4612 0748 

  0x0000775f10bece60: ;   {runtime_call fast_new_instance_init_check Runtime1 stub}
  0x0000775f10bece60: 8bd2 e819 

  0x0000775f10bece64: ; ImmutableOopMap {[224]=Oop [232]=Oop [240]=Oop [256]=Oop [280]=Oop [312]=Oop [344]=Oop [360]=Oop [368]=Oop [424]=Oop [432]=Oop [448]=Oop [496]=Oop }
                      ;*new {reexecute=0 rethrow=0 return_oop=0}
                      ; - org.apache.xml.utils.ObjectStack::setTop@16 (line 166)
                      ; - org.apache.xalan.transformer.TransformerImpl::setCurrentElement@5 (line 2644)
                      ; - org.apache.xalan.templates.ElemApplyTemplates::transformSelectedNodes@507 (line 316)
  0x0000775f10bece64: 5212 07e9 | 24c5 ffff | 488d 8424 | d803 0000 | 4889 0424 

  0x0000775f10bece78: ;   {runtime_call monitorexit_nofpu Runtime1 stub}
  0x0000775f10bece78: e803 8212 | 07e9 aac5 | ffff 488d | 8424 e803 | 0000 4889 

  0x0000775f10bece8c: ;   {runtime_call monitorexit_nofpu Runtime1 stub}
  0x0000775f10bece8c: 0424 e8ed | 8112 07e9 | efc5 ffff | 488d 8424 | d803 0000 | 4889 0424 

  0x0000775f10becea4: ;   {runtime_call monitorexit_nofpu Runtime1 stub}
  0x0000775f10becea4: e8d7 8112 | 07e9 34c6 | ffff 488d | 8424 d803 | 0000 4889 

  0x0000775f10beceb8: ;   {runtime_call monitorexit_nofpu Runtime1 stub}
  0x0000775f10beceb8: 0424 e8c1 | 8112 07e9 | 79c6 ffff 

  0x0000775f10becec4: ;   {metadata(nullptr)}
  0x0000775f10becec4: 48ba 0000 | 0000 0000 | 0000 b800 

  0x0000775f10beced0: ;   {runtime_call load_klass_patching Runtime1 stub}
  0x0000775f10beced0: 0f05 0ae8 

  0x0000775f10beced4: ; ImmutableOopMap {[224]=Oop [232]=Oop [240]=Oop [256]=Oop [280]=Oop [312]=Oop [344]=Oop [360]=Oop [368]=Oop [424]=Oop [432]=Oop [440]=Oop }
                      ;*new {reexecute=1 rethrow=0 return_oop=0}
                      ; - (reexecute) org.apache.xml.utils.IntStack::setTop@16 (line 163)
                      ; - org.apache.xalan.templates.ElemApplyTemplates::transformSelectedNodes@344 (line 283)
  0x0000775f10beced4: a891 1207 | e993 c6ff 

  0x0000775f10becedc: ;   {runtime_call throw_null_pointer_exception Runtime1 stub}
  0x0000775f10becedc: ffe8 9e45 

  0x0000775f10becee0: ; ImmutableOopMap {[224]=Oop [232]=Oop [240]=Oop [256]=Oop [280]=Oop [312]=Oop [344]=Oop [360]=Oop [368]=Oop [424]=Oop [432]=Oop [440]=Oop }
                      ;*new {reexecute=0 rethrow=0 return_oop=0}
                      ; - org.apache.xml.utils.IntStack::setTop@16 (line 163)
                      ; - org.apache.xalan.templates.ElemApplyTemplates::transformSelectedNodes@344 (line 283)
  0x0000775f10becee0: 1207 488b 

  0x0000775f10becee4: ;   {runtime_call fast_new_instance_init_check Runtime1 stub}
  0x0000775f10becee4: d2e8 9651 

  0x0000775f10becee8: ; ImmutableOopMap {[224]=Oop [232]=Oop [240]=Oop [256]=Oop [280]=Oop [312]=Oop [344]=Oop [360]=Oop [368]=Oop [424]=Oop [432]=Oop [440]=Oop }
                      ;*new {reexecute=0 rethrow=0 return_oop=0}
                      ; - org.apache.xml.utils.IntStack::setTop@16 (line 163)
                      ; - org.apache.xalan.templates.ElemApplyTemplates::transformSelectedNodes@344 (line 283)
  0x0000775f10becee8: 1207 e941 

  0x0000775f10beceec: ;   {metadata(nullptr)}
  0x0000775f10beceec: c7ff ff48 | ba00 0000 | 0000 0000 | 00b8 000f 

  0x0000775f10becefc: ;   {runtime_call load_klass_patching Runtime1 stub}
  0x0000775f10becefc: 050a e87d 

  0x0000775f10becf00: ; ImmutableOopMap {[224]=Oop [232]=Oop [240]=Oop [256]=Oop [280]=Oop [312]=Oop [344]=Oop [360]=Oop [368]=Oop [424]=Oop [432]=Oop [440]=Oop }
                      ;*new {reexecute=1 rethrow=0 return_oop=0}
                      ; - (reexecute) org.apache.xml.utils.IntStack::setTop@16 (line 163)
                      ; - org.apache.xalan.templates.ElemApplyTemplates::transformSelectedNodes@337 (line 282)
  0x0000775f10becf00: 9112 07e9 | 90c7 ffff 

  0x0000775f10becf08: ;   {runtime_call throw_null_pointer_exception Runtime1 stub}
  0x0000775f10becf08: e873 4512 

  0x0000775f10becf0c: ; ImmutableOopMap {[224]=Oop [232]=Oop [240]=Oop [256]=Oop [280]=Oop [312]=Oop [344]=Oop [360]=Oop [368]=Oop [424]=Oop [432]=Oop [440]=Oop }
                      ;*new {reexecute=0 rethrow=0 return_oop=0}
                      ; - org.apache.xml.utils.IntStack::setTop@16 (line 163)
                      ; - org.apache.xalan.templates.ElemApplyTemplates::transformSelectedNodes@337 (line 282)
  0x0000775f10becf0c: 0748 8bd2 

  0x0000775f10becf10: ;   {runtime_call fast_new_instance_init_check Runtime1 stub}
  0x0000775f10becf10: e86b 5112 

  0x0000775f10becf14: ; ImmutableOopMap {[224]=Oop [232]=Oop [240]=Oop [256]=Oop [280]=Oop [312]=Oop [344]=Oop [360]=Oop [368]=Oop [424]=Oop [432]=Oop [440]=Oop }
                      ;*new {reexecute=0 rethrow=0 return_oop=0}
                      ; - org.apache.xml.utils.IntStack::setTop@16 (line 163)
                      ; - org.apache.xalan.templates.ElemApplyTemplates::transformSelectedNodes@337 (line 282)
  0x0000775f10becf14: 07e9 3ec8 | ffff 488d | 8424 d803 | 0000 4889 

  0x0000775f10becf24: ;   {runtime_call monitorexit_nofpu Runtime1 stub}
  0x0000775f10becf24: 0424 e855 | 8112 07e9 | dbc8 ffff 

  0x0000775f10becf30: ;   {runtime_call fast_new_instance Runtime1 stub}
  0x0000775f10becf30: 488b d2e8 

  0x0000775f10becf34: ; ImmutableOopMap {r9=Oop r11=Oop [224]=Oop [232]=Oop [240]=Oop [256]=Oop [280]=Oop [848]=Oop }
                      ;*new {reexecute=0 rethrow=0 return_oop=0}
                      ; - org.apache.xalan.templates.ElemApplyTemplates::transformSelectedNodes@864 (line 433)
  0x0000775f10becf34: 484e 1207 | e9eb c9ff 

  0x0000775f10becf3c: ;   {runtime_call throw_null_pointer_exception Runtime1 stub}
  0x0000775f10becf3c: ffe8 3e45 

  0x0000775f10becf40: ; ImmutableOopMap {r11=Oop [224]=Oop [232]=Oop [240]=Oop [256]=Oop [280]=Oop [840]=Oop [848]=Oop }
                      ;*invokeinterface fatalError {reexecute=0 rethrow=0 return_oop=0}
                      ; - org.apache.xalan.templates.ElemApplyTemplates::transformSelectedNodes@873 (line 433)
                      ;   {metadata(nullptr)}
  0x0000775f10becf40: 1207 48ba | 0000 0000 | 0000 0000 | b800 0f05 

  0x0000775f10becf50: ;   {runtime_call load_klass_patching Runtime1 stub}
  0x0000775f10becf50: 0ae8 2a91 

  0x0000775f10becf54: ; ImmutableOopMap {rsi=Oop rbx=Oop [224]=Oop [232]=Oop [240]=Oop [256]=Oop [280]=Oop [848]=Oop [880]=Oop }
                      ;*new {reexecute=1 rethrow=0 return_oop=0}
                      ; - (reexecute) org.apache.xalan.templates.ElemApplyTemplates::transformSelectedNodes@909 (line 438)
  0x0000775f10becf54: 1207 e95d | cbff ff48 

  0x0000775f10becf5c: ;   {runtime_call fast_new_instance Runtime1 stub}
  0x0000775f10becf5c: 8bd2 e81d 

  0x0000775f10becf60: ; ImmutableOopMap {rbx=Oop r9=Oop [224]=Oop [232]=Oop [240]=Oop [256]=Oop [280]=Oop [848]=Oop [880]=Oop }
                      ;*new {reexecute=0 rethrow=0 return_oop=0}
                      ; - org.apache.xalan.templates.ElemApplyTemplates::transformSelectedNodes@909 (line 438)
  0x0000775f10becf60: 4e12 07e9 | fecb ffff 

  0x0000775f10becf68: ;   {metadata({method} {0x00006ab1e865bd78} '<init>' '(Lorg/apache/xpath/Expression;)V' in 'org/apache/xpath/XPath')}
  0x0000775f10becf68: 49ba 78bd | 65e8 b16a | 0000 4c89 | 5424 0848 | c704 24ff 

  0x0000775f10becf7c: ;   {runtime_call counter_overflow Runtime1 stub}
  0x0000775f10becf7c: ffff ffe8 

  0x0000775f10becf80: ; ImmutableOopMap {rbx=Oop r9=Oop rax=Oop rdi=Oop [224]=Oop [232]=Oop [240]=Oop [256]=Oop [280]=Oop [848]=Oop [872]=Oop [880]=Oop }
                      ;*synchronization entry
                      ; - org.apache.xpath.XPath::<init>@-1 (line 277)
                      ; - org.apache.xalan.templates.ElemApplyTemplates::transformSelectedNodes@917 (line 438)
  0x0000775f10becf80: fca2 1207 | e925 ccff 

  0x0000775f10becf88: ;   {metadata({method} {0x00006ab1f34791f0} '<init>' '()V' in 'java/lang/Object')}
  0x0000775f10becf88: ff49 baf0 | 9147 f3b1 | 6a00 004c | 8954 2408 | 48c7 0424 | ffff ffff 

  0x0000775f10becfa0: ;   {runtime_call counter_overflow Runtime1 stub}
  0x0000775f10becfa0: e8db a212 

  0x0000775f10becfa4: ; ImmutableOopMap {rbx=Oop r9=Oop rax=Oop rdi=Oop [224]=Oop [232]=Oop [240]=Oop [256]=Oop [280]=Oop [848]=Oop [872]=Oop [880]=Oop }
                      ;*synchronization entry
                      ; - java.lang.Object::<init>@-1 (line 45)
                      ; - org.apache.xpath.XPath::<init>@1 (line 277)
                      ; - org.apache.xalan.templates.ElemApplyTemplates::transformSelectedNodes@917 (line 438)
  0x0000775f10becfa4: 07e9 40cc 

  0x0000775f10becfa8: ;   {metadata({method} {0x00006ab1e865b6e0} 'setExpression' '(Lorg/apache/xpath/Expression;)V' in 'org/apache/xpath/XPath')}
  0x0000775f10becfa8: ffff 49ba | e0b6 65e8 | b16a 0000 | 4c89 5424 | 0848 c704 | 24ff ffff 

  0x0000775f10becfc0: ;   {runtime_call counter_overflow Runtime1 stub}
  0x0000775f10becfc0: ffe8 baa2 

  0x0000775f10becfc4: ; ImmutableOopMap {rbx=Oop r9=Oop rax=Oop rdi=Oop [224]=Oop [232]=Oop [240]=Oop [256]=Oop [280]=Oop [848]=Oop [872]=Oop [880]=Oop }
                      ;*synchronization entry
                      ; - org.apache.xpath.XPath::setExpression@-1 (line 99)
                      ; - org.apache.xpath.XPath::<init>@11 (line 278)
                      ; - org.apache.xalan.templates.ElemApplyTemplates::transformSelectedNodes@917 (line 438)
  0x0000775f10becfc4: 1207 e96c 

  0x0000775f10becfc8: ;   {runtime_call throw_null_pointer_exception Runtime1 stub}
  0x0000775f10becfc8: ccff ffe8 

  0x0000775f10becfcc: ; ImmutableOopMap {rbx=Oop r9=Oop rax=Oop rdi=Oop rdx=Oop [224]=Oop [232]=Oop [240]=Oop [256]=Oop [280]=Oop [848]=Oop [872]=Oop [880]=Oop }
                      ;*invokevirtual exprGetParent {reexecute=0 rethrow=0 return_oop=0}
                      ; - org.apache.xpath.XPath::setExpression@13 (line 100)
                      ; - org.apache.xpath.XPath::<init>@11 (line 278)
                      ; - org.apache.xalan.templates.ElemApplyTemplates::transformSelectedNodes@917 (line 438)
  0x0000775f10becfcc: b044 1207 

  0x0000775f10becfd0: ;   {runtime_call throw_null_pointer_exception Runtime1 stub}
  0x0000775f10becfd0: e8ab 4412 

  0x0000775f10becfd4: ; ImmutableOopMap {rbx=Oop r9=Oop rax=Oop rdi=Oop r11=Oop [224]=Oop [232]=Oop [240]=Oop [256]=Oop [280]=Oop [848]=Oop [872]=Oop [880]=Oop }
                      ;*invokevirtual exprSetParent {reexecute=0 rethrow=0 return_oop=0}
                      ; - org.apache.xpath.XPath::setExpression@16 (line 100)
                      ; - org.apache.xpath.XPath::<init>@11 (line 278)
                      ; - org.apache.xalan.templates.ElemApplyTemplates::transformSelectedNodes@917 (line 438)
                      ;   {metadata({method} {0x00006ab1e84cf1c8} 'exprSetParent' '(Lorg/apache/xpath/ExpressionNode;)V' in 'org/apache/xpath/Expression')}
  0x0000775f10becfd4: 0749 bac8 | f14c e8b1 | 6a00 004c | 8954 2408 | 48c7 0424 | ffff ffff 

  0x0000775f10becfec: ;   {runtime_call counter_overflow Runtime1 stub}
  0x0000775f10becfec: e88f a212 

  0x0000775f10becff0: ; ImmutableOopMap {rbx=Oop r9=Oop rax=Oop rdi=Oop r11=Oop [224]=Oop [232]=Oop [240]=Oop [256]=Oop [280]=Oop [848]=Oop [872]=Oop [880]=Oop }
                      ;*synchronization entry
                      ; - org.apache.xpath.Expression::exprSetParent@-1 (line 476)
                      ; - org.apache.xpath.XPath::setExpression@16 (line 100)
                      ; - org.apache.xpath.XPath::<init>@11 (line 278)
                      ; - org.apache.xalan.templates.ElemApplyTemplates::transformSelectedNodes@917 (line 438)
  0x0000775f10becff0: 07e9 cacd 

  0x0000775f10becff4: ;   {metadata({method} {0x00006ab1e865b4a0} 'initFunctionTable' '()V' in 'org/apache/xpath/XPath')}
  0x0000775f10becff4: ffff 49ba | a0b4 65e8 | b16a 0000 | 4c89 5424 | 0848 c704 | 24ff ffff 

  0x0000775f10bed00c: ;   {runtime_call counter_overflow Runtime1 stub}
  0x0000775f10bed00c: ffe8 6ea2 

  0x0000775f10bed010: ; ImmutableOopMap {rax=Oop [224]=Oop [232]=Oop [240]=Oop [256]=Oop [280]=Oop [848]=Oop [872]=Oop [880]=Oop }
                      ;*synchronization entry
                      ; - org.apache.xpath.XPath::initFunctionTable@-1 (line 62)
                      ; - org.apache.xpath.XPath::<init>@15 (line 279)
                      ; - org.apache.xalan.templates.ElemApplyTemplates::transformSelectedNodes@917 (line 438)
  0x0000775f10bed010: 1207 e917 | cfff ff48 

  0x0000775f10bed018: ;   {runtime_call fast_new_instance Runtime1 stub}
  0x0000775f10bed018: 8bd2 e861 

  0x0000775f10bed01c: ; ImmutableOopMap {[224]=Oop [232]=Oop [240]=Oop [256]=Oop [280]=Oop [848]=Oop [872]=Oop [880]=Oop }
                      ;*new {reexecute=0 rethrow=0 return_oop=0}
                      ; - org.apache.xpath.XPath::initFunctionTable@1 (line 62)
                      ; - org.apache.xpath.XPath::<init>@15 (line 279)
                      ; - org.apache.xalan.templates.ElemApplyTemplates::transformSelectedNodes@917 (line 438)
  0x0000775f10bed01c: 4d12 07e9 | b5cf ffff 

  0x0000775f10bed024: ;   {metadata(nullptr)}
  0x0000775f10bed024: 48ba 0000 | 0000 0000 | 0000 b800 

  0x0000775f10bed030: ;   {runtime_call load_klass_patching Runtime1 stub}
  0x0000775f10bed030: 0f05 0ae8 

  0x0000775f10bed034: ; ImmutableOopMap {[224]=Oop [232]=Oop [240]=Oop [256]=Oop [280]=Oop [848]=Oop [872]=Oop [880]=Oop }
                      ;*new {reexecute=1 rethrow=0 return_oop=0}
                      ; - (reexecute) org.apache.xalan.templates.ElemApplyTemplates::transformSelectedNodes@920 (line 438)
  0x0000775f10bed034: 4890 1207 | e9eb cfff | ff48 8bd2 

  0x0000775f10bed040: ;   {runtime_call fast_new_instance Runtime1 stub}
  0x0000775f10bed040: e83b 4d12 

  0x0000775f10bed044: ; ImmutableOopMap {[224]=Oop [232]=Oop [240]=Oop [256]=Oop [280]=Oop [848]=Oop [872]=Oop [880]=Oop }
                      ;*new {reexecute=0 rethrow=0 return_oop=0}
                      ; - org.apache.xalan.templates.ElemApplyTemplates::transformSelectedNodes@920 (line 438)
  0x0000775f10bed044: 07e9 91d0 

  0x0000775f10bed048: ;   {runtime_call throw_null_pointer_exception Runtime1 stub}
  0x0000775f10bed048: ffff e831 

  0x0000775f10bed04c: ; ImmutableOopMap {rbx=Oop [224]=Oop [232]=Oop [240]=Oop [256]=Oop [280]=Oop [848]=Oop [872]=Oop [880]=Oop [896]=Oop }
                      ;*invokevirtual fireSelectedEndEvent {reexecute=0 rethrow=0 return_oop=0}
                      ; - org.apache.xalan.templates.ElemApplyTemplates::transformSelectedNodes@929 (line 438)
                      ;   {metadata({method} {0x00006ab1e86aa268} 'popSAXLocator' '()V' in 'org/apache/xpath/XPathContext')}
  0x0000775f10bed04c: 4412 0749 | ba68 a26a | e8b1 6a00 | 004c 8954 | 2408 48c7 | 0424 ffff 

  0x0000775f10bed064: ;   {runtime_call counter_overflow Runtime1 stub}
  0x0000775f10bed064: ffff e815 

  0x0000775f10bed068: ; ImmutableOopMap {rdi=Oop [224]=Oop [232]=Oop [240]=Oop [256]=Oop [280]=Oop [848]=Oop }
                      ;*synchronization entry
                      ; - org.apache.xpath.XPathContext::popSAXLocator@-1 (line 434)
                      ; - org.apache.xalan.templates.ElemApplyTemplates::transformSelectedNodes@945 (line 445)
  0x0000775f10bed068: a212 07e9 | dfd1 ffff 

  0x0000775f10bed070: ;   {runtime_call throw_null_pointer_exception Runtime1 stub}
  0x0000775f10bed070: e80b 4412 

  0x0000775f10bed074: ; ImmutableOopMap {rdi=Oop rsi=Oop [224]=Oop [232]=Oop [240]=Oop [256]=Oop [280]=Oop [848]=Oop }
                      ;*invokevirtual pop {reexecute=0 rethrow=0 return_oop=0}
                      ; - org.apache.xpath.XPathContext::popSAXLocator@4 (line 434)
                      ; - org.apache.xalan.templates.ElemApplyTemplates::transformSelectedNodes@945 (line 445)
                      ;   {metadata({method} {0x00006ab1e86aafd0} 'popContextNodeList' '()V' in 'org/apache/xpath/XPathContext')}
  0x0000775f10bed074: 0749 bad0 | af6a e8b1 | 6a00 004c | 8954 2408 | 48c7 0424 | ffff ffff 

  0x0000775f10bed08c: ;   {runtime_call counter_overflow Runtime1 stub}
  0x0000775f10bed08c: e8ef a112 

  0x0000775f10bed090: ; ImmutableOopMap {rbx=Oop [224]=Oop [232]=Oop [240]=Oop [256]=Oop [280]=Oop [848]=Oop }
                      ;*synchronization entry
                      ; - org.apache.xpath.XPathContext::popContextNodeList@-1 (line 706)
                      ; - org.apache.xalan.templates.ElemApplyTemplates::transformSelectedNodes@954 (line 446)
  0x0000775f10bed090: 07e9 6bd2 

  0x0000775f10bed094: ;   {runtime_call throw_null_pointer_exception Runtime1 stub}
  0x0000775f10bed094: ffff e8e5 

  0x0000775f10bed098: ; ImmutableOopMap {rbx=Oop rdx=Oop [224]=Oop [232]=Oop [240]=Oop [256]=Oop [280]=Oop [848]=Oop }
                      ;*invokevirtual isEmpty {reexecute=0 rethrow=0 return_oop=0}
                      ; - org.apache.xpath.XPathContext::popContextNodeList@4 (line 706)
                      ; - org.apache.xalan.templates.ElemApplyTemplates::transformSelectedNodes@954 (line 446)
  0x0000775f10bed098: 4312 0748 | 8954 2408 | 4889 3424 

  0x0000775f10bed0a4: ;   {runtime_call monitorenter_nofpu Runtime1 stub}
  0x0000775f10bed0a4: e8d7 7912 

  0x0000775f10bed0a8: ; ImmutableOopMap {rbx=Oop rdx=Oop [224]=Oop [232]=Oop [240]=Oop [256]=Oop [280]=Oop [848]=Oop [992]=Oop }
                      ;*synchronization entry
                      ; - java.util.Vector::isEmpty@-1 (line 316)
                      ; - org.apache.xpath.XPathContext::popContextNodeList@4 (line 706)
                      ; - org.apache.xalan.templates.ElemApplyTemplates::transformSelectedNodes@954 (line 446)
  0x0000775f10bed0a8: 07e9 26d3 

  0x0000775f10bed0ac: ;   {metadata({method} {0x00006ab1e80ff0b0} 'isEmpty' '()Z' in 'java/util/Vector')}
  0x0000775f10bed0ac: ffff 49ba | b0f0 0fe8 | b16a 0000 | 4c89 5424 | 0848 c704 | 24ff ffff 

  0x0000775f10bed0c4: ;   {runtime_call counter_overflow Runtime1 stub}
  0x0000775f10bed0c4: ffe8 b6a1 

  0x0000775f10bed0c8: ; ImmutableOopMap {rbx=Oop rdx=Oop [224]=Oop [232]=Oop [240]=Oop [256]=Oop [280]=Oop [848]=Oop [992]=Oop }
                      ;*synchronization entry
                      ; - java.util.Vector::isEmpty@-1 (line 316)
                      ; - org.apache.xpath.XPathContext::popContextNodeList@4 (line 706)
                      ; - org.apache.xalan.templates.ElemApplyTemplates::transformSelectedNodes@954 (line 446)
  0x0000775f10bed0c8: 1207 e92c | d3ff ff48 | 8d84 24d8 | 0300 0048 

  0x0000775f10bed0d8: ;   {runtime_call monitorexit_nofpu Runtime1 stub}
  0x0000775f10bed0d8: 8904 24e8 | a07f 1207 | e996 d3ff 

  0x0000775f10bed0e4: ;   {runtime_call throw_null_pointer_exception Runtime1 stub}
  0x0000775f10bed0e4: ffe8 9643 

  0x0000775f10bed0e8: ; ImmutableOopMap {rsi=Oop [224]=Oop [232]=Oop [240]=Oop [256]=Oop [280]=Oop [848]=Oop }
                      ;*invokevirtual println {reexecute=0 rethrow=0 return_oop=0}
                      ; - org.apache.xpath.XPathContext::popContextNodeList@15 (line 707)
                      ; - org.apache.xalan.templates.ElemApplyTemplates::transformSelectedNodes@954 (line 446)
                      ;   {runtime_call throw_null_pointer_exception Runtime1 stub}
  0x0000775f10bed0e8: 1207 e891 

  0x0000775f10bed0ec: ; ImmutableOopMap {rdi=Oop rsi=Oop [224]=Oop [232]=Oop [240]=Oop [256]=Oop [280]=Oop [848]=Oop }
                      ;*invokevirtual pop {reexecute=0 rethrow=0 return_oop=0}
                      ; - org.apache.xpath.XPathContext::popContextNodeList@25 (line 709)
                      ; - org.apache.xalan.templates.ElemApplyTemplates::transformSelectedNodes@954 (line 446)
                      ;   {metadata({method} {0x00006ab1e8655cc0} 'popElemTemplateElement' '()V' in 'org/apache/xalan/transformer/TransformerImpl')}
  0x0000775f10bed0ec: 4312 0749 | bac0 5c65 | e8b1 6a00 | 004c 8954 | 2408 48c7 | 0424 ffff 

  0x0000775f10bed104: ;   {runtime_call counter_overflow Runtime1 stub}
  0x0000775f10bed104: ffff e875 

  0x0000775f10bed108: ; ImmutableOopMap {rdx=Oop [224]=Oop [232]=Oop [240]=Oop [256]=Oop [280]=Oop [848]=Oop }
                      ;*synchronization entry
                      ; - org.apache.xalan.transformer.TransformerImpl::popElemTemplateElement@-1 (line 2632)
                      ; - org.apache.xalan.templates.ElemApplyTemplates::transformSelectedNodes@958 (line 447)
  0x0000775f10bed108: a112 07e9 | e0d4 ffff 

  0x0000775f10bed110: ;   {runtime_call throw_null_pointer_exception Runtime1 stub}
  0x0000775f10bed110: e86b 4312 

  0x0000775f10bed114: ; ImmutableOopMap {rdx=Oop rsi=Oop [224]=Oop [232]=Oop [240]=Oop [256]=Oop [280]=Oop [848]=Oop }
                      ;*invokevirtual pop {reexecute=0 rethrow=0 return_oop=0}
                      ; - org.apache.xalan.transformer.TransformerImpl::popElemTemplateElement@4 (line 2632)
                      ; - org.apache.xalan.templates.ElemApplyTemplates::transformSelectedNodes@958 (line 447)
                      ;   {metadata({method} {0x00006ab1e86ac060} 'popCurrentExpressionNode' '()V' in 'org/apache/xpath/XPathContext')}
  0x0000775f10bed114: 0749 ba60 | c06a e8b1 | 6a00 004c | 8954 2408 | 48c7 0424 | ffff ffff 

  0x0000775f10bed12c: ;   {runtime_call counter_overflow Runtime1 stub}
  0x0000775f10bed12c: e84f a112 

  0x0000775f10bed130: ; ImmutableOopMap {[224]=Oop [232]=Oop [240]=Oop [256]=Oop [280]=Oop [848]=Oop }
                      ;*synchronization entry
                      ; - org.apache.xpath.XPathContext::popCurrentExpressionNode@-1 (line 908)
                      ; - org.apache.xalan.templates.ElemApplyTemplates::transformSelectedNodes@962 (line 448)
  0x0000775f10bed130: 07e9 27d5 

  0x0000775f10bed134: ;   {runtime_call throw_null_pointer_exception Runtime1 stub}
  0x0000775f10bed134: ffff e845 

  0x0000775f10bed138: ; ImmutableOopMap {rdi=Oop rsi=Oop [224]=Oop [232]=Oop [240]=Oop [256]=Oop [280]=Oop [848]=Oop }
                      ;*invokevirtual quickPop {reexecute=0 rethrow=0 return_oop=0}
                      ; - org.apache.xpath.XPathContext::popCurrentExpressionNode@5 (line 908)
                      ; - org.apache.xalan.templates.ElemApplyTemplates::transformSelectedNodes@962 (line 448)
                      ;   {metadata({method} {0x00006ab1e8648728} 'quickPop' '(I)V' in 'org/apache/xml/utils/IntStack')}
  0x0000775f10bed138: 4312 0749 | ba28 8764 | e8b1 6a00 | 004c 8954 | 2408 48c7 | 0424 ffff 

  0x0000775f10bed150: ;   {runtime_call counter_overflow Runtime1 stub}
  0x0000775f10bed150: ffff e829 

  0x0000775f10bed154: ; ImmutableOopMap {rdi=Oop rsi=Oop [224]=Oop [232]=Oop [240]=Oop [256]=Oop [280]=Oop [848]=Oop }
                      ;*synchronization entry
                      ; - org.apache.xml.utils.IntStack::quickPop@-1 (line 110)
                      ; - org.apache.xpath.XPathContext::popCurrentExpressionNode@5 (line 908)
                      ; - org.apache.xalan.templates.ElemApplyTemplates::transformSelectedNodes@962 (line 448)
  0x0000775f10bed154: a112 07e9 | 4ad5 ffff 

  0x0000775f10bed15c: ;   {metadata({method} {0x00006ab1e86ab680} 'popCurrentNode' '()V' in 'org/apache/xpath/XPathContext')}
  0x0000775f10bed15c: 49ba 80b6 | 6ae8 b16a | 0000 4c89 | 5424 0848 | c704 24ff 

  0x0000775f10bed170: ;   {runtime_call counter_overflow Runtime1 stub}
  0x0000775f10bed170: ffff ffe8 

  0x0000775f10bed174: ; ImmutableOopMap {rdi=Oop [224]=Oop [232]=Oop [240]=Oop [256]=Oop [280]=Oop [848]=Oop }
                      ;*synchronization entry
                      ; - org.apache.xpath.XPathContext::popCurrentNode@-1 (line 801)
                      ; - org.apache.xalan.templates.ElemApplyTemplates::transformSelectedNodes@966 (line 449)
  0x0000775f10bed174: 08a1 1207 | e96d d5ff 

  0x0000775f10bed17c: ;   {runtime_call throw_null_pointer_exception Runtime1 stub}
  0x0000775f10bed17c: ffe8 fe42 

  0x0000775f10bed180: ; ImmutableOopMap {rdi=Oop rsi=Oop [224]=Oop [232]=Oop [240]=Oop [256]=Oop [280]=Oop [848]=Oop }
                      ;*invokevirtual quickPop {reexecute=0 rethrow=0 return_oop=0}
                      ; - org.apache.xpath.XPathContext::popCurrentNode@5 (line 801)
                      ; - org.apache.xalan.templates.ElemApplyTemplates::transformSelectedNodes@966 (line 449)
                      ;   {metadata({method} {0x00006ab1e8648728} 'quickPop' '(I)V' in 'org/apache/xml/utils/IntStack')}
  0x0000775f10bed180: 1207 49ba | 2887 64e8 | b16a 0000 | 4c89 5424 | 0848 c704 | 24ff ffff 

  0x0000775f10bed198: ;   {runtime_call counter_overflow Runtime1 stub}
  0x0000775f10bed198: ffe8 e2a0 

  0x0000775f10bed19c: ; ImmutableOopMap {rdi=Oop rsi=Oop [224]=Oop [232]=Oop [240]=Oop [256]=Oop [280]=Oop [848]=Oop }
                      ;*synchronization entry
                      ; - org.apache.xml.utils.IntStack::quickPop@-1 (line 110)
                      ; - org.apache.xpath.XPathContext::popCurrentNode@5 (line 801)
                      ; - org.apache.xalan.templates.ElemApplyTemplates::transformSelectedNodes@966 (line 449)
  0x0000775f10bed19c: 1207 e988 

  0x0000775f10bed1a0: ;   {runtime_call throw_null_pointer_exception Runtime1 stub}
  0x0000775f10bed1a0: d5ff ffe8 

  0x0000775f10bed1a4: ; ImmutableOopMap {rdi=Oop rbx=Oop [224]=Oop [232]=Oop [240]=Oop [256]=Oop [280]=Oop }
                      ;*invokeinterface detach {reexecute=0 rethrow=0 return_oop=0}
                      ; - org.apache.xalan.templates.ElemApplyTemplates::transformSelectedNodes@971 (line 450)
  0x0000775f10bed1a4: d842 1207 

  0x0000775f10bed1a8: ;   {metadata(nullptr)}
  0x0000775f10bed1a8: 48ba 0000 | 0000 0000 | 0000 b800 

  0x0000775f10bed1b4: ;   {runtime_call load_klass_patching Runtime1 stub}
  0x0000775f10bed1b4: 0f05 0ae8 

  0x0000775f10bed1b8: ; ImmutableOopMap {rsi=Oop r9=Oop [224]=Oop [232]=Oop [240]=Oop [256]=Oop [280]=Oop [904]=Oop [936]=Oop [952]=Oop }
                      ;*new {reexecute=1 rethrow=0 return_oop=0}
                      ; - (reexecute) org.apache.xalan.templates.ElemApplyTemplates::transformSelectedNodes@909 (line 438)
  0x0000775f10bed1b8: c48e 1207 | e9ef d6ff | ff48 8bd2 

  0x0000775f10bed1c4: ;   {runtime_call fast_new_instance Runtime1 stub}
  0x0000775f10bed1c4: e8b7 4b12 

  0x0000775f10bed1c8: ; ImmutableOopMap {r9=Oop r13=Oop [224]=Oop [232]=Oop [240]=Oop [256]=Oop [280]=Oop [904]=Oop [936]=Oop [952]=Oop }
                      ;*new {reexecute=0 rethrow=0 return_oop=0}
                      ; - org.apache.xalan.templates.ElemApplyTemplates::transformSelectedNodes@909 (line 438)
  0x0000775f10bed1c8: 07e9 90d7 

  0x0000775f10bed1cc: ;   {metadata({method} {0x00006ab1e865bd78} '<init>' '(Lorg/apache/xpath/Expression;)V' in 'org/apache/xpath/XPath')}
  0x0000775f10bed1cc: ffff 49ba | 78bd 65e8 | b16a 0000 | 4c89 5424 | 0848 c704 | 24ff ffff 

  0x0000775f10bed1e4: ;   {runtime_call counter_overflow Runtime1 stub}
  0x0000775f10bed1e4: ffe8 96a0 

  0x0000775f10bed1e8: ; ImmutableOopMap {r9=Oop r13=Oop rax=Oop rdi=Oop [224]=Oop [232]=Oop [240]=Oop [256]=Oop [280]=Oop [904]=Oop [920]=Oop [936]=Oop [952]=Oop }
                      ;*synchronization entry
                      ; - org.apache.xpath.XPath::<init>@-1 (line 277)
                      ; - org.apache.xalan.templates.ElemApplyTemplates::transformSelectedNodes@917 (line 438)
  0x0000775f10bed1e8: 1207 e9b7 

  0x0000775f10bed1ec: ;   {metadata({method} {0x00006ab1f34791f0} '<init>' '()V' in 'java/lang/Object')}
  0x0000775f10bed1ec: d7ff ff49 | baf0 9147 | f3b1 6a00 | 004c 8954 | 2408 48c7 | 0424 ffff 

  0x0000775f10bed204: ;   {runtime_call counter_overflow Runtime1 stub}
  0x0000775f10bed204: ffff e875 

  0x0000775f10bed208: ; ImmutableOopMap {r9=Oop r13=Oop rax=Oop rdi=Oop [224]=Oop [232]=Oop [240]=Oop [256]=Oop [280]=Oop [904]=Oop [920]=Oop [936]=Oop [952]=Oop }
                      ;*synchronization entry
                      ; - java.lang.Object::<init>@-1 (line 45)
                      ; - org.apache.xpath.XPath::<init>@1 (line 277)
                      ; - org.apache.xalan.templates.ElemApplyTemplates::transformSelectedNodes@917 (line 438)
  0x0000775f10bed208: a012 07e9 | d2d7 ffff 

  0x0000775f10bed210: ;   {metadata({method} {0x00006ab1e865b6e0} 'setExpression' '(Lorg/apache/xpath/Expression;)V' in 'org/apache/xpath/XPath')}
  0x0000775f10bed210: 49ba e0b6 | 65e8 b16a | 0000 4c89 | 5424 0848 | c704 24ff 

  0x0000775f10bed224: ;   {runtime_call counter_overflow Runtime1 stub}
  0x0000775f10bed224: ffff ffe8 

  0x0000775f10bed228: ; ImmutableOopMap {r9=Oop r13=Oop rax=Oop rdi=Oop [224]=Oop [232]=Oop [240]=Oop [256]=Oop [280]=Oop [904]=Oop [920]=Oop [936]=Oop [952]=Oop }
                      ;*synchronization entry
                      ; - org.apache.xpath.XPath::setExpression@-1 (line 99)
                      ; - org.apache.xpath.XPath::<init>@11 (line 278)
                      ; - org.apache.xalan.templates.ElemApplyTemplates::transformSelectedNodes@917 (line 438)
  0x0000775f10bed228: 54a0 1207 | e9fe d7ff 

  0x0000775f10bed230: ;   {runtime_call throw_null_pointer_exception Runtime1 stub}
  0x0000775f10bed230: ffe8 4a42 

  0x0000775f10bed234: ; ImmutableOopMap {r9=Oop r13=Oop rax=Oop rdi=Oop rdx=Oop [224]=Oop [232]=Oop [240]=Oop [256]=Oop [280]=Oop [904]=Oop [920]=Oop [936]=Oop [952]=Oop }
                      ;*invokevirtual exprGetParent {reexecute=0 rethrow=0 return_oop=0}
                      ; - org.apache.xpath.XPath::setExpression@13 (line 100)
                      ; - org.apache.xpath.XPath::<init>@11 (line 278)
                      ; - org.apache.xalan.templates.ElemApplyTemplates::transformSelectedNodes@917 (line 438)
                      ;   {runtime_call throw_null_pointer_exception Runtime1 stub}
  0x0000775f10bed234: 1207 e845 

  0x0000775f10bed238: ; ImmutableOopMap {r9=Oop r13=Oop rax=Oop rdi=Oop rbx=Oop [224]=Oop [232]=Oop [240]=Oop [256]=Oop [280]=Oop [904]=Oop [912]=Oop [920]=Oop [936]=Oop [952]=Oop }
                      ;*invokevirtual exprSetParent {reexecute=0 rethrow=0 return_oop=0}
                      ; - org.apache.xpath.XPath::setExpression@16 (line 100)
                      ; - org.apache.xpath.XPath::<init>@11 (line 278)
                      ; - org.apache.xalan.templates.ElemApplyTemplates::transformSelectedNodes@917 (line 438)
                      ;   {metadata({method} {0x00006ab1e84cf1c8} 'exprSetParent' '(Lorg/apache/xpath/ExpressionNode;)V' in 'org/apache/xpath/Expression')}
  0x0000775f10bed238: 4212 0749 | bac8 f14c | e8b1 6a00 | 004c 8954 | 2408 48c7 | 0424 ffff 

  0x0000775f10bed250: ;   {runtime_call counter_overflow Runtime1 stub}
  0x0000775f10bed250: ffff e829 

  0x0000775f10bed254: ; ImmutableOopMap {r9=Oop r13=Oop rax=Oop rdi=Oop rbx=Oop [224]=Oop [232]=Oop [240]=Oop [256]=Oop [280]=Oop [904]=Oop [912]=Oop [920]=Oop [936]=Oop [952]=Oop }
                      ;*synchronization entry
                      ; - org.apache.xpath.Expression::exprSetParent@-1 (line 476)
                      ; - org.apache.xpath.XPath::setExpression@16 (line 100)
                      ; - org.apache.xpath.XPath::<init>@11 (line 278)
                      ; - org.apache.xalan.templates.ElemApplyTemplates::transformSelectedNodes@917 (line 438)
  0x0000775f10bed254: a012 07e9 | 63d9 ffff 

  0x0000775f10bed25c: ;   {metadata({method} {0x00006ab1e865b4a0} 'initFunctionTable' '()V' in 'org/apache/xpath/XPath')}
  0x0000775f10bed25c: 49ba a0b4 | 65e8 b16a | 0000 4c89 | 5424 0848 | c704 24ff 

  0x0000775f10bed270: ;   {runtime_call counter_overflow Runtime1 stub}
  0x0000775f10bed270: ffff ffe8 

  0x0000775f10bed274: ; ImmutableOopMap {rax=Oop [224]=Oop [232]=Oop [240]=Oop [256]=Oop [280]=Oop [904]=Oop [920]=Oop [936]=Oop [952]=Oop }
                      ;*synchronization entry
                      ; - org.apache.xpath.XPath::initFunctionTable@-1 (line 62)
                      ; - org.apache.xpath.XPath::<init>@15 (line 279)
                      ; - org.apache.xalan.templates.ElemApplyTemplates::transformSelectedNodes@917 (line 438)
  0x0000775f10bed274: 08a0 1207 | e9a9 daff | ff48 8bd2 

  0x0000775f10bed280: ;   {runtime_call fast_new_instance Runtime1 stub}
  0x0000775f10bed280: e8fb 4a12 

  0x0000775f10bed284: ; ImmutableOopMap {[224]=Oop [232]=Oop [240]=Oop [256]=Oop [280]=Oop [904]=Oop [920]=Oop [936]=Oop [952]=Oop }
                      ;*new {reexecute=0 rethrow=0 return_oop=0}
                      ; - org.apache.xpath.XPath::initFunctionTable@1 (line 62)
                      ; - org.apache.xpath.XPath::<init>@15 (line 279)
                      ; - org.apache.xalan.templates.ElemApplyTemplates::transformSelectedNodes@917 (line 438)
  0x0000775f10bed284: 07e9 47db 

  0x0000775f10bed288: ;   {metadata(nullptr)}
  0x0000775f10bed288: ffff 48ba | 0000 0000 | 0000 0000 | b800 0f05 

  0x0000775f10bed298: ;   {runtime_call load_klass_patching Runtime1 stub}
  0x0000775f10bed298: 0ae8 e28d 

  0x0000775f10bed29c: ; ImmutableOopMap {[224]=Oop [232]=Oop [240]=Oop [256]=Oop [280]=Oop [904]=Oop [920]=Oop [936]=Oop [952]=Oop }
                      ;*new {reexecute=1 rethrow=0 return_oop=0}
                      ; - (reexecute) org.apache.xalan.templates.ElemApplyTemplates::transformSelectedNodes@920 (line 438)
  0x0000775f10bed29c: 1207 e97d | dbff ff48 

  0x0000775f10bed2a4: ;   {runtime_call fast_new_instance Runtime1 stub}
  0x0000775f10bed2a4: 8bd2 e8d5 

  0x0000775f10bed2a8: ; ImmutableOopMap {[224]=Oop [232]=Oop [240]=Oop [256]=Oop [280]=Oop [904]=Oop [920]=Oop [936]=Oop [952]=Oop }
                      ;*new {reexecute=0 rethrow=0 return_oop=0}
                      ; - org.apache.xalan.templates.ElemApplyTemplates::transformSelectedNodes@920 (line 438)
  0x0000775f10bed2a8: 4a12 07e9 | 23dc ffff 

  0x0000775f10bed2b0: ;   {runtime_call throw_null_pointer_exception Runtime1 stub}
  0x0000775f10bed2b0: e8cb 4112 

  0x0000775f10bed2b4: ; ImmutableOopMap {rsi=Oop [224]=Oop [232]=Oop [240]=Oop [256]=Oop [280]=Oop [904]=Oop [920]=Oop [936]=Oop [952]=Oop [968]=Oop }
                      ;*invokevirtual fireSelectedEndEvent {reexecute=0 rethrow=0 return_oop=0}
                      ; - org.apache.xalan.templates.ElemApplyTemplates::transformSelectedNodes@929 (line 438)
                      ;   {metadata({method} {0x00006ab1e86aa268} 'popSAXLocator' '()V' in 'org/apache/xpath/XPathContext')}
  0x0000775f10bed2b4: 0749 ba68 | a26a e8b1 | 6a00 004c | 8954 2408 | 48c7 0424 | ffff ffff 

  0x0000775f10bed2cc: ;   {runtime_call counter_overflow Runtime1 stub}
  0x0000775f10bed2cc: e8af 9f12 

  0x0000775f10bed2d0: ; ImmutableOopMap {rdi=Oop [224]=Oop [232]=Oop [240]=Oop [256]=Oop [280]=Oop [904]=Oop [952]=Oop }
                      ;*synchronization entry
                      ; - org.apache.xpath.XPathContext::popSAXLocator@-1 (line 434)
                      ; - org.apache.xalan.templates.ElemApplyTemplates::transformSelectedNodes@945 (line 445)
  0x0000775f10bed2d0: 07e9 69dd 

  0x0000775f10bed2d4: ;   {runtime_call throw_null_pointer_exception Runtime1 stub}
  0x0000775f10bed2d4: ffff e8a5 

  0x0000775f10bed2d8: ; ImmutableOopMap {rdi=Oop rsi=Oop [224]=Oop [232]=Oop [240]=Oop [256]=Oop [280]=Oop [904]=Oop [952]=Oop }
                      ;*invokevirtual pop {reexecute=0 rethrow=0 return_oop=0}
                      ; - org.apache.xpath.XPathContext::popSAXLocator@4 (line 434)
                      ; - org.apache.xalan.templates.ElemApplyTemplates::transformSelectedNodes@945 (line 445)
                      ;   {metadata({method} {0x00006ab1e86aafd0} 'popContextNodeList' '()V' in 'org/apache/xpath/XPathContext')}
  0x0000775f10bed2d8: 4112 0749 | bad0 af6a | e8b1 6a00 | 004c 8954 | 2408 48c7 | 0424 ffff 

  0x0000775f10bed2f0: ;   {runtime_call counter_overflow Runtime1 stub}
  0x0000775f10bed2f0: ffff e889 

  0x0000775f10bed2f4: ; ImmutableOopMap {rbx=Oop [224]=Oop [232]=Oop [240]=Oop [256]=Oop [280]=Oop [904]=Oop [952]=Oop }
                      ;*synchronization entry
                      ; - org.apache.xpath.XPathContext::popContextNodeList@-1 (line 706)
                      ; - org.apache.xalan.templates.ElemApplyTemplates::transformSelectedNodes@954 (line 446)
  0x0000775f10bed2f4: 9f12 07e9 | f5dd ffff 

  0x0000775f10bed2fc: ;   {runtime_call throw_null_pointer_exception Runtime1 stub}
  0x0000775f10bed2fc: e87f 4112 

  0x0000775f10bed300: ; ImmutableOopMap {rbx=Oop rdx=Oop [224]=Oop [232]=Oop [240]=Oop [256]=Oop [280]=Oop [904]=Oop [952]=Oop }
                      ;*invokevirtual isEmpty {reexecute=0 rethrow=0 return_oop=0}
                      ; - org.apache.xpath.XPathContext::popContextNodeList@4 (line 706)
                      ; - org.apache.xalan.templates.ElemApplyTemplates::transformSelectedNodes@954 (line 446)
  0x0000775f10bed300: 0748 8954 | 2408 4889 

  0x0000775f10bed308: ;   {runtime_call monitorenter_nofpu Runtime1 stub}
  0x0000775f10bed308: 3424 e871 

  0x0000775f10bed30c: ; ImmutableOopMap {rbx=Oop rdx=Oop [224]=Oop [232]=Oop [240]=Oop [256]=Oop [280]=Oop [904]=Oop [952]=Oop [992]=Oop }
                      ;*synchronization entry
                      ; - java.util.Vector::isEmpty@-1 (line 316)
                      ; - org.apache.xpath.XPathContext::popContextNodeList@4 (line 706)
                      ; - org.apache.xalan.templates.ElemApplyTemplates::transformSelectedNodes@954 (line 446)
  0x0000775f10bed30c: 7712 07e9 | b0de ffff 

  0x0000775f10bed314: ;   {metadata({method} {0x00006ab1e80ff0b0} 'isEmpty' '()Z' in 'java/util/Vector')}
  0x0000775f10bed314: 49ba b0f0 | 0fe8 b16a | 0000 4c89 | 5424 0848 | c704 24ff 

  0x0000775f10bed328: ;   {runtime_call counter_overflow Runtime1 stub}
  0x0000775f10bed328: ffff ffe8 

  0x0000775f10bed32c: ; ImmutableOopMap {rbx=Oop rdx=Oop [224]=Oop [232]=Oop [240]=Oop [256]=Oop [280]=Oop [904]=Oop [952]=Oop [992]=Oop }
                      ;*synchronization entry
                      ; - java.util.Vector::isEmpty@-1 (line 316)
                      ; - org.apache.xpath.XPathContext::popContextNodeList@4 (line 706)
                      ; - org.apache.xalan.templates.ElemApplyTemplates::transformSelectedNodes@954 (line 446)
  0x0000775f10bed32c: 509f 1207 | e9b6 deff | ff48 8d84 | 24d8 0300 | 0048 8904 

  0x0000775f10bed340: ;   {runtime_call monitorexit_nofpu Runtime1 stub}
  0x0000775f10bed340: 24e8 3a7d | 1207 e920 

  0x0000775f10bed348: ;   {runtime_call throw_null_pointer_exception Runtime1 stub}
  0x0000775f10bed348: dfff ffe8 

  0x0000775f10bed34c: ; ImmutableOopMap {rsi=Oop [224]=Oop [232]=Oop [240]=Oop [256]=Oop [280]=Oop [904]=Oop [952]=Oop }
                      ;*invokevirtual println {reexecute=0 rethrow=0 return_oop=0}
                      ; - org.apache.xpath.XPathContext::popContextNodeList@15 (line 707)
                      ; - org.apache.xalan.templates.ElemApplyTemplates::transformSelectedNodes@954 (line 446)
  0x0000775f10bed34c: 3041 1207 

  0x0000775f10bed350: ;   {runtime_call throw_null_pointer_exception Runtime1 stub}
  0x0000775f10bed350: e82b 4112 

  0x0000775f10bed354: ; ImmutableOopMap {rdi=Oop rsi=Oop [224]=Oop [232]=Oop [240]=Oop [256]=Oop [280]=Oop [904]=Oop [952]=Oop }
                      ;*invokevirtual pop {reexecute=0 rethrow=0 return_oop=0}
                      ; - org.apache.xpath.XPathContext::popContextNodeList@25 (line 709)
                      ; - org.apache.xalan.templates.ElemApplyTemplates::transformSelectedNodes@954 (line 446)
                      ;   {internal_word}
  0x0000775f10bed354: 0749 bab9 | b3be 105f | 7700 004d | 8997 8007 

  0x0000775f10bed364: ;   {runtime_call SafepointBlob}
  0x0000775f10bed364: 0000 e995 

  0x0000775f10bed368: ;   {metadata({method} {0x00006ab1e8655cc0} 'popElemTemplateElement' '()V' in 'org/apache/xalan/transformer/TransformerImpl')}
  0x0000775f10bed368: e007 0749 | bac0 5c65 | e8b1 6a00 | 004c 8954 | 2408 48c7 | 0424 ffff 

  0x0000775f10bed380: ;   {runtime_call counter_overflow Runtime1 stub}
  0x0000775f10bed380: ffff e8f9 

  0x0000775f10bed384: ; ImmutableOopMap {rdx=Oop [224]=Oop [232]=Oop [240]=Oop [256]=Oop [280]=Oop [904]=Oop [952]=Oop }
                      ;*synchronization entry
                      ; - org.apache.xalan.transformer.TransformerImpl::popElemTemplateElement@-1 (line 2632)
                      ; - org.apache.xalan.templates.ElemApplyTemplates::transformSelectedNodes@958 (line 447)
  0x0000775f10bed384: 9e12 07e9 | 7fe0 ffff 

  0x0000775f10bed38c: ;   {runtime_call throw_null_pointer_exception Runtime1 stub}
  0x0000775f10bed38c: e8ef 4012 

  0x0000775f10bed390: ; ImmutableOopMap {rdx=Oop rsi=Oop [224]=Oop [232]=Oop [240]=Oop [256]=Oop [280]=Oop [904]=Oop [952]=Oop }
                      ;*invokevirtual pop {reexecute=0 rethrow=0 return_oop=0}
                      ; - org.apache.xalan.transformer.TransformerImpl::popElemTemplateElement@4 (line 2632)
                      ; - org.apache.xalan.templates.ElemApplyTemplates::transformSelectedNodes@958 (line 447)
                      ;   {metadata({method} {0x00006ab1e86ac060} 'popCurrentExpressionNode' '()V' in 'org/apache/xpath/XPathContext')}
  0x0000775f10bed390: 0749 ba60 | c06a e8b1 | 6a00 004c | 8954 2408 | 48c7 0424 | ffff ffff 

  0x0000775f10bed3a8: ;   {runtime_call counter_overflow Runtime1 stub}
  0x0000775f10bed3a8: e8d3 9e12 

  0x0000775f10bed3ac: ; ImmutableOopMap {[224]=Oop [232]=Oop [240]=Oop [256]=Oop [280]=Oop [904]=Oop [952]=Oop }
                      ;*synchronization entry
                      ; - org.apache.xpath.XPathContext::popCurrentExpressionNode@-1 (line 908)
                      ; - org.apache.xalan.templates.ElemApplyTemplates::transformSelectedNodes@962 (line 448)
  0x0000775f10bed3ac: 07e9 c3e0 

  0x0000775f10bed3b0: ;   {runtime_call throw_null_pointer_exception Runtime1 stub}
  0x0000775f10bed3b0: ffff e8c9 

  0x0000775f10bed3b4: ; ImmutableOopMap {rdi=Oop rsi=Oop [224]=Oop [232]=Oop [240]=Oop [256]=Oop [280]=Oop [904]=Oop [952]=Oop }
                      ;*invokevirtual quickPop {reexecute=0 rethrow=0 return_oop=0}
                      ; - org.apache.xpath.XPathContext::popCurrentExpressionNode@5 (line 908)
                      ; - org.apache.xalan.templates.ElemApplyTemplates::transformSelectedNodes@962 (line 448)
                      ;   {metadata({method} {0x00006ab1e8648728} 'quickPop' '(I)V' in 'org/apache/xml/utils/IntStack')}
  0x0000775f10bed3b4: 4012 0749 | ba28 8764 | e8b1 6a00 | 004c 8954 | 2408 48c7 | 0424 ffff 

  0x0000775f10bed3cc: ;   {runtime_call counter_overflow Runtime1 stub}
  0x0000775f10bed3cc: ffff e8ad 

  0x0000775f10bed3d0: ; ImmutableOopMap {rdi=Oop rsi=Oop [224]=Oop [232]=Oop [240]=Oop [256]=Oop [280]=Oop [904]=Oop [952]=Oop }
                      ;*synchronization entry
                      ; - org.apache.xml.utils.IntStack::quickPop@-1 (line 110)
                      ; - org.apache.xpath.XPathContext::popCurrentExpressionNode@5 (line 908)
                      ; - org.apache.xalan.templates.ElemApplyTemplates::transformSelectedNodes@962 (line 448)
  0x0000775f10bed3d0: 9e12 07e9 | e6e0 ffff 

  0x0000775f10bed3d8: ;   {metadata({method} {0x00006ab1e86ab680} 'popCurrentNode' '()V' in 'org/apache/xpath/XPathContext')}
  0x0000775f10bed3d8: 49ba 80b6 | 6ae8 b16a | 0000 4c89 | 5424 0848 | c704 24ff 

  0x0000775f10bed3ec: ;   {runtime_call counter_overflow Runtime1 stub}
  0x0000775f10bed3ec: ffff ffe8 

  0x0000775f10bed3f0: ; ImmutableOopMap {rdi=Oop [224]=Oop [232]=Oop [240]=Oop [256]=Oop [280]=Oop [904]=Oop [952]=Oop }
                      ;*synchronization entry
                      ; - org.apache.xpath.XPathContext::popCurrentNode@-1 (line 801)
                      ; - org.apache.xalan.templates.ElemApplyTemplates::transformSelectedNodes@966 (line 449)
  0x0000775f10bed3f0: 8c9e 1207 | e909 e1ff 

  0x0000775f10bed3f8: ;   {runtime_call throw_null_pointer_exception Runtime1 stub}
  0x0000775f10bed3f8: ffe8 8240 

  0x0000775f10bed3fc: ; ImmutableOopMap {rdi=Oop rsi=Oop [224]=Oop [232]=Oop [240]=Oop [256]=Oop [280]=Oop [904]=Oop [952]=Oop }
                      ;*invokevirtual quickPop {reexecute=0 rethrow=0 return_oop=0}
                      ; - org.apache.xpath.XPathContext::popCurrentNode@5 (line 801)
                      ; - org.apache.xalan.templates.ElemApplyTemplates::transformSelectedNodes@966 (line 449)
                      ;   {metadata({method} {0x00006ab1e8648728} 'quickPop' '(I)V' in 'org/apache/xml/utils/IntStack')}
  0x0000775f10bed3fc: 1207 49ba | 2887 64e8 | b16a 0000 | 4c89 5424 | 0848 c704 | 24ff ffff 

  0x0000775f10bed414: ;   {runtime_call counter_overflow Runtime1 stub}
  0x0000775f10bed414: ffe8 669e 

  0x0000775f10bed418: ; ImmutableOopMap {rdi=Oop rsi=Oop [224]=Oop [232]=Oop [240]=Oop [256]=Oop [280]=Oop [904]=Oop [952]=Oop }
                      ;*synchronization entry
                      ; - org.apache.xml.utils.IntStack::quickPop@-1 (line 110)
                      ; - org.apache.xpath.XPathContext::popCurrentNode@5 (line 801)
                      ; - org.apache.xalan.templates.ElemApplyTemplates::transformSelectedNodes@966 (line 449)
  0x0000775f10bed418: 1207 e924 

  0x0000775f10bed41c: ;   {runtime_call throw_null_pointer_exception Runtime1 stub}
  0x0000775f10bed41c: e1ff ffe8 

  0x0000775f10bed420: ; ImmutableOopMap {rdi=Oop rbx=Oop [224]=Oop [232]=Oop [240]=Oop [256]=Oop [280]=Oop [952]=Oop }
                      ;*invokeinterface detach {reexecute=0 rethrow=0 return_oop=0}
                      ; - org.apache.xalan.templates.ElemApplyTemplates::transformSelectedNodes@971 (line 450)
  0x0000775f10bed420: 5c40 1207 | 488d 8424 | d803 0000 | 4889 0424 

  0x0000775f10bed430: ;   {runtime_call monitorexit_nofpu Runtime1 stub}
  0x0000775f10bed430: e84b 7c12 | 07e9 27e2 | ffff 488d | 8424 d803 | 0000 4889 

  0x0000775f10bed444: ;   {runtime_call monitorexit_nofpu Runtime1 stub}
  0x0000775f10bed444: 0424 e835 | 7c12 07e9 | 61e2 ffff 

  0x0000775f10bed450: ;   {metadata(nullptr)}
  0x0000775f10bed450: 48ba 0000 | 0000 0000 | 0000 b800 

  0x0000775f10bed45c: ;   {runtime_call load_klass_patching Runtime1 stub}
  0x0000775f10bed45c: 0f05 0ae8 

  0x0000775f10bed460: ; ImmutableOopMap {[224]=Oop [232]=Oop [240]=Oop }
                      ;*new {reexecute=1 rethrow=0 return_oop=0}
                      ; - (reexecute) org.apache.xml.utils.IntStack::peek@13 (line 127)
                      ; - org.apache.xpath.XPathContext::getCurrentNode@4 (line 736)
                      ; - org.apache.xalan.templates.ElemApplyTemplates::transformSelectedNodes@6 (line 206)
  0x0000775f10bed460: 1c8c 1207 | e96f e2ff 

  0x0000775f10bed468: ;   {runtime_call throw_null_pointer_exception Runtime1 stub}
  0x0000775f10bed468: ffe8 1240 

  0x0000775f10bed46c: ; ImmutableOopMap {[224]=Oop [232]=Oop [240]=Oop }
                      ;*new {reexecute=0 rethrow=0 return_oop=0}
                      ; - org.apache.xml.utils.IntStack::peek@13 (line 127)
                      ; - org.apache.xpath.XPathContext::getCurrentNode@4 (line 736)
                      ; - org.apache.xalan.templates.ElemApplyTemplates::transformSelectedNodes@6 (line 206)
  0x0000775f10bed46c: 1207 488b 

  0x0000775f10bed470: ;   {runtime_call fast_new_instance_init_check Runtime1 stub}
  0x0000775f10bed470: d2e8 0a4c 

  0x0000775f10bed474: ; ImmutableOopMap {[224]=Oop [232]=Oop [240]=Oop }
                      ;*new {reexecute=0 rethrow=0 return_oop=0}
                      ; - org.apache.xml.utils.IntStack::peek@13 (line 127)
                      ; - org.apache.xpath.XPathContext::getCurrentNode@4 (line 736)
                      ; - org.apache.xalan.templates.ElemApplyTemplates::transformSelectedNodes@6 (line 206)
  0x0000775f10bed474: 1207 e91d | e3ff ffc7 | 8424 1c02 | 0000 0000 | 0000 48ff | b424 0801 | 0000 488f | 8424 5003 
  0x0000775f10bed494: 0000 e983 | c3ff ffc7 | 8424 b003 | 0000 0000 | 0000 48ff | b424 0801 | 0000 488f | 8424 8803 
  0x0000775f10bed4b4: 0000 e93e | d3ff ffc7 | 8424 1c02 | 0000 0000 | 0000 48ff | b424 0801 | 0000 488f | 8424 5003 
  0x0000775f10bed4d4: 0000 e943 | c3ff ffc7 | 8424 b003 | 0000 0000 | 0000 48ff | b424 0801 | 0000 488f | 8424 8803 
  0x0000775f10bed4f4: 0000 e9fe | d2ff ffc7 | 8424 1c02 | 0000 0000 | 0000 48ff | b424 0801 | 0000 488f | 8424 5003 
  0x0000775f10bed514: 0000 e903 | c3ff ffc7 | 8424 b003 | 0000 0000 | 0000 48ff | b424 0801 | 0000 488f | 8424 8803 
  0x0000775f10bed534: 0000 e9be | d2ff ffc7 | 8424 1c02 | 0000 0000 | 0000 48ff | b424 0801 | 0000 488f | 8424 5003 
  0x0000775f10bed554: 0000 e9c3 | c2ff ffc7 | 8424 b003 | 0000 0000 | 0000 48ff | b424 0801 | 0000 488f 

  0x0000775f10bed570: ;   {no_reloc}
  0x0000775f10bed570: 8424 8803 | 0000 e97e | d2ff ffc7 | 8424 1c02 | 0000 0000 | 0000 48ff | b424 0801 | 0000 488f 
  0x0000775f10bed590: 8424 5003 | 0000 e983 | c2ff ffc7 | 8424 b003 | 0000 0000 | 0000 48ff | b424 0801 | 0000 488f 
  0x0000775f10bed5b0: 8424 8803 | 0000 e93e | d2ff ffc7 | 8424 1c02 | 0000 0000 | 0000 48ff | b424 0801 | 0000 488f 
  0x0000775f10bed5d0: 8424 5003 | 0000 e943 | c2ff ffc7 | 8424 b003 | 0000 0000 | 0000 48ff | b424 0801 | 0000 488f 
  0x0000775f10bed5f0: 8424 8803 | 0000 e9fe | d1ff ffc7 | 8424 1c02 | 0000 0000 | 0000 48ff | b424 3801 | 0000 488f 
  0x0000775f10bed610: 8424 5003 | 0000 e903 | c2ff ffc7 | 8424 b003 | 0000 0000 | 0000 48ff | b424 3801 | 0000 488f 
  0x0000775f10bed630: 8424 8803 | 0000 e9be | d1ff ffc7 | 8424 1c02 | 0000 0000 | 0000 48ff | b424 3801 | 0000 488f 
  0x0000775f10bed650: 8424 5003 | 0000 e9c3 | c1ff ffc7 | 8424 b003 | 0000 0000 | 0000 48ff | b424 3801 

  0x0000775f10bed66c: ;   {no_reloc}
  0x0000775f10bed66c: 0000 488f | 8424 8803 | 0000 e97e | d1ff ffc7 | 8424 1c02 | 0000 0000 | 0000 48ff | b424 3801 
  0x0000775f10bed68c: 0000 488f | 8424 5003 | 0000 e983 | c1ff ffc7 | 8424 b003 | 0000 0000 | 0000 48ff | b424 3801 
  0x0000775f10bed6ac: 0000 488f | 8424 8803 | 0000 e93e | d1ff ffc7 | 8424 1c02 | 0000 0000 | 0000 48ff | b424 3801 
  0x0000775f10bed6cc: 0000 488f | 8424 5003 | 0000 e943 | c1ff ffc7 | 8424 b003 | 0000 0000 | 0000 48ff | b424 3801 
  0x0000775f10bed6ec: 0000 488f | 8424 8803 | 0000 e9fe | d0ff ffc7 | 8424 1c02 | 0000 0000 | 0000 48ff | b424 3801 
  0x0000775f10bed70c: 0000 488f | 8424 5003 | 0000 e903 | c1ff ffc7 | 8424 b003 | 0000 0000 | 0000 48ff | b424 3801 
  0x0000775f10bed72c: 0000 488f | 8424 8803 | 0000 e9be | d0ff ffc7 | 8424 1c02 | 0000 0000 | 0000 48ff | b424 3801 
  0x0000775f10bed74c: 0000 488f | 8424 5003 | 0000 e9c3 | c0ff ffc7 | 8424 b003 | 0000 0000 | 0000 48ff | b424 3801 
  0x0000775f10bed76c: ;   {no_reloc}
  0x0000775f10bed76c: 0000 488f | 8424 8803 | 0000 e97e | d0ff ffc7 | 8424 1c02 | 0000 0000 | 0000 48ff | b424 3801 
  0x0000775f10bed78c: 0000 488f | 8424 5003 | 0000 e983 | c0ff ffc7 | 8424 b003 | 0000 0000 | 0000 48ff | b424 3801 
  0x0000775f10bed7ac: 0000 488f | 8424 8803 | 0000 e93e | d0ff ffc7 | 8424 1c02 | 0000 0000 | 0000 48ff | b424 3801 
  0x0000775f10bed7cc: 0000 488f | 8424 5003 | 0000 e943 | c0ff ffc7 | 8424 b003 | 0000 0000 | 0000 48ff | b424 3801 
  0x0000775f10bed7ec: 0000 488f | 8424 8803 | 0000 e9fe | cfff ffc7 | 8424 1c02 | 0000 0000 | 0000 48ff | b424 3801 
  0x0000775f10bed80c: 0000 488f | 8424 5003 | 0000 e903 | c0ff ffc7 | 8424 b003 | 0000 0000 | 0000 48ff | b424 3801 
  0x0000775f10bed82c: 0000 488f | 8424 8803 | 0000 e9be | cfff ff8b | bc24 a001 | 0000 4c8b | 9c24 7801 | 0000 488b 
  0x0000775f10bed84c: 9c24 3801 | 0000 e94d | bfff ffc7 | 8424 1c02 | 0000 0100 | 0000 48ff | b424 3801 | 0000 488f 
  0x0000775f10bed86c: ;   {no_reloc}
  0x0000775f10bed86c: 8424 5003 | 0000 e9a7 | bfff ffc7 | 8424 b003 | 0000 0100 | 0000 48ff | b424 3801 | 0000 488f 
  0x0000775f10bed88c: 8424 8803 | 0000 e962 | cfff ffc7 | 8424 1c02 | 0000 0100 | 0000 48ff | b424 3801 | 0000 488f 
  0x0000775f10bed8ac: 8424 5003 | 0000 e967 | bfff ffc7 | 8424 b003 | 0000 0100 | 0000 48ff | b424 3801 | 0000 488f 
  0x0000775f10bed8cc: 8424 8803 | 0000 e922 | cfff ffc7 | 8424 1c02 | 0000 0100 | 0000 48ff | b424 3801 | 0000 488f 
  0x0000775f10bed8ec: 8424 5003 | 0000 e927 | bfff ffc7 | 8424 b003 | 0000 0100 | 0000 48ff | b424 3801 | 0000 488f 
  0x0000775f10bed90c: 8424 8803 | 0000 e9e2 | ceff ffc7 | 8424 1c02 | 0000 0100 | 0000 48ff | b424 3801 | 0000 488f 
  0x0000775f10bed92c: 8424 5003 | 0000 e9e7 | beff ffc7 | 8424 b003 | 0000 0100 | 0000 48ff | b424 3801 | 0000 488f 
  0x0000775f10bed94c: 8424 8803 | 0000 e9a2 | ceff ffc7 | 8424 1c02 | 0000 0100 | 0000 48ff | b424 3801 | 0000 488f 
  0x0000775f10bed96c: ;   {no_reloc}
  0x0000775f10bed96c: 8424 5003 | 0000 e9a7 | beff ffc7 | 8424 b003 | 0000 0100 | 0000 48ff | b424 3801 | 0000 488f 
  0x0000775f10bed98c: 8424 8803 | 0000 e962 | ceff ffc7 | 8424 1c02 | 0000 0100 | 0000 48ff | b424 3801 | 0000 488f 
  0x0000775f10bed9ac: 8424 5003 | 0000 e967 | beff ffc7 | 8424 b003 | 0000 0100 | 0000 48ff | b424 3801 | 0000 488f 
  0x0000775f10bed9cc: 8424 8803 | 0000 e922 | ceff ffc7 | 8424 1c02 | 0000 0100 | 0000 48ff | b424 3801 | 0000 488f 
  0x0000775f10bed9ec: 8424 5003 | 0000 e927 | beff ffc7 | 8424 b003 | 0000 0100 | 0000 48ff | b424 3801 | 0000 488f 
  0x0000775f10beda0c: 8424 8803 | 0000 e9e2 | cdff ffc7 | 8424 1c02 | 0000 0100 | 0000 48ff | b424 3801 | 0000 488f 
  0x0000775f10beda2c: 8424 5003 | 0000 e9e7 | bdff ffc7 | 8424 b003 | 0000 0100 | 0000 48ff | b424 3801 | 0000 488f 
  0x0000775f10beda4c: 8424 8803 | 0000 e9a2 | cdff ff48 | 8b9c 24e0 | 0100 00e9 | 78b9 ffff | c784 241c 

  0x0000775f10beda68: ;   {no_reloc}
  0x0000775f10beda68: 0200 0001 | 0000 0048 | ffb4 2438 | 0100 0048 | 8f84 2450 | 0300 00e9 | 9abd ffff | c784 24b0 
  0x0000775f10beda88: 0300 0001 | 0000 0048 | ffb4 2438 | 0100 0048 | 8f84 2488 | 0300 00e9 | 55cd ffff | 488b b424 
  0x0000775f10bedaa8: f801 0000 | e97b b6ff | ffc7 8424 | 1c02 0000 | 0100 0000 | 48ff b424 | 3801 0000 | 488f 8424 
  0x0000775f10bedac8: 5003 0000 | e94d bdff | ffc7 8424 | b003 0000 | 0100 0000 | 48ff b424 | 3801 0000 | 488f 8424 
  0x0000775f10bedae8: 8803 0000 | e908 cdff | ffc7 8424 | 1c02 0000 | 0100 0000 | 48ff b424 | 3801 0000 | 488f 8424 
  0x0000775f10bedb08: 5003 0000 | e90d bdff | ffc7 8424 | b003 0000 | 0100 0000 | 48ff b424 | 3801 0000 | 488f 8424 
  0x0000775f10bedb28: 8803 0000 | e9c8 ccff | ffc7 8424 | 1c02 0000 | 0100 0000 | 48ff b424 | 3801 0000 | 488f 8424 
  0x0000775f10bedb48: 5003 0000 | e9cd bcff | ffc7 8424 | b003 0000 | 0100 0000 | 48ff b424 | 3801 0000 | 488f 8424 
  0x0000775f10bedb68: ;   {no_reloc}
  0x0000775f10bedb68: 8803 0000 | e988 ccff | ffc7 8424 | 1c02 0000 | 0100 0000 | 48ff b424 | 3801 0000 | 488f 8424 
  0x0000775f10bedb88: 5003 0000 | e98d bcff | ffc7 8424 | b003 0000 | 0100 0000 | 48ff b424 | 3801 0000 | 488f 8424 
  0x0000775f10bedba8: 8803 0000 | e948 ccff | ffc7 8424 | 1c02 0000 | 0100 0000 | 48ff b424 | 3801 0000 | 488f 8424 
  0x0000775f10bedbc8: 5003 0000 | e94d bcff | ffc7 8424 | b003 0000 | 0100 0000 | 48ff b424 | 3801 0000 | 488f 8424 
  0x0000775f10bedbe8: 8803 0000 | e908 ccff | ffc7 8424 | 1c02 0000 | 0100 0000 | 48ff b424 | 3801 0000 | 488f 8424 
  0x0000775f10bedc08: 5003 0000 | e90d bcff | ffc7 8424 | b003 0000 | 0100 0000 | 48ff b424 | 3801 0000 | 488f 8424 
  0x0000775f10bedc28: 8803 0000 | e9c8 cbff | ffc7 8424 | 1c02 0000 | 0100 0000 | 48ff b424 | 3801 0000 | 488f 8424 
  0x0000775f10bedc48: 5003 0000 | e9cd bbff | ffc7 8424 | b003 0000 | 0100 0000 | 48ff b424 | 3801 0000 | 488f 8424 
  0x0000775f10bedc68: ;   {no_reloc}
  0x0000775f10bedc68: 8803 0000 | e988 cbff | ffc7 8424 | 1c02 0000 | 0100 0000 | 48ff b424 | 3801 0000 | 488f 8424 
  0x0000775f10bedc88: 5003 0000 | e98d bbff | ffc7 8424 | b003 0000 | 0100 0000 | 48ff b424 | 3801 0000 | 488f 8424 
  0x0000775f10bedca8: 8803 0000 | e948 cbff | ffc7 8424 | 1c02 0000 | 0100 0000 | 48ff b424 | 3801 0000 | 488f 8424 
  0x0000775f10bedcc8: 5003 0000 | e94d bbff | ffc7 8424 | b003 0000 | 0100 0000 | 48ff b424 | 3801 0000 | 488f 8424 
  0x0000775f10bedce8: 8803 0000 | e908 cbff | ffc7 8424 | 1c02 0000 | 0100 0000 | 48ff b424 | 3801 0000 | 488f 8424 
  0x0000775f10bedd08: 5003 0000 | e90d bbff | ffc7 8424 | b003 0000 | 0100 0000 | 48ff b424 | 3801 0000 | 488f 8424 
  0x0000775f10bedd28: 8803 0000 | e9c8 caff | ffc7 8424 | 1c02 0000 | 0100 0000 | 48ff b424 | 3801 0000 | 488f 8424 
  0x0000775f10bedd48: 5003 0000 | e9cd baff | ffc7 8424 | b003 0000 | 0100 0000 | 48ff b424 | 3801 0000 | 488f 8424 
  0x0000775f10bedd68: ;   {no_reloc}
  0x0000775f10bedd68: 8803 0000 | e988 caff | ffc7 8424 | 1c02 0000 | 0100 0000 | 48ff b424 | 3801 0000 | 488f 8424 
  0x0000775f10bedd88: 5003 0000 | e98d baff | ffc7 8424 | b003 0000 | 0100 0000 | 48ff b424 | 3801 0000 | 488f 8424 
  0x0000775f10bedda8: 8803 0000 | e948 caff | ffc7 8424 | 1c02 0000 | 0100 0000 | 48ff b424 | 3801 0000 | 488f 8424 
  0x0000775f10beddc8: 5003 0000 | e94d baff | ffc7 8424 | b003 0000 | 0100 0000 | 48ff b424 | 3801 0000 | 488f 8424 
  0x0000775f10bedde8: 8803 0000 | e908 caff | ffc7 8424 | 1c02 0000 | 0100 0000 | 48ff b424 | 3801 0000 | 488f 8424 
  0x0000775f10bede08: 5003 0000 | e90d baff | ffc7 8424 | b003 0000 | 0100 0000 | 48ff b424 | 3801 0000 | 488f 8424 
  0x0000775f10bede28: 8803 0000 | e9c8 c9ff | ffc7 8424 | 1c02 0000 | 0100 0000 | 48ff b424 | 3801 0000 | 488f 8424 
  0x0000775f10bede48: 5003 0000 | e9cd b9ff | ffc7 8424 | b003 0000 | 0100 0000 | 48ff b424 | 3801 0000 

  0x0000775f10bede64: ;   {no_reloc}
  0x0000775f10bede64: 488f 8424 | 8803 0000 | e988 c9ff | ffc7 8424 | 1c02 0000 | 0100 0000 | 48ff b424 | 3801 0000 
  0x0000775f10bede84: 488f 8424 | 5003 0000 | e98d b9ff | ffc7 8424 | b003 0000 | 0100 0000 | 48ff b424 | 3801 0000 
  0x0000775f10bedea4: 488f 8424 | 8803 0000 | e948 c9ff | ffc7 8424 | 1c02 0000 | 0100 0000 | 48ff b424 | 3801 0000 
  0x0000775f10bedec4: 488f 8424 | 5003 0000 | e94d b9ff | ffc7 8424 | b003 0000 | 0100 0000 | 48ff b424 | 3801 0000 
  0x0000775f10bedee4: 488f 8424 | 8803 0000 | e908 c9ff | ffc7 8424 | 1c02 0000 | 0100 0000 | 48ff b424 | 3801 0000 
  0x0000775f10bedf04: 488f 8424 | 5003 0000 | e90d b9ff | ffc7 8424 | b003 0000 | 0100 0000 | 48ff b424 | 3801 0000 
  0x0000775f10bedf24: 488f 8424 | 8803 0000 | e9c8 c8ff | ffc7 8424 | 1c02 0000 | 0100 0000 | 48ff b424 | 3801 0000 
  0x0000775f10bedf44: 488f 8424 | 5003 0000 | e9cd b8ff | ffc7 8424 | b003 0000 | 0100 0000 | 48ff b424 | 3801 0000 
  0x0000775f10bedf64: ;   {no_reloc}
  0x0000775f10bedf64: 488f 8424 | 8803 0000 | e988 c8ff | ffc7 8424 | 1c02 0000 | 0100 0000 | 48ff b424 | 3801 0000 
  0x0000775f10bedf84: 488f 8424 | 5003 0000 | e98d b8ff | ffc7 8424 | b003 0000 | 0100 0000 | 48ff b424 | 3801 0000 
  0x0000775f10bedfa4: 488f 8424 | 8803 0000 | e948 c8ff | ffc7 8424 | 1c02 0000 | 0100 0000 | 48ff b424 | 3801 0000 
  0x0000775f10bedfc4: 488f 8424 | 5003 0000 | e94d b8ff | ffc7 8424 | b003 0000 | 0100 0000 | 48ff b424 | 3801 0000 
  0x0000775f10bedfe4: 488f 8424 | 8803 0000 | e908 c8ff | ffc7 8424 | 1c02 0000 | 0100 0000 | 48ff b424 | 3801 0000 
  0x0000775f10bee004: 488f 8424 | 5003 0000 | e90d b8ff | ffc7 8424 | b003 0000 | 0100 0000 | 48ff b424 | 3801 0000 
  0x0000775f10bee024: 488f 8424 | 8803 0000 | e9c8 c7ff | ffc7 8424 | 1c02 0000 | 0100 0000 | 48ff b424 | 3801 0000 
  0x0000775f10bee044: 488f 8424 | 5003 0000 | e9cd b7ff | ffc7 8424 | b003 0000 | 0100 0000 | 48ff b424 | 3801 0000 
  0x0000775f10bee064: ;   {no_reloc}
  0x0000775f10bee064: 488f 8424 | 8803 0000 | e988 c7ff | ffc7 8424 | 1c02 0000 | 0100 0000 | 48ff b424 | 3801 0000 
  0x0000775f10bee084: 488f 8424 | 5003 0000 | e98d b7ff | ffc7 8424 | b003 0000 | 0100 0000 | 48ff b424 | 3801 0000 
  0x0000775f10bee0a4: 488f 8424 | 8803 0000 | e948 c7ff | ffc7 8424 | 1c02 0000 | 0100 0000 | 48ff b424 | 3801 0000 
  0x0000775f10bee0c4: 488f 8424 | 5003 0000 | e94d b7ff | ffc7 8424 | b003 0000 | 0100 0000 | 48ff b424 | 3801 0000 
  0x0000775f10bee0e4: 488f 8424 | 8803 0000 | e908 c7ff | ffc7 8424 | 1c02 0000 | 0100 0000 | 48ff b424 | 3801 0000 
  0x0000775f10bee104: 488f 8424 | 5003 0000 | e90d b7ff | ffc7 8424 | b003 0000 | 0100 0000 | 48ff b424 | 3801 0000 
  0x0000775f10bee124: 488f 8424 | 8803 0000 | e9c8 c6ff | ffc7 8424 | 1c02 0000 | 0100 0000 | 48ff b424 | 3801 0000 
  0x0000775f10bee144: 488f 8424 | 5003 0000 | e9cd b6ff | ffc7 8424 | b003 0000 | 0100 0000 | 48ff b424 | 3801 0000 
  0x0000775f10bee164: ;   {no_reloc}
  0x0000775f10bee164: 488f 8424 | 8803 0000 | e988 c6ff | ffc7 8424 | 1c02 0000 | 0100 0000 | 48ff b424 | 3801 0000 
  0x0000775f10bee184: 488f 8424 | 5003 0000 | e98d b6ff | ffc7 8424 | b003 0000 | 0100 0000 | 48ff b424 | 3801 0000 
  0x0000775f10bee1a4: 488f 8424 | 8803 0000 | e948 c6ff | ffc7 8424 | 1c02 0000 | 0100 0000 | 48ff b424 | 3801 0000 
  0x0000775f10bee1c4: 488f 8424 | 5003 0000 | e94d b6ff | ffc7 8424 | b003 0000 | 0100 0000 | 48ff b424 | 3801 0000 
  0x0000775f10bee1e4: 488f 8424 | 8803 0000 | e908 c6ff | ffc7 8424 | 1c02 0000 | 0100 0000 | 48ff b424 | 3801 0000 
  0x0000775f10bee204: 488f 8424 | 5003 0000 | e90d b6ff | ffc7 8424 | b003 0000 | 0100 0000 | 48ff b424 | 3801 0000 
  0x0000775f10bee224: 488f 8424 | 8803 0000 | e9c8 c5ff | ffc7 8424 | 1c02 0000 | 0100 0000 | 48ff b424 | 3801 0000 
  0x0000775f10bee244: 488f 8424 | 5003 0000 | e9cd b5ff | ffc7 8424 | b003 0000 | 0100 0000 | 48ff b424 

  0x0000775f10bee260: ;   {no_reloc}
  0x0000775f10bee260: 3801 0000 | 488f 8424 | 8803 0000 | e988 c5ff | ffc7 8424 | 1c02 0000 | 0000 0000 | 4889 9c24 
  0x0000775f10bee280: 5003 0000 | e995 b5ff | ffc7 8424 | b003 0000 | 0000 0000 | 4889 9c24 | 8803 0000 | e958 c5ff 
  0x0000775f10bee2a0: ff44 8b94 | 241c 0200 | 0044 8994 | 24b0 0300 | 0048 ffb4 | 2450 0300 | 0048 8f84 | 2488 0300 
  0x0000775f10bee2c0: 00e9 33c5 | ffff 448b | 9424 1c02 | 0000 4489 | 9424 b003 | 0000 48ff | b424 5003 | 0000 488f 
  0x0000775f10bee2e0: 8424 8803 | 0000 e90e | c5ff ffc7 | 8424 1c02 | 0000 0000 | 0000 48ff | b424 0801 | 0000 488f 
  0x0000775f10bee300: 8424 5003 | 0000 e913 | b5ff ffc7 | 8424 b003 | 0000 0000 | 0000 48ff | b424 0801 | 0000 488f 
  0x0000775f10bee320: 8424 8803 | 0000 e9ce | c4ff ffc7 | 8424 1c02 | 0000 0000 | 0000 48ff | b424 0801 | 0000 488f 
  0x0000775f10bee340: 8424 5003 | 0000 e9d3 | b4ff ffc7 | 8424 b003 | 0000 0000 | 0000 48ff | b424 0801 | 0000 488f 
  0x0000775f10bee360: ;   {no_reloc}
  0x0000775f10bee360: 8424 8803 | 0000 e98e | c4ff ffc7 | 8424 1c02 | 0000 0000 | 0000 48ff | b424 0801 | 0000 488f 
  0x0000775f10bee380: 8424 5003 | 0000 e993 | b4ff ffc7 | 8424 b003 | 0000 0000 | 0000 48ff | b424 0801 | 0000 488f 
  0x0000775f10bee3a0: 8424 8803 | 0000 e94e | c4ff ffc7 | 8424 1c02 | 0000 0000 | 0000 48ff | b424 0801 | 0000 488f 
  0x0000775f10bee3c0: 8424 5003 | 0000 e953 | b4ff ffc7 | 8424 b003 | 0000 0000 | 0000 48ff | b424 0801 | 0000 488f 
  0x0000775f10bee3e0: 8424 8803 | 0000 e90e | c4ff ffc7 | 8424 1c02 | 0000 0000 | 0000 48ff | b424 3801 | 0000 488f 
  0x0000775f10bee400: 8424 5003 | 0000 e913 | b4ff ffc7 | 8424 b003 | 0000 0000 | 0000 48ff | b424 3801 | 0000 488f 
  0x0000775f10bee420: 8424 8803 | 0000 e9ce | c3ff ffc7 | 8424 1c02 | 0000 0000 | 0000 48ff | b424 3801 | 0000 488f 
  0x0000775f10bee440: 8424 5003 | 0000 e9d3 | b3ff ffc7 | 8424 b003 | 0000 0000 | 0000 48ff | b424 3801 | 0000 488f 
  0x0000775f10bee460: ;   {no_reloc}
  0x0000775f10bee460: 8424 8803 | 0000 e98e | c3ff ffc7 | 8424 1c02 | 0000 0000 | 0000 48ff | b424 3801 | 0000 488f 
  0x0000775f10bee480: 8424 5003 | 0000 e993 | b3ff ffc7 | 8424 b003 | 0000 0000 | 0000 48ff | b424 3801 | 0000 488f 
  0x0000775f10bee4a0: 8424 8803 | 0000 e94e | c3ff ffc7 | 8424 1c02 | 0000 0000 | 0000 48ff | b424 3801 | 0000 488f 
  0x0000775f10bee4c0: 8424 5003 | 0000 e953 | b3ff ffc7 | 8424 b003 | 0000 0000 | 0000 48ff | b424 3801 | 0000 488f 
  0x0000775f10bee4e0: 8424 8803 | 0000 e90e | c3ff ffc7 | 8424 1c02 | 0000 0000 | 0000 48ff | b424 3801 | 0000 488f 
  0x0000775f10bee500: 8424 5003 | 0000 e913 | b3ff ffc7 | 8424 b003 | 0000 0000 | 0000 48ff | b424 3801 | 0000 488f 
  0x0000775f10bee520: 8424 8803 | 0000 e9ce | c2ff ffc7 | 8424 1c02 | 0000 0000 | 0000 48ff | b424 3801 | 0000 488f 
  0x0000775f10bee540: 8424 5003 | 0000 e9d3 | b2ff ffc7 | 8424 b003 | 0000 0000 | 0000 48ff | b424 3801 | 0000 488f 
  0x0000775f10bee560: ;   {no_reloc}
  0x0000775f10bee560: 8424 8803 | 0000 e98e | c2ff ffc7 | 8424 1c02 | 0000 0000 | 0000 48ff | b424 3801 | 0000 488f 
  0x0000775f10bee580: 8424 5003 | 0000 e993 | b2ff ffc7 | 8424 b003 | 0000 0000 | 0000 48ff | b424 3801 | 0000 488f 
  0x0000775f10bee5a0: 8424 8803 | 0000 e94e | c2ff ffc7 | 8424 1c02 | 0000 0000 | 0000 48ff | b424 3801 | 0000 488f 
  0x0000775f10bee5c0: 8424 5003 | 0000 e953 | b2ff ffc7 | 8424 b003 | 0000 0000 | 0000 48ff | b424 3801 | 0000 488f 
  0x0000775f10bee5e0: 8424 8803 | 0000 e90e | c2ff ffc7 | 8424 1c02 | 0000 0000 | 0000 48ff | b424 3801 | 0000 488f 
  0x0000775f10bee600: 8424 5003 | 0000 e913 | b2ff ffc7 | 8424 b003 | 0000 0000 | 0000 48ff | b424 3801 | 0000 488f 
  0x0000775f10bee620: 8424 8803 | 0000 e9ce | c1ff ffc7 | 8424 1c02 | 0000 0000 | 0000 48ff | b424 3801 | 0000 488f 
  0x0000775f10bee640: 8424 5003 | 0000 e9d3 | b1ff ffc7 | 8424 b003 | 0000 0000 | 0000 48ff | b424 3801 

  0x0000775f10bee65c: ;   {no_reloc}
  0x0000775f10bee65c: 0000 488f | 8424 8803 | 0000 e98e | c1ff ffc7 | 8424 1c02 | 0000 0000 | 0000 48ff | b424 3801 
  0x0000775f10bee67c: 0000 488f | 8424 5003 | 0000 898c | 24fc 0000 | 00e9 8cb1 | ffff c784 | 24b0 0300 | 0000 0000 
  0x0000775f10bee69c: 0048 ffb4 | 2438 0100 | 0048 8f84 | 2488 0300 | 0089 8c24 | fc00 0000 | e940 c1ff | ffc7 8424 
  0x0000775f10bee6bc: 1c02 0000 | 0000 0000 | 48ff b424 | 3801 0000 | 488f 8424 | 5003 0000 | 898c 24fc | 0000 00e9 
  0x0000775f10bee6dc: 3eb1 ffff | c784 24b0 | 0300 0000 | 0000 0048 | ffb4 2438 | 0100 0048 | 8f84 2488 | 0300 0089 
  0x0000775f10bee6fc: 8c24 fc00 | 0000 e9f2 | c0ff ffc7 | 8424 1c02 | 0000 0000 | 0000 48ff | b424 3801 | 0000 488f 
  0x0000775f10bee71c: 8424 5003 | 0000 e9f7 | b0ff ffc7 | 8424 b003 | 0000 0000 | 0000 48ff | b424 3801 | 0000 488f 
  0x0000775f10bee73c: 8424 8803 | 0000 e9b2 | c0ff ffc7 | 8424 1c02 | 0000 0000 | 0000 48ff | b424 3801 | 0000 488f 
  0x0000775f10bee75c: ;   {no_reloc}
  0x0000775f10bee75c: 8424 5003 | 0000 e9b7 | b0ff ffc7 | 8424 b003 | 0000 0000 | 0000 48ff | b424 3801 | 0000 488f 
  0x0000775f10bee77c: 8424 8803 | 0000 e972 | c0ff ffc7 | 8424 1c02 | 0000 0000 | 0000 48ff | b424 3801 | 0000 488f 
  0x0000775f10bee79c: 8424 5003 | 0000 e977 | b0ff ffc7 | 8424 b003 | 0000 0000 | 0000 48ff | b424 3801 | 0000 488f 
  0x0000775f10bee7bc: 8424 8803 | 0000 e932 | c0ff ffc7 | 8424 1c02 | 0000 0000 | 0000 48ff | b424 3801 | 0000 488f 
  0x0000775f10bee7dc: 8424 5003 | 0000 e937 | b0ff ffc7 | 8424 b003 | 0000 0000 | 0000 48ff | b424 3801 | 0000 488f 
  0x0000775f10bee7fc: 8424 8803 | 0000 e9f2 | bfff ffc7 | 8424 1c02 | 0000 0000 | 0000 48ff | b424 3801 | 0000 488f 
  0x0000775f10bee81c: 8424 5003 | 0000 e9f7 | afff ffc7 | 8424 b003 | 0000 0000 | 0000 48ff | b424 3801 | 0000 488f 
  0x0000775f10bee83c: 8424 8803 | 0000 e9b2 | bfff ffc7 | 8424 1c02 | 0000 0000 | 0000 48ff | b424 3801 | 0000 488f 
  0x0000775f10bee85c: ;   {no_reloc}
  0x0000775f10bee85c: 8424 5003 | 0000 e9b7 | afff ffc7 | 8424 b003 | 0000 0000 | 0000 48ff | b424 3801 | 0000 488f 
  0x0000775f10bee87c: 8424 8803 | 0000 e972 | bfff ffc7 | 8424 1c02 | 0000 0000 | 0000 48ff | b424 3801 | 0000 488f 
  0x0000775f10bee89c: 8424 5003 | 0000 e977 | afff ffc7 | 8424 b003 | 0000 0000 | 0000 48ff | b424 3801 | 0000 488f 
  0x0000775f10bee8bc: 8424 8803 | 0000 e932 | bfff ff4c | 8b9c 2478 | 0100 0048 | 8b9c 2438 | 0100 00e9 | c8ae ffff 
  0x0000775f10bee8dc: 4c8b 9c24 | 7801 0000 | 488b df8b | bc24 a001 | 0000 e9b1 | aeff ff4c | 8b9c 2478 | 0100 0048 
  0x0000775f10bee8fc: 8bdf 8bbc | 24a0 0100 | 00e9 9aae | ffff 4c8b | 9c24 7801 | 0000 488b | df8b bc24 | a001 0000 
  0x0000775f10bee91c: e983 aeff | ffc7 8424 | 1c02 0000 | 0100 0000 | 4889 bc24 | 5003 0000 | e9e5 aeff | ffc7 8424 
  0x0000775f10bee93c: b003 0000 | 0100 0000 | 4889 bc24 | 8803 0000 | e9a8 beff | ffc7 8424 | 1c02 0000 | 0100 0000 
  0x0000775f10bee95c: ;   {no_reloc}
  0x0000775f10bee95c: 48ff b424 | 3801 0000 | 488f 8424 | 5003 0000 | e9ad aeff | ffc7 8424 | b003 0000 | 0100 0000 
  0x0000775f10bee97c: 48ff b424 | 3801 0000 | 488f 8424 | 8803 0000 | e968 beff | ffc7 8424 | 1c02 0000 | 0100 0000 
  0x0000775f10bee99c: 48ff b424 | 3801 0000 | 488f 8424 | 5003 0000 | e96d aeff | ffc7 8424 | b003 0000 | 0100 0000 
  0x0000775f10bee9bc: 48ff b424 | 3801 0000 | 488f 8424 | 8803 0000 | e928 beff | ffc7 8424 | 1c02 0000 | 0100 0000 
  0x0000775f10bee9dc: 48ff b424 | 3801 0000 | 488f 8424 | 5003 0000 | e92d aeff | ffc7 8424 | b003 0000 | 0100 0000 
  0x0000775f10bee9fc: 48ff b424 | 3801 0000 | 488f 8424 | 8803 0000 | e9e8 bdff | ffc7 8424 | 1c02 0000 | 0100 0000 
  0x0000775f10beea1c: 48ff b424 | 3801 0000 | 488f 8424 | 5003 0000 | e9ed adff | ffc7 8424 | b003 0000 | 0100 0000 
  0x0000775f10beea3c: 48ff b424 | 3801 0000 | 488f 8424 | 8803 0000 | e9a8 bdff | ffc7 8424 | 1c02 0000 

  0x0000775f10beea58: ;   {no_reloc}
  0x0000775f10beea58: 0100 0000 | 48ff b424 | 3801 0000 | 488f 8424 | 5003 0000 | e9ad adff | ffc7 8424 | b003 0000 
  0x0000775f10beea78: 0100 0000 | 48ff b424 | 3801 0000 | 488f 8424 | 8803 0000 | e968 bdff | ffc7 8424 | 1c02 0000 
  0x0000775f10beea98: 0100 0000 | 48ff b424 | 3801 0000 | 488f 8424 | 5003 0000 | e96d adff | ffc7 8424 | b003 0000 
  0x0000775f10beeab8: 0100 0000 | 48ff b424 | 3801 0000 | 488f 8424 | 8803 0000 | e928 bdff | ffc7 8424 | 1c02 0000 
  0x0000775f10beead8: 0100 0000 | 48ff b424 | 3801 0000 | 488f 8424 | 5003 0000 | e92d adff | ffc7 8424 | b003 0000 
  0x0000775f10beeaf8: 0100 0000 | 48ff b424 | 3801 0000 | 488f 8424 | 8803 0000 | e9e8 bcff | ffc7 8424 | 1c02 0000 
  0x0000775f10beeb18: 0100 0000 | 48ff b424 | 3801 0000 | 488f 8424 | 5003 0000 | e9ed acff | ffc7 8424 | b003 0000 
  0x0000775f10beeb38: 0100 0000 | 48ff b424 | 3801 0000 | 488f 8424 | 8803 0000 | e9a8 bcff | ffc7 8424 | 1c02 0000 
  0x0000775f10beeb58: ;   {no_reloc}
  0x0000775f10beeb58: 0100 0000 | 48ff b424 | 3801 0000 | 488f 8424 | 5003 0000 | e9ad acff | ffc7 8424 | b003 0000 
  0x0000775f10beeb78: 0100 0000 | 48ff b424 | 3801 0000 | 488f 8424 | 8803 0000 | e968 bcff | ffc7 8424 | 1c02 0000 
  0x0000775f10beeb98: 0100 0000 | 48ff b424 | 3801 0000 | 488f 8424 | 5003 0000 | e96d acff | ffc7 8424 | b003 0000 
  0x0000775f10beebb8: 0100 0000 | 48ff b424 | 3801 0000 | 488f 8424 | 8803 0000 | e928 bcff | ffc7 8424 | 1c02 0000 
  0x0000775f10beebd8: 0100 0000 | 48ff b424 | 3801 0000 | 488f 8424 | 5003 0000 | e92d acff | ffc7 8424 | b003 0000 
  0x0000775f10beebf8: 0100 0000 | 48ff b424 | 3801 0000 | 488f 8424 | 8803 0000 | e9e8 bbff | ffc7 8424 | 1c02 0000 
  0x0000775f10beec18: 0100 0000 | 48ff b424 | 3801 0000 | 488f 8424 | 5003 0000 | e9ed abff | ffc7 8424 | b003 0000 
  0x0000775f10beec38: 0100 0000 | 48ff b424 | 3801 0000 | 488f 8424 | 8803 0000 | e9a8 bbff | ffc7 8424 | 1c02 0000 
  0x0000775f10beec58: ;   {no_reloc}
  0x0000775f10beec58: 0100 0000 | 48ff b424 | 3801 0000 | 488f 8424 | 5003 0000 | e9ad abff | ffc7 8424 | b003 0000 
  0x0000775f10beec78: 0100 0000 | 48ff b424 | 3801 0000 | 488f 8424 | 8803 0000 | e968 bbff | ffc7 8424 | 1c02 0000 
  0x0000775f10beec98: 0100 0000 | 48ff b424 | 3801 0000 | 488f 8424 | 5003 0000 | e96d abff | ffc7 8424 | b003 0000 
  0x0000775f10beecb8: 0100 0000 | 48ff b424 | 3801 0000 | 488f 8424 | 8803 0000 | e928 bbff | ffc7 8424 | 1c02 0000 
  0x0000775f10beecd8: 0100 0000 | 48ff b424 | 3801 0000 | 488f 8424 | 5003 0000 | e92d abff | ffc7 8424 | b003 0000 
  0x0000775f10beecf8: 0100 0000 | 48ff b424 | 3801 0000 | 488f 8424 | 8803 0000 | e9e8 baff | ffc7 8424 | 1c02 0000 
  0x0000775f10beed18: 0100 0000 | 48ff b424 | 3801 0000 | 488f 8424 | 5003 0000 | e9ed aaff | ffc7 8424 | b003 0000 
  0x0000775f10beed38: 0100 0000 | 48ff b424 | 3801 0000 | 488f 8424 | 8803 0000 | e9a8 baff | ffc7 8424 | 1c02 0000 
  0x0000775f10beed58: ;   {no_reloc}
  0x0000775f10beed58: 0100 0000 | 48ff b424 | 3801 0000 | 488f 8424 | 5003 0000 | e9ad aaff | ffc7 8424 | b003 0000 
  0x0000775f10beed78: 0100 0000 | 48ff b424 | 3801 0000 | 488f 8424 | 8803 0000 | e968 baff | ffc7 8424 | 1c02 0000 
  0x0000775f10beed98: 0100 0000 | 48ff b424 | 3801 0000 | 488f 8424 | 5003 0000 | e96d aaff | ffc7 8424 | b003 0000 
  0x0000775f10beedb8: 0100 0000 | 48ff b424 | 3801 0000 | 488f 8424 | 8803 0000 | e928 baff | ffc7 8424 | 1c02 0000 
  0x0000775f10beedd8: 0100 0000 | 48ff b424 | 3801 0000 | 488f 8424 | 5003 0000 | e92d aaff | ffc7 8424 | b003 0000 
  0x0000775f10beedf8: 0100 0000 | 48ff b424 | 3801 0000 | 488f 8424 | 8803 0000 | e9e8 b9ff | ffc7 8424 | 1c02 0000 
  0x0000775f10beee18: 0100 0000 | 48ff b424 | 3801 0000 | 488f 8424 | 5003 0000 | e9ed a9ff | ffc7 8424 | b003 0000 
  0x0000775f10beee38: 0100 0000 | 48ff b424 | 3801 0000 | 488f 8424 | 8803 0000 | e9a8 b9ff | ffc7 8424 

  0x0000775f10beee54: ;   {no_reloc}
  0x0000775f10beee54: 1c02 0000 | 0100 0000 | 48ff b424 | 3801 0000 | 488f 8424 | 5003 0000 | e9ad a9ff | ffc7 8424 
  0x0000775f10beee74: b003 0000 | 0100 0000 | 48ff b424 | 3801 0000 | 488f 8424 | 8803 0000 | e968 b9ff | ffc7 8424 
  0x0000775f10beee94: 1c02 0000 | 0100 0000 | 48ff b424 | 3801 0000 | 488f 8424 | 5003 0000 | e96d a9ff | ffc7 8424 
  0x0000775f10beeeb4: b003 0000 | 0100 0000 | 48ff b424 | 3801 0000 | 488f 8424 | 8803 0000 | e928 b9ff | ffc7 8424 
  0x0000775f10beeed4: 1c02 0000 | 0100 0000 | 48ff b424 | 3801 0000 | 488f 8424 | 5003 0000 | e92d a9ff | ffc7 8424 
  0x0000775f10beeef4: b003 0000 | 0100 0000 | 48ff b424 | 3801 0000 | 488f 8424 | 8803 0000 | e9e8 b8ff | ffc7 8424 
  0x0000775f10beef14: 1c02 0000 | 0100 0000 | 48ff b424 | 3801 0000 | 488f 8424 | 5003 0000 | e9ed a8ff | ffc7 8424 
  0x0000775f10beef34: b003 0000 | 0100 0000 | 48ff b424 | 3801 0000 | 488f 8424 | 8803 0000 | e9a8 b8ff | ffc7 8424 
  0x0000775f10beef54: ;   {no_reloc}
  0x0000775f10beef54: 1c02 0000 | 0100 0000 | 48ff b424 | 3801 0000 | 488f 8424 | 5003 0000 | e9ad a8ff | ffc7 8424 
  0x0000775f10beef74: b003 0000 | 0100 0000 | 48ff b424 | 3801 0000 | 488f 8424 | 8803 0000 | e968 b8ff | ffc7 8424 
  0x0000775f10beef94: 1c02 0000 | 0100 0000 | 48ff b424 | 3801 0000 | 488f 8424 | 5003 0000 | e96d a8ff | ffc7 8424 
  0x0000775f10beefb4: b003 0000 | 0100 0000 | 48ff b424 | 3801 0000 | 488f 8424 | 8803 0000 | e928 b8ff | ffc7 8424 
  0x0000775f10beefd4: 1c02 0000 | 0100 0000 | 48ff b424 | 3801 0000 | 488f 8424 | 5003 0000 | e92d a8ff | ffc7 8424 
  0x0000775f10beeff4: b003 0000 | 0100 0000 | 48ff b424 | 3801 0000 | 488f 8424 | 8803 0000 | e9e8 b7ff | ffc7 8424 
  0x0000775f10bef014: 1c02 0000 | 0100 0000 | 48ff b424 | 3801 0000 | 488f 8424 | 5003 0000 | e9ed a7ff | ffc7 8424 
  0x0000775f10bef034: b003 0000 | 0100 0000 | 48ff b424 | 3801 0000 | 488f 8424 | 8803 0000 | e9a8 b7ff | ffc7 8424 
  0x0000775f10bef054: ;   {no_reloc}
  0x0000775f10bef054: 1c02 0000 | 0100 0000 | 48ff b424 | 3801 0000 | 488f 8424 | 5003 0000 | e9ad a7ff | ffc7 8424 
  0x0000775f10bef074: b003 0000 | 0100 0000 | 48ff b424 | 3801 0000 | 488f 8424 | 8803 0000 | e968 b7ff | ffc7 8424 
  0x0000775f10bef094: 1c02 0000 | 0100 0000 | 48ff b424 | 3801 0000 | 488f 8424 | 5003 0000 | e96d a7ff | ffc7 8424 
  0x0000775f10bef0b4: b003 0000 | 0100 0000 | 48ff b424 | 3801 0000 | 488f 8424 | 8803 0000 | e928 b7ff | ffc7 8424 
  0x0000775f10bef0d4: 1c02 0000 | 0100 0000 | 48ff b424 | 3801 0000 | 488f 8424 | 5003 0000 | e92d a7ff | ffc7 8424 
  0x0000775f10bef0f4: b003 0000 | 0100 0000 | 48ff b424 | 3801 0000 | 488f 8424 | 8803 0000 | e9e8 b6ff | ffc7 8424 
  0x0000775f10bef114: 1c02 0000 | 0100 0000 | 48ff b424 | 3801 0000 | 488f 8424 | 5003 0000 | e9ed a6ff | ffc7 8424 
  0x0000775f10bef134: b003 0000 | 0100 0000 | 48ff b424 | 3801 0000 | 488f 8424 | 8803 0000 | e9a8 b6ff | ffc7 8424 
  0x0000775f10bef154: ;   {no_reloc}
  0x0000775f10bef154: 1c02 0000 | 0100 0000 | 48ff b424 | 3801 0000 | 488f 8424 | 5003 0000 | e9ad a6ff | ffc7 8424 
  0x0000775f10bef174: b003 0000 | 0100 0000 | 48ff b424 | 3801 0000 | 488f 8424 | 8803 0000 | e968 b6ff | ffc7 8424 
  0x0000775f10bef194: 1c02 0000 | 0100 0000 | 48ff b424 | 3801 0000 | 488f 8424 | 5003 0000 | e96d a6ff | ffc7 8424 
  0x0000775f10bef1b4: b003 0000 | 0100 0000 | 48ff b424 | 3801 0000 | 488f 8424 | 8803 0000 | e928 b6ff | ffc7 8424 
  0x0000775f10bef1d4: 1c02 0000 | 0100 0000 | 48ff b424 | 3801 0000 | 488f 8424 | 5003 0000 | e92d a6ff | ffc7 8424 
  0x0000775f10bef1f4: b003 0000 | 0100 0000 | 48ff b424 | 3801 0000 | 488f 8424 | 8803 0000 | e9e8 b5ff | ffc7 8424 
  0x0000775f10bef214: 1c02 0000 | 0100 0000 | 48ff b424 | 3801 0000 | 488f 8424 | 5003 0000 | e9ed a5ff | ffc7 8424 
  0x0000775f10bef234: b003 0000 | 0100 0000 | 48ff b424 | 3801 0000 | 488f 8424 | 8803 0000 | e9a8 b5ff 

  0x0000775f10bef250: ;   {no_reloc}
  0x0000775f10bef250: ffc7 8424 | 1c02 0000 | 0100 0000 | 48ff b424 | 3801 0000 | 488f 8424 | 5003 0000 | e9ad a5ff 
  0x0000775f10bef270: ffc7 8424 | b003 0000 | 0100 0000 | 48ff b424 | 3801 0000 | 488f 8424 | 8803 0000 | e968 b5ff 
  0x0000775f10bef290: ffc7 8424 | 1c02 0000 | 0100 0000 | 48ff b424 | 3801 0000 | 488f 8424 | 5003 0000 | e96d a5ff 
  0x0000775f10bef2b0: ffc7 8424 | b003 0000 | 0100 0000 | 48ff b424 | 3801 0000 | 488f 8424 | 8803 0000 | e928 b5ff 
  0x0000775f10bef2d0: ffc7 8424 | 1c02 0000 | 0100 0000 | 48ff b424 | 3801 0000 | 488f 8424 | 5003 0000 | e92d a5ff 
  0x0000775f10bef2f0: ffc7 8424 | b003 0000 | 0100 0000 | 48ff b424 | 3801 0000 | 488f 8424 | 8803 0000 | e9e8 b4ff 
  0x0000775f10bef310: ffc7 8424 | 1c02 0000 | 0100 0000 | 48ff b424 | 3801 0000 | 488f 8424 | 5003 0000 | e9ed a4ff 
  0x0000775f10bef330: ffc7 8424 | b003 0000 | 0100 0000 | 48ff b424 | 3801 0000 | 488f 8424 | 8803 0000 | e9a8 b4ff 
  0x0000775f10bef350: ;   {no_reloc}
  0x0000775f10bef350: ffc7 8424 | 1c02 0000 | 0100 0000 | 48ff b424 | 3801 0000 | 488f 8424 | 5003 0000 | e9ad a4ff 
  0x0000775f10bef370: ffc7 8424 | b003 0000 | 0100 0000 | 48ff b424 | 3801 0000 | 488f 8424 | 8803 0000 | e968 b4ff 
  0x0000775f10bef390: ffc7 8424 | 1c02 0000 | 0100 0000 | 48ff b424 | 3801 0000 | 488f 8424 | 5003 0000 | e96d a4ff 
  0x0000775f10bef3b0: ffc7 8424 | b003 0000 | 0100 0000 | 48ff b424 | 3801 0000 | 488f 8424 | 8803 0000 | e928 b4ff 
  0x0000775f10bef3d0: ffc7 8424 | 1c02 0000 | 0100 0000 | 48ff b424 | 3801 0000 | 488f 8424 | 5003 0000 | e92d a4ff 
  0x0000775f10bef3f0: ffc7 8424 | b003 0000 | 0100 0000 | 48ff b424 | 3801 0000 | 488f 8424 | 8803 0000 | e9e8 b3ff 
  0x0000775f10bef410: ffc7 8424 | 1c02 0000 | 0100 0000 | 48ff b424 | 3801 0000 | 488f 8424 | 5003 0000 | e9ed a3ff 
  0x0000775f10bef430: ffc7 8424 | b003 0000 | 0100 0000 | 48ff b424 | 3801 0000 | 488f 8424 | 8803 0000 | e9a8 b3ff 
  0x0000775f10bef450: ;   {no_reloc}
  0x0000775f10bef450: ffc7 8424 | 1c02 0000 | 0100 0000 | 48ff b424 | 3801 0000 | 488f 8424 | 5003 0000 | e9ad a3ff 
  0x0000775f10bef470: ffc7 8424 | b003 0000 | 0100 0000 | 48ff b424 | 3801 0000 | 488f 8424 | 8803 0000 | e968 b3ff 
  0x0000775f10bef490: ffc7 8424 | 1c02 0000 | 0100 0000 | 48ff b424 | 3801 0000 | 488f 8424 | 5003 0000 | e96d a3ff 
  0x0000775f10bef4b0: ffc7 8424 | b003 0000 | 0100 0000 | 48ff b424 | 3801 0000 | 488f 8424 | 8803 0000 | e928 b3ff 
  0x0000775f10bef4d0: ffc7 8424 | 1c02 0000 | 0100 0000 | 48ff b424 | 3801 0000 | 488f 8424 | 5003 0000 | e92d a3ff 
  0x0000775f10bef4f0: ffc7 8424 | b003 0000 | 0100 0000 | 48ff b424 | 3801 0000 | 488f 8424 | 8803 0000 | e9e8 b2ff 
  0x0000775f10bef510: ffc7 8424 | 1c02 0000 | 0100 0000 | 48ff b424 | 3801 0000 | 488f 8424 | 5003 0000 | e9ed a2ff 
  0x0000775f10bef530: ffc7 8424 | b003 0000 | 0100 0000 | 48ff b424 | 3801 0000 | 488f 8424 | 8803 0000 | e9a8 b2ff 
  0x0000775f10bef550: ;   {no_reloc}
  0x0000775f10bef550: ffc7 8424 | 1c02 0000 | 0100 0000 | 48ff b424 | 3801 0000 | 488f 8424 | 5003 0000 | e9ad a2ff 
  0x0000775f10bef570: ffc7 8424 | b003 0000 | 0100 0000 | 48ff b424 | 3801 0000 | 488f 8424 | 8803 0000 | e968 b2ff 
  0x0000775f10bef590: ffc7 8424 | 1c02 0000 | 0100 0000 | 48ff b424 | 3801 0000 | 488f 8424 | 5003 0000 | e96d a2ff 
  0x0000775f10bef5b0: ffc7 8424 | b003 0000 | 0100 0000 | 48ff b424 | 3801 0000 | 488f 8424 | 8803 0000 | e928 b2ff 
  0x0000775f10bef5d0: ff48 8994 | 2420 0200 | 00e9 269a | ffff c784 | 241c 0200 | 0001 0000 | 0048 ffb4 | 2438 0100 
  0x0000775f10bef5f0: 0048 8f84 | 2450 0300 | 00e9 20a2 | ffff c784 | 24b0 0300 | 0001 0000 | 0048 ffb4 | 2438 0100 
  0x0000775f10bef610: 0048 8f84 | 2488 0300 | 00e9 dbb1 | ffff 4889 | 9424 2002 | 0000 e9d9 | 99ff ffc7 | 8424 1c02 
  0x0000775f10bef630: 0000 0100 | 0000 48ff | b424 3801 | 0000 488f | 8424 5003 | 0000 e9d3 | a1ff ffc7 

  0x0000775f10bef64c: ;   {no_reloc}
  0x0000775f10bef64c: 8424 b003 | 0000 0100 | 0000 48ff | b424 3801 | 0000 488f | 8424 8803 | 0000 e98e | b1ff ff48 
  0x0000775f10bef66c: 8994 2420 | 0200 00e9 | 8c99 ffff | c784 241c | 0200 0001 | 0000 0048 | ffb4 2438 | 0100 0048 
  0x0000775f10bef68c: 8f84 2450 | 0300 00e9 | 86a1 ffff | c784 24b0 | 0300 0001 | 0000 0048 | ffb4 2438 | 0100 0048 
  0x0000775f10bef6ac: 8f84 2488 | 0300 00e9 | 41b1 ffff | 4889 9424 | 2002 0000 | e914 82ff | ff48 8994 | 2420 0200 
  0x0000775f10bef6cc: 00e9 0782 | ffff c784 | 241c 0200 | 0001 0000 | 0048 ffb4 | 2438 0100 | 0048 8f84 | 2450 0300 
  0x0000775f10bef6ec: 00e9 2ca1 | ffff c784 | 24b0 0300 | 0001 0000 | 0048 ffb4 | 2438 0100 | 0048 8f84 | 2488 0300 
  0x0000775f10bef70c: 00e9 e7b0 | ffff c784 | 241c 0200 | 0001 0000 | 0048 ffb4 | 2438 0100 | 0048 8f84 | 2450 0300 
  0x0000775f10bef72c: 00e9 eca0 | ffff c784 | 24b0 0300 | 0001 0000 | 0048 ffb4 | 2438 0100 | 0048 8f84 | 2488 0300 
  0x0000775f10bef74c: ;   {no_reloc}
  0x0000775f10bef74c: 00e9 a7b0 | ffff c784 | 241c 0200 | 0001 0000 | 0048 ffb4 | 2438 0100 | 0048 8f84 | 2450 0300 
  0x0000775f10bef76c: 00e9 aca0 | ffff c784 | 24b0 0300 | 0001 0000 | 0048 ffb4 | 2438 0100 | 0048 8f84 | 2488 0300 
  0x0000775f10bef78c: 00e9 67b0 | ffff c784 | 241c 0200 | 0001 0000 | 0048 ffb4 | 2438 0100 | 0048 8f84 | 2450 0300 
  0x0000775f10bef7ac: 00e9 6ca0 | ffff c784 | 24b0 0300 | 0001 0000 | 0048 ffb4 | 2438 0100 | 0048 8f84 | 2488 0300 
  0x0000775f10bef7cc: 00e9 27b0 | ffff c784 | 241c 0200 | 0001 0000 | 0048 ffb4 | 2438 0100 | 0048 8f84 | 2450 0300 
  0x0000775f10bef7ec: 00e9 2ca0 | ffff c784 | 24b0 0300 | 0001 0000 | 0048 ffb4 | 2438 0100 | 0048 8f84 | 2488 0300 
  0x0000775f10bef80c: 00e9 e7af | ffff c784 | 241c 0200 | 0001 0000 | 0048 ffb4 | 2438 0100 | 0048 8f84 | 2450 0300 
  0x0000775f10bef82c: 00e9 ec9f | ffff c784 | 24b0 0300 | 0001 0000 | 0048 ffb4 | 2438 0100 | 0048 8f84 | 2488 0300 
  0x0000775f10bef84c: ;   {no_reloc}
  0x0000775f10bef84c: 00e9 a7af | ffff c784 | 241c 0200 | 0001 0000 | 0048 ffb4 | 2438 0100 | 0048 8f84 | 2450 0300 
  0x0000775f10bef86c: 00e9 ac9f | ffff c784 | 24b0 0300 | 0001 0000 | 0048 ffb4 | 2438 0100 | 0048 8f84 | 2488 0300 
  0x0000775f10bef88c: 00e9 67af | ffff c784 | 241c 0200 | 0001 0000 | 0048 ffb4 | 2438 0100 | 0048 8f84 | 2450 0300 
  0x0000775f10bef8ac: 00e9 6c9f | ffff c784 | 24b0 0300 | 0001 0000 | 0048 ffb4 | 2438 0100 | 0048 8f84 | 2488 0300 
  0x0000775f10bef8cc: 00e9 27af | ffff c784 | 241c 0200 | 0001 0000 | 0048 ffb4 | 2438 0100 | 0048 8f84 | 2450 0300 
  0x0000775f10bef8ec: 00e9 2c9f | ffff c784 | 24b0 0300 | 0001 0000 | 0048 ffb4 | 2438 0100 | 0048 8f84 | 2488 0300 
  0x0000775f10bef90c: 00e9 e7ae | ffff c784 | 241c 0200 | 0001 0000 | 0048 ffb4 | 2438 0100 | 0048 8f84 | 2450 0300 
  0x0000775f10bef92c: 00e9 ec9e | ffff c784 | 24b0 0300 | 0001 0000 | 0048 ffb4 | 2438 0100 | 0048 8f84 | 2488 0300 
  0x0000775f10bef94c: ;   {no_reloc}
  0x0000775f10bef94c: 00e9 a7ae | ffff c784 | 241c 0200 | 0001 0000 | 0048 ffb4 | 2438 0100 | 0048 8f84 | 2450 0300 
  0x0000775f10bef96c: 00e9 ac9e | ffff c784 | 24b0 0300 | 0001 0000 | 0048 ffb4 | 2438 0100 | 0048 8f84 | 2488 0300 
  0x0000775f10bef98c: 00e9 67ae | ffff c784 | 241c 0200 | 0001 0000 | 0048 ffb4 | 2438 0100 | 0048 8f84 | 2450 0300 
  0x0000775f10bef9ac: 00e9 6c9e | ffff c784 | 24b0 0300 | 0001 0000 | 0048 ffb4 | 2438 0100 | 0048 8f84 | 2488 0300 
  0x0000775f10bef9cc: 00e9 27ae | ffff c784 | 241c 0200 | 0001 0000 | 0048 ffb4 | 2438 0100 | 0048 8f84 | 2450 0300 
  0x0000775f10bef9ec: 00e9 2c9e | ffff c784 | 24b0 0300 | 0001 0000 | 0048 ffb4 | 2438 0100 | 0048 8f84 | 2488 0300 
  0x0000775f10befa0c: 00e9 e7ad | ffff c784 | 241c 0200 | 0001 0000 | 0048 ffb4 | 2438 0100 | 0048 8f84 | 2450 0300 
  0x0000775f10befa2c: 00e9 ec9d | ffff c784 | 24b0 0300 | 0001 0000 | 0048 ffb4 | 2438 0100 | 0048 8f84 

  0x0000775f10befa48: ;   {no_reloc}
  0x0000775f10befa48: 2488 0300 | 00e9 a7ad | ffff c784 | 241c 0200 | 0001 0000 | 0048 ffb4 | 2438 0100 | 0048 8f84 
  0x0000775f10befa68: 2450 0300 | 00e9 ac9d | ffff c784 | 24b0 0300 | 0001 0000 | 0048 ffb4 | 2438 0100 | 0048 8f84 
  0x0000775f10befa88: 2488 0300 | 00e9 67ad | ffff c784 | 241c 0200 | 0001 0000 | 0048 ffb4 | 2438 0100 | 0048 8f84 
  0x0000775f10befaa8: 2450 0300 | 00e9 6c9d | ffff c784 | 24b0 0300 | 0001 0000 | 0048 ffb4 | 2438 0100 | 0048 8f84 
  0x0000775f10befac8: 2488 0300 | 00e9 27ad | ffff 448b | 9424 1c02 | 0000 4489 | 9424 b003 | 0000 48ff | b424 5003 
  0x0000775f10befae8: 0000 488f | 8424 8803 | 0000 e902 | adff ff44 | 8b94 241c | 0200 0044 | 8994 24b0 | 0300 0048 
  0x0000775f10befb08: ffb4 2450 | 0300 0048 | 8f84 2488 | 0300 00e9 | ddac ffff | 498b 8718 | 0800 0049 | c787 1808 
  0x0000775f10befb28: 0000 0000 | 0000 49c7 | 8720 0800 | 0000 0000 | 0048 81c4 | 0004 0000 

  0x0000775f10befb40: ;   {runtime_call unwind_exception Runtime1 stub}
  0x0000775f10befb40: 5de9 3a0a | 1207 f4f4 
[Stub Code]
  0x0000775f10befb48: ;   {no_reloc}
  0x0000775f10befb48: 0f1f 4400 

  0x0000775f10befb4c: ;   {static_stub}
  0x0000775f10befb4c: 0048 bb00 | 0000 0000 

  0x0000775f10befb54: ;   {runtime_call nmethod}
  0x0000775f10befb54: 0000 00e9 | fbff ffff 

  0x0000775f10befb5c: ;   {static_stub}
  0x0000775f10befb5c: 9048 bb00 | 0000 0000 

  0x0000775f10befb64: ;   {runtime_call nmethod}
  0x0000775f10befb64: 0000 00e9 | fbff ffff 

  0x0000775f10befb6c: ;   {static_stub}
  0x0000775f10befb6c: 9048 bb00 | 0000 0000 

  0x0000775f10befb74: ;   {runtime_call nmethod}
  0x0000775f10befb74: 0000 00e9 | fbff ffff 

  0x0000775f10befb7c: ;   {static_stub}
  0x0000775f10befb7c: 9048 bb00 | 0000 0000 

  0x0000775f10befb84: ;   {runtime_call nmethod}
  0x0000775f10befb84: 0000 00e9 | fbff ffff 

  0x0000775f10befb8c: ;   {static_stub}
  0x0000775f10befb8c: 9048 bb00 | 0000 0000 

  0x0000775f10befb94: ;   {runtime_call nmethod}
  0x0000775f10befb94: 0000 00e9 | fbff ffff 

  0x0000775f10befb9c: ;   {static_stub}
  0x0000775f10befb9c: 9048 bb00 | 0000 0000 

  0x0000775f10befba4: ;   {runtime_call nmethod}
  0x0000775f10befba4: 0000 00e9 | fbff ffff 

  0x0000775f10befbac: ;   {static_stub}
  0x0000775f10befbac: 9048 bb00 | 0000 0000 

  0x0000775f10befbb4: ;   {runtime_call nmethod}
  0x0000775f10befbb4: 0000 00e9 | fbff ffff 

  0x0000775f10befbbc: ;   {static_stub}
  0x0000775f10befbbc: 9048 bb00 | 0000 0000 

  0x0000775f10befbc4: ;   {runtime_call nmethod}
  0x0000775f10befbc4: 0000 00e9 | fbff ffff 

  0x0000775f10befbcc: ;   {static_stub}
  0x0000775f10befbcc: 9048 bb00 | 0000 0000 

  0x0000775f10befbd4: ;   {runtime_call nmethod}
  0x0000775f10befbd4: 0000 00e9 | fbff ffff 

  0x0000775f10befbdc: ;   {static_stub}
  0x0000775f10befbdc: 9048 bb00 | 0000 0000 

  0x0000775f10befbe4: ;   {runtime_call nmethod}
  0x0000775f10befbe4: 0000 00e9 | fbff ffff 

  0x0000775f10befbec: ;   {static_stub}
  0x0000775f10befbec: 9048 bb00 | 0000 0000 

  0x0000775f10befbf4: ;   {runtime_call nmethod}
  0x0000775f10befbf4: 0000 00e9 | fbff ffff 

  0x0000775f10befbfc: ;   {static_stub}
  0x0000775f10befbfc: 9048 bb00 | 0000 0000 

  0x0000775f10befc04: ;   {runtime_call nmethod}
  0x0000775f10befc04: 0000 00e9 | fbff ffff 

  0x0000775f10befc0c: ;   {static_stub}
  0x0000775f10befc0c: 9048 bb00 | 0000 0000 

  0x0000775f10befc14: ;   {runtime_call nmethod}
  0x0000775f10befc14: 0000 00e9 | fbff ffff 

  0x0000775f10befc1c: ;   {static_stub}
  0x0000775f10befc1c: 9048 bb00 | 0000 0000 

  0x0000775f10befc24: ;   {runtime_call nmethod}
  0x0000775f10befc24: 0000 00e9 | fbff ffff 

  0x0000775f10befc2c: ;   {static_stub}
  0x0000775f10befc2c: 9048 bb00 | 0000 0000 

  0x0000775f10befc34: ;   {runtime_call nmethod}
  0x0000775f10befc34: 0000 00e9 | fbff ffff 

  0x0000775f10befc3c: ;   {static_stub}
  0x0000775f10befc3c: 9048 bb00 | 0000 0000 

  0x0000775f10befc44: ;   {runtime_call nmethod}
  0x0000775f10befc44: 0000 00e9 | fbff ffff 

  0x0000775f10befc4c: ;   {static_stub}
  0x0000775f10befc4c: 9048 bb00 | 0000 0000 

  0x0000775f10befc54: ;   {runtime_call nmethod}
  0x0000775f10befc54: 0000 00e9 | fbff ffff 

  0x0000775f10befc5c: ;   {static_stub}
  0x0000775f10befc5c: 9048 bb00 | 0000 0000 

  0x0000775f10befc64: ;   {runtime_call nmethod}
  0x0000775f10befc64: 0000 00e9 | fbff ffff 

  0x0000775f10befc6c: ;   {static_stub}
  0x0000775f10befc6c: 9048 bb00 | 0000 0000 

  0x0000775f10befc74: ;   {runtime_call nmethod}
  0x0000775f10befc74: 0000 00e9 | fbff ffff 

  0x0000775f10befc7c: ;   {static_stub}
  0x0000775f10befc7c: 9048 bb00 | 0000 0000 

  0x0000775f10befc84: ;   {runtime_call nmethod}
  0x0000775f10befc84: 0000 00e9 | fbff ffff 

  0x0000775f10befc8c: ;   {static_stub}
  0x0000775f10befc8c: 9048 bb00 | 0000 0000 

  0x0000775f10befc94: ;   {runtime_call nmethod}
  0x0000775f10befc94: 0000 00e9 | fbff ffff 

  0x0000775f10befc9c: ;   {static_stub}
  0x0000775f10befc9c: 9048 bb00 | 0000 0000 

  0x0000775f10befca4: ;   {runtime_call nmethod}
  0x0000775f10befca4: 0000 00e9 | fbff ffff 

  0x0000775f10befcac: ;   {static_stub}
  0x0000775f10befcac: 9048 bb00 | 0000 0000 

  0x0000775f10befcb4: ;   {runtime_call nmethod}
  0x0000775f10befcb4: 0000 00e9 | fbff ffff 

  0x0000775f10befcbc: ;   {static_stub}
  0x0000775f10befcbc: 9048 bb00 | 0000 0000 

  0x0000775f10befcc4: ;   {runtime_call nmethod}
  0x0000775f10befcc4: 0000 00e9 | fbff ffff 

  0x0000775f10befccc: ;   {static_stub}
  0x0000775f10befccc: 9048 bb00 | 0000 0000 

  0x0000775f10befcd4: ;   {runtime_call nmethod}
  0x0000775f10befcd4: 0000 00e9 | fbff ffff 

  0x0000775f10befcdc: ;   {static_stub}
  0x0000775f10befcdc: 9048 bb78 | 1979 e8b1 

  0x0000775f10befce4: ;   {runtime_call I2C/C2I adapters}
  0x0000775f10befce4: 6a00 00e9 | 7aa0 0707 

  0x0000775f10befcec: ;   {static_stub}
  0x0000775f10befcec: 9048 bb00 | 0000 0000 

  0x0000775f10befcf4: ;   {runtime_call nmethod}
  0x0000775f10befcf4: 0000 00e9 | fbff ffff 

  0x0000775f10befcfc: ;   {static_stub}
  0x0000775f10befcfc: 9048 bb00 | 0000 0000 

  0x0000775f10befd04: ;   {runtime_call nmethod}
  0x0000775f10befd04: 0000 00e9 | fbff ffff 

  0x0000775f10befd0c: ;   {static_stub}
  0x0000775f10befd0c: 9048 bb00 | 0000 0000 

  0x0000775f10befd14: ;   {runtime_call nmethod}
  0x0000775f10befd14: 0000 00e9 | fbff ffff 

  0x0000775f10befd1c: ;   {static_stub}
  0x0000775f10befd1c: 9048 bb00 | 0000 0000 

  0x0000775f10befd24: ;   {runtime_call nmethod}
  0x0000775f10befd24: 0000 00e9 | fbff ffff 

  0x0000775f10befd2c: ;   {static_stub}
  0x0000775f10befd2c: 9048 bb00 | 0000 0000 

  0x0000775f10befd34: ;   {runtime_call nmethod}
  0x0000775f10befd34: 0000 00e9 | fbff ffff 

  0x0000775f10befd3c: ;   {static_stub}
  0x0000775f10befd3c: 9048 bb00 | 0000 0000 

  0x0000775f10befd44: ;   {runtime_call nmethod}
  0x0000775f10befd44: 0000 00e9 | fbff ffff 

  0x0000775f10befd4c: ;   {static_stub}
  0x0000775f10befd4c: 9048 bb18 | 1b79 e8b1 

  0x0000775f10befd54: ;   {runtime_call I2C/C2I adapters}
  0x0000775f10befd54: 6a00 00e9 | 0aa0 0707 

  0x0000775f10befd5c: ;   {static_stub}
  0x0000775f10befd5c: 9048 bb98 | cd6a e8b1 

  0x0000775f10befd64: ;   {runtime_call I2C/C2I adapters}
  0x0000775f10befd64: 6a00 00e9 | 7747 0707 

  0x0000775f10befd6c: ;   {static_stub}
  0x0000775f10befd6c: 9048 bb00 | 0000 0000 

  0x0000775f10befd74: ;   {runtime_call nmethod}
  0x0000775f10befd74: 0000 00e9 | fbff ffff 

  0x0000775f10befd7c: ;   {static_stub}
  0x0000775f10befd7c: 9048 bb00 | 0000 0000 

  0x0000775f10befd84: ;   {runtime_call nmethod}
  0x0000775f10befd84: 0000 00e9 | fbff ffff 

  0x0000775f10befd8c: ;   {static_stub}
  0x0000775f10befd8c: 9048 bb00 | 0000 0000 

  0x0000775f10befd94: ;   {runtime_call nmethod}
  0x0000775f10befd94: 0000 00e9 | fbff ffff 

  0x0000775f10befd9c: ;   {static_stub}
  0x0000775f10befd9c: 9048 bb00 | 0000 0000 

  0x0000775f10befda4: ;   {runtime_call nmethod}
  0x0000775f10befda4: 0000 00e9 | fbff ffff 

  0x0000775f10befdac: ;   {static_stub}
  0x0000775f10befdac: 9048 bb00 | 0000 0000 

  0x0000775f10befdb4: ;   {runtime_call nmethod}
  0x0000775f10befdb4: 0000 00e9 | fbff ffff 

  0x0000775f10befdbc: ;   {static_stub}
  0x0000775f10befdbc: 9048 bb00 | 0000 0000 

  0x0000775f10befdc4: ;   {runtime_call nmethod}
  0x0000775f10befdc4: 0000 00e9 | fbff ffff 

  0x0000775f10befdcc: ;   {static_stub}
  0x0000775f10befdcc: 9048 bb00 | 0000 0000 

  0x0000775f10befdd4: ;   {runtime_call nmethod}
  0x0000775f10befdd4: 0000 00e9 | fbff ffff 

  0x0000775f10befddc: ;   {static_stub}
  0x0000775f10befddc: 9048 bb00 | 0000 0000 

  0x0000775f10befde4: ;   {runtime_call nmethod}
  0x0000775f10befde4: 0000 00e9 | fbff ffff 

  0x0000775f10befdec: ;   {static_stub}
  0x0000775f10befdec: 9048 bb00 | 0000 0000 

  0x0000775f10befdf4: ;   {runtime_call nmethod}
  0x0000775f10befdf4: 0000 00e9 | fbff ffff 

  0x0000775f10befdfc: ;   {static_stub}
  0x0000775f10befdfc: 9048 bb00 | 0000 0000 

  0x0000775f10befe04: ;   {runtime_call nmethod}
  0x0000775f10befe04: 0000 00e9 | fbff ffff 

  0x0000775f10befe0c: ;   {static_stub}
  0x0000775f10befe0c: 9048 bb00 | 0000 0000 

  0x0000775f10befe14: ;   {runtime_call nmethod}
  0x0000775f10befe14: 0000 00e9 | fbff ffff 

  0x0000775f10befe1c: ;   {static_stub}
  0x0000775f10befe1c: 9048 bb00 | 0000 0000 

  0x0000775f10befe24: ;   {runtime_call nmethod}
  0x0000775f10befe24: 0000 00e9 | fbff ffff 

  0x0000775f10befe2c: ;   {static_stub}
  0x0000775f10befe2c: 9048 bb00 | 0000 0000 

  0x0000775f10befe34: ;   {runtime_call nmethod}
  0x0000775f10befe34: 0000 00e9 | fbff ffff 

  0x0000775f10befe3c: ;   {static_stub}
  0x0000775f10befe3c: 9048 bb00 | 0000 0000 

  0x0000775f10befe44: ;   {runtime_call nmethod}
  0x0000775f10befe44: 0000 00e9 | fbff ffff 

  0x0000775f10befe4c: ;   {static_stub}
  0x0000775f10befe4c: 9048 bb00 | 0000 0000 

  0x0000775f10befe54: ;   {runtime_call nmethod}
  0x0000775f10befe54: 0000 00e9 | fbff ffff 

  0x0000775f10befe5c: ;   {static_stub}
  0x0000775f10befe5c: 9048 bb00 | 0000 0000 

  0x0000775f10befe64: ;   {runtime_call nmethod}
  0x0000775f10befe64: 0000 00e9 | fbff ffff 

  0x0000775f10befe6c: ;   {static_stub}
  0x0000775f10befe6c: 9048 bb00 | 0000 0000 

  0x0000775f10befe74: ;   {runtime_call nmethod}
  0x0000775f10befe74: 0000 00e9 | fbff ffff 

  0x0000775f10befe7c: ;   {static_stub}
  0x0000775f10befe7c: 9048 bb00 | 0000 0000 

  0x0000775f10befe84: ;   {runtime_call nmethod}
  0x0000775f10befe84: 0000 00e9 | fbff ffff 

  0x0000775f10befe8c: ;   {static_stub}
  0x0000775f10befe8c: 9048 bb00 | 0000 0000 

  0x0000775f10befe94: ;   {runtime_call nmethod}
  0x0000775f10befe94: 0000 00e9 | fbff ffff 

  0x0000775f10befe9c: ;   {static_stub}
  0x0000775f10befe9c: 9048 bb00 | 0000 0000 

  0x0000775f10befea4: ;   {runtime_call nmethod}
  0x0000775f10befea4: 0000 00e9 | fbff ffff 

  0x0000775f10befeac: ;   {static_stub}
  0x0000775f10befeac: 9048 bb00 | 0000 0000 

  0x0000775f10befeb4: ;   {runtime_call nmethod}
  0x0000775f10befeb4: 0000 00e9 | fbff ffff 

  0x0000775f10befebc: ;   {static_stub}
  0x0000775f10befebc: 9048 bb00 | 0000 0000 

  0x0000775f10befec4: ;   {runtime_call nmethod}
  0x0000775f10befec4: 0000 00e9 | fbff ffff 

  0x0000775f10befecc: ;   {static_stub}
  0x0000775f10befecc: 9048 bb00 | 0000 0000 

  0x0000775f10befed4: ;   {runtime_call nmethod}
  0x0000775f10befed4: 0000 00e9 | fbff ffff 

  0x0000775f10befedc: ;   {static_stub}
  0x0000775f10befedc: 9048 bb00 | 0000 0000 

  0x0000775f10befee4: ;   {runtime_call nmethod}
  0x0000775f10befee4: 0000 00e9 | fbff ffff 

  0x0000775f10befeec: ;   {static_stub}
  0x0000775f10befeec: 9048 bb00 | 0000 0000 

  0x0000775f10befef4: ;   {runtime_call nmethod}
  0x0000775f10befef4: 0000 00e9 | fbff ffff 

  0x0000775f10befefc: ;   {static_stub}
  0x0000775f10befefc: 9048 bb00 | 0000 0000 

  0x0000775f10beff04: ;   {runtime_call nmethod}
  0x0000775f10beff04: 0000 00e9 | fbff ffff 

  0x0000775f10beff0c: ;   {static_stub}
  0x0000775f10beff0c: 9048 bb00 | 0000 0000 

  0x0000775f10beff14: ;   {runtime_call nmethod}
  0x0000775f10beff14: 0000 00e9 | fbff ffff 

  0x0000775f10beff1c: ;   {static_stub}
  0x0000775f10beff1c: 9048 bb00 | 0000 0000 

  0x0000775f10beff24: ;   {runtime_call nmethod}
  0x0000775f10beff24: 0000 00e9 | fbff ffff 

  0x0000775f10beff2c: ;   {static_stub}
  0x0000775f10beff2c: 9048 bb00 | 0000 0000 

  0x0000775f10beff34: ;   {runtime_call nmethod}
  0x0000775f10beff34: 0000 00e9 | fbff ffff 

  0x0000775f10beff3c: ;   {static_stub}
  0x0000775f10beff3c: 9048 bb00 | 0000 0000 

  0x0000775f10beff44: ;   {runtime_call nmethod}
  0x0000775f10beff44: 0000 00e9 | fbff ffff 

  0x0000775f10beff4c: ;   {static_stub}
  0x0000775f10beff4c: 9048 bb00 | 0000 0000 

  0x0000775f10beff54: ;   {runtime_call nmethod}
  0x0000775f10beff54: 0000 00e9 | fbff ffff 

  0x0000775f10beff5c: ;   {static_stub}
  0x0000775f10beff5c: 9048 bb00 | 0000 0000 

  0x0000775f10beff64: ;   {runtime_call nmethod}
  0x0000775f10beff64: 0000 00e9 | fbff ffff 

  0x0000775f10beff6c: ;   {static_stub}
  0x0000775f10beff6c: 9048 bb00 | 0000 0000 

  0x0000775f10beff74: ;   {runtime_call nmethod}
  0x0000775f10beff74: 0000 00e9 | fbff ffff 

  0x0000775f10beff7c: ;   {static_stub}
  0x0000775f10beff7c: 9048 bb00 | 0000 0000 

  0x0000775f10beff84: ;   {runtime_call nmethod}
  0x0000775f10beff84: 0000 00e9 | fbff ffff 

  0x0000775f10beff8c: ;   {static_stub}
  0x0000775f10beff8c: 9048 bb00 | 0000 0000 

  0x0000775f10beff94: ;   {runtime_call nmethod}
  0x0000775f10beff94: 0000 00e9 | fbff ffff 

  0x0000775f10beff9c: ;   {static_stub}
  0x0000775f10beff9c: 9048 bb00 | 0000 0000 

  0x0000775f10beffa4: ;   {runtime_call nmethod}
  0x0000775f10beffa4: 0000 00e9 | fbff ffff 

  0x0000775f10beffac: ;   {static_stub}
  0x0000775f10beffac: 9048 bb00 | 0000 0000 

  0x0000775f10beffb4: ;   {runtime_call nmethod}
  0x0000775f10beffb4: 0000 00e9 | fbff ffff 

  0x0000775f10beffbc: ;   {static_stub}
  0x0000775f10beffbc: 9048 bb00 | 0000 0000 

  0x0000775f10beffc4: ;   {runtime_call nmethod}
  0x0000775f10beffc4: 0000 00e9 | fbff ffff 

  0x0000775f10beffcc: ;   {static_stub}
  0x0000775f10beffcc: 9048 bb00 | 0000 0000 

  0x0000775f10beffd4: ;   {runtime_call nmethod}
  0x0000775f10beffd4: 0000 00e9 | fbff ffff 

  0x0000775f10beffdc: ;   {static_stub}
  0x0000775f10beffdc: 9048 bb00 | 0000 0000 

  0x0000775f10beffe4: ;   {runtime_call nmethod}
  0x0000775f10beffe4: 0000 00e9 | fbff ffff 

  0x0000775f10beffec: ;   {static_stub}
  0x0000775f10beffec: 9048 bb00 | 0000 0000 

  0x0000775f10befff4: ;   {runtime_call nmethod}
  0x0000775f10befff4: 0000 00e9 | fbff ffff 

  0x0000775f10befffc: ;   {static_stub}
  0x0000775f10befffc: 9048 bb00 | 0000 0000 

  0x0000775f10bf0004: ;   {runtime_call nmethod}
  0x0000775f10bf0004: 0000 00e9 | fbff ffff 

  0x0000775f10bf000c: ;   {static_stub}
  0x0000775f10bf000c: 9048 bb00 | 0000 0000 

  0x0000775f10bf0014: ;   {runtime_call nmethod}
  0x0000775f10bf0014: 0000 00e9 | fbff ffff 

  0x0000775f10bf001c: ;   {static_stub}
  0x0000775f10bf001c: 9048 bb00 | 0000 0000 

  0x0000775f10bf0024: ;   {runtime_call nmethod}
  0x0000775f10bf0024: 0000 00e9 | fbff ffff 

  0x0000775f10bf002c: ;   {static_stub}
  0x0000775f10bf002c: 9048 bb00 | 0000 0000 

  0x0000775f10bf0034: ;   {runtime_call nmethod}
  0x0000775f10bf0034: 0000 00e9 | fbff ffff 

  0x0000775f10bf003c: ;   {static_stub}
  0x0000775f10bf003c: 9048 bb00 | 0000 0000 

  0x0000775f10bf0044: ;   {runtime_call nmethod}
  0x0000775f10bf0044: 0000 00e9 | fbff ffff 

  0x0000775f10bf004c: ;   {static_stub}
  0x0000775f10bf004c: 9048 bb00 | 0000 0000 

  0x0000775f10bf0054: ;   {runtime_call nmethod}
  0x0000775f10bf0054: 0000 00e9 | fbff ffff 

  0x0000775f10bf005c: ;   {static_stub}
  0x0000775f10bf005c: 9048 bb00 | 0000 0000 

  0x0000775f10bf0064: ;   {runtime_call nmethod}
  0x0000775f10bf0064: 0000 00e9 | fbff ffff 

  0x0000775f10bf006c: ;   {static_stub}
  0x0000775f10bf006c: 9048 bb00 | 0000 0000 

  0x0000775f10bf0074: ;   {runtime_call nmethod}
  0x0000775f10bf0074: 0000 00e9 | fbff ffff 

  0x0000775f10bf007c: ;   {static_stub}
  0x0000775f10bf007c: 9048 bb00 | 0000 0000 

  0x0000775f10bf0084: ;   {runtime_call nmethod}
  0x0000775f10bf0084: 0000 00e9 | fbff ffff 

  0x0000775f10bf008c: ;   {static_stub}
  0x0000775f10bf008c: 9048 bb00 | 0000 0000 

  0x0000775f10bf0094: ;   {runtime_call nmethod}
  0x0000775f10bf0094: 0000 00e9 | fbff ffff 

  0x0000775f10bf009c: ;   {static_stub}
  0x0000775f10bf009c: 9048 bb00 | 0000 0000 

  0x0000775f10bf00a4: ;   {runtime_call nmethod}
  0x0000775f10bf00a4: 0000 00e9 | fbff ffff 

  0x0000775f10bf00ac: ;   {static_stub}
  0x0000775f10bf00ac: 9048 bb00 | 0000 0000 

  0x0000775f10bf00b4: ;   {runtime_call nmethod}
  0x0000775f10bf00b4: 0000 00e9 | fbff ffff 

  0x0000775f10bf00bc: ;   {static_stub}
  0x0000775f10bf00bc: 9048 bb00 | 0000 0000 

  0x0000775f10bf00c4: ;   {runtime_call nmethod}
  0x0000775f10bf00c4: 0000 00e9 | fbff ffff 

  0x0000775f10bf00cc: ;   {static_stub}
  0x0000775f10bf00cc: 9048 bb00 | 0000 0000 

  0x0000775f10bf00d4: ;   {runtime_call nmethod}
  0x0000775f10bf00d4: 0000 00e9 | fbff ffff 

  0x0000775f10bf00dc: ;   {static_stub}
  0x0000775f10bf00dc: 9048 bb00 | 0000 0000 

  0x0000775f10bf00e4: ;   {runtime_call nmethod}
  0x0000775f10bf00e4: 0000 00e9 | fbff ffff 

  0x0000775f10bf00ec: ;   {static_stub}
  0x0000775f10bf00ec: 9048 bb00 | 0000 0000 

  0x0000775f10bf00f4: ;   {runtime_call nmethod}
  0x0000775f10bf00f4: 0000 00e9 | fbff ffff 

  0x0000775f10bf00fc: ;   {static_stub}
  0x0000775f10bf00fc: 9048 bb00 | 0000 0000 

  0x0000775f10bf0104: ;   {runtime_call nmethod}
  0x0000775f10bf0104: 0000 00e9 | fbff ffff 

  0x0000775f10bf010c: ;   {static_stub}
  0x0000775f10bf010c: 9048 bb00 | 0000 0000 

  0x0000775f10bf0114: ;   {runtime_call nmethod}
  0x0000775f10bf0114: 0000 00e9 | fbff ffff 

  0x0000775f10bf011c: ;   {static_stub}
  0x0000775f10bf011c: 9048 bb00 | 0000 0000 

  0x0000775f10bf0124: ;   {runtime_call nmethod}
  0x0000775f10bf0124: 0000 00e9 | fbff ffff 

  0x0000775f10bf012c: ;   {static_stub}
  0x0000775f10bf012c: 9048 bb00 | 0000 0000 

  0x0000775f10bf0134: ;   {runtime_call nmethod}
  0x0000775f10bf0134: 0000 00e9 | fbff ffff 

  0x0000775f10bf013c: ;   {static_stub}
  0x0000775f10bf013c: 9048 bb00 | 0000 0000 

  0x0000775f10bf0144: ;   {runtime_call nmethod}
  0x0000775f10bf0144: 0000 00e9 | fbff ffff 

  0x0000775f10bf014c: ;   {static_stub}
  0x0000775f10bf014c: 48bb 0000 | 0000 0000 

  0x0000775f10bf0154: ;   {runtime_call nmethod}
  0x0000775f10bf0154: 0000 e9fb 

  0x0000775f10bf0158: ;   {static_stub}
  0x0000775f10bf0158: ffff ff48 | bb00 0000 | 0000 0000 

  0x0000775f10bf0164: ;   {runtime_call nmethod}
  0x0000775f10bf0164: 00e9 fbff 

  0x0000775f10bf0168: ;   {static_stub}
  0x0000775f10bf0168: ffff 48bb | 0000 0000 | 0000 0000 

  0x0000775f10bf0174: ;   {runtime_call nmethod}
  0x0000775f10bf0174: e9fb ffff 

  0x0000775f10bf0178: ;   {static_stub}
  0x0000775f10bf0178: ff48 bb00 | 0000 0000 

  0x0000775f10bf0180: ;   {runtime_call nmethod}
  0x0000775f10bf0180: 0000 00e9 | fbff ffff 

  0x0000775f10bf0188: ;   {static_stub}
  0x0000775f10bf0188: 48bb 0000 | 0000 0000 

  0x0000775f10bf0190: ;   {runtime_call nmethod}
  0x0000775f10bf0190: 0000 e9fb 

  0x0000775f10bf0194: ;   {static_stub}
  0x0000775f10bf0194: ffff ff48 | bb98 ec0f | e8b1 6a00 

  0x0000775f10bf01a0: ;   {runtime_call I2C/C2I adapters}
  0x0000775f10bf01a0: 00e9 c09b 

  0x0000775f10bf01a4: ;   {static_stub}
  0x0000775f10bf01a4: 0707 48bb | 0000 0000 | 0000 0000 

  0x0000775f10bf01b0: ;   {runtime_call nmethod}
  0x0000775f10bf01b0: e9fb ffff 

  0x0000775f10bf01b4: ;   {static_stub}
  0x0000775f10bf01b4: ff48 bb00 | 0000 0000 

  0x0000775f10bf01bc: ;   {runtime_call nmethod}
  0x0000775f10bf01bc: 0000 00e9 | fbff ffff 
[Exception Handler]
  0x0000775f10bf01c4: ;   {runtime_call handle_exception_from_callee Runtime1 stub}
  0x0000775f10bf01c4: e8b7 3312 

  0x0000775f10bf01c8: ;   {external_word}
  0x0000775f10bf01c8: 0748 bfbb | 51b4 2f5f | 7700 0048 

  0x0000775f10bf01d4: ;   {runtime_call MacroAssembler::debug64(char*, long, long*)}
  0x0000775f10bf01d4: 83e4 f0e8 | 74ac a11e 

  0x0000775f10bf01dc: ;   {section_word}
  0x0000775f10bf01dc: f449 badd | 01bf 105f | 7700 0041 

  0x0000775f10bf01e8: ;   {runtime_call DeoptimizationBlob}
  0x0000775f10bf01e8: 52e9 b2a4 | 0707 f4f4 
[/MachCode]


Compiled method (c2) 5185 2488   !   4       org.apache.xalan.templates.ElemApplyTemplates::execute (141 bytes)
 total in heap  [0x0000775f18526490,0x0000775f18527fe0] = 6992
 relocation     [0x0000775f185265e8,0x0000775f185266f0] = 264
 main code      [0x0000775f18526700,0x0000775f185275c8] = 3784
 stub code      [0x0000775f185275c8,0x0000775f18527628] = 96
 oops           [0x0000775f18527628,0x0000775f18527630] = 8
 metadata       [0x0000775f18527630,0x0000775f18527718] = 232
 scopes data    [0x0000775f18527718,0x0000775f18527c10] = 1272
 scopes pcs     [0x0000775f18527c10,0x0000775f18527ec0] = 688
 dependencies   [0x0000775f18527ec0,0x0000775f18527f18] = 88
 handler table  [0x0000775f18527f18,0x0000775f18527f90] = 120
 nul chk table  [0x0000775f18527f90,0x0000775f18527fe0] = 80

[Constant Pool (empty)]

[MachCode]
[Entry Point]
  # {method} {0x00006ab1e855ac20} 'execute' '(Lorg/apache/xalan/transformer/TransformerImpl;)V' in 'org/apache/xalan/templates/ElemApplyTemplates'
  # this:     rsi:rsi   = 'org/apache/xalan/templates/ElemApplyTemplates'
  # parm0:    rdx:rdx   = 'org/apache/xalan/transformer/TransformerImpl'
  #           [sp+0x70]  (sp of caller)
  0x0000775f18526700: 448b 5608 | 49bb 0000 | 00f3 b16a | 0000 4d03 | d349 3bc2 

  0x0000775f18526714: ;   {runtime_call ic_miss_stub}
  0x0000775f18526714: 0f85 66e6 | 73ff 6690 | 0f1f 4000 
[Verified Entry Point]
  0x0000775f18526720: 8984 2400 | c0fe ff55 | 4883 ec60 | 4181 7f20 | 0100 0000 | 0f85 7d0e | 0000 4889 | 7424 0848 
  0x0000775f18526740: 8954 2430 

  0x0000775f18526744: ; implicit exception: dispatches to 0x0000775f18527304
  0x0000775f18526744: 448b 5a74 

  0x0000775f18526748: ; implicit exception: dispatches to 0x0000775f1852731c
  0x0000775f18526748: 458b 4310 | 418b 6b0c | ffcd 443b | c50f 84e1 | 0700 0041 | 8b4b 1441 | 8d68 0141 | 896b 1044 
  0x0000775f18526768: 8b59 0c41 | 3beb 0f83 | fe06 0000 | 8baa 9000 | 0000 4d63 | d046 8864 | 1111 85ed | 0f84 0a07 
  0x0000775f18526788: 0000 4c8b | dd48 8d5c | 2440 498b | 03a8 020f | 8523 0000 | 0048 83c8 | 0148 8903 | f049 0fb1 
  0x0000775f185267a8: 1b0f 8437 | 0000 0048 | 2bc4 4825 | 07f0 ffff | 4889 03e9 | 2400 0000 | 4c8b d048 | 33c0 f04d 
  0x0000775f185267c8: 0fb1 7a3e | 48c7 0303 | 0000 0074 | 114c 3bf8 | 7515 49ff | 8286 0000 | 0048 33c0 | 7509 49ff 
  0x0000775f185267e8: 8768 0800 | 0033 c00f | 85cf 0600 | 008b 6d10 | 488d 4424 | 4048 8338 | 000f 8479 | 0000 004d 
  0x0000775f18526808: 8b13 41f6 | c202 0f84 

  0x0000775f18526810: ;   {no_reloc}
  0x0000775f18526810: 6200 0000 | 4983 ba86 | 0000 0000 | 7409 49ff | 8a86 0000 | 00eb 4b49 | 8b82 9600 | 0000 490b 
  0x0000775f18526830: 828e 0000 | 0075 0a49 | c742 3e00 | 0000 00eb | 3d49 83ba | 9e00 0000 | 0074 2248 | 33c0 49c7 
  0x0000775f18526850: 423e 0000 | 0000 f083 | 0424 0049 | 83ba 9e00 | 0000 0075 | 0df0 4d0f | b17a 3e75 | 0583 c801 
  0x0000775f18526870: eb0c a800 | eb08 4c8b | 10f0 4d0f | b113 750a | 49ff 8f68 | 0800 0045 | 33d2 0f85 | 6a06 0000 
  0x0000775f18526890: 4c8b 5424 | 3045 8b9a | 9000 0000 | 4489 5c24 | 2085 ed0f | 85d2 0300 | 0045 33db | 4c8b 5424 
  0x0000775f185268b0: 0845 0fb6 | 524d 4585 | d20f 852f | 0500 004d | 85db 0f85 | 5706 0000 | 4c8b 5424 | 0845 8b42 
  0x0000775f185268d0: 6845 85c0 | 0f85 3202 | 0000 4533 | db44 895c | 2410 4c8b | 5424 3041 | 0fb6 6a15 | 85ed 0f85 
  0x0000775f185268f0: 7006 0000 | 488b 7424 | 0849 8bd2 

  0x0000775f185268fc: ;   {optimized virtual_call}
  0x0000775f185268fc: 6666 90e8 

  0x0000775f18526900: ; ImmutableOopMap {[8]=Oop [48]=Oop }
                      ;*invokevirtual transformSelectedNodes {reexecute=0 rethrow=0 return_oop=0}
                      ; - org.apache.xalan.templates.ElemApplyTemplates::execute@75 (line 178)
  0x0000775f18526900: bca3 6bf8 

  0x0000775f18526904: ;   {other}
  0x0000775f18526904: 0f1f 8400 | 7404 0000 | 4c8b 5424 | 3041 0fb6 | 6a15 85ed | 0f85 6206 | 0000 448b | 5424 1045 
  0x0000775f18526924: 85d2 7539 | 4c8b 5424 | 3045 8b52 | 7445 8b4a | 1441 8b6a | 1044 8d45 | ff45 8942 | 1045 8b59 
  0x0000775f18526944: 0c41 3beb | 0f83 5e05 | 0000 4883 

  0x0000775f18526950: ;   {poll_return}
  0x0000775f18526950: c460 5d49 | 3ba7 6807 | 0000 0f87 | 410c 0000 | c34c 8b54 | 2430 458b | 9a90 0000 | 0044 895c 
  0x0000775f18526970: 2420 4585 | db0f 8421 | 0600 004d | 8bc3 488d | 5c24 4049 | 8b00 a802 | 0f85 2300 | 0000 4883 
  0x0000775f18526990: c801 4889 | 03f0 490f | b118 0f84 | 3700 0000 | 482b c448 | 2507 f0ff | ff48 8903 | e924 0000 
  0x0000775f185269b0: 004c 8bd0 | 4833 c0f0 | 4d0f b17a | 3e48 c703 | 0300 0000 | 7411 4c3b | f875 1549 | ff82 8600 
  0x0000775f185269d0: 0000 4833 | c075 0949 | ff87 6808 | 0000 33c0 | 0f85 5a06 | 0000 448b | 5c24 2041 | 8b4b 1085 
  0x0000775f185269f0: c90f 8446 | 0700 0044 | 8d49 ff44 | 3bc9 0f8d | 6007 0000 | 448b 5424 | 2045 8b52 | 1845 8b5a 
  0x0000775f18526a10: 0c45 3bcb | 0f83 9a05 | 0000 418b | 6c8a 0c44 | 3bc9 0f8d | 7007 0000 | 4585 c90f | 8c97 0700 
  0x0000775f18526a30: 0045 8964 | 8a0c 448b | 5c24 2045 | 894b 1045 | 8b5b 0c41 | ffc3 448b | 4c24 2045 | 8959 0c48 
  0x0000775f18526a50: ;   {no_reloc}
  0x0000775f18526a50: 8d44 2440 | 4883 3800 | 0f84 7900 | 0000 4d8b | 1041 f6c2 | 020f 8462 | 0000 0049 | 83ba 8600 
  0x0000775f18526a70: 0000 0074 | 0949 ff8a | 8600 0000 | eb4b 498b | 8296 0000 | 0049 0b82 | 8e00 0000 | 750a 49c7 
  0x0000775f18526a90: 423e 0000 | 0000 eb3d | 4983 ba9e | 0000 0000 | 7422 4833 | c049 c742 | 3e00 0000 | 00f0 8304 
  0x0000775f18526ab0: 2400 4983 | ba9e 0000 | 0000 750d | f04d 0fb1 | 7a3e 7505 | 83c8 01eb | 0ca8 00eb | 084c 8b10 
  0x0000775f18526ad0: f04d 0fb1 | 1075 0a49 | ff8f 6808 | 0000 4533 | d20f 8441 | feff ff49 | 8bf8 488d | 7424 4049 
  0x0000775f18526af0: 8bd7 49ba | a089 7e2f | 5f77 0000 

  0x0000775f18526afc: ;   {other}
  0x0000775f18526afc: 41ff d20f | 1f84 0000 | 0000 00e9 | 1cfe ffff | 448b 5424 | 2045 85d2 | 0f84 d204 | 0000 4d8b 
  0x0000775f18526b1c: ca48 8d5c | 2440 498b | 01a8 020f | 8523 0000 | 0048 83c8 | 0148 8903 | f049 0fb1 | 190f 8437 
  0x0000775f18526b3c: 0000 0048 | 2bc4 4825 | 07f0 ffff | 4889 03e9 | 2400 0000 | 4c8b d048 | 33c0 f04d | 0fb1 7a3e 
  0x0000775f18526b5c: 48c7 0303 | 0000 0074 | 114c 3bf8 | 7515 49ff | 8286 0000 | 0048 33c0 | 7509 49ff | 8768 0800 
  0x0000775f18526b7c: 0033 c00f | 85e9 0400 | 0044 8b54 | 2420 458b | 5218 8b4c | 2420 ff41 | 0c45 8b5a | 0c8b 6910 
  0x0000775f18526b9c: 413b eb0f | 8456 0200 | 0045 8b5a | 0c41 3beb | 0f83 5604 | 0000 458b 

  0x0000775f18526bb4: ;   {metadata('java/lang/Object'[])}
  0x0000775f18526bb4: 5a08 4181 | fb88 1200 | 000f 851b | 0500 0045 | 8944 aa10 | ffc5 448b | 5c24 2041 | 896b 1048 
  0x0000775f18526bd4: 8d44 2440 | 4883 3800 | 0f84 7900 | 0000 4d8b | 1141 f6c2 | 020f 8462 | 0000 0049 | 83ba 8600 
  0x0000775f18526bf4: 0000 0074 | 0949 ff8a | 8600 0000 | eb4b 498b | 8296 0000 | 0049 0b82 | 8e00 0000 | 750a 49c7 
  0x0000775f18526c14: 423e 0000 | 0000 eb3d | 4983 ba9e | 0000 0000 | 7422 4833 | c049 c742 | 3e00 0000 | 00f0 8304 
  0x0000775f18526c34: 2400 4983 | ba9e 0000 | 0000 750d | f04d 0fb1 | 7a3e 7505 | 83c8 01eb | 0ca8 00eb | 084c 8b10 
  0x0000775f18526c54: f04d 0fb1 | 1175 0a49 | ff8f 6808 | 0000 4533 | d20f 85ad | 0400 0041 | ba01 0000 | 0044 8954 
  0x0000775f18526c74: 2410 e967 | fcff ff45 | 85db 0f84 | 7005 0000 | 4d8b c348 | 8d5c 2440 | 498b 00a8 | 020f 8523 
  0x0000775f18526c94: 0000 0048 | 83c8 0148 | 8903 f049 | 0fb1 180f | 8437 0000 | 0048 2bc4 | 4825 07f0 | ffff 4889 
  0x0000775f18526cb4: ;   {no_reloc}
  0x0000775f18526cb4: 03e9 2400 | 0000 4c8b | d048 33c0 | f04d 0fb1 | 7a3e 48c7 | 0303 0000 | 0074 114c | 3bf8 7515 
  0x0000775f18526cd4: 49ff 8286 | 0000 0048 | 33c0 7509 | 49ff 8768 | 0800 0033 | c00f 8541 | 0500 0044 | 8b54 2420 
  0x0000775f18526cf4: 458b 4a10 | 4585 c90f | 8482 0500 | 0041 8d49 | ff41 3bc9 | 0f8d 9205 | 0000 448b | 5c24 2041 
  0x0000775f18526d14: 8b6b 1844 | 8b55 0c41 | 3bca 0f83 | e804 0000 | 428b 6c8d | 0c48 8d44 | 2440 4883 | 3800 0f84 
  0x0000775f18526d34: 7900 0000 | 4d8b 1041 | f6c2 020f | 8462 0000 | 0049 83ba | 8600 0000 | 0074 0949 | ff8a 8600 
  0x0000775f18526d54: 0000 eb4b | 498b 8296 | 0000 0049 | 0b82 8e00 | 0000 750a | 49c7 423e | 0000 0000 | eb3d 4983 
  0x0000775f18526d74: ba9e 0000 | 0000 7422 | 4833 c049 | c742 3e00 | 0000 00f0 | 8304 2400 | 4983 ba9e | 0000 0000 
  0x0000775f18526d94: 750d f04d | 0fb1 7a3e | 7505 83c8 | 01eb 0ca8 | 00eb 084c | 8b10 f04d | 0fb1 1075 | 0a49 ff8f 
  0x0000775f18526db4: ;   {no_reloc}
  0x0000775f18526db4: 6808 0000 | 4533 d20f | 859d 0400 | 0044 8b5d 

  0x0000775f18526dc4: ;   {metadata('org/apache/xml/utils/QName')}
  0x0000775f18526dc4: 0841 81fb | a8f5 0201 | 0f85 1605 | 0000 4c8b | 5424 3045 | 8b92 9000 | 0000 4489 | 5424 204c 
  0x0000775f18526de4: 8bd5 4d8b | dae9 befa | ffff 4533 | d244 8954 | 2410 e9e7 | faff ff4c | 894c 2418 | 4489 4424 
  0x0000775f18526e04: 1448 8944 | 24f8 8b44 | 2420 8944 | 2410 488b | 4424 f848 | ff74 2408 | 488f 0424 | 48ff 7424 
  0x0000775f18526e24: 3048 8f44 | 2408 498b 

  0x0000775f18526e2c: ;   {optimized virtual_call}
  0x0000775f18526e2c: f166 90e8 

  0x0000775f18526e30: ; ImmutableOopMap {[0]=Oop [8]=Oop [16]=NarrowOop [20]=NarrowOop [24]=Oop [48]=Oop }
                      ;*invokevirtual grow {reexecute=0 rethrow=0 return_oop=1}
                      ; - java.util.Vector::add@7 (line 782)
                      ; - java.util.Vector::addElement@20 (line 617)
                      ; - java.util.Stack::push@2 (line 68)
                      ; - org.apache.xalan.transformer.TransformerImpl::pushMode@5 (line 3208)
                      ; - org.apache.xalan.templates.ElemApplyTemplates::execute@55 (line 172)
  0x0000775f18526e30: 4ce2 73ff 

  0x0000775f18526e34: ;   {other}
  0x0000775f18526e34: 0f1f 8400 | a409 0001 | 4c8b d048 | 85c0 0f84 | 8c04 0000 | 48ff 3424 | 488f 4424 | 0848 8944 
  0x0000775f18526e54: 24f8 8b44 | 2410 8944 | 2420 488b | 4424 f844 | 8b44 2414 | 4c8b 4c24 | 18e9 33fd | ffff bee4 
  0x0000775f18526e74: ffff ff48 | ff74 2408 | 488f 0424 | 894c 2410 

  0x0000775f18526e84: ;   {runtime_call UncommonTrapBlob}
  0x0000775f18526e84: 6666 90e8 

  0x0000775f18526e88: ; ImmutableOopMap {[0]=Oop [16]=NarrowOop [48]=Oop }
                      ;*bastore {reexecute=0 rethrow=0 return_oop=0}
                      ; - org.apache.xml.utils.BoolStack::push@34 (line 94)
                      ; - org.apache.xalan.transformer.TransformerImpl::pushCurrentTemplateRuleIsNull@5 (line 3041)
                      ; - org.apache.xalan.templates.ElemApplyTemplates::execute@2 (line 153)
  0x0000775f18526e88: 7434 74ff 

  0x0000775f18526e8c: ;   {other}
  0x0000775f18526e8c: 0f1f 8400 | fc09 0002 | bef6 ffff | ff48 8b6c 

  0x0000775f18526e9c: ;   {runtime_call UncommonTrapBlob}
  0x0000775f18526e9c: 2408 90e8 

  0x0000775f18526ea0: ; ImmutableOopMap {rbp=Oop [48]=Oop }
                      ;*invokevirtual isEmpty {reexecute=0 rethrow=0 return_oop=0}
                      ; - org.apache.xalan.transformer.TransformerImpl::getMode@4 (line 3195)
                      ; - org.apache.xalan.templates.ElemApplyTemplates::execute@8 (line 163)
  0x0000775f18526ea0: 5c34 74ff 

  0x0000775f18526ea4: ;   {other}
  0x0000775f18526ea4: 0f1f 8400 | 140a 0003 | bee4 ffff | ff44 890c 

  0x0000775f18526eb4: ;   {runtime_call UncommonTrapBlob}
  0x0000775f18526eb4: 2466 90e8 

  0x0000775f18526eb8: ; ImmutableOopMap {[0]=NarrowOop }
                      ;*baload {reexecute=0 rethrow=0 return_oop=0}
                      ; - org.apache.xml.utils.BoolStack::pop@15 (line 106)
                      ; - org.apache.xalan.transformer.TransformerImpl::popCurrentTemplateRuleIsNull@4 (line 3050)
                      ; - org.apache.xalan.templates.ElemApplyTemplates::execute@102 (line 188)
  0x0000775f18526eb8: 4434 74ff 

  0x0000775f18526ebc: ;   {other}
  0x0000775f18526ebc: 0f1f 8400 | 2c0a 0004 | 498b f348 | 8d54 2440 | 48ff 7424 | 3048 8f44 | 2410 4c89 | 5c24 284c 
  0x0000775f18526edc: 895c 2438 

  0x0000775f18526ee0: ;   {runtime_call _complete_monitor_locking_Java}
  0x0000775f18526ee0: 6666 90e8 

  0x0000775f18526ee4: ; ImmutableOopMap {rbp=NarrowOop [8]=Oop [16]=Oop [40]=Oop [48]=Oop [56]=Oop }
                      ;*synchronization entry
                      ; - java.util.Vector::isEmpty@-1 (line 316)
                      ; - org.apache.xalan.transformer.TransformerImpl::getMode@4 (line 3195)
                      ; - org.apache.xalan.templates.ElemApplyTemplates::execute@8 (line 163)
  0x0000775f18526ee4: 1850 7fff 

  0x0000775f18526ee8: ;   {other}
  0x0000775f18526ee8: 0f1f 8400 | 580a 0005 | 4c8b 5c24 | 28e9 fbf8 | ffff 498b | fb48 8d74 | 2440 498b | d749 baa0 
  0x0000775f18526f08: 897e 2f5f | 7700 0041 

  0x0000775f18526f10: ;   {other}
  0x0000775f18526f10: ffd2 0f1f | 8400 0000 | 0000 e971 | f9ff ffbe | 45ff ffff | 488b 6c24 | 084c 895c 

  0x0000775f18526f2c: ;   {runtime_call UncommonTrapBlob}
  0x0000775f18526f2c: 2410 90e8 

  0x0000775f18526f30: ; ImmutableOopMap {rbp=Oop [16]=Oop [48]=Oop }
                      ;*if_acmpne {reexecute=1 rethrow=0 return_oop=0}
                      ; - (reexecute) org.apache.xalan.templates.ElemApplyTemplates::execute@21 (line 167)
  0x0000775f18526f30: cc33 74ff 

  0x0000775f18526f34: ;   {other}
  0x0000775f18526f34: 0f1f 8400 | a40a 0006 | be45 ffff | ff48 ff74 | 2408 488f | 0424 4489 | 5c24 1044 | 8944 2414 
  0x0000775f18526f54: ;   {runtime_call UncommonTrapBlob}
  0x0000775f18526f54: 6666 90e8 

  0x0000775f18526f58: ; ImmutableOopMap {[0]=Oop [16]=NarrowOop [48]=Oop }
                      ;*if_icmpne {reexecute=1 rethrow=0 return_oop=0}
                      ; - (reexecute) org.apache.xml.utils.BoolStack::push@10 (line 91)
                      ; - org.apache.xalan.transformer.TransformerImpl::pushCurrentTemplateRuleIsNull@5 (line 3041)
                      ; - org.apache.xalan.templates.ElemApplyTemplates::execute@2 (line 153)
  0x0000775f18526f58: a433 74ff 

  0x0000775f18526f5c: ;   {other}
  0x0000775f18526f5c: 0f1f 8400 | cc0a 0007 | be45 ffff | ff48 ff74 | 2408 488f 

  0x0000775f18526f70: ;   {runtime_call UncommonTrapBlob}
  0x0000775f18526f70: 0424 90e8 

  0x0000775f18526f74: ; ImmutableOopMap {[0]=Oop [48]=Oop }
                      ;*ifeq {reexecute=1 rethrow=0 return_oop=0}
                      ; - (reexecute) org.apache.xalan.templates.ElemApplyTemplates::execute@62 (line 175)
  0x0000775f18526f74: 8833 74ff 

  0x0000775f18526f78: ;   {other}
  0x0000775f18526f78: 0f1f 8400 | e80a 0008 | be45 ffff | ff48 ff74 | 2408 488f 

  0x0000775f18526f8c: ;   {runtime_call UncommonTrapBlob}
  0x0000775f18526f8c: 0424 90e8 

  0x0000775f18526f90: ; ImmutableOopMap {[0]=Oop [48]=Oop }
                      ;*ifeq {reexecute=1 rethrow=0 return_oop=0}
                      ; - (reexecute) org.apache.xalan.templates.ElemApplyTemplates::execute@82 (line 182)
  0x0000775f18526f90: 6c33 74ff 

  0x0000775f18526f94: ;   {other}
  0x0000775f18526f94: 0f1f 8400 | 040b 0009 | bef6 ffff | ff49 8bea 

  0x0000775f18526fa4: ;   {runtime_call UncommonTrapBlob}
  0x0000775f18526fa4: 6666 90e8 

  0x0000775f18526fa8: ; ImmutableOopMap {rbp=Oop }
                      ;*invokevirtual pop {reexecute=0 rethrow=0 return_oop=0}
                      ; - org.apache.xalan.transformer.TransformerImpl::popMode@4 (line 3219)
                      ; - org.apache.xalan.templates.ElemApplyTemplates::execute@98 (line 186)
  0x0000775f18526fa8: 5433 74ff 

  0x0000775f18526fac: ;   {other}
  0x0000775f18526fac: 0f1f 8400 | 1c0b 000a | bee4 ffff | ff48 8b6c | 2430 4889 | 4424 f88b | 4424 2089 | 0424 488b 
  0x0000775f18526fcc: 4424 f889 | 4c24 0444 | 8954 2414 | 4489 4c24 

  0x0000775f18526fdc: ;   {runtime_call UncommonTrapBlob}
  0x0000775f18526fdc: 1866 90e8 

  0x0000775f18526fe0: ; ImmutableOopMap {rbp=Oop [0]=NarrowOop [20]=NarrowOop }
                      ;*aaload {reexecute=0 rethrow=0 return_oop=0}
                      ; - java.util.Vector::elementData@5 (line 731)
                      ; - java.util.Vector::elementAt@44 (line 469)
                      ; - java.util.Stack::peek@21 (line 104)
                      ; - java.util.Stack::pop@6 (line 85)
                      ; - org.apache.xalan.transformer.TransformerImpl::popMode@4 (line 3219)
                      ; - org.apache.xalan.templates.ElemApplyTemplates::execute@98 (line 186)
  0x0000775f18526fe0: 1c33 74ff 

  0x0000775f18526fe4: ;   {other}
  0x0000775f18526fe4: 0f1f 8400 | 540b 000b | bef6 ffff | ff48 8b6c | 2408 4489 

  0x0000775f18526ff8: ;   {runtime_call UncommonTrapBlob}
  0x0000775f18526ff8: 4424 08e8 

  0x0000775f18526ffc: ; ImmutableOopMap {rbp=Oop [8]=NarrowOop [48]=Oop }
                      ;*invokevirtual push {reexecute=0 rethrow=0 return_oop=0}
                      ; - org.apache.xalan.transformer.TransformerImpl::pushMode@5 (line 3208)
                      ; - org.apache.xalan.templates.ElemApplyTemplates::execute@55 (line 172)
  0x0000775f18526ffc: 0033 74ff 

  0x0000775f18527000: ;   {other}
  0x0000775f18527000: 0f1f 8400 | 700b 000c | bee4 ffff | ff48 ff74 | 2408 488f | 0424 4889 | 4424 f88b | 4424 2089 
  0x0000775f18527020: 4424 1848 | 8b44 24f8 | 4c89 5424 | 2044 8944 

  0x0000775f18527030: ;   {runtime_call UncommonTrapBlob}
  0x0000775f18527030: 241c 90e8 

  0x0000775f18527034: ; ImmutableOopMap {[0]=Oop [24]=NarrowOop [28]=NarrowOop [32]=Oop [48]=Oop }
                      ;*aastore {reexecute=1 rethrow=0 return_oop=0}
                      ; - (reexecute) java.util.Vector::add@14 (line 783)
                      ; - java.util.Vector::addElement@20 (line 617)
                      ; - java.util.Stack::push@2 (line 68)
                      ; - org.apache.xalan.transformer.TransformerImpl::pushMode@5 (line 3208)
                      ; - org.apache.xalan.templates.ElemApplyTemplates::execute@55 (line 172)
  0x0000775f18527034: c832 74ff 

  0x0000775f18527038: ;   {other}
  0x0000775f18527038: 0f1f 8400 | a80b 000d | 498b f048 | 8d54 2440 | 488b 6c24 | 304c 8944 | 2408 4c89 

  0x0000775f18527054: ;   {runtime_call _complete_monitor_locking_Java}
  0x0000775f18527054: 4424 10e8 

  0x0000775f18527058: ; ImmutableOopMap {rbp=Oop [8]=Oop [16]=Oop [32]=NarrowOop [48]=Oop }
                      ;*synchronization entry
                      ; - java.util.Stack::pop@-1 (line 83)
                      ; - org.apache.xalan.transformer.TransformerImpl::popMode@4 (line 3219)
                      ; - org.apache.xalan.templates.ElemApplyTemplates::execute@98 (line 186)
  0x0000775f18527058: a44e 7fff 

  0x0000775f1852705c: ;   {other}
  0x0000775f1852705c: 0f1f 8400 | cc0b 000e | 4c8b 4424 | 08e9 78f9 | ffff 4c89 | 4c24 1844 | 8944 2414 | 4889 4424 
  0x0000775f1852707c: f88b 4424 | 2089 4424 | 1048 8b44 | 24f8 48ff | 7424 0848 | 8f04 2448 | 8b6c 2430 | 498b f148 
  0x0000775f1852709c: 8d54 2440 | 4489 4424 

  0x0000775f185270a4: ;   {runtime_call _complete_monitor_locking_Java}
  0x0000775f185270a4: 0c66 90e8 

  0x0000775f185270a8: ; ImmutableOopMap {rbp=Oop [0]=Oop [12]=NarrowOop [16]=NarrowOop [20]=NarrowOop [24]=Oop [48]=Oop }
                      ;*synchronization entry
                      ; - java.util.Vector::addElement@-1 (line 616)
                      ; - java.util.Stack::push@2 (line 68)
                      ; - org.apache.xalan.transformer.TransformerImpl::pushMode@5 (line 3208)
                      ; - org.apache.xalan.templates.ElemApplyTemplates::execute@55 (line 172)
  0x0000775f185270a8: 544e 7fff 

  0x0000775f185270ac: ;   {other}
  0x0000775f185270ac: 0f1f 8400 | 1c0c 000f | 48ff 3424 | 488f 4424 | 0848 8944 | 24f8 8b44 | 2410 8944 | 2420 488b 
  0x0000775f185270cc: 4424 f844 | 8b44 2414 | 4c8b 4c24 | 18e9 a7fa | ffff bed6 | ffff ff48 | ff74 2408 | 488f 0424 
  0x0000775f185270ec: 4889 4424 | f88b 4424 | 2089 4424 | 1848 8b44 | 24f8 4c89 | 5424 2044 | 8944 241c 

  0x0000775f18527108: ;   {runtime_call UncommonTrapBlob}
  0x0000775f18527108: 6666 90e8 

  0x0000775f1852710c: ; ImmutableOopMap {[0]=Oop [24]=NarrowOop [28]=NarrowOop [32]=Oop [48]=Oop }
                      ;*aastore {reexecute=1 rethrow=0 return_oop=0}
                      ; - (reexecute) java.util.Vector::add@14 (line 783)
                      ; - java.util.Vector::addElement@20 (line 617)
                      ; - java.util.Stack::push@2 (line 68)
                      ; - org.apache.xalan.transformer.TransformerImpl::pushMode@5 (line 3208)
                      ; - org.apache.xalan.templates.ElemApplyTemplates::execute@55 (line 172)
  0x0000775f1852710c: f031 74ff 

  0x0000775f18527110: ;   {other}
  0x0000775f18527110: 0f1f 8400 | 800c 0010 | 498b f948 | 8d74 2440 | 498b d749 | baa0 897e | 2f5f 7700 | 0041 ffd2 
  0x0000775f18527130: ;   {other}
  0x0000775f18527130: 0f1f 8400 | 0000 0000 | e92e fbff | ffbe 45ff | ffff 488b | 6c24 3044 | 895c 2408 | 894c 240c 
  0x0000775f18527150: 4489 5c24 

  0x0000775f18527154: ;   {runtime_call UncommonTrapBlob}
  0x0000775f18527154: 1066 90e8 

  0x0000775f18527158: ; ImmutableOopMap {rbp=Oop [8]=NarrowOop [16]=NarrowOop }
                      ;*ifne {reexecute=1 rethrow=0 return_oop=0}
                      ; - (reexecute) java.util.Stack::peek@6 (line 102)
                      ; - java.util.Stack::pop@6 (line 85)
                      ; - org.apache.xalan.transformer.TransformerImpl::popMode@4 (line 3219)
                      ; - org.apache.xalan.templates.ElemApplyTemplates::execute@98 (line 186)
  0x0000775f18527158: a431 74ff 

  0x0000775f1852715c: ;   {other}
  0x0000775f1852715c: 0f1f 8400 | cc0c 0011 | be45 ffff | ff48 8b6c | 2430 4889 | 4424 f88b | 4424 2089 | 0424 488b 
  0x0000775f1852717c: 4424 f844 | 894c 2418 | 894c 241c 

  0x0000775f18527188: ;   {runtime_call UncommonTrapBlob}
  0x0000775f18527188: 6666 90e8 

  0x0000775f1852718c: ; ImmutableOopMap {rbp=Oop [0]=NarrowOop }
                      ;*if_icmplt {reexecute=1 rethrow=0 return_oop=0}
                      ; - (reexecute) java.util.Vector::elementAt@5 (line 465)
                      ; - java.util.Stack::peek@21 (line 104)
                      ; - java.util.Stack::pop@6 (line 85)
                      ; - org.apache.xalan.transformer.TransformerImpl::popMode@4 (line 3219)
                      ; - org.apache.xalan.templates.ElemApplyTemplates::execute@98 (line 186)
  0x0000775f1852718c: 7031 74ff 

  0x0000775f18527190: ;   {other}
  0x0000775f18527190: 0f1f 8400 | 000d 0012 | be45 ffff | ff48 8944 | 24f8 8b44 | 2420 8944 | 2408 488b | 4424 f844 
  0x0000775f185271b0: 894c 2414 | 894c 2418 

  0x0000775f185271b8: ;   {runtime_call UncommonTrapBlob}
  0x0000775f185271b8: 6666 90e8 

  0x0000775f185271bc: ; ImmutableOopMap {rbp=NarrowOop [8]=NarrowOop [48]=Oop }
                      ;*if_icmplt {reexecute=1 rethrow=0 return_oop=0}
                      ; - (reexecute) java.util.Vector::removeElementAt@5 (line 548)
                      ; - java.util.Stack::pop@14 (line 86)
                      ; - org.apache.xalan.transformer.TransformerImpl::popMode@4 (line 3219)
                      ; - org.apache.xalan.templates.ElemApplyTemplates::execute@98 (line 186)
  0x0000775f185271bc: 4031 74ff 

  0x0000775f185271c0: ;   {other}
  0x0000775f185271c0: 0f1f 8400 | 300d 0013 | be45 ffff | ff48 8944 | 24f8 8b44 | 2420 8944 | 2408 488b | 4424 f844 
  0x0000775f185271e0: 894c 2410 

  0x0000775f185271e4: ;   {runtime_call UncommonTrapBlob}
  0x0000775f185271e4: 6666 90e8 

  0x0000775f185271e8: ; ImmutableOopMap {rbp=NarrowOop [8]=NarrowOop [48]=Oop }
                      ;*ifge {reexecute=1 rethrow=0 return_oop=0}
                      ; - (reexecute) java.util.Vector::removeElementAt@43 (line 552)
                      ; - java.util.Stack::pop@14 (line 86)
                      ; - org.apache.xalan.transformer.TransformerImpl::popMode@4 (line 3219)
                      ; - org.apache.xalan.templates.ElemApplyTemplates::execute@98 (line 186)
  0x0000775f185271e8: 1431 74ff 

  0x0000775f185271ec: ;   {other}
  0x0000775f185271ec: 0f1f 8400 | 5c0d 0014 | bef6 ffff | ff48 8b6c 

  0x0000775f185271fc: ;   {runtime_call UncommonTrapBlob}
  0x0000775f185271fc: 2408 90e8 

  0x0000775f18527200: ; ImmutableOopMap {rbp=Oop [48]=Oop }
                      ;*invokevirtual peek {reexecute=0 rethrow=0 return_oop=0}
                      ; - org.apache.xalan.transformer.TransformerImpl::getMode@18 (line 3195)
                      ; - org.apache.xalan.templates.ElemApplyTemplates::execute@8 (line 163)
  0x0000775f18527200: fc30 74ff 

  0x0000775f18527204: ;   {other}
  0x0000775f18527204: 0f1f 8400 | 740d 0015 | bee4 ffff | ff48 ff74 | 2408 488f | 0424 4489 | 5c24 1489 

  0x0000775f18527220: ;   {runtime_call UncommonTrapBlob}
  0x0000775f18527220: 4c24 18e8 

  0x0000775f18527224: ; ImmutableOopMap {rbp=NarrowOop [0]=Oop [20]=NarrowOop [32]=NarrowOop [48]=Oop }
                      ;*aaload {reexecute=0 rethrow=0 return_oop=0}
                      ; - java.util.Vector::elementData@5 (line 731)
                      ; - java.util.Vector::elementAt@44 (line 469)
                      ; - java.util.Stack::peek@21 (line 104)
                      ; - org.apache.xalan.transformer.TransformerImpl::getMode@18 (line 3195)
                      ; - org.apache.xalan.templates.ElemApplyTemplates::execute@8 (line 163)
  0x0000775f18527224: d830 74ff 

  0x0000775f18527228: ;   {other}
  0x0000775f18527228: 0f1f 8400 | 980d 0016 | 498b f048 | 8d54 2440 | 488b 6c24 | 084c 8944 | 2418 4c89 

  0x0000775f18527244: ;   {runtime_call _complete_monitor_locking_Java}
  0x0000775f18527244: 4424 28e8 

  0x0000775f18527248: ; ImmutableOopMap {rbp=Oop [8]=Oop [24]=Oop [32]=NarrowOop [40]=Oop [48]=Oop }
                      ;*synchronization entry
                      ; - java.util.Stack::peek@-1 (line 100)
                      ; - org.apache.xalan.transformer.TransformerImpl::getMode@18 (line 3195)
                      ; - org.apache.xalan.templates.ElemApplyTemplates::execute@8 (line 163)
  0x0000775f18527248: b44c 7fff 

  0x0000775f1852724c: ;   {other}
  0x0000775f1852724c: 0f1f 8400 | bc0d 0017 | 4c8b 4424 | 18e9 91fa | ffff 498b | f848 8d74 | 2440 498b | d749 baa0 
  0x0000775f1852726c: 897e 2f5f | 7700 0041 

  0x0000775f18527274: ;   {other}
  0x0000775f18527274: ffd2 0f1f | 8400 0000 | 0000 e93e | fbff ffbe | 45ff ffff | 488b 6c24 | 0844 894c 

  0x0000775f18527290: ;   {runtime_call UncommonTrapBlob}
  0x0000775f18527290: 2408 90e8 

  0x0000775f18527294: ; ImmutableOopMap {rbp=Oop [32]=NarrowOop [48]=Oop }
                      ;*ifne {reexecute=1 rethrow=0 return_oop=0}
                      ; - (reexecute) java.util.Stack::peek@6 (line 102)
                      ; - org.apache.xalan.transformer.TransformerImpl::getMode@18 (line 3195)
                      ; - org.apache.xalan.templates.ElemApplyTemplates::execute@8 (line 163)
  0x0000775f18527294: 6830 74ff 

  0x0000775f18527298: ;   {other}
  0x0000775f18527298: 0f1f 8400 | 080e 0018 | be45 ffff | ff48 8b6c | 2408 4889 | 4424 f88b | 4424 2089 | 4424 0848 
  0x0000775f185272b8: 8b44 24f8 | 894c 2414 | 4489 4c24 

  0x0000775f185272c4: ;   {runtime_call UncommonTrapBlob}
  0x0000775f185272c4: 1866 90e8 

  0x0000775f185272c8: ; ImmutableOopMap {rbp=Oop [8]=NarrowOop [48]=Oop }
                      ;*if_icmplt {reexecute=1 rethrow=0 return_oop=0}
                      ; - (reexecute) java.util.Vector::elementAt@5 (line 465)
                      ; - java.util.Stack::peek@21 (line 104)
                      ; - org.apache.xalan.transformer.TransformerImpl::getMode@18 (line 3195)
                      ; - org.apache.xalan.templates.ElemApplyTemplates::execute@8 (line 163)
  0x0000775f185272c8: 3430 74ff 

  0x0000775f185272cc: ;   {other}
  0x0000775f185272cc: 0f1f 8400 | 3c0e 0019 | bef6 ffff 

  0x0000775f185272d8: ;   {runtime_call UncommonTrapBlob}
  0x0000775f185272d8: ff66 90e8 

  0x0000775f185272dc: ; ImmutableOopMap {[0]=Oop [8]=Oop [16]=NarrowOop [20]=NarrowOop }
                      ;*aastore {reexecute=1 rethrow=0 return_oop=0}
                      ; - (reexecute) java.util.Vector::add@14 (line 783)
                      ; - java.util.Vector::addElement@20 (line 617)
                      ; - java.util.Stack::push@2 (line 68)
                      ; - org.apache.xalan.transformer.TransformerImpl::pushMode@5 (line 3208)
                      ; - org.apache.xalan.templates.ElemApplyTemplates::execute@55 (line 172)
  0x0000775f185272dc: 2030 74ff 

  0x0000775f185272e0: ;   {other}
  0x0000775f185272e0: 0f1f 8400 | 500e 001a | bede ffff | ff48 ff74 | 2408 488f 

  0x0000775f185272f4: ;   {runtime_call UncommonTrapBlob}
  0x0000775f185272f4: 0424 90e8 

  0x0000775f185272f8: ; ImmutableOopMap {rbp=NarrowOop [0]=Oop [48]=Oop }
                      ;*checkcast {reexecute=0 rethrow=0 return_oop=0}
                      ; - org.apache.xalan.transformer.TransformerImpl::getMode@21 (line 3195)
                      ; - org.apache.xalan.templates.ElemApplyTemplates::execute@8 (line 163)
  0x0000775f185272f8: 0430 74ff 

  0x0000775f185272fc: ;   {other}
  0x0000775f185272fc: 0f1f 8400 | 6c0e 001b | bef6 ffff | ff48 8b6c 

  0x0000775f1852730c: ;   {runtime_call UncommonTrapBlob}
  0x0000775f1852730c: 2408 90e8 

  0x0000775f18527310: ; ImmutableOopMap {rbp=Oop }
                      ;*invokevirtual pushCurrentTemplateRuleIsNull {reexecute=0 rethrow=0 return_oop=0}
                      ; - org.apache.xalan.templates.ElemApplyTemplates::execute@2 (line 153)
  0x0000775f18527310: ec2f 74ff 

  0x0000775f18527314: ;   {other}
  0x0000775f18527314: 0f1f 8400 | 840e 001c | bef6 ffff | ff48 8b6c 

  0x0000775f18527324: ;   {runtime_call UncommonTrapBlob}
  0x0000775f18527324: 2408 90e8 

  0x0000775f18527328: ; ImmutableOopMap {rbp=Oop [48]=Oop }
                      ;*invokevirtual push {reexecute=0 rethrow=0 return_oop=0}
                      ; - org.apache.xalan.transformer.TransformerImpl::pushCurrentTemplateRuleIsNull@5 (line 3041)
                      ; - org.apache.xalan.templates.ElemApplyTemplates::execute@2 (line 153)
  0x0000775f18527328: d42f 74ff 

  0x0000775f1852732c: ;   {other}
  0x0000775f1852732c: 0f1f 8400 | 9c0e 001d | bef6 ffff | ff48 ff74 | 2408 488f 

  0x0000775f18527340: ;   {runtime_call UncommonTrapBlob}
  0x0000775f18527340: 0424 90e8 

  0x0000775f18527344: ; ImmutableOopMap {[0]=Oop [48]=Oop }
                      ;*bastore {reexecute=0 rethrow=0 return_oop=0}
                      ; - org.apache.xml.utils.BoolStack::push@34 (line 94)
                      ; - org.apache.xalan.transformer.TransformerImpl::pushCurrentTemplateRuleIsNull@5 (line 3041)
                      ; - org.apache.xalan.templates.ElemApplyTemplates::execute@2 (line 153)
  0x0000775f18527344: b82f 74ff 

  0x0000775f18527348: ;   {other}
  0x0000775f18527348: 0f1f 8400 | b80e 001e | bef6 ffff 

  0x0000775f18527354: ;   {runtime_call UncommonTrapBlob}
  0x0000775f18527354: ff66 90e8 

  0x0000775f18527358: ; ImmutableOopMap {}
                      ;*invokevirtual pop {reexecute=0 rethrow=0 return_oop=0}
                      ; - org.apache.xalan.transformer.TransformerImpl::popCurrentTemplateRuleIsNull@4 (line 3050)
                      ; - org.apache.xalan.templates.ElemApplyTemplates::execute@102 (line 188)
  0x0000775f18527358: a42f 74ff 

  0x0000775f1852735c: ;   {other}
  0x0000775f1852735c: 0f1f 8400 | cc0e 001f | bef6 ffff 

  0x0000775f18527368: ;   {runtime_call UncommonTrapBlob}
  0x0000775f18527368: ff66 90e8 

  0x0000775f1852736c: ; ImmutableOopMap {}
                      ;*baload {reexecute=0 rethrow=0 return_oop=0}
                      ; - org.apache.xml.utils.BoolStack::pop@15 (line 106)
                      ; - org.apache.xalan.transformer.TransformerImpl::popCurrentTemplateRuleIsNull@4 (line 3050)
                      ; - org.apache.xalan.templates.ElemApplyTemplates::execute@102 (line 188)
  0x0000775f1852736c: 902f 74ff 

  0x0000775f18527370: ;   {other}
  0x0000775f18527370: 0f1f 8400 | e00e 0020 | bef6 ffff | ff48 8b6c | 2430 4889 | 4424 f88b | 4424 2089 | 0424 488b 
  0x0000775f18527390: 4424 f844 | 894c 240c 

  0x0000775f18527398: ;   {runtime_call UncommonTrapBlob}
  0x0000775f18527398: 6666 90e8 

  0x0000775f1852739c: ; ImmutableOopMap {rbp=Oop [0]=NarrowOop }
                      ;*aaload {reexecute=0 rethrow=0 return_oop=0}
                      ; - java.util.Vector::elementData@5 (line 731)
                      ; - java.util.Vector::elementAt@44 (line 469)
                      ; - java.util.Stack::peek@21 (line 104)
                      ; - java.util.Stack::pop@6 (line 85)
                      ; - org.apache.xalan.transformer.TransformerImpl::popMode@4 (line 3219)
                      ; - org.apache.xalan.templates.ElemApplyTemplates::execute@98 (line 186)
  0x0000775f1852739c: 602f 74ff 

  0x0000775f185273a0: ;   {other}
  0x0000775f185273a0: 0f1f 8400 | 100f 0021 | bef6 ffff | ff48 8b6c 

  0x0000775f185273b0: ;   {runtime_call UncommonTrapBlob}
  0x0000775f185273b0: 2408 90e8 

  0x0000775f185273b4: ; ImmutableOopMap {rbp=Oop [32]=NarrowOop [48]=Oop }
                      ;*arraylength {reexecute=0 rethrow=0 return_oop=0}
                      ; - java.util.Vector::add@2 (line 781)
                      ; - java.util.Vector::addElement@20 (line 617)
                      ; - java.util.Stack::push@2 (line 68)
                      ; - org.apache.xalan.transformer.TransformerImpl::pushMode@5 (line 3208)
                      ; - org.apache.xalan.templates.ElemApplyTemplates::execute@55 (line 172)
  0x0000775f185273b4: 482f 74ff 

  0x0000775f185273b8: ;   {other}
  0x0000775f185273b8: 0f1f 8400 | 280f 0022 | bef6 ffff | ff48 8b6c | 2408 4489 | 5c24 0c89 

  0x0000775f185273d0: ;   {runtime_call UncommonTrapBlob}
  0x0000775f185273d0: 4c24 10e8 

  0x0000775f185273d4: ; ImmutableOopMap {rbp=Oop [12]=NarrowOop [32]=NarrowOop [48]=Oop }
                      ;*aaload {reexecute=0 rethrow=0 return_oop=0}
                      ; - java.util.Vector::elementData@5 (line 731)
                      ; - java.util.Vector::elementAt@44 (line 469)
                      ; - java.util.Stack::peek@21 (line 104)
                      ; - org.apache.xalan.transformer.TransformerImpl::getMode@18 (line 3195)
                      ; - org.apache.xalan.templates.ElemApplyTemplates::execute@8 (line 163)
  0x0000775f185273d4: 282f 74ff 

  0x0000775f185273d8: ;   {other}
  0x0000775f185273d8: 0f1f 8400 | 480f 0023 | bef4 ffff | ff48 8b6c 

  0x0000775f185273e8: ;   {runtime_call UncommonTrapBlob}
  0x0000775f185273e8: 2408 90e8 

  0x0000775f185273ec: ; ImmutableOopMap {rbp=Oop [48]=Oop }
                      ;*checkcast {reexecute=0 rethrow=0 return_oop=0}
                      ; - org.apache.xalan.transformer.TransformerImpl::getMode@21 (line 3195)
                      ; - org.apache.xalan.templates.ElemApplyTemplates::execute@8 (line 163)
  0x0000775f185273ec: 102f 74ff 

  0x0000775f185273f0: ;   {other}
  0x0000775f185273f0: 0f1f 8400 | 600f 0024 | 488b f0e9 | 5f01 0000 | 488b f0e9 | 5701 0000 | 488b f0e9 | 4f01 0000 
  0x0000775f18527410: 488b d84c | 8b5c 2418 | 488d 4424 | 4048 8338 | 000f 8479 | 0000 004d | 8b13 41f6 | c202 0f84 
  0x0000775f18527430: 6200 0000 | 4983 ba86 | 0000 0000 | 7409 49ff | 8a86 0000 | 00eb 4b49 | 8b82 9600 | 0000 490b 
  0x0000775f18527450: 828e 0000 | 0075 0a49 | c742 3e00 | 0000 00eb | 3d49 83ba | 9e00 0000 | 0074 2248 | 33c0 49c7 
  0x0000775f18527470: 423e 0000 | 0000 f083 | 0424 0049 | 83ba 9e00 | 0000 0075 | 0df0 4d0f | b17a 3e75 | 0583 c801 
  0x0000775f18527490: eb0c a800 | eb08 4c8b | 10f0 4d0f | b113 750a | 49ff 8f68 | 0800 0045 | 33d2 0f85 | cc00 0000 
  0x0000775f185274b0: 4c8b 5424 | 0845 0fb6 | 5215 4585 | d274 254c | 8b54 2408 | 458b 9284 | 0000 0048 | 8beb 48ff 
  0x0000775f185274d0: 3424 488f | 4424 0841 | b801 0000 | 0044 8944 | 2410 eb2c | 41ba 0100 | 0000 4489 

  0x0000775f185274ec: ;   {no_reloc}
  0x0000775f185274ec: 5424 1048 | 8beb eb38 | 488b d84c | 8b54 2430 | 450f b65a | 1545 85db | 74e9 458b | 9284 0000 
  0x0000775f1852750c: 0048 8be8 | 4585 d274 | 5449 8bf2 | 488b 5424 

  0x0000775f1852751c: ;   {optimized virtual_call}
  0x0000775f1852751c: 0866 90e8 

  0x0000775f18527520: ; ImmutableOopMap {rbp=Oop [48]=Oop }
                      ;*invokevirtual fireTraceEndEvent {reexecute=0 rethrow=0 return_oop=0}
                      ; - org.apache.xalan.templates.ElemApplyTemplates::execute@122 (line 183)
  0x0000775f18527520: 5cdb 73ff 

  0x0000775f18527524: ;   {other}
  0x0000775f18527524: 0f1f 8400 | 9410 0025 | 448b 5424 | 1045 85d2 | 7412 488b 

  0x0000775f18527538: ;   {optimized virtual_call}
  0x0000775f18527538: 7424 30e8 

  0x0000775f1852753c: ; ImmutableOopMap {rbp=Oop [48]=Oop }
                      ;*invokevirtual popMode {reexecute=0 rethrow=0 return_oop=0}
                      ; - org.apache.xalan.templates.ElemApplyTemplates::execute@130 (line 186)
  0x0000775f1852753c: 40db 73ff 

  0x0000775f18527540: ;   {other}
  0x0000775f18527540: 0f1f 8400 | b010 0026 | 488b 7424 

  0x0000775f1852754c: ;   {optimized virtual_call}
  0x0000775f1852754c: 3066 90e8 

  0x0000775f18527550: ; ImmutableOopMap {rbp=Oop }
                      ;*invokevirtual popCurrentTemplateRuleIsNull {reexecute=0 rethrow=0 return_oop=0}
                      ; - org.apache.xalan.templates.ElemApplyTemplates::execute@134 (line 188)
  0x0000775f18527550: 2cdb 73ff 

  0x0000775f18527554: ;   {other}
  0x0000775f18527554: 0f1f 8400 | c410 0027 | 488b f548 | 83c4 605d 

  0x0000775f18527564: ;   {runtime_call _rethrow_Java}
  0x0000775f18527564: e997 ad7f | ffbe f6ff 

  0x0000775f1852756c: ;   {runtime_call UncommonTrapBlob}
  0x0000775f1852756c: ffff 90e8 

  0x0000775f18527570: ; ImmutableOopMap {rbp=Oop [8]=Oop [48]=Oop }
                      ;*invokevirtual fireTraceEndEvent {reexecute=0 rethrow=0 return_oop=0}
                      ; - org.apache.xalan.templates.ElemApplyTemplates::execute@122 (line 183)
  0x0000775f18527570: 8c2d 74ff 

  0x0000775f18527574: ;   {other}
  0x0000775f18527574: 0f1f 8400 | e410 0028 | 498b fb48 | 8d74 2440 | 498b d749 | baa0 897e | 2f5f 7700 | 0041 ffd2 
  0x0000775f18527594: ;   {other}
  0x0000775f18527594: 0f1f 8400 | 0000 0000 | e90f ffff 

  0x0000775f185275a0: ;   {internal_word}
  0x0000775f185275a0: ff49 ba53 | 6952 185f | 7700 004d | 8997 8007 

  0x0000775f185275b0: ;   {runtime_call SafepointBlob}
  0x0000775f185275b0: 0000 e949 

  0x0000775f185275b4: ;   {runtime_call StubRoutines (final stubs)}
  0x0000775f185275b4: 3e74 ffe8 | a478 72ff | e979 f1ff | fff4 f4f4 | f4f4 f4f4 
[Stub Code]
  0x0000775f185275c8: ;   {no_reloc}
  0x0000775f185275c8: 48bb 0000 | 0000 0000 

  0x0000775f185275d0: ;   {runtime_call nmethod}
  0x0000775f185275d0: 0000 e9fb 

  0x0000775f185275d4: ;   {static_stub}
  0x0000775f185275d4: ffff ff48 | bb00 0000 | 0000 0000 

  0x0000775f185275e0: ;   {runtime_call nmethod}
  0x0000775f185275e0: 00e9 fbff 

  0x0000775f185275e4: ;   {static_stub}
  0x0000775f185275e4: ffff 48bb | 0000 0000 | 0000 0000 

  0x0000775f185275f0: ;   {runtime_call nmethod}
  0x0000775f185275f0: e9fb ffff 

  0x0000775f185275f4: ;   {static_stub}
  0x0000775f185275f4: ff48 bb00 | 0000 0000 

  0x0000775f185275fc: ;   {runtime_call nmethod}
  0x0000775f185275fc: 0000 00e9 | fbff ffff 

  0x0000775f18527604: ;   {static_stub}
  0x0000775f18527604: 48bb 0000 | 0000 0000 

  0x0000775f1852760c: ;   {runtime_call nmethod}
  0x0000775f1852760c: 0000 e9fb 

  0x0000775f18527610: ;   {runtime_call ExceptionBlob}
  0x0000775f18527610: ffff ffe9 | e81a 7fff 
[Deopt Handler Code]
  0x0000775f18527618: e800 0000 | 0048 832c 

  0x0000775f18527620: ;   {runtime_call DeoptimizationBlob}
  0x0000775f18527620: 2405 e979 | 3074 fff4 
[/MachCode]


Compiled method (c2) 5198 2226   !   4       org.apache.xalan.transformer.TransformerImpl::executeChildTemplates (218 bytes)
 total in heap  [0x0000775f184b7b10,0x0000775f184b9430] = 6432
 relocation     [0x0000775f184b7c68,0x0000775f184b7da0] = 312
 main code      [0x0000775f184b7da0,0x0000775f184b8880] = 2784
 stub code      [0x0000775f184b8880,0x0000775f184b88e0] = 96
 oops           [0x0000775f184b88e0,0x0000775f184b88e8] = 8
 metadata       [0x0000775f184b88e8,0x0000775f184b89a0] = 184
 scopes data    [0x0000775f184b89a0,0x0000775f184b8f48] = 1448
 scopes pcs     [0x0000775f184b8f48,0x0000775f184b9278] = 816
 dependencies   [0x0000775f184b9278,0x0000775f184b92b0] = 56
 handler table  [0x0000775f184b92b0,0x0000775f184b9388] = 216
 nul chk table  [0x0000775f184b9388,0x0000775f184b9430] = 168

[Constant Pool (empty)]

[MachCode]
[Entry Point]
  # {method} {0x00006ab1e8655408} 'executeChildTemplates' '(Lorg/apache/xalan/templates/ElemTemplateElement;Z)V' in 'org/apache/xalan/transformer/TransformerImpl'
  # this:     rsi:rsi   = 'org/apache/xalan/transformer/TransformerImpl'
  # parm0:    rdx:rdx   = 'org/apache/xalan/templates/ElemTemplateElement'
  # parm1:    rcx       = boolean
  #           [sp+0x60]  (sp of caller)
  0x0000775f184b7da0: 448b 5608 | 49bb 0000 | 00f3 b16a | 0000 4d03 | d349 3bc2 

  0x0000775f184b7db4: ;   {runtime_call ic_miss_stub}
  0x0000775f184b7db4: 0f85 c6cf | 7aff 6690 | 0f1f 4000 
[Verified Entry Point]
  0x0000775f184b7dc0: 8984 2400 | c0fe ff55 | 4883 ec50 | 4181 7f20 | 0100 0000 | 0f85 950a | 0000 8bc1 | 4c8b d644 
  0x0000775f184b7de0: 8b42 4445 | 85c0 0f84 | a601 0000 | 4c8b ce44 | 8b5e 4c44 | 0fb6 520e | 498b c845 | 85d2 0f85 
  0x0000775f184b7e00: a101 0000 | 8b5e 5c8b | 7b2c 8b57 | 1044 8b6f | 1444 8d52 | 0145 3bd5 | 0f8d be03 | 0000 8b6f 
  0x0000775f184b7e20: 1844 8b6d | 0c41 3bd5 | 0f83 f202 | 0000 4489 | 6495 1044 | 8957 1045 | 8b53 1045 | 8b6b 1441 
  0x0000775f184b7e40: 8d52 0141 | 3bd5 0f8d | c003 0000 | 418b 6b18 

  0x0000775f184b7e50: ; implicit exception: dispatches to 0x0000775f184b849c
  0x0000775f184b7e50: 448b 6d0c | 453b d50f | 83ef 0200 | 0046 8964 | 9510 4189 | 5310 448b | d845 85db | 0f84 0a03 
  0x0000775f184b7e70: 0000 488b | f348 8bd1 | eb1a 660f | 1f44 0000 | 498b d04c | 8b0c 2444 | 8b5c 2408 | 448b d548 
  0x0000775f184b7e90: 8b74 2410 

  0x0000775f184b7e94: ; implicit exception: dispatches to 0x0000775f184b8344
  0x0000775f184b7e94: 8b4f 1844 | 8b47 1041 | 8d68 ff8b | 790c 3bef | 0f83 bd01 | 0000 8b79 

  0x0000775f184b7eac: ;   {metadata('java/lang/Object'[])}
  0x0000775f184b7eac: 0881 ff88 | 1200 000f | 850b 0200 | 0041 8b41 | 4c48 8bfa | 4289 7c81 | 0c8b 6818 

  0x0000775f184b7ec8: ; implicit exception: dispatches to 0x0000775f184b83c8
  0x0000775f184b7ec8: 8b4d 0c44 | 3bd1 0f83 | c401 0000 

  0x0000775f184b7ed4: ;   {metadata('java/lang/Object'[])}
  0x0000775f184b7ed4: 8b4d 0881 | f988 1200 | 000f 8511 | 0200 0048 | 8954 2418 | 4889 7424 | 1089 5c24 | 0c44 895c 
  0x0000775f184b7ef4: 2408 4c89 | 0c24 4289 | 7c95 1089 | 7c24 2041 | 8bea 488b | f249 8bd1 | 9048 b8ff | ffff ffff 
  0x0000775f184b7f14: ;   {virtual_call}
  0x0000775f184b7f14: ffff ffe8 

  0x0000775f184b7f18: ; ImmutableOopMap {[0]=Oop [12]=NarrowOop [16]=Oop [24]=Oop [32]=NarrowOop }
                      ;*invokevirtual execute {reexecute=0 rethrow=0 return_oop=0}
                      ; - org.apache.xalan.transformer.TransformerImpl::executeChildTemplates@150 (line 2402)
  0x0000775f184b7f18: 4401 acff 

  0x0000775f184b7f1c: ;   {other}
  0x0000775f184b7f1c: 0f1f 8400 | 0c04 0000 | 4d8b 9770 | 0700 004c | 8b5c 2418 

  0x0000775f184b7f30: ; ImmutableOopMap {r8=NarrowOop [0]=Oop [12]=NarrowOop [16]=Oop }
                      ;*goto {reexecute=1 rethrow=0 return_oop=0}
                      ; - (reexecute) org.apache.xalan.transformer.TransformerImpl::executeChildTemplates@158 (line 2394)
  0x0000775f184b7f30: 458b 4340 

  0x0000775f184b7f34: ;   {poll}
  0x0000775f184b7f34: 4185 028b | 5c24 0c8b | 7b2c 4585 | c00f 8539 | ffff ff4c | 8b14 2445 | 8b52 4c41 | 8b4a 1845 
  0x0000775f184b7f54: 8b5a 1041 | 8d6b ff41 | 896a 1044 | 8b41 0c41 | 3be8 0f83 | 3802 0000 | 4689 6499 | 0c44 8b57 
  0x0000775f184b7f74: 1844 8b5f | 1041 8d6b | ff89 6f10 

  0x0000775f184b7f80: ; implicit exception: dispatches to 0x0000775f184b8500
  0x0000775f184b7f80: 458b 420c | 413b e80f | 8333 0200 | 0047 8964 | 9a0c 4883 

  0x0000775f184b7f94: ;   {poll_return}
  0x0000775f184b7f94: c450 5d49 | 3ba7 6807 | 0000 0f87 | b508 0000 | c30f b66e | 1285 ed0f | 842b 0300 | 0045 8b50 
  0x0000775f184b7fb4: ;   {metadata('org/apache/xalan/templates/ElemTextLiteral')}
  0x0000775f184b7fb4: 0841 81fa | 98eb 0301 | 0f85 6603 | 0000 8b51 | 5045 8b43 | 1045 8b53 | 1441 8d58 | 0141 3bda 
  0x0000775f184b7fd4: 0f8d 2203 | 0000 418b | 7b18 448b | 570c 453b | c20f 8355 | 0200 008b 

  0x0000775f184b7fec: ;   {metadata('java/lang/Object'[])}
  0x0000775f184b7fec: 7708 81fe | 8812 0000 | 0f85 9202 | 0000 4189 | 5b10 418b | 6964 4c8b | d946 895c | 8710 448b 
  0x0000775f184b800c: 5a0c 448b 

  0x0000775f184b8010: ;   {metadata('org/apache/xml/serializer/ToHTMLStream')}
  0x0000775f184b8010: 5508 4181 | fa58 040f | 010f 859d | 0200 004c | 890c 2448 | 8bf5 33c9 | 458b c349 

  0x0000775f184b802c: ;   {optimized virtual_call}
  0x0000775f184b802c: 8be9 90e8 

  0x0000775f184b8030: ; ImmutableOopMap {rbp=Oop [0]=Oop }
                      ;*invokeinterface characters {reexecute=0 rethrow=0 return_oop=0}
                      ; - org.apache.xalan.transformer.TransformerImpl::executeChildTemplates@49 (line 2366)
  0x0000775f184b8030: 0c4d ffff 

  0x0000775f184b8034: ;   {other}
  0x0000775f184b8034: 0f1f 8400 | 2405 0002 | 448b 554c 

  0x0000775f184b8040: ; implicit exception: dispatches to 0x0000775f184b8590
  0x0000775f184b8040: 418b 4a18 | 458b 5a10 | 418d 6bff | 4189 6a10 

  0x0000775f184b8050: ; implicit exception: dispatches to 0x0000775f184b85a4
  0x0000775f184b8050: 448b 410c | 413b e80f | 8313 0200 | 0046 8964 | 990c e92b | ffff ffbe | e4ff ffff | 894c 2408 
  0x0000775f184b8070: 4889 5424 | 104c 894c | 2418 4489 | 5c24 0c89 | 5c24 2044 | 8954 2424 

  0x0000775f184b8088: ;   {runtime_call UncommonTrapBlob}
  0x0000775f184b8088: 6666 90e8 

  0x0000775f184b808c: ; ImmutableOopMap {[8]=NarrowOop [16]=Oop [24]=Oop [32]=NarrowOop }
                      ;*aastore {reexecute=1 rethrow=0 return_oop=0}
                      ; - (reexecute) org.apache.xml.utils.ObjectStack::setTop@11 (line 162)
                      ; - org.apache.xpath.XPathContext::setSAXLocator@5 (line 405)
                      ; - org.apache.xalan.transformer.TransformerImpl::executeChildTemplates@135 (line 2400)
  0x0000775f184b808c: 7022 7bff 

  0x0000775f184b8090: ;   {other}
  0x0000775f184b8090: 0f1f 8400 | 8005 0003 | bee4 ffff | ff48 8954 | 2408 4c89 | 4c24 1044 | 895c 2418 | 895c 241c 
  0x0000775f184b80b0: 4489 5424 

  0x0000775f184b80b4: ;   {runtime_call UncommonTrapBlob}
  0x0000775f184b80b4: 2466 90e8 

  0x0000775f184b80b8: ; ImmutableOopMap {rbp=NarrowOop [8]=Oop [16]=Oop [28]=NarrowOop }
                      ;*aastore {reexecute=1 rethrow=0 return_oop=0}
                      ; - (reexecute) org.apache.xml.utils.ObjectVector::setElementAt@6 (line 304)
                      ; - org.apache.xalan.transformer.TransformerImpl::executeChildTemplates@145 (line 2401)
  0x0000775f184b80b8: 4422 7bff 

  0x0000775f184b80bc: ;   {other}
  0x0000775f184b80bc: 0f1f 8400 | ac05 0004 | bed6 ffff | ff89 4c24 | 0848 8954 | 2410 4c89 | 4c24 1844 | 895c 240c 
  0x0000775f184b80dc: 895c 2420 | 4489 5424 

  0x0000775f184b80e4: ;   {runtime_call UncommonTrapBlob}
  0x0000775f184b80e4: 2466 90e8 

  0x0000775f184b80e8: ; ImmutableOopMap {[8]=NarrowOop [16]=Oop [24]=Oop [32]=NarrowOop }
                      ;*aastore {reexecute=1 rethrow=0 return_oop=0}
                      ; - (reexecute) org.apache.xml.utils.ObjectStack::setTop@11 (line 162)
                      ; - org.apache.xpath.XPathContext::setSAXLocator@5 (line 405)
                      ; - org.apache.xalan.transformer.TransformerImpl::executeChildTemplates@135 (line 2400)
  0x0000775f184b80e8: 1422 7bff 

  0x0000775f184b80ec: ;   {other}
  0x0000775f184b80ec: 0f1f 8400 | dc05 0005 | bed6 ffff | ff48 8954 | 2408 4c89 | 4c24 1044 | 895c 2418 | 895c 241c 
  0x0000775f184b810c: 4489 5424 

  0x0000775f184b8110: ;   {runtime_call UncommonTrapBlob}
  0x0000775f184b8110: 2466 90e8 

  0x0000775f184b8114: ; ImmutableOopMap {rbp=NarrowOop [8]=Oop [16]=Oop [28]=NarrowOop }
                      ;*aastore {reexecute=1 rethrow=0 return_oop=0}
                      ; - (reexecute) org.apache.xml.utils.ObjectVector::setElementAt@6 (line 304)
                      ; - org.apache.xalan.transformer.TransformerImpl::executeChildTemplates@145 (line 2401)
  0x0000775f184b8114: e821 7bff 

  0x0000775f184b8118: ;   {other}
  0x0000775f184b8118: 0f1f 8400 | 0806 0006 | bee4 ffff | ff89 3c24 | 4c89 4c24 | 0889 4424 | 0444 8944 | 2410 895c 
  0x0000775f184b8138: 2414 8954 

  0x0000775f184b813c: ;   {runtime_call UncommonTrapBlob}
  0x0000775f184b813c: 2418 90e8 

  0x0000775f184b8140: ; ImmutableOopMap {rbp=NarrowOop [0]=NarrowOop [8]=Oop [16]=NarrowOop [20]=NarrowOop }
                      ;*aastore {reexecute=1 rethrow=0 return_oop=0}
                      ; - (reexecute) org.apache.xml.utils.ObjectStack::push@64 (line 86)
                      ; - org.apache.xpath.XPathContext::pushSAXLocatorNull@5 (line 425)
                      ; - org.apache.xalan.transformer.TransformerImpl::executeChildTemplates@91 (line 2386)
  0x0000775f184b8140: bc21 7bff 

  0x0000775f184b8144: ;   {other}
  0x0000775f184b8144: 0f1f 8400 | 3406 0007 | bee4 ffff | ff4c 890c | 2489 4424 | 0844 8944 | 240c 895c | 2410 4489 
  0x0000775f184b8164: 5c24 1844 | 8954 241c 

  0x0000775f184b816c: ;   {runtime_call UncommonTrapBlob}
  0x0000775f184b816c: 6666 90e8 

  0x0000775f184b8170: ; ImmutableOopMap {rbp=NarrowOop [0]=Oop [12]=NarrowOop [16]=NarrowOop [24]=NarrowOop }
                      ;*aastore {reexecute=1 rethrow=0 return_oop=0}
                      ; - (reexecute) org.apache.xml.utils.ObjectStack::push@64 (line 86)
                      ; - org.apache.xalan.transformer.TransformerImpl::executeChildTemplates@108 (line 2388)
  0x0000775f184b8170: 8c21 7bff 

  0x0000775f184b8174: ;   {other}
  0x0000775f184b8174: 0f1f 8400 | 6406 0008 | be76 ffff | ff49 8be9 | 4489 1c24 | 895c 2408 | 4489 5424 | 0c44 8944 
  0x0000775f184b8194: ;   {runtime_call UncommonTrapBlob}
  0x0000775f184b8194: 2410 90e8 

  0x0000775f184b8198: ; ImmutableOopMap {rbp=Oop [8]=NarrowOop [16]=NarrowOop }
                      ;*ifnull {reexecute=1 rethrow=0 return_oop=0}
                      ; - (reexecute) org.apache.xalan.transformer.TransformerImpl::executeChildTemplates@113 (line 2394)
  0x0000775f184b8198: 6421 7bff 

  0x0000775f184b819c: ;   {other}
  0x0000775f184b819c: 0f1f 8400 | 8c06 0009 | bee4 ffff | ff44 8954 | 2404 894c 

  0x0000775f184b81b0: ;   {runtime_call UncommonTrapBlob}
  0x0000775f184b81b0: 2408 90e8 

  0x0000775f184b81b4: ; ImmutableOopMap {[4]=NarrowOop [8]=NarrowOop [12]=NarrowOop }
                      ;*aaload {reexecute=0 rethrow=0 return_oop=0}
                      ; - org.apache.xml.utils.ObjectStack::pop@15 (line 101)
                      ; - org.apache.xalan.transformer.TransformerImpl::executeChildTemplates@165 (line 2413)
  0x0000775f184b81b4: 4821 7bff 

  0x0000775f184b81b8: ;   {other}
  0x0000775f184b81b8: 0f1f 8400 | a806 000a | bee4 ffff | ff89 3c24 | 4489 5424 

  0x0000775f184b81cc: ;   {runtime_call UncommonTrapBlob}
  0x0000775f184b81cc: 0466 90e8 

  0x0000775f184b81d0: ; ImmutableOopMap {[0]=NarrowOop [4]=NarrowOop }
                      ;*aaload {reexecute=0 rethrow=0 return_oop=0}
                      ; - org.apache.xml.utils.ObjectStack::pop@15 (line 101)
                      ; - org.apache.xpath.XPathContext::popSAXLocator@4 (line 434)
                      ; - org.apache.xalan.transformer.TransformerImpl::executeChildTemplates@171 (line 2414)
  0x0000775f184b81d0: 2c21 7bff 

  0x0000775f184b81d4: ;   {other}
  0x0000775f184b81d4: 0f1f 8400 | c406 000b | be45 ffff | ff8b ef4c | 890c 2489 | 4424 0844 | 8944 240c | 895c 2410 
  0x0000775f184b81f4: 4489 5424 | 1444 896c 

  0x0000775f184b81fc: ;   {runtime_call UncommonTrapBlob}
  0x0000775f184b81fc: 2418 90e8 

  0x0000775f184b8200: ; ImmutableOopMap {rbp=NarrowOop [0]=Oop [12]=NarrowOop [16]=NarrowOop }
                      ;*if_icmplt {reexecute=1 rethrow=0 return_oop=0}
                      ; - (reexecute) org.apache.xml.utils.ObjectStack::push@10 (line 75)
                      ; - org.apache.xpath.XPathContext::pushSAXLocatorNull@5 (line 425)
                      ; - org.apache.xalan.transformer.TransformerImpl::executeChildTemplates@91 (line 2386)
  0x0000775f184b8200: fc20 7bff 

  0x0000775f184b8204: ;   {other}
  0x0000775f184b8204: 0f1f 8400 | f406 000c | be45 ffff | ff49 8be9 | 8904 2444 | 8944 2404 | 895c 2408 | 4489 5424 
  0x0000775f184b8224: 0c44 895c | 2410 8954 | 2414 4489 

  0x0000775f184b8230: ;   {runtime_call UncommonTrapBlob}
  0x0000775f184b8230: 6c24 18e8 

  0x0000775f184b8234: ; ImmutableOopMap {rbp=Oop [4]=NarrowOop [8]=NarrowOop [16]=NarrowOop }
                      ;*if_icmplt {reexecute=1 rethrow=0 return_oop=0}
                      ; - (reexecute) org.apache.xml.utils.ObjectStack::push@10 (line 75)
                      ; - org.apache.xalan.transformer.TransformerImpl::executeChildTemplates@108 (line 2388)
  0x0000775f184b8234: c820 7bff 

  0x0000775f184b8238: ;   {other}
  0x0000775f184b8238: 0f1f 8400 | 2807 000d | bee4 ffff | ff48 890c | 244c 894c | 2408 8954 | 2410 4489 | 5c24 1489 
  0x0000775f184b8258: 7c24 1844 | 8944 241c 

  0x0000775f184b8260: ;   {runtime_call UncommonTrapBlob}
  0x0000775f184b8260: 6666 90e8 

  0x0000775f184b8264: ; ImmutableOopMap {[0]=Oop [8]=Oop [16]=NarrowOop [20]=NarrowOop [24]=NarrowOop }
                      ;*aastore {reexecute=1 rethrow=0 return_oop=0}
                      ; - (reexecute) org.apache.xml.utils.ObjectStack::push@64 (line 86)
                      ; - org.apache.xalan.transformer.TransformerImpl::pushElemTemplateElement@5 (line 2624)
                      ; - org.apache.xalan.transformer.TransformerImpl::executeChildTemplates@36 (line 2365)
  0x0000775f184b8264: 9820 7bff 

  0x0000775f184b8268: ;   {other}
  0x0000775f184b8268: 0f1f 8400 | 5807 000e | bee4 ffff | ff44 8914 | 2489 4c24 

  0x0000775f184b827c: ;   {runtime_call UncommonTrapBlob}
  0x0000775f184b827c: 0466 90e8 

  0x0000775f184b8280: ; ImmutableOopMap {[0]=NarrowOop [4]=NarrowOop }
                      ;*aaload {reexecute=0 rethrow=0 return_oop=0}
                      ; - org.apache.xml.utils.ObjectStack::pop@15 (line 101)
                      ; - org.apache.xalan.transformer.TransformerImpl::popElemTemplateElement@4 (line 2632)
                      ; - org.apache.xalan.transformer.TransformerImpl::executeChildTemplates@55 (line 2374)
  0x0000775f184b8280: 7c20 7bff 

  0x0000775f184b8284: ;   {other}
  0x0000775f184b8284: 0f1f 8400 | 7407 000f | bed6 ffff | ff48 890c | 244c 894c | 2408 8954 | 2410 4489 | 5c24 1489 
  0x0000775f184b82a4: 7c24 1844 | 8944 241c 

  0x0000775f184b82ac: ;   {runtime_call UncommonTrapBlob}
  0x0000775f184b82ac: 6666 90e8 

  0x0000775f184b82b0: ; ImmutableOopMap {[0]=Oop [8]=Oop [16]=NarrowOop [20]=NarrowOop [24]=NarrowOop }
                      ;*aastore {reexecute=1 rethrow=0 return_oop=0}
                      ; - (reexecute) org.apache.xml.utils.ObjectStack::push@64 (line 86)
                      ; - org.apache.xalan.transformer.TransformerImpl::pushElemTemplateElement@5 (line 2624)
                      ; - org.apache.xalan.transformer.TransformerImpl::executeChildTemplates@36 (line 2365)
  0x0000775f184b82b0: 4c20 7bff 

  0x0000775f184b82b4: ;   {other}
  0x0000775f184b82b4: 0f1f 8400 | a407 0010 | bede ffff | ff4c 890c | 2489 5424 | 0844 895c 

  0x0000775f184b82cc: ;   {runtime_call UncommonTrapBlob}
  0x0000775f184b82cc: 240c 90e8 

  0x0000775f184b82d0: ; ImmutableOopMap {rbp=NarrowOop [0]=Oop [8]=NarrowOop }
                      ;*invokeinterface characters {reexecute=0 rethrow=0 return_oop=0}
                      ; - org.apache.xalan.transformer.TransformerImpl::executeChildTemplates@49 (line 2366)
  0x0000775f184b82d0: 2c20 7bff 

  0x0000775f184b82d4: ;   {other}
  0x0000775f184b82d4: 0f1f 8400 | c407 0011 | be45 ffff | ff4c 890c | 2489 4424 | 0844 8944 

  0x0000775f184b82ec: ;   {runtime_call UncommonTrapBlob}
  0x0000775f184b82ec: 240c 90e8 

  0x0000775f184b82f0: ; ImmutableOopMap {[0]=Oop [12]=NarrowOop }
                      ;*ifeq {reexecute=1 rethrow=0 return_oop=0}
                      ; - (reexecute) org.apache.xalan.transformer.TransformerImpl::executeChildTemplates@22 (line 2359)
  0x0000775f184b82f0: 0c20 7bff 

  0x0000775f184b82f4: ;   {other}
  0x0000775f184b82f4: 0f1f 8400 | e407 0012 | be45 ffff | ff48 8be9 | 4c89 0c24 | 8954 2408 | 4489 5c24 | 0c89 5c24 
  0x0000775f184b8314: 1044 8954 

  0x0000775f184b8318: ;   {runtime_call UncommonTrapBlob}
  0x0000775f184b8318: 2414 90e8 

  0x0000775f184b831c: ; ImmutableOopMap {rbp=Oop [0]=Oop [8]=NarrowOop [12]=NarrowOop }
                      ;*if_icmplt {reexecute=1 rethrow=0 return_oop=0}
                      ; - (reexecute) org.apache.xml.utils.ObjectStack::push@10 (line 75)
                      ; - org.apache.xalan.transformer.TransformerImpl::pushElemTemplateElement@5 (line 2624)
                      ; - org.apache.xalan.transformer.TransformerImpl::executeChildTemplates@36 (line 2365)
  0x0000775f184b831c: e01f 7bff 

  0x0000775f184b8320: ;   {other}
  0x0000775f184b8320: 0f1f 8400 | 1008 0013 | bede ffff | ff49 8be9 | 4489 4424 

  0x0000775f184b8334: ;   {runtime_call UncommonTrapBlob}
  0x0000775f184b8334: 0466 90e8 

  0x0000775f184b8338: ; ImmutableOopMap {rbp=Oop [4]=NarrowOop }
                      ;*checkcast {reexecute=0 rethrow=0 return_oop=0}
                      ; - org.apache.xalan.transformer.TransformerImpl::executeChildTemplates@26 (line 2361)
  0x0000775f184b8338: c41f 7bff 

  0x0000775f184b833c: ;   {other}
  0x0000775f184b833c: 0f1f 8400 | 2c08 0014 | bef6 ffff | ff48 8914 | 244c 894c | 2408 4489 | 5c24 1089 | 5c24 1444 
  0x0000775f184b835c: 8954 2418 

  0x0000775f184b8360: ;   {runtime_call UncommonTrapBlob}
  0x0000775f184b8360: 6666 90e8 

  0x0000775f184b8364: ; ImmutableOopMap {[0]=Oop [8]=Oop [20]=NarrowOop }
                      ;*invokevirtual setTop {reexecute=0 rethrow=0 return_oop=0}
                      ; - org.apache.xpath.XPathContext::setSAXLocator@5 (line 405)
                      ; - org.apache.xalan.transformer.TransformerImpl::executeChildTemplates@135 (line 2400)
  0x0000775f184b8364: 981f 7bff 

  0x0000775f184b8368: ;   {other}
  0x0000775f184b8368: 0f1f 8400 | 5808 0015 | bef6 ffff | ff48 8954 | 2408 4c89 | 4c24 1044 | 895c 2418 | 895c 241c 
  0x0000775f184b8388: 4489 5424 

  0x0000775f184b838c: ;   {runtime_call UncommonTrapBlob}
  0x0000775f184b838c: 2066 90e8 

  0x0000775f184b8390: ; ImmutableOopMap {[8]=Oop [16]=Oop [28]=NarrowOop }
                      ;*aastore {reexecute=1 rethrow=0 return_oop=0}
                      ; - (reexecute) org.apache.xml.utils.ObjectStack::setTop@11 (line 162)
                      ; - org.apache.xpath.XPathContext::setSAXLocator@5 (line 405)
                      ; - org.apache.xalan.transformer.TransformerImpl::executeChildTemplates@135 (line 2400)
  0x0000775f184b8390: 6c1f 7bff 

  0x0000775f184b8394: ;   {other}
  0x0000775f184b8394: 0f1f 8400 | 8408 0016 | bef6 ffff | ff48 8914 | 244c 894c | 2408 4489 | 5c24 1089 | 5c24 1444 
  0x0000775f184b83b4: 8954 241c 

  0x0000775f184b83b8: ;   {runtime_call UncommonTrapBlob}
  0x0000775f184b83b8: 6666 90e8 

  0x0000775f184b83bc: ; ImmutableOopMap {[0]=Oop [8]=Oop [20]=NarrowOop }
                      ;*invokevirtual setElementAt {reexecute=0 rethrow=0 return_oop=0}
                      ; - org.apache.xalan.transformer.TransformerImpl::executeChildTemplates@145 (line 2401)
  0x0000775f184b83bc: 401f 7bff 

  0x0000775f184b83c0: ;   {other}
  0x0000775f184b83c0: 0f1f 8400 | b008 0017 | bef6 ffff | ff48 8914 | 244c 894c | 2408 4489 | 5c24 1089 | 5c24 1444 
  0x0000775f184b83e0: 8954 241c 

  0x0000775f184b83e4: ;   {runtime_call UncommonTrapBlob}
  0x0000775f184b83e4: 6666 90e8 

  0x0000775f184b83e8: ; ImmutableOopMap {[0]=Oop [8]=Oop [20]=NarrowOop }
                      ;*aastore {reexecute=1 rethrow=0 return_oop=0}
                      ; - (reexecute) org.apache.xml.utils.ObjectVector::setElementAt@6 (line 304)
                      ; - org.apache.xalan.transformer.TransformerImpl::executeChildTemplates@145 (line 2401)
  0x0000775f184b83e8: 141f 7bff 

  0x0000775f184b83ec: ;   {other}
  0x0000775f184b83ec: 0f1f 8400 | dc08 0018 | bef6 ffff | ff49 8bea 

  0x0000775f184b83fc: ;   {runtime_call UncommonTrapBlob}
  0x0000775f184b83fc: 890c 24e8 

  0x0000775f184b8400: ; ImmutableOopMap {rbp=Oop }
                      ;*invokevirtual getFirstChildElem {reexecute=0 rethrow=0 return_oop=0}
                      ; - org.apache.xalan.transformer.TransformerImpl::executeChildTemplates@1 (line 2354)
  0x0000775f184b8400: fc1e 7bff 

  0x0000775f184b8404: ;   {other}
  0x0000775f184b8404: 0f1f 8400 | f408 0019 | bef6 ffff | ff49 8be9 | 8904 2444 | 8944 2404 

  0x0000775f184b841c: ;   {runtime_call UncommonTrapBlob}
  0x0000775f184b841c: 6666 90e8 

  0x0000775f184b8420: ; ImmutableOopMap {rbp=Oop [4]=NarrowOop }
                      ;*invokevirtual pushSAXLocatorNull {reexecute=0 rethrow=0 return_oop=0}
                      ; - org.apache.xalan.transformer.TransformerImpl::executeChildTemplates@91 (line 2386)
  0x0000775f184b8420: dc1e 7bff 

  0x0000775f184b8424: ;   {other}
  0x0000775f184b8424: 0f1f 8400 | 1409 001a | bef6 ffff | ff49 8be9 | 8904 2444 | 8944 2404 | 895c 2408 

  0x0000775f184b8440: ;   {runtime_call UncommonTrapBlob}
  0x0000775f184b8440: 6666 90e8 

  0x0000775f184b8444: ; ImmutableOopMap {rbp=Oop [4]=NarrowOop [8]=NarrowOop }
                      ;*invokevirtual push {reexecute=0 rethrow=0 return_oop=0}
                      ; - org.apache.xpath.XPathContext::pushSAXLocatorNull@5 (line 425)
                      ; - org.apache.xalan.transformer.TransformerImpl::executeChildTemplates@91 (line 2386)
  0x0000775f184b8444: b81e 7bff 

  0x0000775f184b8448: ;   {other}
  0x0000775f184b8448: 0f1f 8400 | 3809 001b | bef6 ffff | ff49 8be9 | 8904 2444 | 8944 2404 | 895c 2408 | 8954 240c 
  0x0000775f184b8468: ;   {runtime_call UncommonTrapBlob}
  0x0000775f184b8468: 6666 90e8 

  0x0000775f184b846c: ; ImmutableOopMap {rbp=Oop [4]=NarrowOop [8]=NarrowOop }
                      ;*aastore {reexecute=1 rethrow=0 return_oop=0}
                      ; - (reexecute) org.apache.xml.utils.ObjectStack::push@64 (line 86)
                      ; - org.apache.xpath.XPathContext::pushSAXLocatorNull@5 (line 425)
                      ; - org.apache.xalan.transformer.TransformerImpl::executeChildTemplates@91 (line 2386)
  0x0000775f184b846c: 901e 7bff 

  0x0000775f184b8470: ;   {other}
  0x0000775f184b8470: 0f1f 8400 | 6009 001c | bef6 ffff | ff49 8be9 | 8904 2444 | 8944 2404 | 895c 2408 

  0x0000775f184b848c: ;   {runtime_call UncommonTrapBlob}
  0x0000775f184b848c: 6666 90e8 

  0x0000775f184b8490: ; ImmutableOopMap {rbp=Oop [4]=NarrowOop [8]=NarrowOop }
                      ;*invokevirtual size {reexecute=0 rethrow=0 return_oop=0}
                      ; - org.apache.xalan.transformer.TransformerImpl::executeChildTemplates@98 (line 2387)
  0x0000775f184b8490: 6c1e 7bff 

  0x0000775f184b8494: ;   {other}
  0x0000775f184b8494: 0f1f 8400 | 8409 001d | bef6 ffff | ff49 8be9 | 8904 2444 | 8944 2404 | 895c 2408 | 4489 5424 
  0x0000775f184b84b4: ;   {runtime_call UncommonTrapBlob}
  0x0000775f184b84b4: 1066 90e8 

  0x0000775f184b84b8: ; ImmutableOopMap {rbp=Oop [4]=NarrowOop [8]=NarrowOop }
                      ;*aastore {reexecute=1 rethrow=0 return_oop=0}
                      ; - (reexecute) org.apache.xml.utils.ObjectStack::push@64 (line 86)
                      ; - org.apache.xalan.transformer.TransformerImpl::executeChildTemplates@108 (line 2388)
  0x0000775f184b84b8: 441e 7bff 

  0x0000775f184b84bc: ;   {other}
  0x0000775f184b84bc: 0f1f 8400 | ac09 001e | bef6 ffff 

  0x0000775f184b84c8: ;   {runtime_call UncommonTrapBlob}
  0x0000775f184b84c8: ff8b ebe8 

  0x0000775f184b84cc: ; ImmutableOopMap {rbp=NarrowOop }
                      ;*invokevirtual pop {reexecute=0 rethrow=0 return_oop=0}
                      ; - org.apache.xalan.transformer.TransformerImpl::executeChildTemplates@165 (line 2413)
  0x0000775f184b84cc: 301e 7bff 

  0x0000775f184b84d0: ;   {other}
  0x0000775f184b84d0: 0f1f 8400 | c009 001f | bef6 ffff 

  0x0000775f184b84dc: ;   {runtime_call UncommonTrapBlob}
  0x0000775f184b84dc: ff66 90e8 

  0x0000775f184b84e0: ; ImmutableOopMap {[12]=NarrowOop }
                      ;*aaload {reexecute=0 rethrow=0 return_oop=0}
                      ; - org.apache.xml.utils.ObjectStack::pop@15 (line 101)
                      ; - org.apache.xalan.transformer.TransformerImpl::executeChildTemplates@165 (line 2413)
  0x0000775f184b84e0: 1c1e 7bff 

  0x0000775f184b84e4: ;   {other}
  0x0000775f184b84e4: 0f1f 8400 | d409 0020 | bef6 ffff 

  0x0000775f184b84f0: ;   {runtime_call UncommonTrapBlob}
  0x0000775f184b84f0: ff66 90e8 

  0x0000775f184b84f4: ; ImmutableOopMap {}
                      ;*invokevirtual pop {reexecute=0 rethrow=0 return_oop=0}
                      ; - org.apache.xpath.XPathContext::popSAXLocator@4 (line 434)
                      ; - org.apache.xalan.transformer.TransformerImpl::executeChildTemplates@171 (line 2414)
  0x0000775f184b84f4: 081e 7bff 

  0x0000775f184b84f8: ;   {other}
  0x0000775f184b84f8: 0f1f 8400 | e809 0021 | bef6 ffff 

  0x0000775f184b8504: ;   {runtime_call UncommonTrapBlob}
  0x0000775f184b8504: ff66 90e8 

  0x0000775f184b8508: ; ImmutableOopMap {}
                      ;*aaload {reexecute=0 rethrow=0 return_oop=0}
                      ; - org.apache.xml.utils.ObjectStack::pop@15 (line 101)
                      ; - org.apache.xpath.XPathContext::popSAXLocator@4 (line 434)
                      ; - org.apache.xalan.transformer.TransformerImpl::executeChildTemplates@171 (line 2414)
  0x0000775f184b8508: f41d 7bff 

  0x0000775f184b850c: ;   {other}
  0x0000775f184b850c: 0f1f 8400 | fc09 0022 | bef6 ffff | ff48 8be9 | 4c89 0c24 | 8954 2408 

  0x0000775f184b8524: ;   {runtime_call UncommonTrapBlob}
  0x0000775f184b8524: 6666 90e8 

  0x0000775f184b8528: ; ImmutableOopMap {rbp=Oop [0]=Oop [8]=NarrowOop }
                      ;*invokevirtual push {reexecute=0 rethrow=0 return_oop=0}
                      ; - org.apache.xalan.transformer.TransformerImpl::pushElemTemplateElement@5 (line 2624)
                      ; - org.apache.xalan.transformer.TransformerImpl::executeChildTemplates@36 (line 2365)
  0x0000775f184b8528: d41d 7bff 

  0x0000775f184b852c: ;   {other}
  0x0000775f184b852c: 0f1f 8400 | 1c0a 0023 | bef6 ffff | ff48 8be9 | 4c89 0c24 | 8954 2408 | 4489 4424 

  0x0000775f184b8548: ;   {runtime_call UncommonTrapBlob}
  0x0000775f184b8548: 0c66 90e8 

  0x0000775f184b854c: ; ImmutableOopMap {rbp=Oop [0]=Oop [8]=NarrowOop }
                      ;*aastore {reexecute=1 rethrow=0 return_oop=0}
                      ; - (reexecute) org.apache.xml.utils.ObjectStack::push@64 (line 86)
                      ; - org.apache.xalan.transformer.TransformerImpl::pushElemTemplateElement@5 (line 2624)
                      ; - org.apache.xalan.transformer.TransformerImpl::executeChildTemplates@36 (line 2365)
  0x0000775f184b854c: b01d 7bff 

  0x0000775f184b8550: ;   {other}
  0x0000775f184b8550: 0f1f 8400 | 400a 0024 | bef6 ffff | ff4c 890c 

  0x0000775f184b8560: ;   {runtime_call UncommonTrapBlob}
  0x0000775f184b8560: 2466 90e8 

  0x0000775f184b8564: ; ImmutableOopMap {rbp=NarrowOop [0]=Oop }
                      ;*arraylength {reexecute=0 rethrow=0 return_oop=0}
                      ; - org.apache.xalan.transformer.TransformerImpl::executeChildTemplates@48 (line 2366)
  0x0000775f184b8564: 981d 7bff 

  0x0000775f184b8568: ;   {other}
  0x0000775f184b8568: 0f1f 8400 | 580a 0025 | bef6 ffff | ff49 8be9 | 8914 2444 | 895c 2404 

  0x0000775f184b8580: ;   {runtime_call UncommonTrapBlob}
  0x0000775f184b8580: 6666 90e8 

  0x0000775f184b8584: ; ImmutableOopMap {rbp=Oop [0]=NarrowOop }
                      ;*invokeinterface characters {reexecute=0 rethrow=0 return_oop=0}
                      ; - org.apache.xalan.transformer.TransformerImpl::executeChildTemplates@49 (line 2366)
  0x0000775f184b8584: 781d 7bff 

  0x0000775f184b8588: ;   {other}
  0x0000775f184b8588: 0f1f 8400 | 780a 0026 | bef6 ffff 

  0x0000775f184b8594: ;   {runtime_call UncommonTrapBlob}
  0x0000775f184b8594: ff66 90e8 

  0x0000775f184b8598: ; ImmutableOopMap {}
                      ;*invokevirtual pop {reexecute=0 rethrow=0 return_oop=0}
                      ; - org.apache.xalan.transformer.TransformerImpl::popElemTemplateElement@4 (line 2632)
                      ; - org.apache.xalan.transformer.TransformerImpl::executeChildTemplates@55 (line 2374)
  0x0000775f184b8598: 641d 7bff 

  0x0000775f184b859c: ;   {other}
  0x0000775f184b859c: 0f1f 8400 | 8c0a 0027 | bef6 ffff 

  0x0000775f184b85a8: ;   {runtime_call UncommonTrapBlob}
  0x0000775f184b85a8: ff66 90e8 

  0x0000775f184b85ac: ; ImmutableOopMap {}
                      ;*aaload {reexecute=0 rethrow=0 return_oop=0}
                      ; - org.apache.xml.utils.ObjectStack::pop@15 (line 101)
                      ; - org.apache.xalan.transformer.TransformerImpl::popElemTemplateElement@4 (line 2632)
                      ; - org.apache.xalan.transformer.TransformerImpl::executeChildTemplates@55 (line 2374)
  0x0000775f184b85ac: 501d 7bff 

  0x0000775f184b85b0: ;   {other}
  0x0000775f184b85b0: 0f1f 8400 | a00a 0028 | 488b e8e9 | f800 0000 | 488b e8e9 | ed01 0000 | 488b e8e9 | e800 0000 
  0x0000775f184b85d0: 488b f0e9 | 1302 0000 | 488b e8e9 | d501 0000 | 488b f0e9 | 0302 0000 | 488b f0e9 | fb01 0000 
  0x0000775f184b85f0: 448b 5808 

  0x0000775f184b85f4: ;   {metadata('org/xml/sax/SAXException')}
  0x0000775f184b85f4: 49ba 1084 | 01f4 b16a | 0000 49b8 | 0000 00f3 | b16a 0000 | 4d03 c34d | 8b58 484d | 3bda 0f85 
  0x0000775f184b8614: e201 0000 | 4c8b d04c | 8954 2408 | 498b 87b8 | 0400 004c | 8bd0 4983 | c230 4d3b | 97c0 0400 
  0x0000775f184b8634: 000f 8301 | 0200 004d | 8997 b804 | 0000 4c8b | d84d 8bc3 | 49c1 e806 | 49ba 0000 | 406c b26a 
  0x0000775f184b8654: 0000 4d03 | c249 c1eb | 034d 8bd0 | 410f b60a | 4983 e307 | 458b c341 | bb01 0000 | 00c4 4239 
  0x0000775f184b8674: f7db 410b | cb41 880a | 48c7 0001 

  0x0000775f184b8680: ;   {metadata('javax/xml/transform/TransformerException')}
  0x0000775f184b8680: 0000 00c7 | 4008 9030 | 0101 4489 | 600c 4c89 | 6010 4c89 | 6018 4c89 | 6020 4c89 | 6028 488b 
  0x0000775f184b86a0: e848 8bf5 | 488b 5424 

  0x0000775f184b86a8: ;   {optimized virtual_call}
  0x0000775f184b86a8: 0866 90e8 

  0x0000775f184b86ac: ; ImmutableOopMap {rbp=Oop [0]=Oop }
                      ;*invokespecial <init> {reexecute=0 rethrow=0 return_oop=0}
                      ; - org.apache.xalan.transformer.TransformerImpl::executeChildTemplates@69 (line 2370)
  0x0000775f184b86ac: d0c9 7aff 

  0x0000775f184b86b0: ;   {other}
  0x0000775f184b86b0: 0f1f 8400 | a00b 0029 | 488b 3424 

  0x0000775f184b86bc: ;   {optimized virtual_call}
  0x0000775f184b86bc: 6666 90e8 

  0x0000775f184b86c0: ; ImmutableOopMap {rbp=Oop }
                      ;*invokevirtual popElemTemplateElement {reexecute=0 rethrow=0 return_oop=0}
                      ; - org.apache.xalan.transformer.TransformerImpl::executeChildTemplates@76 (line 2374)
  0x0000775f184b86c0: bcc9 7aff 

  0x0000775f184b86c4: ;   {other}
  0x0000775f184b86c4: 0f1f 8400 | b40b 002a | 488b f5e9 | 1701 0000 | 448b 4008 

  0x0000775f184b86d8: ;   {metadata('java/lang/RuntimeException')}
  0x0000775f184b86d8: 49ba c0e3 | 05f3 b16a | 0000 49bb | 0000 00f3 | b16a 0000 | 4d03 d84d | 8b5b 484d | 3bda 0f85 
  0x0000775f184b86f8: f900 0000 | 488b c849 | 8b87 b804 | 0000 4c8b | d049 83c2 | 304d 3b97 | c004 0000 | 0f83 e800 
  0x0000775f184b8718: 0000 4d89 | 97b8 0400 | 004c 8bd8 | 4d8b c349 | c1e8 0649 | ba00 0040 | 6cb2 6a00 | 004d 03c2 
  0x0000775f184b8738: 49c1 eb03 | 498b d844 | 0fb6 0349 | 83e3 0745 | 8bcb 41ba | 0100 0000 | c442 31f7 | da45 0bc3 
  0x0000775f184b8758: 4488 0348 | c700 0100 

  0x0000775f184b8760: ;   {metadata('javax/xml/transform/TransformerException')}
  0x0000775f184b8760: 0000 c740 | 0890 3001 | 0144 8960 | 0c4c 8960 | 104c 8960 | 184c 8960 | 204c 8960 | 2848 894c 
  0x0000775f184b8780: 2428 4c8b | d04c 8954 | 2430 488b | 6c24 1849 | 8bf2 488b 

  0x0000775f184b8794: ;   {optimized virtual_call}
  0x0000775f184b8794: 5424 28e8 

  0x0000775f184b8798: ; ImmutableOopMap {rbp=Oop [0]=Oop [12]=NarrowOop [16]=Oop [32]=NarrowOop [48]=Oop }
                      ;*invokespecial <init> {reexecute=0 rethrow=0 return_oop=0}
                      ; - org.apache.xalan.transformer.TransformerImpl::executeChildTemplates@185 (line 2407)
  0x0000775f184b8798: e4c8 7aff 

  0x0000775f184b879c: ;   {other}
  0x0000775f184b879c: 0f1f 8400 | 8c0c 002b | 4c8b 5424 | 3044 8b5c | 2420 4589 | 5a24 498b | ea4c 8b14 | 2445 8b52 
  0x0000775f184b87bc: 4c45 85d2 | 7467 498b 

  0x0000775f184b87c4: ;   {optimized virtual_call}
  0x0000775f184b87c4: f266 90e8 

  0x0000775f184b87c8: ; ImmutableOopMap {rbp=Oop [16]=Oop }
                      ;*invokevirtual pop {reexecute=0 rethrow=0 return_oop=1}
                      ; - org.apache.xalan.transformer.TransformerImpl::executeChildTemplates@205 (line 2413)
  0x0000775f184b87c8: b4c8 7aff 

  0x0000775f184b87cc: ;   {other}
  0x0000775f184b87cc: 0f1f 8400 | bc0c 002c | 488b 7424 

  0x0000775f184b87d8: ;   {optimized virtual_call}
  0x0000775f184b87d8: 1066 90e8 

  0x0000775f184b87dc: ; ImmutableOopMap {rbp=Oop }
                      ;*invokevirtual popSAXLocator {reexecute=0 rethrow=0 return_oop=0}
                      ; - org.apache.xalan.transformer.TransformerImpl::executeChildTemplates@211 (line 2414)
  0x0000775f184b87dc: a0c8 7aff 

  0x0000775f184b87e0: ;   {other}
  0x0000775f184b87e0: 0f1f 8400 | d00c 002d | 488b f548 | 83c4 505d 

  0x0000775f184b87f0: ;   {runtime_call _rethrow_Java}
  0x0000775f184b87f0: e90b 9b86 | ff48 8be8 | ebbb 488b | e8e9 b6fe | ffff 4889 

  0x0000775f184b8804: ;   {metadata('javax/xml/transform/TransformerException')}
  0x0000775f184b8804: 4c24 2848 | be90 3001 | f4b1 6a00 | 0048 8b2c 

  0x0000775f184b8814: ;   {runtime_call _new_instance_Java}
  0x0000775f184b8814: 2466 90e8 

  0x0000775f184b8818: ; ImmutableOopMap {rbp=Oop [0]=Oop [12]=NarrowOop [16]=Oop [24]=Oop [32]=NarrowOop [40]=Oop }
                      ;*new {reexecute=0 rethrow=0 return_oop=1}
                      ; - org.apache.xalan.transformer.TransformerImpl::executeChildTemplates@179 (line 2407)
  0x0000775f184b8818: e451 86ff 

  0x0000775f184b881c: ;   {other}
  0x0000775f184b881c: 0f1f 8400 | 0c0d 002e | e959 ffff | ffbe f6ff 

  0x0000775f184b882c: ;   {runtime_call UncommonTrapBlob}
  0x0000775f184b882c: ffff 90e8 

  0x0000775f184b8830: ; ImmutableOopMap {rbp=Oop [12]=NarrowOop }
                      ;*invokevirtual pop {reexecute=0 rethrow=0 return_oop=0}
                      ; - org.apache.xalan.transformer.TransformerImpl::executeChildTemplates@205 (line 2413)
  0x0000775f184b8830: cc1a 7bff 

  0x0000775f184b8834: ;   {other}
  0x0000775f184b8834: 0f1f 8400 | 240d 002f 

  0x0000775f184b883c: ;   {metadata('javax/xml/transform/TransformerException')}
  0x0000775f184b883c: 48be 9030 | 01f4 b16a 

  0x0000775f184b8844: ;   {runtime_call _new_instance_Java}
  0x0000775f184b8844: 0000 90e8 

  0x0000775f184b8848: ; ImmutableOopMap {rbp=Oop [0]=Oop [8]=Oop }
                      ;*new {reexecute=0 rethrow=0 return_oop=1}
                      ; - org.apache.xalan.transformer.TransformerImpl::executeChildTemplates@63 (line 2370)
  0x0000775f184b8848: b451 86ff 

  0x0000775f184b884c: ;   {other}
  0x0000775f184b884c: 0f1f 8400 | 3c0d 0030 | e945 feff 

  0x0000775f184b8858: ;   {internal_word}
  0x0000775f184b8858: ff49 ba97 | 7f4b 185f | 7700 004d | 8997 8007 

  0x0000775f184b8868: ;   {runtime_call SafepointBlob}
  0x0000775f184b8868: 0000 e991 

  0x0000775f184b886c: ;   {runtime_call StubRoutines (final stubs)}
  0x0000775f184b886c: 2b7b ffe8 | ec65 79ff | e961 f5ff | fff4 f4f4 | f4f4 f4f4 
[Stub Code]
  0x0000775f184b8880: ;   {no_reloc}
  0x0000775f184b8880: 48bb 0000 | 0000 0000 

  0x0000775f184b8888: ;   {runtime_call nmethod}
  0x0000775f184b8888: 0000 e9fb 

  0x0000775f184b888c: ;   {static_stub}
  0x0000775f184b888c: ffff ff48 | bb00 0000 | 0000 0000 

  0x0000775f184b8898: ;   {runtime_call nmethod}
  0x0000775f184b8898: 00e9 fbff 

  0x0000775f184b889c: ;   {static_stub}
  0x0000775f184b889c: ffff 48bb | 0000 0000 | 0000 0000 

  0x0000775f184b88a8: ;   {runtime_call nmethod}
  0x0000775f184b88a8: e9fb ffff 

  0x0000775f184b88ac: ;   {static_stub}
  0x0000775f184b88ac: ff48 bb00 | 0000 0000 

  0x0000775f184b88b4: ;   {runtime_call nmethod}
  0x0000775f184b88b4: 0000 00e9 | fbff ffff 

  0x0000775f184b88bc: ;   {static_stub}
  0x0000775f184b88bc: 48bb 0000 | 0000 0000 

  0x0000775f184b88c4: ;   {runtime_call nmethod}
  0x0000775f184b88c4: 0000 e9fb 

  0x0000775f184b88c8: ;   {runtime_call ExceptionBlob}
  0x0000775f184b88c8: ffff ffe9 | 3008 86ff 
[Deopt Handler Code]
  0x0000775f184b88d0: e800 0000 | 0048 832c 

  0x0000775f184b88d8: ;   {runtime_call DeoptimizationBlob}
  0x0000775f184b88d8: 2405 e9c1 | 1d7b fff4 
[/MachCode]


---------------  P R O C E S S  ---------------

Threads class SMR info:
_java_thread_list=0x00006ab1480fd6d0, length=56, elements={
0x0000775f2802b240, 0x0000775f28524ff0, 0x0000775f28526880, 0x0000775f28528390,
0x0000775f28546bc0, 0x0000775f28548510, 0x0000775f28549dd0, 0x0000775f2854bc10,
0x0000775f285555e0, 0x00006ab16c0459b0, 0x00006ab16c046fb0, 0x0000775f2859c8f0,
0x0000775f2859f8f0, 0x00006ab16c064fc0, 0x00006ab16402d510, 0x00006ab16402eb40,
0x00006ab1680a3140, 0x00006ab1680a40c0, 0x0000775f287aa7f0, 0x0000775f287ab210,
0x0000775f287ac0d0, 0x0000775f287af6d0, 0x0000775f287b09b0, 0x0000775f287b1d50,
0x0000775f287b3290, 0x0000775f287b4630, 0x0000775f287b5ab0, 0x0000775f287b8830,
0x0000775f287b9dc0, 0x0000775f287bb270, 0x0000775f287bc720, 0x0000775f287bdac0,
0x0000775f287bef70, 0x0000775f287c07b0, 0x0000775f287c1d70, 0x0000775f287c3210,
0x0000775f287c47e0, 0x0000775f287c5dc0, 0x0000775f287c73a0, 0x0000775f287c8840,
0x0000775f287c9ce0, 0x0000775f287cb180, 0x0000775f287cc620, 0x0000775f283df9a0,
0x0000775f283e09b0, 0x0000775f283e1e50, 0x0000775f285c6230, 0x0000775f285c7a80,
0x0000775f285c8e70, 0x0000775f285ca590, 0x00006ab15408c210, 0x00006ab1640accf0,
0x00006ab15408e160, 0x00006ab16c0c2360, 0x00006ab16c0c3b90, 0x00006ab1480fc230
}

Java Threads: ( => current thread )
  0x0000775f2802b240 JavaThread "main"                              [_thread_blocked, id=515034, stack(0x0000775f2e900000,0x0000775f2ea00000) (1024K)]
  0x0000775f28524ff0 JavaThread "Reference Handler"          daemon [_thread_blocked, id=515039, stack(0x0000775f2d100000,0x0000775f2d200000) (1024K)]
  0x0000775f28526880 JavaThread "Finalizer"                  daemon [_thread_blocked, id=515040, stack(0x0000775f2d000000,0x0000775f2d100000) (1024K)]
  0x0000775f28528390 JavaThread "MMTk Finalizer Thread"      daemon [_thread_blocked, id=515041, stack(0x0000775f2cf00000,0x0000775f2d000000) (1024K)]
  0x0000775f28546bc0 JavaThread "Signal Dispatcher"          daemon [_thread_blocked, id=515065, stack(0x00006ab238bfb000,0x00006ab238cfb000) (1024K)]
  0x0000775f28548510 JavaThread "Service Thread"             daemon [_thread_blocked, id=515066, stack(0x00006ab238afb000,0x00006ab238bfb000) (1024K)]
  0x0000775f28549dd0 JavaThread "Monitor Deflation Thread"   daemon [_thread_blocked, id=515067, stack(0x00006ab2389fb000,0x00006ab238afb000) (1024K)]
  0x0000775f2854bc10 JavaThread "C2 CompilerThread0"         daemon [_thread_blocked, id=515068, stack(0x00006ab2388fb000,0x00006ab2389fb000) (1024K)]
  0x0000775f285555e0 JavaThread "C1 CompilerThread0"         daemon [_thread_blocked, id=515069, stack(0x00006ab2387fb000,0x00006ab2388fb000) (1024K)]
  0x00006ab16c0459b0 JavaThread "C1 CompilerThread1"         daemon [_thread_blocked, id=515070, stack(0x00006ab2386fb000,0x00006ab2387fb000) (1024K)]
  0x00006ab16c046fb0 JavaThread "C1 CompilerThread2"         daemon [_thread_blocked, id=515071, stack(0x00006ab2385fb000,0x00006ab2386fb000) (1024K)]
  0x0000775f2859c8f0 JavaThread "Notification Thread"        daemon [_thread_blocked, id=515072, stack(0x00006ab2384fb000,0x00006ab2385fb000) (1024K)]
  0x0000775f2859f8f0 JavaThread "Common-Cleaner"             daemon [_thread_blocked, id=515073, stack(0x00006ab2383fb000,0x00006ab2384fb000) (1024K)]
  0x00006ab16c064fc0 JavaThread "C2 CompilerThread1"         daemon [_thread_blocked, id=515074, stack(0x00006ab2382fb000,0x00006ab2383fb000) (1024K)]
  0x00006ab16402d510 JavaThread "C1 CompilerThread3"         daemon [_thread_blocked, id=515075, stack(0x00006ab2381fb000,0x00006ab2382fb000) (1024K)]
  0x00006ab16402eb40 JavaThread "C1 CompilerThread4"         daemon [_thread_blocked, id=515076, stack(0x00006ab2380fb000,0x00006ab2381fb000) (1024K)]
  0x00006ab1680a3140 JavaThread "C2 CompilerThread2"         daemon [_thread_blocked, id=515077, stack(0x00006ab1f2f00000,0x00006ab1f3000000) (1024K)]
  0x00006ab1680a40c0 JavaThread "C2 CompilerThread3"         daemon [_thread_blocked, id=515078, stack(0x00006ab1f2e00000,0x00006ab1f2f00000) (1024K)]
  0x0000775f287aa7f0 JavaThread "Thread-0"                          [_thread_blocked, id=515079, stack(0x00006ab1f2d00000,0x00006ab1f2e00000) (1024K)]
  0x0000775f287ab210 JavaThread "Thread-1"                          [_thread_blocked, id=515080, stack(0x00006ab1f2c00000,0x00006ab1f2d00000) (1024K)]
  0x0000775f287ac0d0 JavaThread "Thread-2"                          [_thread_blocked, id=515081, stack(0x00006ab1f2b00000,0x00006ab1f2c00000) (1024K)]
  0x0000775f287af6d0 JavaThread "Thread-3"                          [_thread_blocked, id=515082, stack(0x00006ab1f2a00000,0x00006ab1f2b00000) (1024K)]
  0x0000775f287b09b0 JavaThread "Thread-4"                          [_thread_blocked, id=515083, stack(0x00006ab1f2900000,0x00006ab1f2a00000) (1024K)]
  0x0000775f287b1d50 JavaThread "Thread-5"                          [_thread_blocked, id=515084, stack(0x00006ab1f2800000,0x00006ab1f2900000) (1024K)]
  0x0000775f287b3290 JavaThread "Thread-6"                          [_thread_blocked, id=515085, stack(0x00006ab1f2700000,0x00006ab1f2800000) (1024K)]
  0x0000775f287b4630 JavaThread "Thread-7"                          [_thread_blocked, id=515086, stack(0x00006ab1f2600000,0x00006ab1f2700000) (1024K)]
  0x0000775f287b5ab0 JavaThread "Thread-8"                          [_thread_blocked, id=515087, stack(0x00006ab1f2500000,0x00006ab1f2600000) (1024K)]
  0x0000775f287b8830 JavaThread "Thread-9"                          [_thread_blocked, id=515088, stack(0x00006ab1f2400000,0x00006ab1f2500000) (1024K)]
  0x0000775f287b9dc0 JavaThread "Thread-10"                         [_thread_blocked, id=515089, stack(0x00006ab1f2300000,0x00006ab1f2400000) (1024K)]
  0x0000775f287bb270 JavaThread "Thread-11"                         [_thread_blocked, id=515090, stack(0x00006ab1f2200000,0x00006ab1f2300000) (1024K)]
  0x0000775f287bc720 JavaThread "Thread-12"                         [_thread_blocked, id=515091, stack(0x00006ab1f2100000,0x00006ab1f2200000) (1024K)]
  0x0000775f287bdac0 JavaThread "Thread-13"                         [_thread_blocked, id=515092, stack(0x00006ab1f2000000,0x00006ab1f2100000) (1024K)]
  0x0000775f287bef70 JavaThread "Thread-14"                         [_thread_blocked, id=515093, stack(0x00006ab1f1f00000,0x00006ab1f2000000) (1024K)]
  0x0000775f287c07b0 JavaThread "Thread-15"                         [_thread_blocked, id=515094, stack(0x00006ab1f1e00000,0x00006ab1f1f00000) (1024K)]
  0x0000775f287c1d70 JavaThread "Thread-16"                         [_thread_blocked, id=515095, stack(0x00006ab1f1d00000,0x00006ab1f1e00000) (1024K)]
  0x0000775f287c3210 JavaThread "Thread-17"                         [_thread_blocked, id=515096, stack(0x00006ab1f1c00000,0x00006ab1f1d00000) (1024K)]
  0x0000775f287c47e0 JavaThread "Thread-18"                         [_thread_blocked, id=515097, stack(0x00006ab1f1b00000,0x00006ab1f1c00000) (1024K)]
  0x0000775f287c5dc0 JavaThread "Thread-19"                         [_thread_blocked, id=515098, stack(0x00006ab1f1a00000,0x00006ab1f1b00000) (1024K)]
  0x0000775f287c73a0 JavaThread "Thread-20"                         [_thread_blocked, id=515099, stack(0x00006ab1f1900000,0x00006ab1f1a00000) (1024K)]
  0x0000775f287c8840 JavaThread "Thread-21"                         [_thread_blocked, id=515100, stack(0x00006ab1f1800000,0x00006ab1f1900000) (1024K)]
=>0x0000775f287c9ce0 JavaThread "Thread-22"                         [_thread_in_vm, id=515101, stack(0x00006ab1f1700000,0x00006ab1f1800000) (1024K)]
  0x0000775f287cb180 JavaThread "Thread-23"                         [_thread_blocked, id=515102, stack(0x00006ab1f1600000,0x00006ab1f1700000) (1024K)]
  0x0000775f287cc620 JavaThread "Thread-24"                         [_thread_blocked, id=515103, stack(0x00006ab1f1500000,0x00006ab1f1600000) (1024K)]
  0x0000775f283df9a0 JavaThread "Thread-25"                         [_thread_blocked, id=515104, stack(0x00006ab1f1400000,0x00006ab1f1500000) (1024K)]
  0x0000775f283e09b0 JavaThread "Thread-26"                         [_thread_blocked, id=515105, stack(0x00006ab1f1300000,0x00006ab1f1400000) (1024K)]
  0x0000775f283e1e50 JavaThread "Thread-27"                         [_thread_blocked, id=515106, stack(0x00006ab1f1200000,0x00006ab1f1300000) (1024K)]
  0x0000775f285c6230 JavaThread "Thread-28"                         [_thread_blocked, id=515107, stack(0x00006ab1f1100000,0x00006ab1f1200000) (1024K)]
  0x0000775f285c7a80 JavaThread "Thread-29"                         [_thread_blocked, id=515108, stack(0x00006ab1f1000000,0x00006ab1f1100000) (1024K)]
  0x0000775f285c8e70 JavaThread "Thread-30"                         [_thread_blocked, id=515109, stack(0x00006ab1f0f00000,0x00006ab1f1000000) (1024K)]
  0x0000775f285ca590 JavaThread "Thread-31"                         [_thread_blocked, id=515110, stack(0x00006ab1f0e00000,0x00006ab1f0f00000) (1024K)]
  0x00006ab15408c210 JavaThread "C2 CompilerThread4"         daemon [_thread_blocked, id=515111, stack(0x00006ab1f0d00000,0x00006ab1f0e00000) (1024K)]
  0x00006ab1640accf0 JavaThread "C2 CompilerThread5"         daemon [_thread_blocked, id=515112, stack(0x00006ab1f0c00000,0x00006ab1f0d00000) (1024K)]
  0x00006ab15408e160 JavaThread "C2 CompilerThread6"         daemon [_thread_blocked, id=515113, stack(0x00006ab1f0b00000,0x00006ab1f0c00000) (1024K)]
  0x00006ab16c0c2360 JavaThread "C2 CompilerThread7"         daemon [_thread_blocked, id=515114, stack(0x00006ab1f0a00000,0x00006ab1f0b00000) (1024K)]
  0x00006ab16c0c3b90 JavaThread "C2 CompilerThread8"         daemon [_thread_blocked, id=515115, stack(0x00006ab1f0900000,0x00006ab1f0a00000) (1024K)]
  0x00006ab1480fc230 JavaThread "C2 CompilerThread9"         daemon [_thread_blocked, id=515116, stack(0x00006ab1f0800000,0x00006ab1f0900000) (1024K)]
Total: 56

Other Threads:
  0x0000775f28519b40 VMThread "VM Thread"                           [id=515038, stack(0x0000775f2d4fd000,0x0000775f2d5fd000) (1024K)] _threads_hazard_ptr=0x00006ab1480fd6d0
  0x0000775f28507770 WatcherThread "VM Periodic Task Thread"        [id=515037, stack(0x0000775f2d5fe000,0x0000775f2d6fe000) (1024K)]
Total: 2

Threads with active compile tasks:
Total: 0

VM state: synchronizing (normal execution)

VM Mutex/Monitor currently owned by a thread:  ([mutex/lock_event])
[0x0000775f2ff580d0] Threads_lock - owner thread: 0x0000775f28519b40

Heap address: 0x0000000040000000, size: 3072 MB, Compressed Oops mode: 32-bit

CDS archive(s) mapped at: [0x00006ab1f3000000-0x00006ab1f3ca3000-0x00006ab1f3ca3000), size 13250560, SharedBaseAddress: 0x00006ab1f3000000, ArchiveRelocationMode: 1.
Compressed class space mapped at: 0x00006ab1f4000000-0x00006ab234000000, reserved size: 1073741824
Narrow klass base: 0x00006ab1f3000000, Narrow klass shift: 0, Narrow klass range: 0x100000000

GC Precious Log:
<Empty>

Heap:

[error occurred during error reporting (printing heap information), id 0xe0000000, Internal Error (/mydata/mmtk-openjdk/openjdk/share/mmtkHeap.cpp:424)]
Metaspace:

Usage:
  Non-class:      7.09 MB used.
      Class:    964.95 KB used.
       Both:      8.03 MB used.

Virtual space:
  Non-class space:       64.00 MB reserved,       7.25 MB ( 11%) committed,  1 nodes.
      Class space:        1.00 GB reserved,       1.06 MB ( <1%) committed,  1 nodes.
             Both:        1.06 GB reserved,       8.31 MB ( <1%) committed. 

Chunk freelists:
   Non-Class:  7.30 MB
       Class:  14.99 MB
        Both:  22.29 MB

MaxMetaspaceSize: unlimited
CompressedClassSpaceSize: 1.00 GB
Initial GC threshold: 21.00 MB
Current GC threshold: 21.00 MB
CDS: on
 - commit_granule_bytes: 65536.
 - commit_granule_words: 8192.
 - virtual_space_node_default_size: 8388608.
 - enlarge_chunks_in_place: 1.
 - use_allocation_guard: 0.


Internal statistics:

num_allocs_failed_limit: 0.
num_arena_births: 120.
num_arena_deaths: 0.
num_vsnodes_births: 2.
num_vsnodes_deaths: 0.
num_space_committed: 133.
num_space_uncommitted: 0.
num_chunks_returned_to_freelist: 0.
num_chunks_taken_from_freelist: 372.
num_chunk_merges: 0.
num_chunk_splits: 260.
num_chunks_enlarged: 201.
num_inconsistent_stats: 0.

CodeHeap 'non-profiled nmethods': size=118880Kb used=2047Kb max_used=2047Kb free=116832Kb
 bounds [0x0000775f183e8000, 0x0000775f18658000, 0x0000775f1f800000]
CodeHeap 'profiled nmethods': size=118876Kb used=6444Kb max_used=6444Kb free=112431Kb
 bounds [0x0000775f10800000, 0x0000775f10e50000, 0x0000775f17c17000]
CodeHeap 'non-nmethods': size=8004Kb used=3462Kb max_used=3561Kb free=4541Kb
 bounds [0x0000775f17c17000, 0x0000775f17f97000, 0x0000775f183e8000]
CodeCache: size=245760Kb, used=11953Kb, max_used=12052Kb, free=233804Kb
 total_blobs=3548, nmethods=3066, adapters=381, full_count=0
Compilation: enabled, stopped_count=0, restarted_count=0

Compilation events (20 events):
Event: 3.157 Thread 0x0000775f285555e0 nmethod 3041 0x0000775f10e28f10 code [0x0000775f10e290a0, 0x0000775f10e291c8]
Event: 3.157 Thread 0x0000775f285555e0 3042  s    2       org.apache.xml.dtm.ref.DTMManagerDefault::addDTM (117 bytes)
Event: 3.157 Thread 0x00006ab1680a3140 nmethod 3026 0x0000775f18574f10 code [0x0000775f185750a0, 0x0000775f18575260]
Event: 3.157 Thread 0x00006ab1680a3140 2859       4       java.util.Properties::getProperty (50 bytes)
Event: 3.157 Thread 0x00006ab16402d510 nmethod 3016 0x0000775f10e29290 code [0x0000775f10e29780, 0x0000775f10e2bde0]
Event: 3.157 Thread 0x0000775f285555e0 nmethod 3042 0x0000775f10e2d590 code [0x0000775f10e2d7a0, 0x0000775f10e2dfa8]
Event: 3.157 Thread 0x0000775f285555e0 3043   !   2       org.apache.xerces.parsers.AbstractSAXParser::parse (215 bytes)
Event: 3.157 Thread 0x00006ab16c046fb0 nmethod 3036 0x0000775f10e2e310 code [0x0000775f10e2e5e0, 0x0000775f10e2ff20]
Event: 3.157 Thread 0x00006ab16402d510 3044       2       org.apache.xerces.xni.parser.XMLInputSource::<init> (20 bytes)
Event: 3.157 Thread 0x00006ab16c064fc0 2887  s!   4       org.apache.xml.utils.ObjectPool::getInstance (56 bytes)
Event: 3.157 Thread 0x00006ab16402d510 nmethod 3044 0x0000775f10e30590 code [0x0000775f10e30720, 0x0000775f10e30830]
Event: 3.157 Thread 0x00006ab16402d510 3045   !   2       org.apache.xerces.impl.XMLErrorReporter::reset (37 bytes)
Event: 3.158 Thread 0x00006ab15408c210 nmethod 3008 0x0000775f18575390 code [0x0000775f185755a0, 0x0000775f18576080]
Event: 3.158 Thread 0x00006ab15408c210 2841       4       java.lang.AbstractStringBuilder::<init> (39 bytes)
Event: 3.160 Thread 0x00006ab16c0c2360 nmethod 3061 0x0000775f18576590 code [0x0000775f18576720, 0x0000775f18576b28]
Event: 3.160 Thread 0x00006ab16c0c2360 2893       4       org.apache.xpath.axes.AxesWalker::setRoot (78 bytes)
Event: 3.160 Thread 0x00006ab16c064fc0 nmethod 2887 0x0000775f18576c90 code [0x0000775f18576e40, 0x0000775f18577328]
Event: 3.160 Thread 0x00006ab16c064fc0 2904       4       org.apache.xml.utils.NodeVector::addElement (104 bytes)
Event: 3.161 Thread 0x00006ab16402d510 nmethod 3045 0x0000775f10e30910 code [0x0000775f10e30ae0, 0x0000775f10e30d88]
Event: 3.161 Thread 0x00006ab16402d510 3046   !   2       org.apache.xerces.impl.XMLEntityManager::expandSystemId (175 bytes)

GC Heap History (0 events):
No events

Dll operation events (7 events):
Event: 0.002 Loaded shared library /mydata/openjdk-mmtk/build/b0test/images/jdk/lib/libjava.so
Event: 2.220 Loaded shared library /mydata/openjdk-mmtk/build/b0test/images/jdk/lib/libjsvml.so
Event: 2.233 Loaded shared library /mydata/openjdk-mmtk/build/b0test/images/jdk/lib/libnio.so
Event: 2.237 Loaded shared library /mydata/openjdk-mmtk/build/b0test/images/jdk/lib/libzip.so
Event: 2.250 Loaded shared library /mydata/openjdk-mmtk/build/b0test/images/jdk/lib/libjimage.so
Event: 2.276 Loaded shared library /mydata/openjdk-mmtk/build/b0test/images/jdk/lib/libnet.so
Event: 2.406 Loaded shared library /mydata/openjdk-mmtk/build/b0test/images/jdk/lib/libverify.so

Deoptimization events (20 events):
Event: 3.125 Thread 0x0000775f283e1e50 DEOPT PACKING pc=0x0000775f10d173dc sp=0x00006ab1f12fe3a0
Event: 3.125 Thread 0x0000775f283e1e50 DEOPT UNPACKING pc=0x0000775f17c6ab2f sp=0x00006ab1f12fd8f8 mode 0
Event: 3.130 Thread 0x0000775f287ac0d0 DEOPT PACKING pc=0x0000775f10d173dc sp=0x00006ab1f2bfe3a0
Event: 3.130 Thread 0x0000775f287ac0d0 DEOPT UNPACKING pc=0x0000775f17c6ab2f sp=0x00006ab1f2bfd8f8 mode 0
Event: 3.136 Thread 0x0000775f285c6230 DEOPT PACKING pc=0x0000775f10d173dc sp=0x00006ab1f11fe3a0
Event: 3.136 Thread 0x0000775f285c6230 DEOPT UNPACKING pc=0x0000775f17c6ab2f sp=0x00006ab1f11fd8f8 mode 0
Event: 3.144 Thread 0x0000775f287cc620 DEOPT PACKING pc=0x0000775f10d173dc sp=0x00006ab1f15fe3a0
Event: 3.144 Thread 0x0000775f287cc620 DEOPT UNPACKING pc=0x0000775f17c6ab2f sp=0x00006ab1f15fd8f8 mode 0
Event: 3.149 Thread 0x0000775f285c8e70 DEOPT PACKING pc=0x0000775f10d173dc sp=0x00006ab1f0ffe3a0
Event: 3.149 Thread 0x0000775f285c8e70 DEOPT UNPACKING pc=0x0000775f17c6ab2f sp=0x00006ab1f0ffd8f8 mode 0
Event: 3.151 Thread 0x0000775f287b9dc0 DEOPT PACKING pc=0x0000775f10d173dc sp=0x00006ab1f23fe3a0
Event: 3.151 Thread 0x0000775f287b9dc0 DEOPT UNPACKING pc=0x0000775f17c6ab2f sp=0x00006ab1f23fd8f8 mode 0
Event: 3.154 Thread 0x0000775f287c1d70 DEOPT PACKING pc=0x0000775f10d173dc sp=0x00006ab1f1dfe3a0
Event: 3.155 Thread 0x0000775f287c1d70 DEOPT UNPACKING pc=0x0000775f17c6ab2f sp=0x00006ab1f1dfd8f8 mode 0
Event: 3.160 Thread 0x0000775f287aa7f0 DEOPT PACKING pc=0x0000775f10d173dc sp=0x00006ab1f2dfe350
Event: 3.160 Thread 0x0000775f287aa7f0 DEOPT UNPACKING pc=0x0000775f17c6ab2f sp=0x00006ab1f2dfd8a8 mode 0
Event: 3.161 Thread 0x0000775f287c9ce0 Uncommon trap: trap_request=0xffffffde fr.pc=0x0000775f18528868 relative=0x0000000000000368
Event: 3.161 Thread 0x0000775f287c9ce0 Uncommon trap: reason=class_check action=maybe_recompile pc=0x0000775f18528868 method=org.apache.xpath.axes.IteratorPool.getInstance()Lorg/apache/xml/dtm/DTMIterator; @ 49 c2
Event: 3.161 Thread 0x0000775f287c9ce0 DEOPT PACKING pc=0x0000775f18528868 sp=0x00006ab1f17fc960
Event: 3.161 Thread 0x0000775f287c9ce0 DEOPT UNPACKING pc=0x0000775f17c6a399 sp=0x00006ab1f17fc8a8 mode 2

Classes loaded (20 events):
Event: 2.672 Loading class java/util/ResourceBundle$KeyElementReference
Event: 2.672 Loading class java/util/ResourceBundle$CacheKeyReference
Event: 2.672 Loading class java/util/ResourceBundle$CacheKeyReference done
Event: 2.672 Loading class java/util/ResourceBundle$KeyElementReference done
Event: 2.673 Loading class java/util/ResourceBundle$Control$2
Event: 2.673 Loading class java/util/ResourceBundle$Control$2 done
Event: 2.673 Loading class sun/util/PropertyResourceBundleCharset
Event: 2.673 Loading class sun/util/PropertyResourceBundleCharset done
Event: 2.673 Loading class sun/util/PropertyResourceBundleCharset$PropertiesFileDecoder
Event: 2.673 Loading class sun/util/PropertyResourceBundleCharset$PropertiesFileDecoder done
Event: 2.676 Loading class java/util/ResourceBundle$BundleReference
Event: 2.676 Loading class java/util/ResourceBundle$BundleReference done
Event: 2.677 Loading class sun/util/ResourceBundleEnumeration
Event: 2.677 Loading class sun/util/ResourceBundleEnumeration done
Event: 2.683 Loading class sun/nio/cs/ISO_8859_1$Encoder
Event: 2.683 Loading class sun/nio/cs/ISO_8859_1$Encoder done
Event: 2.705 Loading class java/util/ResourceBundle$Control$1
Event: 2.705 Loading class java/util/ResourceBundle$Control$1 done
Event: 2.734 Loading class java/lang/foreign/MemorySegment
Event: 2.734 Loading class java/lang/foreign/MemorySegment done

Classes unloaded (0 events):
No events

Classes redefined (0 events):
No events

Internal exceptions (13 events):
Event: 2.243 Thread 0x0000775f2802b240 Exception <a 'java/lang/NoSuchMethodError'{0x000000004033c090}: 'java.lang.Object java.lang.invoke.DirectMethodHandle$Holder.newInvokeSpecial(java.lang.Object, int, java.lang.Object)'> (0x000000004033c090) 
thrown [src/hotspot/share/interpreter/linkResolver.cpp, line 772]
Event: 2.253 Thread 0x0000775f2802b240 Exception <a 'java/lang/NoSuchMethodError'{0x00000000402f9e28}: 'void java.lang.invoke.DirectMethodHandle$Holder.invokeStatic(java.lang.Object, java.lang.Object)'> (0x00000000402f9e28) 
thrown [src/hotspot/share/interpreter/linkResolver.cpp, line 772]
Event: 2.253 Thread 0x0000775f2802b240 Exception <a 'java/lang/NoSuchMethodError'{0x00000000402fd820}: 'void java.lang.invoke.DirectMethodHandle$Holder.invokeSpecial(java.lang.Object, java.lang.Object, java.lang.Object)'> (0x00000000402fd820) 
thrown [src/hotspot/share/interpreter/linkResolver.cpp, line 772]
Event: 2.294 Thread 0x0000775f2802b240 Exception <a 'java/lang/NoSuchMethodError'{0x00000000401be078}: 'void java.lang.invoke.DirectMethodHandle$Holder.invokeVirtual(java.lang.Object, java.lang.Object)'> (0x00000000401be078) 
thrown [src/hotspot/share/interpreter/linkResolver.cpp, line 772]
Event: 2.332 Thread 0x0000775f2802b240 Exception <a 'java/io/FileNotFoundException'{0x0000000040188bc0}> (0x0000000040188bc0) 
thrown [src/hotspot/share/prims/jni.cpp, line 520]
Event: 2.343 Thread 0x0000775f2802b240 Exception <a 'java/lang/NoSuchMethodError'{0x0000000040121800}: 'java.lang.Object java.lang.invoke.Invokers$Holder.invokeExact_MT(java.lang.Object, java.lang.Object, java.lang.Object, java.lang.Object, java.lang.Object)'> (0x0000000040121800) 
thrown [src/hotspot/share/interpreter/linkResolver.cpp, line 772]
Event: 2.527 Thread 0x0000775f2802b240 Exception <a 'java/lang/NoSuchMethodError'{0x0000000040eb3668}: 'void java.lang.invoke.DirectMethodHandle$Holder.invokeVirtual(java.lang.Object, java.lang.Object, int)'> (0x0000000040eb3668) 
thrown [src/hotspot/share/interpreter/linkResolver.cpp, line 772]
Event: 2.528 Thread 0x0000775f2802b240 Exception <a 'java/lang/NoSuchMethodError'{0x0000000040eb7d90}: 'int java.lang.invoke.DirectMethodHandle$Holder.invokeSpecial(java.lang.Object, java.lang.Object, java.lang.Object, int)'> (0x0000000040eb7d90) 
thrown [src/hotspot/share/interpreter/linkResolver.cpp, line 772]
Event: 2.529 Thread 0x0000775f2802b240 Exception <a 'java/lang/NoSuchMethodError'{0x0000000040e9aa40}: 'java.lang.Object java.lang.invoke.DirectMethodHandle$Holder.invokeStatic(java.lang.Object, java.lang.Object, java.lang.Object, java.lang.Object, int)'> (0x0000000040e9aa40) 
thrown [src/hotspot/share/interpreter/linkResolver.cpp, line 772]
Event: 2.530 Thread 0x0000775f2802b240 Exception <a 'java/lang/NoSuchMethodError'{0x0000000040e95c48}: 'void java.lang.invoke.DelegatingMethodHandle$Holder.reinvoke_L(java.lang.Object, java.lang.Object, int)'> (0x0000000040e95c48) 
thrown [src/hotspot/share/interpreter/linkResolver.cpp, line 772]
Event: 2.531 Thread 0x0000775f2802b240 Exception <a 'java/lang/NoSuchMethodError'{0x0000000040e8c5a8}: 'int java.lang.invoke.DirectMethodHandle$Holder.invokeSpecial(java.lang.Object, java.lang.Object, java.lang.Object)'> (0x0000000040e8c5a8) 
thrown [src/hotspot/share/interpreter/linkResolver.cpp, line 772]
Event: 2.600 Thread 0x0000775f2802b240 Exception <a 'java/lang/NoSuchMethodError'{0x00000000413b6210}: 'void java.lang.invoke.DelegatingMethodHandle$Holder.reinvoke_L(java.lang.Object, java.lang.Object, int, int)'> (0x00000000413b6210) 
thrown [src/hotspot/share/interpreter/linkResolver.cpp, line 772]
Event: 2.670 Thread 0x0000775f283df9a0 Exception <a 'java/lang/NoSuchMethodError'{0x00000000409e9580}: 'java.lang.Object java.lang.invoke.DirectMethodHandle$Holder.invokeInterface(java.lang.Object, java.lang.Object)'> (0x00000000409e9580) 
thrown [src/hotspot/share/interpreter/linkResolver.cpp, line 772]

ZGC Phase Switch (0 events):
No events

VM Operations (20 events):
Event: 2.667 Executing VM operation: HandshakeAllThreads (Deoptimize)
Event: 2.667 Executing VM operation: HandshakeAllThreads (Deoptimize) done
Event: 2.714 Executing VM operation: HandshakeAllThreads (Deoptimize)
Event: 2.715 Executing VM operation: HandshakeAllThreads (Deoptimize) done
Event: 2.749 Executing VM operation: ICBufferFull
Event: 2.749 Executing VM operation: ICBufferFull done
Event: 2.753 Executing VM operation: ICBufferFull
Event: 2.754 Executing VM operation: ICBufferFull done
Event: 2.755 Executing VM operation: ICBufferFull
Event: 2.756 Executing VM operation: ICBufferFull done
Event: 2.844 Executing VM operation: ICBufferFull
Event: 2.845 Executing VM operation: ICBufferFull done
Event: 3.026 Executing VM operation: ICBufferFull
Event: 3.026 Executing VM operation: ICBufferFull done
Event: 3.030 Executing VM operation: ICBufferFull
Event: 3.030 Executing VM operation: ICBufferFull done
Event: 3.042 Executing VM operation: ThirdPartyHeapOperation
Event: 3.064 Executing VM operation: ThirdPartyHeapOperation done
Event: 3.070 Executing VM operation: ThirdPartyHeapOperation
Event: 3.116 Executing VM operation: ThirdPartyHeapOperation done

Memory protections (20 events):
Event: 2.632 Protecting memory [0x00006ab1f1b00000,0x00006ab1f1b04000] with protection modes 0
Event: 2.632 Protecting memory [0x00006ab1f1a00000,0x00006ab1f1a04000] with protection modes 0
Event: 2.632 Protecting memory [0x00006ab1f1900000,0x00006ab1f1904000] with protection modes 0
Event: 2.632 Protecting memory [0x00006ab1f1800000,0x00006ab1f1804000] with protection modes 0
Event: 2.632 Protecting memory [0x00006ab1f1700000,0x00006ab1f1704000] with protection modes 0
Event: 2.633 Protecting memory [0x00006ab1f1600000,0x00006ab1f1604000] with protection modes 0
Event: 2.633 Protecting memory [0x00006ab1f1500000,0x00006ab1f1504000] with protection modes 0
Event: 2.638 Protecting memory [0x00006ab1f1400000,0x00006ab1f1404000] with protection modes 0
Event: 2.638 Protecting memory [0x00006ab1f1300000,0x00006ab1f1304000] with protection modes 0
Event: 2.638 Protecting memory [0x00006ab1f1200000,0x00006ab1f1204000] with protection modes 0
Event: 2.638 Protecting memory [0x00006ab1f1100000,0x00006ab1f1104000] with protection modes 0
Event: 2.638 Protecting memory [0x00006ab1f1000000,0x00006ab1f1004000] with protection modes 0
Event: 2.639 Protecting memory [0x00006ab1f0f00000,0x00006ab1f0f04000] with protection modes 0
Event: 2.639 Protecting memory [0x00006ab1f0e00000,0x00006ab1f0e04000] with protection modes 0
Event: 2.713 Protecting memory [0x00006ab1f0d00000,0x00006ab1f0d04000] with protection modes 0
Event: 2.715 Protecting memory [0x00006ab1f0c00000,0x00006ab1f0c04000] with protection modes 0
Event: 2.715 Protecting memory [0x00006ab1f0b00000,0x00006ab1f0b04000] with protection modes 0
Event: 2.722 Protecting memory [0x00006ab1f0a00000,0x00006ab1f0a04000] with protection modes 0
Event: 2.724 Protecting memory [0x00006ab1f0900000,0x00006ab1f0904000] with protection modes 0
Event: 2.727 Protecting memory [0x00006ab1f0800000,0x00006ab1f0804000] with protection modes 0

Nmethod flushes (0 events):
No events

Events (20 events):
Event: 2.632 Thread 0x0000775f2802b240 Thread added: 0x0000775f287c47e0
Event: 2.632 Thread 0x0000775f2802b240 Thread added: 0x0000775f287c5dc0
Event: 2.632 Thread 0x0000775f2802b240 Thread added: 0x0000775f287c73a0
Event: 2.632 Thread 0x0000775f2802b240 Thread added: 0x0000775f287c8840
Event: 2.632 Thread 0x0000775f2802b240 Thread added: 0x0000775f287c9ce0
Event: 2.633 Thread 0x0000775f2802b240 Thread added: 0x0000775f287cb180
Event: 2.633 Thread 0x0000775f2802b240 Thread added: 0x0000775f287cc620
Event: 2.638 Thread 0x0000775f2802b240 Thread added: 0x0000775f283df9a0
Event: 2.638 Thread 0x0000775f2802b240 Thread added: 0x0000775f283e09b0
Event: 2.638 Thread 0x0000775f2802b240 Thread added: 0x0000775f283e1e50
Event: 2.638 Thread 0x0000775f2802b240 Thread added: 0x0000775f285c6230
Event: 2.638 Thread 0x0000775f2802b240 Thread added: 0x0000775f285c7a80
Event: 2.639 Thread 0x0000775f2802b240 Thread added: 0x0000775f285c8e70
Event: 2.639 Thread 0x0000775f2802b240 Thread added: 0x0000775f285ca590
Event: 2.713 Thread 0x00006ab16402d510 Thread added: 0x00006ab15408c210
Event: 2.715 Thread 0x00006ab16c046fb0 Thread added: 0x00006ab1640accf0
Event: 2.715 Thread 0x00006ab16402d510 Thread added: 0x00006ab15408e160
Event: 2.722 Thread 0x0000775f285555e0 Thread added: 0x00006ab16c0c2360
Event: 2.724 Thread 0x0000775f285555e0 Thread added: 0x00006ab16c0c3b90
Event: 2.727 Thread 0x00006ab16402eb40 Thread added: 0x00006ab1480fc230


Dynamic libraries:
40000000-40400000 rw-p 00000000 00:00 0                                  [anon:mmtk:space:immix]
40400000-40800000 rw-p 00000000 00:00 0                                  [anon:mmtk:space:los]
40800000-41400000 rw-p 00000000 00:00 0                                  [anon:mmtk:space:immix]
41400000-41800000 rw-p 00000000 00:00 0                                  [anon:mmtk:space:los]
41800000-41c00000 rw-p 00000000 00:00 0                                  [anon:mmtk:space:immix]
41c00000-42000000 rw-p 00000000 00:00 0                                  [anon:mmtk:space:los]
42000000-42400000 rw-p 00000000 00:00 0                                  [anon:mmtk:space:immix]
42400000-42800000 rw-p 00000000 00:00 0                                  [anon:mmtk:space:los]
42800000-43000000 rw-p 00000000 00:00 0                                  [anon:mmtk:space:immix]
43000000-43400000 rw-p 00000000 00:00 0                                  [anon:mmtk:space:los]
43400000-43800000 rw-p 00000000 00:00 0                                  [anon:mmtk:space:immix]
43800000-43c00000 rw-p 00000000 00:00 0                                  [anon:mmtk:space:los]
43c00000-44400000 rw-p 00000000 00:00 0                                  [anon:mmtk:space:immix]
44400000-44800000 rw-p 00000000 00:00 0                                  [anon:mmtk:space:los]
44800000-45000000 rw-p 00000000 00:00 0                                  [anon:mmtk:space:immix]
45000000-45400000 rw-p 00000000 00:00 0                                  [anon:mmtk:space:los]
45400000-45c00000 rw-p 00000000 00:00 0                                  [anon:mmtk:space:immix]
45c00000-46000000 rw-p 00000000 00:00 0                                  [anon:mmtk:space:los]
46000000-46400000 rw-p 00000000 00:00 0                                  [anon:mmtk:space:immix]
46400000-46800000 rw-p 00000000 00:00 0                                  [anon:mmtk:space:los]
46800000-47000000 rw-p 00000000 00:00 0                                  [anon:mmtk:space:immix]
47000000-47400000 rw-p 00000000 00:00 0                                  [anon:mmtk:space:los]
47400000-47800000 rw-p 00000000 00:00 0                                  [anon:mmtk:space:immix]
47800000-47c00000 rw-p 00000000 00:00 0                                  [anon:mmtk:space:los]
47c00000-48400000 rw-p 00000000 00:00 0                                  [anon:mmtk:space:immix]
48400000-48800000 rw-p 00000000 00:00 0                                  [anon:mmtk:space:los]
48800000-48c00000 rw-p 00000000 00:00 0                                  [anon:mmtk:space:immix]
48c00000-49000000 rw-p 00000000 00:00 0                                  [anon:mmtk:space:los]
49000000-49400000 rw-p 00000000 00:00 0                                  [anon:mmtk:space:immix]
49400000-49800000 rw-p 00000000 00:00 0                                  [anon:mmtk:space:los]
49800000-4a000000 rw-p 00000000 00:00 0                                  [anon:mmtk:space:immix]
4a000000-4a400000 rw-p 00000000 00:00 0                                  [anon:mmtk:space:los]
4a400000-4ac00000 rw-p 00000000 00:00 0                                  [anon:mmtk:space:immix]
4ac00000-4b000000 rw-p 00000000 00:00 0                                  [anon:mmtk:space:los]
4b000000-4b400000 rw-p 00000000 00:00 0                                  [anon:mmtk:space:immix]
4b400000-4b800000 rw-p 00000000 00:00 0                                  [anon:mmtk:space:los]
4b800000-4c000000 rw-p 00000000 00:00 0                                  [anon:mmtk:space:immix]
4c000000-4c400000 rw-p 00000000 00:00 0                                  [anon:mmtk:space:los]
4c400000-4c800000 rw-p 00000000 00:00 0                                  [anon:mmtk:space:immix]
4c800000-4cc00000 rw-p 00000000 00:00 0                                  [anon:mmtk:space:los]
4cc00000-4d400000 rw-p 00000000 00:00 0                                  [anon:mmtk:space:immix]
4d400000-4d800000 rw-p 00000000 00:00 0                                  [anon:mmtk:space:los]
4d800000-4dc00000 rw-p 00000000 00:00 0                                  [anon:mmtk:space:immix]
4dc00000-4e000000 rw-p 00000000 00:00 0                                  [anon:mmtk:space:los]
4e000000-4e800000 rw-p 00000000 00:00 0                                  [anon:mmtk:space:immix]
4e800000-4ec00000 rw-p 00000000 00:00 0                                  [anon:mmtk:space:los]
4ec00000-4f400000 rw-p 00000000 00:00 0                                  [anon:mmtk:space:immix]
4f400000-4f800000 rw-p 00000000 00:00 0                                  [anon:mmtk:space:los]
4f800000-4fc00000 rw-p 00000000 00:00 0                                  [anon:mmtk:space:immix]
4fc00000-50000000 rw-p 00000000 00:00 0                                  [anon:mmtk:space:los]
50000000-50400000 rw-p 00000000 00:00 0                                  [anon:mmtk:space:immix]
50400000-50800000 rw-p 00000000 00:00 0                                  [anon:mmtk:space:immix]
200000000000-2000c00c0000 rw-s 00000000 00:10 68                         anon_inode:bpf-map
5f1e92077000-5f1e92078000 r--p 00000000 fc:00 49676352                   /mydata/openjdk-mmtk/build/b0test/images/jdk/bin/java
5f1e92078000-5f1e92079000 r-xp 00001000 fc:00 49676352                   /mydata/openjdk-mmtk/build/b0test/images/jdk/bin/java
5f1e92079000-5f1e9207a000 r--p 00002000 fc:00 49676352                   /mydata/openjdk-mmtk/build/b0test/images/jdk/bin/java
5f1e9207a000-5f1e9207b000 r--p 00002000 fc:00 49676352                   /mydata/openjdk-mmtk/build/b0test/images/jdk/bin/java
5f1e9207b000-5f1e9207c000 rw-p 00003000 fc:00 49676352                   /mydata/openjdk-mmtk/build/b0test/images/jdk/bin/java
5f1ed0134000-5f1ed017c000 rw-p 00000000 00:00 0                          [heap]
6ab0a8000000-6ab0a87f1000 rw-p 00000000 00:00 0 
6ab0a87f1000-6ab0ac000000 ---p 00000000 00:00 0 
6ab0afd10000-6ab0b0459000 rw-p 00000000 00:00 0 
6ab0b0459000-6ab0b4000000 ---p 00000000 00:00 0 
6ab0b4000000-6ab0b44df000 rw-p 00000000 00:00 0 
6ab0b44df000-6ab0b8000000 ---p 00000000 00:00 0 
6ab0b8000000-6ab0b8756000 rw-p 00000000 00:00 0 
6ab0b8756000-6ab0bc000000 ---p 00000000 00:00 0 
6ab0bc000000-6ab0bcb59000 rw-p 00000000 00:00 0 
6ab0bcb59000-6ab0c0000000 ---p 00000000 00:00 0 
6ab0c0000000-6ab0c0021000 rw-p 00000000 00:00 0 
6ab0c0021000-6ab0c4000000 ---p 00000000 00:00 0 
6ab0c4000000-6ab0c4e27000 rw-p 00000000 00:00 0 
6ab0c4e27000-6ab0c8000000 ---p 00000000 00:00 0 
6ab0c8000000-6ab0c8021000 rw-p 00000000 00:00 0 
6ab0c8021000-6ab0cc000000 ---p 00000000 00:00 0 
6ab0cc000000-6ab0cc021000 rw-p 00000000 00:00 0 
6ab0cc021000-6ab0d0000000 ---p 00000000 00:00 0 
6ab0d0000000-6ab0d004c000 rw-p 00000000 00:00 0 
6ab0d004c000-6ab0d4000000 ---p 00000000 00:00 0 
6ab0d4000000-6ab0d4040000 rw-p 00000000 00:00 0 
6ab0d4040000-6ab0d8000000 ---p 00000000 00:00 0 
6ab0d8000000-6ab0d8021000 rw-p 00000000 00:00 0 
6ab0d8021000-6ab0dc000000 ---p 00000000 00:00 0 
6ab0dc000000-6ab0dc021000 rw-p 00000000 00:00 0 
6ab0dc021000-6ab0e0000000 ---p 00000000 00:00 0 
6ab0e0000000-6ab0e0021000 rw-p 00000000 00:00 0 
6ab0e0021000-6ab0e4000000 ---p 00000000 00:00 0 
6ab0e4000000-6ab0e4021000 rw-p 00000000 00:00 0 
6ab0e4021000-6ab0e8000000 ---p 00000000 00:00 0 
6ab0e8000000-6ab0e8021000 rw-p 00000000 00:00 0 
6ab0e8021000-6ab0ec000000 ---p 00000000 00:00 0 
6ab0ec000000-6ab0ec341000 rw-p 00000000 00:00 0 
6ab0ec341000-6ab0f0000000 ---p 00000000 00:00 0 
6ab0f0000000-6ab0f0021000 rw-p 00000000 00:00 0 
6ab0f0021000-6ab0f4000000 ---p 00000000 00:00 0 
6ab0f4000000-6ab0f4064000 rw-p 00000000 00:00 0 
6ab0f4064000-6ab0f8000000 ---p 00000000 00:00 0 
6ab0f8000000-6ab0f805b000 rw-p 00000000 00:00 0 
6ab0f805b000-6ab0fc000000 ---p 00000000 00:00 0 
6ab0fc000000-6ab0fc04a000 rw-p 00000000 00:00 0 
6ab0fc04a000-6ab100000000 ---p 00000000 00:00 0 
6ab100000000-6ab100021000 rw-p 00000000 00:00 0 
6ab100021000-6ab104000000 ---p 00000000 00:00 0 
6ab104000000-6ab104021000 rw-p 00000000 00:00 0 
6ab104021000-6ab108000000 ---p 00000000 00:00 0 
6ab108000000-6ab108021000 rw-p 00000000 00:00 0 
6ab108021000-6ab10c000000 ---p 00000000 00:00 0 
6ab10c000000-6ab10c031000 rw-p 00000000 00:00 0 
6ab10c031000-6ab110000000 ---p 00000000 00:00 0 
6ab110000000-6ab110021000 rw-p 00000000 00:00 0 
6ab110021000-6ab114000000 ---p 00000000 00:00 0 
6ab114000000-6ab114021000 rw-p 00000000 00:00 0 
6ab114021000-6ab118000000 ---p 00000000 00:00 0 
6ab118000000-6ab118021000 rw-p 00000000 00:00 0 
6ab118021000-6ab11c000000 ---p 00000000 00:00 0 
6ab11c000000-6ab11c021000 rw-p 00000000 00:00 0 
6ab11c021000-6ab120000000 ---p 00000000 00:00 0 
6ab120000000-6ab120021000 rw-p 00000000 00:00 0 
6ab120021000-6ab124000000 ---p 00000000 00:00 0 
6ab124000000-6ab124021000 rw-p 00000000 00:00 0 
6ab124021000-6ab128000000 ---p 00000000 00:00 0 
6ab128000000-6ab128021000 rw-p 00000000 00:00 0 
6ab128021000-6ab12c000000 ---p 00000000 00:00 0 
6ab12c000000-6ab12c021000 rw-p 00000000 00:00 0 
6ab12c021000-6ab130000000 ---p 00000000 00:00 0 
6ab130000000-6ab130021000 rw-p 00000000 00:00 0 
6ab130021000-6ab134000000 ---p 00000000 00:00 0 
6ab134000000-6ab134021000 rw-p 00000000 00:00 0 
6ab134021000-6ab138000000 ---p 00000000 00:00 0 
6ab138000000-6ab138021000 rw-p 00000000 00:00 0 
6ab138021000-6ab13c000000 ---p 00000000 00:00 0 
6ab13c000000-6ab13c021000 rw-p 00000000 00:00 0 
6ab13c021000-6ab140000000 ---p 00000000 00:00 0 
6ab140000000-6ab14094b000 rw-p 00000000 00:00 0 
6ab14094b000-6ab144000000 ---p 00000000 00:00 0 
6ab144000000-6ab144021000 rw-p 00000000 00:00 0 
6ab144021000-6ab148000000 ---p 00000000 00:00 0 
6ab148000000-6ab148213000 rw-p 00000000 00:00 0 
6ab148213000-6ab14c000000 ---p 00000000 00:00 0 
6ab14c000000-6ab14c721000 rw-p 00000000 00:00 0 
6ab14c721000-6ab150000000 ---p 00000000 00:00 0 
6ab150000000-6ab150c92000 rw-p 00000000 00:00 0 
6ab150c92000-6ab154000000 ---p 00000000 00:00 0 
6ab154000000-6ab154278000 rw-p 00000000 00:00 0 
6ab154278000-6ab158000000 ---p 00000000 00:00 0 
6ab158000000-6ab158021000 rw-p 00000000 00:00 0 
6ab158021000-6ab15c000000 ---p 00000000 00:00 0 
6ab15c000000-6ab15c021000 rw-p 00000000 00:00 0 
6ab15c021000-6ab160000000 ---p 00000000 00:00 0 
6ab160000000-6ab160248000 rw-p 00000000 00:00 0 
6ab160248000-6ab164000000 ---p 00000000 00:00 0 
6ab164000000-6ab1642f0000 rw-p 00000000 00:00 0 
6ab1642f0000-6ab168000000 ---p 00000000 00:00 0 
6ab168000000-6ab168965000 rw-p 00000000 00:00 0 
6ab168965000-6ab16c000000 ---p 00000000 00:00 0 
6ab16c000000-6ab16c23f000 rw-p 00000000 00:00 0 
6ab16c23f000-6ab170000000 ---p 00000000 00:00 0 
6ab170000000-6ab170021000 rw-p 00000000 00:00 0 
6ab170021000-6ab174000000 ---p 00000000 00:00 0 
6ab174000000-6ab174021000 rw-p 00000000 00:00 0 
6ab174021000-6ab178000000 ---p 00000000 00:00 0 
6ab178000000-6ab178023000 rw-p 00000000 00:00 0 
6ab178023000-6ab17c000000 ---p 00000000 00:00 0 
6ab17c000000-6ab17c021000 rw-p 00000000 00:00 0 
6ab17c021000-6ab180000000 ---p 00000000 00:00 0 
6ab180000000-6ab180022000 rw-p 00000000 00:00 0 
6ab180022000-6ab184000000 ---p 00000000 00:00 0 
6ab184000000-6ab184021000 rw-p 00000000 00:00 0 
6ab184021000-6ab188000000 ---p 00000000 00:00 0 
6ab188000000-6ab188040000 rw-p 00000000 00:00 0 
6ab188040000-6ab18c000000 ---p 00000000 00:00 0 
6ab18c000000-6ab18c03d000 rw-p 00000000 00:00 0 
6ab18c03d000-6ab190000000 ---p 00000000 00:00 0 
6ab190000000-6ab19002a000 rw-p 00000000 00:00 0 
6ab19002a000-6ab194000000 ---p 00000000 00:00 0 
6ab194000000-6ab19402a000 rw-p 00000000 00:00 0 
6ab19402a000-6ab198000000 ---p 00000000 00:00 0 
6ab198000000-6ab19804b000 rw-p 00000000 00:00 0 
6ab19804b000-6ab19c000000 ---p 00000000 00:00 0 
6ab19c000000-6ab19c023000 rw-p 00000000 00:00 0 
6ab19c023000-6ab1a0000000 ---p 00000000 00:00 0 
6ab1a0000000-6ab1a0042000 rw-p 00000000 00:00 0 
6ab1a0042000-6ab1a4000000 ---p 00000000 00:00 0 
6ab1a4000000-6ab1a4022000 rw-p 00000000 00:00 0 
6ab1a4022000-6ab1a8000000 ---p 00000000 00:00 0 
6ab1a8000000-6ab1a80aa000 rw-p 00000000 00:00 0 
6ab1a80aa000-6ab1ac000000 ---p 00000000 00:00 0 
6ab1ac000000-6ab1ac022000 rw-p 00000000 00:00 0 
6ab1ac022000-6ab1b0000000 ---p 00000000 00:00 0 
6ab1b0000000-6ab1b0022000 rw-p 00000000 00:00 0 
6ab1b0022000-6ab1b4000000 ---p 00000000 00:00 0 
6ab1b4000000-6ab1b4021000 rw-p 00000000 00:00 0 
6ab1b4021000-6ab1b8000000 ---p 00000000 00:00 0 
6ab1b8000000-6ab1b8023000 rw-p 00000000 00:00 0 
6ab1b8023000-6ab1bc000000 ---p 00000000 00:00 0 
6ab1bc000000-6ab1bc021000 rw-p 00000000 00:00 0 
6ab1bc021000-6ab1c0000000 ---p 00000000 00:00 0 
6ab1c0000000-6ab1c00e2000 rw-p 00000000 00:00 0 
6ab1c00e2000-6ab1c4000000 ---p 00000000 00:00 0 
6ab1c4000000-6ab1c4033000 rw-p 00000000 00:00 0 
6ab1c4033000-6ab1c8000000 ---p 00000000 00:00 0 
6ab1c8000000-6ab1c8034000 rw-p 00000000 00:00 0 
6ab1c8034000-6ab1cc000000 ---p 00000000 00:00 0 
6ab1cc000000-6ab1cc02b000 rw-p 00000000 00:00 0 
6ab1cc02b000-6ab1d0000000 ---p 00000000 00:00 0 
6ab1d0000000-6ab1d0021000 rw-p 00000000 00:00 0 
6ab1d0021000-6ab1d4000000 ---p 00000000 00:00 0 
6ab1d4000000-6ab1d4022000 rw-p 00000000 00:00 0 
6ab1d4022000-6ab1d8000000 ---p 00000000 00:00 0 
6ab1d8000000-6ab1d8021000 rw-p 00000000 00:00 0 
6ab1d8021000-6ab1dc000000 ---p 00000000 00:00 0 
6ab1dc000000-6ab1dc021000 rw-p 00000000 00:00 0 
6ab1dc021000-6ab1e0000000 ---p 00000000 00:00 0 
6ab1e0000000-6ab1e0021000 rw-p 00000000 00:00 0 
6ab1e0021000-6ab1e4000000 ---p 00000000 00:00 0 
6ab1e4000000-6ab1e4021000 rw-p 00000000 00:00 0 
6ab1e4021000-6ab1e8000000 ---p 00000000 00:00 0 
6ab1e8000000-6ab1e8280000 rw-p 00000000 00:00 0 
6ab1e8280000-6ab1e8400000 ---p 00000000 00:00 0 
6ab1e8400000-6ab1e88c0000 rw-p 00000000 00:00 0 
6ab1e88c0000-6ab1ec000000 ---p 00000000 00:00 0 
6ab1ec000000-6ab1ec021000 rw-p 00000000 00:00 0 
6ab1ec021000-6ab1f0000000 ---p 00000000 00:00 0 
6ab1f02da000-6ab1f05ca000 rw-p 00000000 00:00 0 
6ab1f0800000-6ab1f0804000 ---p 00000000 00:00 0 
6ab1f0804000-6ab1f0900000 rw-p 00000000 00:00 0 
6ab1f0900000-6ab1f0904000 ---p 00000000 00:00 0 
6ab1f0904000-6ab1f0a00000 rw-p 00000000 00:00 0 
6ab1f0a00000-6ab1f0a04000 ---p 00000000 00:00 0 
6ab1f0a04000-6ab1f0b00000 rw-p 00000000 00:00 0 
6ab1f0b00000-6ab1f0b04000 ---p 00000000 00:00 0 
6ab1f0b04000-6ab1f0c00000 rw-p 00000000 00:00 0 
6ab1f0c00000-6ab1f0c04000 ---p 00000000 00:00 0 
6ab1f0c04000-6ab1f0d00000 rw-p 00000000 00:00 0 
6ab1f0d00000-6ab1f0d04000 ---p 00000000 00:00 0 
6ab1f0d04000-6ab1f0e00000 rw-p 00000000 00:00 0 
6ab1f0e00000-6ab1f0e04000 ---p 00000000 00:00 0 
6ab1f0e04000-6ab1f0f00000 rw-p 00000000 00:00 0 
6ab1f0f00000-6ab1f0f04000 ---p 00000000 00:00 0 
6ab1f0f04000-6ab1f1000000 rw-p 00000000 00:00 0 
6ab1f1000000-6ab1f1004000 ---p 00000000 00:00 0 
6ab1f1004000-6ab1f1100000 rw-p 00000000 00:00 0 
6ab1f1100000-6ab1f1104000 ---p 00000000 00:00 0 
6ab1f1104000-6ab1f1200000 rw-p 00000000 00:00 0 
6ab1f1200000-6ab1f1204000 ---p 00000000 00:00 0 
6ab1f1204000-6ab1f1300000 rw-p 00000000 00:00 0 
6ab1f1300000-6ab1f1304000 ---p 00000000 00:00 0 
6ab1f1304000-6ab1f1400000 rw-p 00000000 00:00 0 
6ab1f1400000-6ab1f1404000 ---p 00000000 00:00 0 
6ab1f1404000-6ab1f1500000 rw-p 00000000 00:00 0 
6ab1f1500000-6ab1f1504000 ---p 00000000 00:00 0 
6ab1f1504000-6ab1f1600000 rw-p 00000000 00:00 0 
6ab1f1600000-6ab1f1604000 ---p 00000000 00:00 0 
6ab1f1604000-6ab1f1700000 rw-p 00000000 00:00 0 
6ab1f1700000-6ab1f1704000 ---p 00000000 00:00 0 
6ab1f1704000-6ab1f1800000 rw-p 00000000 00:00 0 
6ab1f1800000-6ab1f1804000 ---p 00000000 00:00 0 
6ab1f1804000-6ab1f1900000 rw-p 00000000 00:00 0 
6ab1f1900000-6ab1f1904000 ---p 00000000 00:00 0 
6ab1f1904000-6ab1f1a00000 rw-p 00000000 00:00 0 
6ab1f1a00000-6ab1f1a04000 ---p 00000000 00:00 0 
6ab1f1a04000-6ab1f1b00000 rw-p 00000000 00:00 0 
6ab1f1b00000-6ab1f1b04000 ---p 00000000 00:00 0 
6ab1f1b04000-6ab1f1c00000 rw-p 00000000 00:00 0 
6ab1f1c00000-6ab1f1c04000 ---p 00000000 00:00 0 
6ab1f1c04000-6ab1f1d00000 rw-p 00000000 00:00 0 
6ab1f1d00000-6ab1f1d04000 ---p 00000000 00:00 0 
6ab1f1d04000-6ab1f1e00000 rw-p 00000000 00:00 0 
6ab1f1e00000-6ab1f1e04000 ---p 00000000 00:00 0 
6ab1f1e04000-6ab1f1f00000 rw-p 00000000 00:00 0 
6ab1f1f00000-6ab1f1f04000 ---p 00000000 00:00 0 
6ab1f1f04000-6ab1f2000000 rw-p 00000000 00:00 0 
6ab1f2000000-6ab1f2004000 ---p 00000000 00:00 0 
6ab1f2004000-6ab1f2100000 rw-p 00000000 00:00 0 
6ab1f2100000-6ab1f2104000 ---p 00000000 00:00 0 
6ab1f2104000-6ab1f2200000 rw-p 00000000 00:00 0 
6ab1f2200000-6ab1f2204000 ---p 00000000 00:00 0 
6ab1f2204000-6ab1f2300000 rw-p 00000000 00:00 0 
6ab1f2300000-6ab1f2304000 ---p 00000000 00:00 0 
6ab1f2304000-6ab1f2400000 rw-p 00000000 00:00 0 
6ab1f2400000-6ab1f2404000 ---p 00000000 00:00 0 
6ab1f2404000-6ab1f2500000 rw-p 00000000 00:00 0 
6ab1f2500000-6ab1f2504000 ---p 00000000 00:00 0 
6ab1f2504000-6ab1f2600000 rw-p 00000000 00:00 0 
6ab1f2600000-6ab1f2604000 ---p 00000000 00:00 0 
6ab1f2604000-6ab1f2700000 rw-p 00000000 00:00 0 
6ab1f2700000-6ab1f2704000 ---p 00000000 00:00 0 
6ab1f2704000-6ab1f2800000 rw-p 00000000 00:00 0 
6ab1f2800000-6ab1f2804000 ---p 00000000 00:00 0 
6ab1f2804000-6ab1f2900000 rw-p 00000000 00:00 0 
6ab1f2900000-6ab1f2904000 ---p 00000000 00:00 0 
6ab1f2904000-6ab1f2a00000 rw-p 00000000 00:00 0 
6ab1f2a00000-6ab1f2a04000 ---p 00000000 00:00 0 
6ab1f2a04000-6ab1f2b00000 rw-p 00000000 00:00 0 
6ab1f2b00000-6ab1f2b04000 ---p 00000000 00:00 0 
6ab1f2b04000-6ab1f2c00000 rw-p 00000000 00:00 0 
6ab1f2c00000-6ab1f2c04000 ---p 00000000 00:00 0 
6ab1f2c04000-6ab1f2d00000 rw-p 00000000 00:00 0 
6ab1f2d00000-6ab1f2d04000 ---p 00000000 00:00 0 
6ab1f2d04000-6ab1f2e00000 rw-p 00000000 00:00 0 
6ab1f2e00000-6ab1f2e04000 ---p 00000000 00:00 0 
6ab1f2e04000-6ab1f2f00000 rw-p 00000000 00:00 0 
6ab1f2f00000-6ab1f2f04000 ---p 00000000 00:00 0 
6ab1f2f04000-6ab1f3000000 rw-p 00000000 00:00 0 
6ab1f3000000-6ab1f3ca3000 rw-p 00001000 fc:00 49677059                   /mydata/openjdk-mmtk/build/b0test/images/jdk/lib/server/classes.jsa
6ab1f3ca3000-6ab1f4000000 ---p 00000000 00:00 0 
6ab1f4000000-6ab1f4040000 rw-p 00000000 00:00 0 
6ab1f4040000-6ab1f4110000 rw-p 00000000 00:00 0 
6ab1f4110000-6ab234000000 ---p 00000000 00:00 0 
6ab234000000-6ab234021000 rw-p 00000000 00:00 0 
6ab234021000-6ab238000000 ---p 00000000 00:00 0 
6ab2380fb000-6ab2380ff000 ---p 00000000 00:00 0 
6ab2380ff000-6ab2381fb000 rw-p 00000000 00:00 0 
6ab2381fb000-6ab2381ff000 ---p 00000000 00:00 0 
6ab2381ff000-6ab2382fb000 rw-p 00000000 00:00 0 
6ab2382fb000-6ab2382ff000 ---p 00000000 00:00 0 
6ab2382ff000-6ab2383fb000 rw-p 00000000 00:00 0 
6ab2383fb000-6ab2383ff000 ---p 00000000 00:00 0 
6ab2383ff000-6ab2384fb000 rw-p 00000000 00:00 0 
6ab2384fb000-6ab2384ff000 ---p 00000000 00:00 0 
6ab2384ff000-6ab2385fb000 rw-p 00000000 00:00 0 
6ab2385fb000-6ab2385ff000 ---p 00000000 00:00 0 
6ab2385ff000-6ab2386fb000 rw-p 00000000 00:00 0 
6ab2386fb000-6ab2386ff000 ---p 00000000 00:00 0 
6ab2386ff000-6ab2387fb000 rw-p 00000000 00:00 0 
6ab2387fb000-6ab2387ff000 ---p 00000000 00:00 0 
6ab2387ff000-6ab2388fb000 rw-p 00000000 00:00 0 
6ab2388fb000-6ab2388ff000 ---p 00000000 00:00 0 
6ab2388ff000-6ab2389fb000 rw-p 00000000 00:00 0 
6ab2389fb000-6ab2389ff000 ---p 00000000 00:00 0 
6ab2389ff000-6ab238afb000 rw-p 00000000 00:00 0 
6ab238afb000-6ab238aff000 ---p 00000000 00:00 0 
6ab238aff000-6ab238bfb000 rw-p 00000000 00:00 0 
6ab238bfb000-6ab238bff000 ---p 00000000 00:00 0 
6ab238bff000-6ab238cfb000 rw-p 00000000 00:00 0 
6ab238cfb000-6ab238cfc000 ---p 00000000 00:00 0 
6ab238cfc000-6ab238dfc000 rw-p 00000000 00:00 0 
6ab238dfc000-6ab238dfd000 ---p 00000000 00:00 0 
6ab238dfd000-6ab238efd000 rw-p 00000000 00:00 0 
6ab238efd000-6ab238efe000 ---p 00000000 00:00 0 
6ab238efe000-6ab238ffe000 rw-p 00000000 00:00 0 
6ab238ffe000-6ab238fff000 ---p 00000000 00:00 0 
6ab238fff000-6ab2390ff000 rw-p 00000000 00:00 0 
6ab2390ff000-6ab239100000 ---p 00000000 00:00 0 
6ab239100000-6ab239200000 rw-p 00000000 00:00 0 
6ab239200000-6ab23c200000 rw-p 00000000 00:00 0 
6ab23c2fb000-6ab23c2fc000 ---p 00000000 00:00 0 
6ab23c2fc000-6ab23c3fc000 rw-p 00000000 00:00 0 
6ab23c3fc000-6ab26c400000 rw-p 00000000 00:00 0 
6ab26c400000-6ab26d400000 ---p 00000000 00:00 0                          [anon:mmtk:sidemeta:all:all-quarantined]
6ab26d400000-6ab26dc00000 rw-p 00000000 00:00 0                          [anon:mmtk:sidemeta:immix:VO_BIT]
6ab26dc00000-6cb26e400000 ---p 00000000 00:00 0                          [anon:mmtk:sidemeta:all:all-quarantined]
6cb26e400000-6cb26e800000 rw-p 00000000 00:00 0                          [anon:mmtk:sidemeta:immix:CHUNK_MARK]
6cb26e800000-6cb271400000 ---p 00000000 00:00 0                          [anon:mmtk:sidemeta:all:all-quarantined]
6cb271400000-6cb271c00000 rw-p 00000000 00:00 0                          [anon:mmtk:sidemeta:immix:VMGlobalLogBitSpec]
6cb271c00000-6eba70800000 ---p 00000000 00:00 0                          [anon:mmtk:sidemeta:all:all-quarantined]
6eba70800000-6eba70c00000 rw-p 00000000 00:00 0                          [anon:mmtk:sidemeta:immix:IX_LINE_MARK]
6eba70c00000-6f3a70400000 ---p 00000000 00:00 0                          [anon:mmtk:sidemeta:all:all-quarantined]
6f3a70400000-6f3a70800000 rw-p 00000000 00:00 0                          [anon:mmtk:sidemeta:immix:IX_BLOCK_DEFRAG]
6f3a70800000-6f3b70400000 ---p 00000000 00:00 0                          [anon:mmtk:sidemeta:all:all-quarantined]
6f3b70400000-6f3b70800000 rw-p 00000000 00:00 0                          [anon:mmtk:sidemeta:immix:IX_BLOCK_MARK]
6f3b70800000-755cf0400000 ---p 00000000 00:00 0                          [anon:mmtk:sidemeta:all:all-quarantined]
755cf0400000-755cf0800000 rw-p 00000000 00:00 0                          [anon:mmtk:sidemeta:los:VMLocalLOSMarkNurserySpec]
755cf0800000-755ef1400000 ---p 00000000 00:00 0                          [anon:mmtk:sidemeta:all:all-quarantined]
755ef1400000-755ef1c00000 rw-p 00000000 00:00 0                          [anon:mmtk:sidemeta:immix:VMLocalMarkBitSpec]
755ef1c00000-775ef0400000 ---p 00000000 00:00 0                          [anon:mmtk:sidemeta:all:all-quarantined]
775ef04fc000-775ef04fd000 ---p 00000000 00:00 0 
775ef04fd000-775ef05fd000 rw-p 00000000 00:00 0 
775ef05fd000-775ef05fe000 ---p 00000000 00:00 0 
775ef05fe000-775ef06fe000 rw-p 00000000 00:00 0 
775ef06fe000-775ef06ff000 ---p 00000000 00:00 0 
775ef06ff000-775ef07ff000 rw-p 00000000 00:00 0 
775ef07ff000-775f10800000 rw-p 00000000 00:00 0 
775f10800000-775f10e50000 rwxp 00000000 00:00 0 
775f10e50000-775f17c17000 ---p 00000000 00:00 0 
775f17c17000-775f17f97000 rwxp 00000000 00:00 0 
775f17f97000-775f183e8000 ---p 00000000 00:00 0 
775f183e8000-775f18658000 rwxp 00000000 00:00 0 
775f18658000-775f1f800000 ---p 00000000 00:00 0 
775f1f800000-775f27fa0000 r--s 00000000 fc:00 49676300                   /mydata/openjdk-mmtk/build/b0test/images/jdk/lib/modules
775f28000000-775f287e0000 rw-p 00000000 00:00 0 
775f287e0000-775f2c000000 ---p 00000000 00:00 0 
775f2c021000-775f2c026000 r--p 00000000 fc:00 49676433                   /mydata/openjdk-mmtk/build/b0test/images/jdk/lib/libjsvml.so
775f2c026000-775f2c067000 r-xp 00005000 fc:00 49676433                   /mydata/openjdk-mmtk/build/b0test/images/jdk/lib/libjsvml.so
775f2c067000-775f2c0f0000 r--p 00046000 fc:00 49676433                   /mydata/openjdk-mmtk/build/b0test/images/jdk/lib/libjsvml.so
775f2c0f0000-775f2c0f1000 r--p 000ce000 fc:00 49676433                   /mydata/openjdk-mmtk/build/b0test/images/jdk/lib/libjsvml.so
775f2c0f1000-775f2c0f2000 rw-p 000cf000 fc:00 49676433                   /mydata/openjdk-mmtk/build/b0test/images/jdk/lib/libjsvml.so
775f2c0f2000-775f2c0f3000 ---p 00000000 00:00 0 
775f2c0f3000-775f2c1f3000 rw-p 00000000 00:00 0 
775f2c1f3000-775f2c1f4000 ---p 00000000 00:00 0 
775f2c1f4000-775f2c2f4000 rw-p 00000000 00:00 0 
775f2c2f4000-775f2c2f5000 ---p 00000000 00:00 0 
775f2c2f5000-775f2c3f5000 rw-p 00000000 00:00 0 
775f2c3f5000-775f2c3f6000 ---p 00000000 00:00 0 
775f2c3f6000-775f2c4f6000 rw-p 00000000 00:00 0 
775f2c4f6000-775f2c4f7000 ---p 00000000 00:00 0 
775f2c4f7000-775f2c5f7000 rw-p 00000000 00:00 0 
775f2c5f7000-775f2c5f8000 ---p 00000000 00:00 0 
775f2c5f8000-775f2c6f8000 rw-p 00000000 00:00 0 
775f2c6f8000-775f2c6f9000 ---p 00000000 00:00 0 
775f2c6f9000-775f2c7f9000 rw-p 00000000 00:00 0 
775f2c7f9000-775f2c7fa000 ---p 00000000 00:00 0 
775f2c7fa000-775f2c8fa000 rw-p 00000000 00:00 0 
775f2c8fa000-775f2c8fb000 ---p 00000000 00:00 0 
775f2c8fb000-775f2c9fb000 rw-p 00000000 00:00 0 
775f2c9fb000-775f2c9fc000 ---p 00000000 00:00 0 
775f2c9fc000-775f2cafc000 rw-p 00000000 00:00 0 
775f2cafc000-775f2cafd000 ---p 00000000 00:00 0 
775f2cafd000-775f2cbfd000 rw-p 00000000 00:00 0 
775f2cbfd000-775f2cbfe000 ---p 00000000 00:00 0 
775f2cbfe000-775f2ccfe000 rw-p 00000000 00:00 0 
775f2ccfe000-775f2ccff000 ---p 00000000 00:00 0 
775f2ccff000-775f2cdff000 rw-p 00000000 00:00 0 
775f2cdff000-775f2ce00000 ---p 00000000 00:00 0 
775f2ce00000-775f2cf00000 rw-p 00000000 00:00 0 
775f2cf00000-775f2cf04000 ---p 00000000 00:00 0 
775f2cf04000-775f2d000000 rw-p 00000000 00:00 0 
775f2d000000-775f2d004000 ---p 00000000 00:00 0 
775f2d004000-775f2d100000 rw-p 00000000 00:00 0 
775f2d100000-775f2d104000 ---p 00000000 00:00 0 
775f2d104000-775f2d200000 rw-p 00000000 00:00 0 
775f2d200000-775f2d4eb000 r--p 00000000 08:03 1410552                    /usr/lib/locale/locale-archive
775f2d4fc000-775f2d4fd000 ---p 00000000 00:00 0 
775f2d4fd000-775f2d5fd000 rw-p 00000000 00:00 0 
775f2d5fd000-775f2d5fe000 ---p 00000000 00:00 0 
775f2d5fe000-775f2d6fe000 rw-p 00000000 00:00 0 
775f2d6fe000-775f2d6ff000 ---p 00000000 00:00 0 
775f2d6ff000-775f2d7ff000 rw-p 00000000 00:00 0 
775f2d7ff000-775f2de00000 rw-p 00000000 00:00 0 
775f2de00000-775f2de0c000 r--p 00000000 fc:00 13107820                   /mydata/gc-bpf-fault/shim/libgcbpf.so
775f2de0c000-775f2de6e000 r-xp 0000c000 fc:00 13107820                   /mydata/gc-bpf-fault/shim/libgcbpf.so
775f2de6e000-775f2e0de000 r--p 0006e000 fc:00 13107820                   /mydata/gc-bpf-fault/shim/libgcbpf.so
775f2e0de000-775f2e0e0000 r--p 002de000 fc:00 13107820                   /mydata/gc-bpf-fault/shim/libgcbpf.so
775f2e0e0000-775f2e0e1000 rw-p 002e0000 fc:00 13107820                   /mydata/gc-bpf-fault/shim/libgcbpf.so
775f2e0e1000-775f2e0e2000 rw-p 00000000 00:00 0 
775f2e174000-775f2e178000 r--p 00000000 08:03 1410107                    /usr/lib/x86_64-linux-gnu/libzstd.so.1.5.5
775f2e178000-775f2e21f000 r-xp 00004000 08:03 1410107                    /usr/lib/x86_64-linux-gnu/libzstd.so.1.5.5
775f2e21f000-775f2e22c000 r--p 000ab000 08:03 1410107                    /usr/lib/x86_64-linux-gnu/libzstd.so.1.5.5
775f2e22c000-775f2e22d000 r--p 000b7000 08:03 1410107                    /usr/lib/x86_64-linux-gnu/libzstd.so.1.5.5
775f2e22d000-775f2e22e000 rw-p 000b8000 08:03 1410107                    /usr/lib/x86_64-linux-gnu/libzstd.so.1.5.5
775f2e22e000-775f2e233000 rw-p 00000000 00:00 0 
775f2e233000-775f2e317000 ---p 00000000 00:00 0 
775f2e317000-775f2e324000 rw-p 00000000 00:00 0 
775f2e324000-775f2e400000 ---p 00000000 00:00 0 
775f2e400000-775f2e54b000 r--p 00000000 fc:00 49676390                   /mydata/openjdk-mmtk/build/b0test/images/jdk/lib/server/libmmtk_openjdk.so
775f2e54b000-775f2e7d0000 r-xp 0014a000 fc:00 49676390                   /mydata/openjdk-mmtk/build/b0test/images/jdk/lib/server/libmmtk_openjdk.so
775f2e7d0000-775f2e811000 r--p 003ce000 fc:00 49676390                   /mydata/openjdk-mmtk/build/b0test/images/jdk/lib/server/libmmtk_openjdk.so
775f2e811000-775f2e814000 rw-p 0040e000 fc:00 49676390                   /mydata/openjdk-mmtk/build/b0test/images/jdk/lib/server/libmmtk_openjdk.so
775f2e814000-775f2e816000 rw-p 00000000 00:00 0 
775f2e89e000-775f2e8a2000 r--p 00000000 fc:00 49676379                   /mydata/openjdk-mmtk/build/b0test/images/jdk/lib/libverify.so
775f2e8a2000-775f2e8a9000 r-xp 00004000 fc:00 49676379                   /mydata/openjdk-mmtk/build/b0test/images/jdk/lib/libverify.so
775f2e8a9000-775f2e8ab000 r--p 0000b000 fc:00 49676379                   /mydata/openjdk-mmtk/build/b0test/images/jdk/lib/libverify.so
775f2e8ab000-775f2e8ad000 r--p 0000c000 fc:00 49676379                   /mydata/openjdk-mmtk/build/b0test/images/jdk/lib/libverify.so
775f2e8ad000-775f2e8ae000 rw-p 0000e000 fc:00 49676379                   /mydata/openjdk-mmtk/build/b0test/images/jdk/lib/libverify.so
775f2e8ae000-775f2e8b1000 r--p 00000000 fc:00 49676376                   /mydata/openjdk-mmtk/build/b0test/images/jdk/lib/libnet.so
775f2e8b1000-775f2e8b9000 r-xp 00003000 fc:00 49676376                   /mydata/openjdk-mmtk/build/b0test/images/jdk/lib/libnet.so
775f2e8b9000-775f2e8bb000 r--p 0000b000 fc:00 49676376                   /mydata/openjdk-mmtk/build/b0test/images/jdk/lib/libnet.so
775f2e8bb000-775f2e8bc000 r--p 0000c000 fc:00 49676376                   /mydata/openjdk-mmtk/build/b0test/images/jdk/lib/libnet.so
775f2e8bc000-775f2e8bd000 rw-p 0000d000 fc:00 49676376                   /mydata/openjdk-mmtk/build/b0test/images/jdk/lib/libnet.so
775f2e8bd000-775f2e8c0000 r--p 00000000 08:03 1410420                    /usr/lib/x86_64-linux-gnu/libelf-0.190.so
775f2e8c0000-775f2e8d6000 r-xp 00003000 08:03 1410420                    /usr/lib/x86_64-linux-gnu/libelf-0.190.so
775f2e8d6000-775f2e8da000 r--p 00019000 08:03 1410420                    /usr/lib/x86_64-linux-gnu/libelf-0.190.so
775f2e8da000-775f2e8db000 r--p 0001c000 08:03 1410420                    /usr/lib/x86_64-linux-gnu/libelf-0.190.so
775f2e8db000-775f2e8dc000 rw-p 0001d000 08:03 1410420                    /usr/lib/x86_64-linux-gnu/libelf-0.190.so
775f2e8dc000-775f2e8e9000 r--p 00000000 fc:00 49676369                   /mydata/openjdk-mmtk/build/b0test/images/jdk/lib/libjava.so
775f2e8e9000-775f2e8f8000 r-xp 0000d000 fc:00 49676369                   /mydata/openjdk-mmtk/build/b0test/images/jdk/lib/libjava.so
775f2e8f8000-775f2e8fd000 r--p 0001c000 fc:00 49676369                   /mydata/openjdk-mmtk/build/b0test/images/jdk/lib/libjava.so
775f2e8fd000-775f2e8fe000 r--p 00021000 fc:00 49676369                   /mydata/openjdk-mmtk/build/b0test/images/jdk/lib/libjava.so
775f2e8fe000-775f2e8ff000 rw-p 00022000 fc:00 49676369                   /mydata/openjdk-mmtk/build/b0test/images/jdk/lib/libjava.so
775f2e8ff000-775f2e900000 rw-p 00000000 00:00 0 
775f2e900000-775f2e904000 ---p 00000000 00:00 0 
775f2e904000-775f2ea00000 rw-p 00000000 00:00 0 
775f2ea00000-775f2eca9000 r--p 00000000 fc:00 49676389                   /mydata/openjdk-mmtk/build/b0test/images/jdk/lib/server/libjvm.so
775f2eca9000-775f2fb3c000 r-xp 002a9000 fc:00 49676389                   /mydata/openjdk-mmtk/build/b0test/images/jdk/lib/server/libjvm.so
775f2fb3c000-775f2fe20000 r--p 0113c000 fc:00 49676389                   /mydata/openjdk-mmtk/build/b0test/images/jdk/lib/server/libjvm.so
775f2fe20000-775f2fef6000 r--p 0141f000 fc:00 49676389                   /mydata/openjdk-mmtk/build/b0test/images/jdk/lib/server/libjvm.so
775f2fef6000-775f2ff26000 rw-p 014f5000 fc:00 49676389                   /mydata/openjdk-mmtk/build/b0test/images/jdk/lib/server/libjvm.so
775f2ff26000-775f2ff8c000 rw-p 00000000 00:00 0 
775f2ff8e000-775f2ff90000 r--p 00000000 fc:00 49676380                   /mydata/openjdk-mmtk/build/b0test/images/jdk/lib/libzip.so
775f2ff90000-775f2ff95000 r-xp 00002000 fc:00 49676380                   /mydata/openjdk-mmtk/build/b0test/images/jdk/lib/libzip.so
775f2ff95000-775f2ff97000 r--p 00007000 fc:00 49676380                   /mydata/openjdk-mmtk/build/b0test/images/jdk/lib/libzip.so
775f2ff97000-775f2ff98000 r--p 00008000 fc:00 49676380                   /mydata/openjdk-mmtk/build/b0test/images/jdk/lib/libzip.so
775f2ff98000-775f2ff99000 rw-p 00009000 fc:00 49676380                   /mydata/openjdk-mmtk/build/b0test/images/jdk/lib/libzip.so
775f2ff99000-775f2ffa0000 r--p 00000000 fc:00 49676377                   /mydata/openjdk-mmtk/build/b0test/images/jdk/lib/libnio.so
775f2ffa0000-775f2ffa9000 r-xp 00007000 fc:00 49676377                   /mydata/openjdk-mmtk/build/b0test/images/jdk/lib/libnio.so
775f2ffa9000-775f2ffad000 r--p 00010000 fc:00 49676377                   /mydata/openjdk-mmtk/build/b0test/images/jdk/lib/libnio.so
775f2ffad000-775f2ffae000 r--p 00014000 fc:00 49676377                   /mydata/openjdk-mmtk/build/b0test/images/jdk/lib/libnio.so
775f2ffae000-775f2ffaf000 rw-p 00015000 fc:00 49676377                   /mydata/openjdk-mmtk/build/b0test/images/jdk/lib/libnio.so
775f2ffaf000-775f2ffb3000 r--p 00000000 fc:00 49676370                   /mydata/openjdk-mmtk/build/b0test/images/jdk/lib/libjimage.so
775f2ffb3000-775f2ffca000 r-xp 00004000 fc:00 49676370                   /mydata/openjdk-mmtk/build/b0test/images/jdk/lib/libjimage.so
775f2ffca000-775f2ffcf000 r--p 0001b000 fc:00 49676370                   /mydata/openjdk-mmtk/build/b0test/images/jdk/lib/libjimage.so
775f2ffcf000-775f2ffd1000 r--p 00020000 fc:00 49676370                   /mydata/openjdk-mmtk/build/b0test/images/jdk/lib/libjimage.so
775f2ffd1000-775f2ffd2000 rw-p 00022000 fc:00 49676370                   /mydata/openjdk-mmtk/build/b0test/images/jdk/lib/libjimage.so
775f2ffd2000-775f2ffd6000 r--p 00000000 08:03 1410148                    /usr/lib/x86_64-linux-gnu/libgcc_s.so.1
775f2ffd6000-775f2fffa000 r-xp 00004000 08:03 1410148                    /usr/lib/x86_64-linux-gnu/libgcc_s.so.1
775f2fffa000-775f2fffe000 r--p 00028000 08:03 1410148                    /usr/lib/x86_64-linux-gnu/libgcc_s.so.1
775f2fffe000-775f2ffff000 r--p 0002b000 08:03 1410148                    /usr/lib/x86_64-linux-gnu/libgcc_s.so.1
775f2ffff000-775f30000000 rw-p 0002c000 08:03 1410148                    /usr/lib/x86_64-linux-gnu/libgcc_s.so.1
775f30000000-775f30028000 r--p 00000000 08:03 1410238                    /usr/lib/x86_64-linux-gnu/libc.so.6
775f30028000-775f301b0000 r-xp 00028000 08:03 1410238                    /usr/lib/x86_64-linux-gnu/libc.so.6
775f301b0000-775f301ff000 r--p 001b0000 08:03 1410238                    /usr/lib/x86_64-linux-gnu/libc.so.6
775f301ff000-775f30203000 r--p 001fe000 08:03 1410238                    /usr/lib/x86_64-linux-gnu/libc.so.6
775f30203000-775f30205000 rw-p 00202000 08:03 1410238                    /usr/lib/x86_64-linux-gnu/libc.so.6
775f30205000-775f30212000 rw-p 00000000 00:00 0 
775f30212000-775f30219000 r--s 00000000 08:03 1436340                    /usr/lib/x86_64-linux-gnu/gconv/gconv-modules.cache
775f30219000-775f30220000 rw-p 00000000 00:00 0 
775f30220000-775f30229000 ---p 00000000 00:00 0 
775f30229000-775f30231000 rw-s 00000000 08:03 237590                     /tmp/hsperfdata_root/515033
775f30231000-775f30241000 r--p 00000000 08:03 1411099                    /usr/lib/x86_64-linux-gnu/libm.so.6
775f30241000-775f302c0000 r-xp 00010000 08:03 1411099                    /usr/lib/x86_64-linux-gnu/libm.so.6
775f302c0000-775f30318000 r--p 0008f000 08:03 1411099                    /usr/lib/x86_64-linux-gnu/libm.so.6
775f30318000-775f30319000 r--p 000e7000 08:03 1411099                    /usr/lib/x86_64-linux-gnu/libm.so.6
775f30319000-775f3031a000 rw-p 000e8000 08:03 1411099                    /usr/lib/x86_64-linux-gnu/libm.so.6
775f3031a000-775f3031c000 rw-p 00000000 00:00 0 
775f3031c000-775f3031e000 r--p 00000000 08:03 1409104                    /usr/lib/x86_64-linux-gnu/libz.so.1.3
775f3031e000-775f30330000 r-xp 00002000 08:03 1409104                    /usr/lib/x86_64-linux-gnu/libz.so.1.3
775f30330000-775f30336000 r--p 00014000 08:03 1409104                    /usr/lib/x86_64-linux-gnu/libz.so.1.3
775f30336000-775f30337000 r--p 0001a000 08:03 1409104                    /usr/lib/x86_64-linux-gnu/libz.so.1.3
775f30337000-775f30338000 rw-p 0001b000 08:03 1409104                    /usr/lib/x86_64-linux-gnu/libz.so.1.3
775f3033d000-775f3033e000 rw-s 00000000 00:10 68                         anon_inode:bpf-map
775f3033e000-775f3033f000 r--s 00000000 00:10 68                         anon_inode:bpf-map
775f3033f000-775f30340000 ---p 00000000 00:00 0 
775f30340000-775f30341000 r--p 00000000 00:00 0 
775f30341000-775f30342000 ---p 00000000 00:00 0 
775f30342000-775f30344000 r--p 00000000 fc:00 49676372                   /mydata/openjdk-mmtk/build/b0test/images/jdk/lib/libjli.so
775f30344000-775f3034e000 r-xp 00002000 fc:00 49676372                   /mydata/openjdk-mmtk/build/b0test/images/jdk/lib/libjli.so
775f3034e000-775f30351000 r--p 0000c000 fc:00 49676372                   /mydata/openjdk-mmtk/build/b0test/images/jdk/lib/libjli.so
775f30351000-775f30352000 r--p 0000f000 fc:00 49676372                   /mydata/openjdk-mmtk/build/b0test/images/jdk/lib/libjli.so
775f30352000-775f30353000 rw-p 00010000 fc:00 49676372                   /mydata/openjdk-mmtk/build/b0test/images/jdk/lib/libjli.so
775f30353000-775f30355000 rw-p 00000000 00:00 0 
775f30355000-775f30359000 r--p 00000000 00:00 0                          [vvar]
775f30359000-775f3035b000 r--p 00000000 00:00 0                          [vvar_vclock]
775f3035b000-775f3035d000 r-xp 00000000 00:00 0                          [vdso]
775f3035d000-775f3035e000 r--p 00000000 08:03 1409763                    /usr/lib/x86_64-linux-gnu/ld-linux-x86-64.so.2
775f3035e000-775f30389000 r-xp 00001000 08:03 1409763                    /usr/lib/x86_64-linux-gnu/ld-linux-x86-64.so.2
775f30389000-775f30393000 r--p 0002c000 08:03 1409763                    /usr/lib/x86_64-linux-gnu/ld-linux-x86-64.so.2
775f30393000-775f30395000 r--p 00036000 08:03 1409763                    /usr/lib/x86_64-linux-gnu/ld-linux-x86-64.so.2
775f30395000-775f30397000 rw-p 00038000 08:03 1409763                    /usr/lib/x86_64-linux-gnu/ld-linux-x86-64.so.2
7ffdaf61f000-7ffdaf640000 rw-p 00000000 00:00 0                          [stack]
ffffffffff600000-ffffffffff601000 --xp 00000000 00:00 0                  [vsyscall]
Total number of mappings: 540

JVMTI agents: none


VM Arguments:
jvm_args: -XX:+UseThirdPartyHeap -Xms512m -Xmx512m 
java_command: /mydata/dacapo/dacapo-23.11/dacapo-23.11-MR2-chopin.jar xalan -n 3
java_class_path (initial): /mydata/dacapo/dacapo-23.11/dacapo-23.11-MR2-chopin.jar
Launcher Type: SUN_STANDARD

[Global flags]
     intx CICompilerCount                          = 15                                        {product} {ergonomic}
   size_t InitialHeapSize                          = 536870912                                 {product} {command line}
   size_t MaxHeapSize                              = 536870912                                 {product} {command line}
   size_t MinHeapDeltaBytes                        = 524288                                    {product} {ergonomic}
   size_t MinHeapSize                              = 536870912                                 {product} {command line}
    uintx NonNMethodCodeHeapSize                   = 8192380                                {pd product} {ergonomic}
    uintx NonProfiledCodeHeapSize                  = 121732930                              {pd product} {ergonomic}
    uintx ProfiledCodeHeapSize                     = 121732930                              {pd product} {ergonomic}
    uintx ReservedCodeCacheSize                    = 251658240                              {pd product} {ergonomic}
     bool SegmentedCodeCache                       = true                                      {product} {ergonomic}
   size_t SoftMaxHeapSize                          = 536870912                              {manageable} {ergonomic}
     bool UseCompressedOops                        = true                           {product lp64_product} {ergonomic}

Logging:
Log output configuration:
 #0: stdout all=warning uptime,level,tags foldmultilines=false
 #1: stderr all=off uptime,level,tags foldmultilines=false

Release file:
IMPLEMENTOR="N/A"
JAVA_RUNTIME_VERSION="21.0.9-internal-adhoc.talzuss.openjdk-mmtk"
JAVA_VERSION="21.0.9"
JAVA_VERSION_DATE="2025-10-21"
LIBC="gnu"
MODULES="java.base java.compiler java.datatransfer java.xml java.prefs java.desktop java.instrument java.logging java.management java.security.sasl java.naming java.rmi java.management.rmi java.net.http java.scripting java.security.jgss java.transaction.xa java.sql java.sql.rowset java.xml.crypto java.se java.smartcardio jdk.accessibility jdk.internal.jvmstat jdk.attach jdk.charsets jdk.internal.opt jdk.zipfs jdk.compiler jdk.crypto.ec jdk.crypto.cryptoki jdk.dynalink jdk.internal.ed jdk.editpad jdk.hotspot.agent jdk.httpserver jdk.incubator.vector jdk.internal.le jdk.internal.vm.ci jdk.internal.vm.compiler jdk.internal.vm.compiler.management jdk.jartool jdk.javadoc jdk.jcmd jdk.management jdk.management.agent jdk.jconsole jdk.jdeps jdk.jdwp.agent jdk.jdi jdk.jfr jdk.jlink jdk.jpackage jdk.jshell jdk.jsobject jdk.jstatd jdk.localedata jdk.management.jfr jdk.naming.dns jdk.naming.rmi jdk.net jdk.nio.mapmode jdk.random jdk.sctp jdk.security.auth jdk.security.jgss jdk.unsupported jdk.unsupported.desktop jdk.xml.dom"
OS_ARCH="x86_64"
OS_NAME="Linux"
SOURCE=".:git:b557520f04b3+"

Environment Variables:
PATH=/usr/local/sbin:/usr/local/bin:/usr/sbin:/usr/bin:/sbin:/bin:/snap/bin
SHELL=/bin/bash
LANG=en_US.UTF-8
TERM=tmux-256color

Active Locale:
LC_ALL=en_US.UTF-8
LC_COLLATE=en_US.UTF-8
LC_CTYPE=en_US.UTF-8
LC_MESSAGES=en_US.UTF-8
LC_MONETARY=en_US.UTF-8
LC_NUMERIC=en_US.UTF-8
LC_TIME=en_US.UTF-8

Signal Handlers:
   SIGSEGV: crash_handler in libjvm.so, mask=11100100010111111101111111111110, flags=SA_RESTART|SA_SIGINFO, unblocked
    SIGBUS: crash_handler in libjvm.so, mask=11100100010111111101111111111110, flags=SA_RESTART|SA_SIGINFO, unblocked
    SIGFPE: crash_handler in libjvm.so, mask=11100100010111111101111111111110, flags=SA_RESTART|SA_SIGINFO, unblocked
   SIGPIPE: javaSignalHandler in libjvm.so, mask=11100100010111111101111111111110, flags=SA_RESTART|SA_SIGINFO, blocked
   SIGXFSZ: javaSignalHandler in libjvm.so, mask=11100100010111111101111111111110, flags=SA_RESTART|SA_SIGINFO, blocked
    SIGILL: crash_handler in libjvm.so, mask=11100100010111111101111111111110, flags=SA_RESTART|SA_SIGINFO, unblocked
   SIGUSR2: SR_handler in libjvm.so, mask=00000000000000000000000000000000, flags=SA_RESTART|SA_SIGINFO, blocked
    SIGHUP: UserHandler in libjvm.so, mask=11100100010111111101111111111110, flags=SA_RESTART|SA_SIGINFO, blocked
    SIGINT: UserHandler in libjvm.so, mask=11100100010111111101111111111110, flags=SA_RESTART|SA_SIGINFO, blocked
   SIGTERM: UserHandler in libjvm.so, mask=11100100010111111101111111111110, flags=SA_RESTART|SA_SIGINFO, blocked
   SIGQUIT: UserHandler in libjvm.so, mask=11100100010111111101111111111110, flags=SA_RESTART|SA_SIGINFO, blocked
   SIGTRAP: crash_handler in libjvm.so, mask=11100100010111111101111111111110, flags=SA_RESTART|SA_SIGINFO, unblocked


Periodic native trim disabled

---------------  S Y S T E M  ---------------

OS:
DISTRIB_ID=Ubuntu
DISTRIB_RELEASE=24.04
DISTRIB_CODENAME=noble
DISTRIB_DESCRIPTION="Ubuntu 24.04.4 LTS"
uname: Linux 6.17.0-bpf-fault+ #1 SMP PREEMPT_DYNAMIC Mon Jul  6 16:43:12 MDT 2026 x86_64
OS uptime: 1 days 7:05 hours
libc: glibc 2.39 NPTL 2.39 
rlimit (soft/hard): STACK 8192k/infinity , CORE 0k/0k , NPROC 513205/513205 , NOFILE 1048576/1048576 , AS infinity/infinity , CPU infinity/infinity , DATA infinity/infinity , FSIZE infinity/infinity , MEMLOCK 16436528k/16436528k
load average: 4.15 2.77 2.19

/proc/meminfo:
MemTotal:       131492232 kB
MemFree:        75654368 kB
MemAvailable:   123539212 kB
Buffers:          598568 kB
Cached:         46515892 kB
SwapCached:            0 kB
Active:          2454592 kB
Inactive:       46290724 kB
Active(anon):    1648068 kB
Inactive(anon):        0 kB
Active(file):     806524 kB
Inactive(file): 46290724 kB
Unevictable:       41912 kB
Mlocked:           38840 kB
SwapTotal:       8388604 kB
SwapFree:        8388604 kB
Zswap:                 0 kB
Zswapped:              0 kB
Dirty:              9356 kB
Writeback:             0 kB
AnonPages:       1674744 kB
Mapped:          3397348 kB
Shmem:              5316 kB
KReclaimable:    2039280 kB
Slab:            2583608 kB
SReclaimable:    2039280 kB
SUnreclaim:       544328 kB
KernelStack:       10448 kB
PageTables:        47332 kB
SecPageTables:      9980 kB
NFS_Unstable:          0 kB
Bounce:                0 kB
WritebackTmp:          0 kB
CommitLimit:    74134720 kB
Committed_AS:   159855692 kB
VmallocTotal:   34359738367 kB
VmallocUsed:       36356 kB
VmallocChunk:          0 kB
Percpu:            52224 kB
HardwareCorrupted:     0 kB
AnonHugePages:         0 kB
ShmemHugePages:        0 kB
ShmemPmdMapped:        0 kB
FileHugePages:   2152448 kB
FilePmdMapped:         0 kB
Unaccepted:            0 kB
Balloon:               0 kB
HugePages_Total:       0
HugePages_Free:        0
HugePages_Rsvd:        0
HugePages_Surp:        0
Hugepagesize:       2048 kB
Hugetlb:               0 kB
DirectMap4k:     1399616 kB
DirectMap2M:    30693376 kB
DirectMap1G:    101711872 kB

/sys/kernel/mm/transparent_hugepage/enabled: always [madvise] never
/sys/kernel/mm/transparent_hugepage/hpage_pmd_size: 2097152
/sys/kernel/mm/transparent_hugepage/defrag (defrag/compaction efforts parameter): always defer defer+madvise [madvise] never

Process Memory:
Virtual Size: 13620287488K (peak: 13620287528K)
Resident Set Size: 4185292K (peak: 4185292K) (anon: 1011944K, file: 3173348K, shmem: 0K)
Swapped out: 0K
C-Heap outstanding allocations: 1387378K, retained: 54637K
glibc malloc tunables: (default)

/proc/sys/kernel/threads-max (system-wide limit on the number of threads): 1026411
/proc/sys/vm/max_map_count (maximum number of memory map areas a process may have): 1048576
/proc/sys/vm/swappiness (control to define how aggressively the kernel swaps out anonymous memory): 60
/proc/sys/kernel/pid_max (system-wide limit on number of process identifiers): 4194304

container information not found.
Steal ticks since vm start: 0
Steal ticks percentage since vm start:  0.000

CPU: total 32 (initial active 32) (32 cores per cpu, 2 threads per core) family 23 model 49 stepping 0 microcode 0x830107c, cx8, cmov, fxsr, ht, mmx, 3dnowpref, sse, sse2, sse3, ssse3, sse4a, sse4.1, sse4.2, popcnt, lzcnt, tsc, tscinvbit, avx, avx2, aes, clmul, bmi1, bmi2, adx, sha, fma, vzeroupper, clflush, clflushopt, rdtscp, rdpid, f16c
CPU Model and flags from /proc/cpuinfo:
model name	: AMD EPYC 7302P 16-Core Processor
flags		: fpu vme de pse tsc msr pae mce cx8 apic sep mtrr pge mca cmov pat pse36 clflush mmx fxsr sse sse2 ht syscall nx mmxext fxsr_opt pdpe1gb rdtscp lm constant_tsc rep_good nopl xtopology nonstop_tsc cpuid extd_apicid aperfmperf rapl pni pclmulqdq monitor ssse3 fma cx16 sse4_1 sse4_2 movbe popcnt aes xsave avx f16c rdrand lahf_lm cmp_legacy svm extapic cr8_legacy abm sse4a misalignsse 3dnowprefetch osvw ibs skinit wdt tce topoext perfctr_core perfctr_nb bpext perfctr_llc mwaitx cpb cat_l3 cdp_l3 hw_pstate ssbd mba ibrs ibpb stibp vmmcall fsgsbase bmi1 avx2 smep bmi2 cqm rdt_a rdseed adx smap clflushopt clwb sha_ni xsaveopt xsavec xgetbv1 xsaves cqm_llc cqm_occup_llc cqm_mbm_total cqm_mbm_local clzero irperf xsaveerptr rdpru wbnoinvd amd_ppin arat npt lbrv svm_lock nrip_save tsc_scale vmcb_clean flushbyasid decodeassists pausefilter pfthreshold avic v_vmsave_vmload vgif v_spec_ctrl umip rdpid overflow_recov succor smca sev sev_es

Online cpus: 0-31
Offline cpus: 
BIOS frequency limitation: <Not Available>
Frequency switch latency (ns): <Not Available>
Available cpu frequencies: <Not Available>
Current governor: <Not Available>
Core performance/turbo boost: <Not Available>

Memory: 4k page, physical 131492232k(123539212k free), swap 8388604k(8388604k free)
Page Sizes: 4k

vm_info: OpenJDK 64-Bit Server VM (21.0.9-internal-adhoc.talzuss.openjdk-mmtk) for linux-amd64 JRE (21.0.9-internal-adhoc.talzuss.openjdk-mmtk), built on 2026-07-06T23:13:08Z by "talzuss" with gcc 13.3.0
heap_info: MMTk OpenJDK 0.32.0 (dd145e6), using MMTk 0.32.0 (da28534-dirty, BUILTIN_ENV_LOGGER, DEFAULT, EAGER_SWEEPING, VO_BIT)j

END.
